[0.000000] (-) TimerEvent: {}
[0.001812] (fastdem) JobQueued: {'identifier': 'fastdem', 'dependencies': OrderedDict()}
[0.002046] (jsk_recognition_msgs) JobQueued: {'identifier': 'jsk_recognition_msgs', 'dependencies': OrderedDict()}
[0.002111] (lid_description) JobQueued: {'identifier': 'lid_description', 'dependencies': OrderedDict()}
[0.002153] (lid_simulation) JobQueued: {'identifier': 'lid_simulation', 'dependencies': OrderedDict()}
[0.002191] (segmentation_lidar) JobQueued: {'identifier': 'segmentation_lidar', 'dependencies': OrderedDict()}
[0.002230] (velodyne_gazebo_plugins) JobQueued: {'identifier': 'velodyne_gazebo_plugins', 'dependencies': OrderedDict()}
[0.002267] (fastdem_ros) JobQueued: {'identifier': 'fastdem_ros', 'dependencies': OrderedDict([('fastdem', '/media/subham/85dce0f4-2e29-4540-9a32-801850cfcef6/subham/LidarMapping2.5D/install/fastdem')])}
[0.002311] (fastdem_ros2) JobQueued: {'identifier': 'fastdem_ros2', 'dependencies': OrderedDict([('fastdem', '/media/subham/85dce0f4-2e29-4540-9a32-801850cfcef6/subham/LidarMapping2.5D/install/fastdem')])}
[0.002350] (patchwork_plusplus) JobQueued: {'identifier': 'patchwork_plusplus', 'dependencies': OrderedDict([('jsk_recognition_msgs', '/media/subham/85dce0f4-2e29-4540-9a32-801850cfcef6/subham/LidarMapping2.5D/install/jsk_recognition_msgs')])}
[0.002390] (velodyne_description) JobQueued: {'identifier': 'velodyne_description', 'dependencies': OrderedDict([('velodyne_gazebo_plugins', '/media/subham/85dce0f4-2e29-4540-9a32-801850cfcef6/subham/LidarMapping2.5D/install/velodyne_gazebo_plugins')])}
[0.002442] (velodyne_simulator) JobQueued: {'identifier': 'velodyne_simulator', 'dependencies': OrderedDict([('velodyne_gazebo_plugins', '/media/subham/85dce0f4-2e29-4540-9a32-801850cfcef6/subham/LidarMapping2.5D/install/velodyne_gazebo_plugins'), ('velodyne_description', '/media/subham/85dce0f4-2e29-4540-9a32-801850cfcef6/subham/LidarMapping2.5D/install/velodyne_description')])}
[0.002737] (fastdem) JobStarted: {'identifier': 'fastdem'}
[0.042154] (fastdem) JobProgress: {'identifier': 'fastdem', 'progress': 'cmake'}
[0.043995] (fastdem) Command: {'cmd': ['/usr/bin/cmake', '/media/subham/85dce0f4-2e29-4540-9a32-801850cfcef6/subham/LidarMapping2.5D/src/FastDEM/fastdem', '-DCMAKE_INSTALL_PREFIX=/media/subham/85dce0f4-2e29-4540-9a32-801850cfcef6/subham/LidarMapping2.5D/install/fastdem'], 'cwd': '/media/subham/85dce0f4-2e29-4540-9a32-801850cfcef6/subham/LidarMapping2.5D/build/fastdem', 'env': OrderedDict([('LESSOPEN', '| /usr/bin/lesspipe %s'), ('GZ_SIM_RESOURCE_PATH', '/home/subham/subt_ws/src/subt_cave_sim/models:'), ('LANGUAGE', 'en_IN:en'), ('USER', 'subham'), ('XDG_SESSION_TYPE', 'wayland'), ('SHLVL', '1'), ('LD_LIBRARY_PATH', '/media/subham/85dce0f4-2e29-4540-9a32-801850cfcef6/subham/LidarMapping2.5D/install/velodyne_gazebo_plugins/lib:/media/subham/85dce0f4-2e29-4540-9a32-801850cfcef6/subham/LidarMapping2.5D/install/patchwork_plusplus/lib:/media/subham/85dce0f4-2e29-4540-9a32-801850cfcef6/subham/LidarMapping2.5D/install/jsk_recognition_msgs/lib:/media/subham/85dce0f4-2e29-4540-9a32-801850cfcef6/subham/LidarMapping2.5D/install/height_mapping_ros2/lib:/media/subham/85dce0f4-2e29-4540-9a32-801850cfcef6/subham/LidarMapping2.5D/install/height_mapping_core/lib:/home/subham/anvrit_ws/install/astra_camera/lib:/home/subham/anvrit_ws/install/astra_camera_msgs/lib:/home/subham/igvc/install/velodyne_gazebo_plugins/lib:/home/subham/colcon_ws/install/linkattacher_msgs/lib:/opt/ros/humble/opt/rviz_ogre_vendor/lib:/opt/ros/humble/lib/x86_64-linux-gnu:/opt/ros/humble/opt/openvdb_vendor/lib:/opt/ros/humble/lib'), ('HOME', '/home/subham'), ('OLDPWD', '/home/subham'), ('DESKTOP_SESSION', 'ubuntu'), ('NVM_BIN', '/home/subham/.nvm/versions/node/v24.19.0/bin'), ('NVM_INC', '/home/subham/.nvm/versions/node/v24.19.0/include/node'), ('ROS_PYTHON_VERSION', '3'), ('GNOME_SHELL_SESSION_MODE', 'ubuntu'), ('GTK_MODULES', 'gail:atk-bridge'), ('MANAGERPID', '2038'), ('MAKEFLAGS', '-j1'), ('SYSTEMD_EXEC_PID', '3268'), ('DBUS_SESSION_BUS_ADDRESS', 'unix:path=/run/user/1000/bus'), ('COLORTERM', 'truecolor'), ('TERMINATOR_DBUS_NAME', 'net.tenshu.Terminator25ef4b219e3b005583550f2b0f9f990c3'), ('GIO_LAUNCHED_DESKTOP_FILE_PID', '4348'), ('NVM_DIR', '/home/subham/.nvm'), ('IM_CONFIG_PHASE', '1'), ('WAYLAND_DISPLAY', 'wayland-0'), ('COLCON_PREFIX_PATH', '/media/subham/85dce0f4-2e29-4540-9a32-801850cfcef6/subham/LidarMapping2.5D/install:/home/subham/Edge_AI_for_ADAS_and_Autonomous_Systems/install:/home/subham/rover_ws/install:/home/subham/igvc/install:/home/subham/colcon_ws/install:/home/subham/anvrit_ws/install:/home/subham/omokai_ws/install'), ('ROS_DISTRO', 'humble'), ('LOGNAME', 'subham'), ('JOURNAL_STREAM', '8:22697'), ('_', '/usr/bin/colcon'), ('ROS_VERSION', '2'), ('PKG_CONFIG_PATH', '/media/subham/85dce0f4-2e29-4540-9a32-801850cfcef6/subham/LidarMapping2.5D/install/fastdem/lib/x86_64-linux-gnu/pkgconfig:/media/subham/85dce0f4-2e29-4540-9a32-801850cfcef6/subham/LidarMapping2.5D/install/fastdem/lib/pkgconfig'), ('XDG_SESSION_CLASS', 'user'), ('USERNAME', 'subham'), ('TERM', 'xterm-256color'), ('GAZEBO_MODEL_PATH', '/home/subham/gazebo_models:'), ('GNOME_DESKTOP_SESSION_ID', 'this-is-deprecated'), ('ONNXRUNTIME_ROOT', '/opt/ros/humble'), ('ROS_LOCALHOST_ONLY', '0'), ('PATH', '/home/subham/.nvm/versions/node/v24.19.0/bin:/opt/ros/humble/bin:/home/subham/.local/bin:/usr/local/sbin:/usr/local/bin:/usr/sbin:/usr/bin:/sbin:/bin:/usr/games:/usr/local/games:/snap/bin:/snap/bin'), ('SESSION_MANAGER', 'local/thirdly:@/tmp/.ICE-unix/2513,unix/thirdly:/tmp/.ICE-unix/2513'), ('INVOCATION_ID', '046ab86eab5f415aa50d51e791c411a3'), ('XDG_MENU_PREFIX', 'gnome-'), ('GNOME_SETUP_DISPLAY', ':1'), ('XDG_RUNTIME_DIR', '/run/user/1000'), ('DISPLAY', ':0'), ('TERMINATOR_DBUS_PATH', '/net/tenshu/Terminator2'), ('LANG', 'en_US.UTF-8'), ('XDG_CURRENT_DESKTOP', 'ubuntu:GNOME'), ('IBUS_DISABLE_SNOOPER', '1'), ('XMODIFIERS', '@im=ibus'), ('XDG_SESSION_DESKTOP', 'ubuntu'), ('XAUTHORITY', '/run/user/1000/.mutter-Xwaylandauth.L3IAW3'), ('LS_COLORS', 'rs=0:di=01;34:ln=01;36:mh=00:pi=40;33:so=01;35:do=01;35:bd=40;33;01:cd=40;33;01:or=40;31;01:mi=00:su=37;41:sg=30;43:ca=30;41:tw=30;42:ow=34;42:st=37;44:ex=01;32:*.tar=01;31:*.tgz=01;31:*.arc=01;31:*.arj=01;31:*.taz=01;31:*.lha=01;31:*.lz4=01;31:*.lzh=01;31:*.lzma=01;31:*.tlz=01;31:*.txz=01;31:*.tzo=01;31:*.t7z=01;31:*.zip=01;31:*.z=01;31:*.dz=01;31:*.gz=01;31:*.lrz=01;31:*.lz=01;31:*.lzo=01;31:*.xz=01;31:*.zst=01;31:*.tzst=01;31:*.bz2=01;31:*.bz=01;31:*.tbz=01;31:*.tbz2=01;31:*.tz=01;31:*.deb=01;31:*.rpm=01;31:*.jar=01;31:*.war=01;31:*.ear=01;31:*.sar=01;31:*.rar=01;31:*.alz=01;31:*.ace=01;31:*.zoo=01;31:*.cpio=01;31:*.7z=01;31:*.rz=01;31:*.cab=01;31:*.wim=01;31:*.swm=01;31:*.dwm=01;31:*.esd=01;31:*.jpg=01;35:*.jpeg=01;35:*.mjpg=01;35:*.mjpeg=01;35:*.gif=01;35:*.bmp=01;35:*.pbm=01;35:*.pgm=01;35:*.ppm=01;35:*.tga=01;35:*.xbm=01;35:*.xpm=01;35:*.tif=01;35:*.tiff=01;35:*.png=01;35:*.svg=01;35:*.svgz=01;35:*.mng=01;35:*.pcx=01;35:*.mov=01;35:*.mpg=01;35:*.mpeg=01;35:*.m2v=01;35:*.mkv=01;35:*.webm=01;35:*.webp=01;35:*.ogm=01;35:*.mp4=01;35:*.m4v=01;35:*.mp4v=01;35:*.vob=01;35:*.qt=01;35:*.nuv=01;35:*.wmv=01;35:*.asf=01;35:*.rm=01;35:*.rmvb=01;35:*.flc=01;35:*.avi=01;35:*.fli=01;35:*.flv=01;35:*.gl=01;35:*.dl=01;35:*.xcf=01;35:*.xwd=01;35:*.yuv=01;35:*.cgm=01;35:*.emf=01;35:*.ogv=01;35:*.ogx=01;35:*.aac=00;36:*.au=00;36:*.flac=00;36:*.m4a=00;36:*.mid=00;36:*.midi=00;36:*.mka=00;36:*.mp3=00;36:*.mpc=00;36:*.ogg=00;36:*.ra=00;36:*.wav=00;36:*.oga=00;36:*.opus=00;36:*.spx=00;36:*.xspf=00;36:'), ('SSH_AGENT_LAUNCHER', 'gnome-keyring'), ('SSH_AUTH_SOCK', '/run/user/1000/keyring/ssh'), ('ROS_DOMAIN_ID', '0'), ('AMENT_PREFIX_PATH', '/media/subham/85dce0f4-2e29-4540-9a32-801850cfcef6/subham/LidarMapping2.5D/install/segmentation_lidar:/media/subham/85dce0f4-2e29-4540-9a32-801850cfcef6/subham/LidarMapping2.5D/install/velodyne_simulator:/media/subham/85dce0f4-2e29-4540-9a32-801850cfcef6/subham/LidarMapping2.5D/install/velodyne_description:/media/subham/85dce0f4-2e29-4540-9a32-801850cfcef6/subham/LidarMapping2.5D/install/velodyne_gazebo_plugins:/media/subham/85dce0f4-2e29-4540-9a32-801850cfcef6/subham/LidarMapping2.5D/install/salsanext_ros2:/media/subham/85dce0f4-2e29-4540-9a32-801850cfcef6/subham/LidarMapping2.5D/install/patchwork_plusplus:/media/subham/85dce0f4-2e29-4540-9a32-801850cfcef6/subham/LidarMapping2.5D/install/lid_simulation:/media/subham/85dce0f4-2e29-4540-9a32-801850cfcef6/subham/LidarMapping2.5D/install/lid_description:/media/subham/85dce0f4-2e29-4540-9a32-801850cfcef6/subham/LidarMapping2.5D/install/jsk_recognition_msgs:/media/subham/85dce0f4-2e29-4540-9a32-801850cfcef6/subham/LidarMapping2.5D/install/height_mapping_ros2:/media/subham/85dce0f4-2e29-4540-9a32-801850cfcef6/subham/LidarMapping2.5D/install/height_mapping_core:/media/subham/85dce0f4-2e29-4540-9a32-801850cfcef6/subham/LidarMapping2.5D/install/fastdem_ros2:/home/subham/omokai_ws/install/llm_simulation:/home/subham/omokai_ws/install/llm_prompt:/home/subham/omokai_ws/install/llm_navigation:/home/subham/omokai_ws/install/llm_description:/home/subham/Edge_AI_for_ADAS_and_Autonomous_Systems/install/adas_simulation:/home/subham/Edge_AI_for_ADAS_and_Autonomous_Systems/install/adas_perception:/home/subham/Edge_AI_for_ADAS_and_Autonomous_Systems/install/adas_navigation:/home/subham/Edge_AI_for_ADAS_and_Autonomous_Systems/install/adas_description:/home/subham/rover_ws/install/rover_navigation:/home/subham/rover_ws/install/rover_gazebo:/home/subham/rover_ws/install/rover_description:/home/subham/rover_ws/install/rf2o_laser_odometry:/home/subham/anvrit_ws/install/rplidar_ros:/home/subham/anvrit_ws/install/astra_camera:/home/subham/anvrit_ws/install/astra_camera_msgs:/home/subham/anvrit_ws/install/anvrit_perception:/home/subham/anvrit_ws/install/anvrit_odometry:/home/subham/anvrit_ws/install/anvrit_nav2:/home/subham/anvrit_ws/install/anvrit_description:/home/subham/igvc/install/velodyne_simulator:/home/subham/igvc/install/velodyne_description:/home/subham/igvc/install/velodyne_gazebo_plugins:/home/subham/igvc/install/igvc_simulation:/home/subham/igvc/install/igvc_perception:/home/subham/igvc/install/igvc_navigation:/home/subham/igvc/install/igvc_description:/home/subham/colcon_ws/install/ur_simulation_gz:/home/subham/colcon_ws/install/ur_description:/home/subham/colcon_ws/install/ur5_control_2481:/home/subham/colcon_ws/install/s2481_ebot_description:/home/subham/colcon_ws/install/ros2ai:/home/subham/colcon_ws/install/linkattacher_msgs:/home/subham/colcon_ws/install/eyantra_warehouse:/home/subham/colcon_ws/install/ackerman_description:/opt/ros/humble'), ('SHELL', '/bin/bash'), ('TERMINATOR_UUID', 'urn:uuid:577dd51d-23b3-4139-a8c6-d610a5169a81'), ('QT_ACCESSIBILITY', '1'), ('GDMSESSION', 'ubuntu'), ('LESSCLOSE', '/usr/bin/lesspipe %s %s'), ('IGN_GAZEBO_RESOURCE_PATH', '/media/subham/85dce0f4-2e29-4540-9a32-801850cfcef6/subham/subt_ws/src/subt_cave_sim/models:/home/subham/subt_ws/src/subt_cave_sim/models:'), ('QT_IM_MODULE', 'ibus'), ('PWD', '/media/subham/85dce0f4-2e29-4540-9a32-801850cfcef6/subham/LidarMapping2.5D/build/fastdem'), ('TURTLEBOT3_MODEL', 'burger'), ('LC_ALL', 'en_US.UTF-8'), ('XDG_CONFIG_DIRS', '/etc/xdg/xdg-ubuntu:/etc/xdg'), ('NVM_CD_FLAGS', ''), ('XDG_DATA_DIRS', '/usr/share/ubuntu:/usr/local/share/:/usr/share/:/var/lib/snapd/desktop'), ('PYTHONPATH', '/media/subham/85dce0f4-2e29-4540-9a32-801850cfcef6/subham/LidarMapping2.5D/install/jsk_recognition_msgs/local/lib/python3.10/dist-packages:/media/subham/85dce0f4-2e29-4540-9a32-801850cfcef6/subham/LidarMapping2.5D/install/height_mapping_ros2/local/lib/python3.10/dist-packages:/home/subham/omokai_ws/build/llm_navigation:/home/subham/omokai_ws/install/llm_navigation/lib/python3.10/site-packages:/home/subham/Edge_AI_for_ADAS_and_Autonomous_Systems/build/adas_perception:/home/subham/Edge_AI_for_ADAS_and_Autonomous_Systems/install/adas_perception/lib/python3.10/site-packages:/home/subham/Edge_AI_for_ADAS_and_Autonomous_Systems/build/adas_navigation:/home/subham/Edge_AI_for_ADAS_and_Autonomous_Systems/install/adas_navigation/lib/python3.10/site-packages:/home/subham/rover_ws/build/rover_navigation:/home/subham/rover_ws/install/rover_navigation/lib/python3.10/site-packages:/home/subham/anvrit_ws/install/astra_camera_msgs/local/lib/python3.10/dist-packages:/home/subham/anvrit_ws/install/anvrit_perception/lib/python3.10/site-packages:/home/subham/anvrit_ws/install/anvrit_odometry/lib/python3.10/site-packages:/home/subham/anvrit_ws/install/anvrit_nav2/lib/python3.10/site-packages:/home/subham/igvc/build/igvc_perception:/home/subham/igvc/install/igvc_perception/lib/python3.10/site-packages:/home/subham/igvc/build/igvc_navigation:/home/subham/igvc/install/igvc_navigation/lib/python3.10/site-packages:/home/subham/colcon_ws/build/ros2ai:/home/subham/colcon_ws/install/ros2ai/lib/python3.10/site-packages:/home/subham/colcon_ws/install/linkattacher_msgs/local/lib/python3.10/dist-packages:/opt/ros/humble/lib/python3.10/site-packages:/opt/ros/humble/local/lib/python3.10/dist-packages'), ('COLCON', '1'), ('VTE_VERSION', '6800'), ('CMAKE_PREFIX_PATH', '/media/subham/85dce0f4-2e29-4540-9a32-801850cfcef6/subham/LidarMapping2.5D/install/segmentation_lidar:/media/subham/85dce0f4-2e29-4540-9a32-801850cfcef6/subham/LidarMapping2.5D/install/velodyne_simulator:/media/subham/85dce0f4-2e29-4540-9a32-801850cfcef6/subham/LidarMapping2.5D/install/velodyne_description:/media/subham/85dce0f4-2e29-4540-9a32-801850cfcef6/subham/LidarMapping2.5D/install/velodyne_gazebo_plugins:/media/subham/85dce0f4-2e29-4540-9a32-801850cfcef6/subham/LidarMapping2.5D/install/salsanext_ros2:/media/subham/85dce0f4-2e29-4540-9a32-801850cfcef6/subham/LidarMapping2.5D/install/patchwork_plusplus:/media/subham/85dce0f4-2e29-4540-9a32-801850cfcef6/subham/LidarMapping2.5D/install/lid_simulation:/media/subham/85dce0f4-2e29-4540-9a32-801850cfcef6/subham/LidarMapping2.5D/install/lid_description:/media/subham/85dce0f4-2e29-4540-9a32-801850cfcef6/subham/LidarMapping2.5D/install/jsk_recognition_msgs:/media/subham/85dce0f4-2e29-4540-9a32-801850cfcef6/subham/LidarMapping2.5D/install/height_mapping_ros2:/media/subham/85dce0f4-2e29-4540-9a32-801850cfcef6/subham/LidarMapping2.5D/install/height_mapping_core:/media/subham/85dce0f4-2e29-4540-9a32-801850cfcef6/subham/LidarMapping2.5D/install/fastdem_ros2:/media/subham/85dce0f4-2e29-4540-9a32-801850cfcef6/subham/LidarMapping2.5D/install/fastdem:/home/subham/omokai_ws/install/llm_simulation:/home/subham/omokai_ws/install/llm_prompt:/home/subham/omokai_ws/install/llm_description:/home/subham/Edge_AI_for_ADAS_and_Autonomous_Systems/install/adas_simulation:/home/subham/Edge_AI_for_ADAS_and_Autonomous_Systems/install/adas_description:/home/subham/rover_ws/install/rover_gazebo:/home/subham/rover_ws/install/rover_description:/home/subham/rover_ws/install/rf2o_laser_odometry:/home/subham/anvrit_ws/install/rplidar_ros:/home/subham/anvrit_ws/install/astra_camera:/home/subham/anvrit_ws/install/astra_camera_msgs:/home/subham/anvrit_ws/install/anvrit_description:/home/subham/igvc/install/velodyne_simulator:/home/subham/igvc/install/velodyne_description:/home/subham/igvc/install/velodyne_gazebo_plugins:/home/subham/igvc/install/igvc_simulation:/home/subham/igvc/install/igvc_description:/home/subham/colcon_ws/install/ur_simulation_gz:/home/subham/colcon_ws/install/ur_description:/home/subham/colcon_ws/install/ur5_control_2481:/home/subham/colcon_ws/install/s2481_ebot_description:/home/subham/colcon_ws/install/linkattacher_msgs:/home/subham/colcon_ws/install/eyantra_warehouse:/home/subham/colcon_ws/install/ackerman_description:/home/subham/omokai_ws/install/llm_navigation:/home/subham/Edge_AI_for_ADAS_and_Autonomous_Systems/install/adas_perception:/home/subham/Edge_AI_for_ADAS_and_Autonomous_Systems/install/adas_navigation:/home/subham/rover_ws/install/rover_navigation:/home/subham/anvrit_ws/install/anvrit_perception:/home/subham/anvrit_ws/install/anvrit_odometry:/home/subham/anvrit_ws/install/anvrit_nav2:/home/subham/igvc/install/igvc_perception:/home/subham/igvc/install/igvc_navigation:/home/subham/colcon_ws/install/ros2ai:/opt/ros/humble')]), 'shell': False}
[0.099275] (-) TimerEvent: {}
[0.199811] (-) TimerEvent: {}
[0.250368] (fastdem) StdoutLine: {'line': b'-- The C compiler identification is GNU 11.4.0\n'}
[0.299992] (-) TimerEvent: {}
[0.400538] (-) TimerEvent: {}
[0.412457] (fastdem) StdoutLine: {'line': b'-- The CXX compiler identification is GNU 11.4.0\n'}
[0.434509] (fastdem) StdoutLine: {'line': b'-- Detecting C compiler ABI info\n'}
[0.500726] (-) TimerEvent: {}
[0.601238] (-) TimerEvent: {}
[0.640468] (fastdem) StdoutLine: {'line': b'-- Detecting C compiler ABI info - done\n'}
[0.659445] (fastdem) StdoutLine: {'line': b'-- Check for working C compiler: /usr/bin/cc - skipped\n'}
[0.661713] (fastdem) StdoutLine: {'line': b'-- Detecting C compile features\n'}
[0.662997] (fastdem) StdoutLine: {'line': b'-- Detecting C compile features - done\n'}
[0.670849] (fastdem) StdoutLine: {'line': b'-- Detecting CXX compiler ABI info\n'}
[0.701528] (-) TimerEvent: {}
[0.802336] (-) TimerEvent: {}
[0.902979] (-) TimerEvent: {}
[0.913769] (fastdem) StdoutLine: {'line': b'-- Detecting CXX compiler ABI info - done\n'}
[0.933294] (fastdem) StdoutLine: {'line': b'-- Check for working CXX compiler: /usr/bin/c++ - skipped\n'}
[0.933961] (fastdem) StdoutLine: {'line': b'-- Detecting CXX compile features\n'}
[0.935159] (fastdem) StdoutLine: {'line': b'-- Detecting CXX compile features - done\n'}
[1.003154] (-) TimerEvent: {}
[1.025300] (fastdem) StdoutLine: {'line': b'-- Looking for pthread.h\n'}
[1.103353] (-) TimerEvent: {}
[1.203946] (-) TimerEvent: {}
[1.244185] (fastdem) StdoutLine: {'line': b'-- Looking for pthread.h - found\n'}
[1.244626] (fastdem) StdoutLine: {'line': b'-- Performing Test CMAKE_HAVE_LIBC_PTHREAD\n'}
[1.304081] (-) TimerEvent: {}
[1.404899] (-) TimerEvent: {}
[1.457260] (fastdem) StdoutLine: {'line': b'-- Performing Test CMAKE_HAVE_LIBC_PTHREAD - Success\n'}
[1.459331] (fastdem) StdoutLine: {'line': b'-- Found Threads: TRUE  \n'}
[1.505017] (-) TimerEvent: {}
[1.605409] (-) TimerEvent: {}
[1.705870] (-) TimerEvent: {}
[1.806360] (-) TimerEvent: {}
[1.906839] (-) TimerEvent: {}
[2.007319] (-) TimerEvent: {}
[2.107968] (-) TimerEvent: {}
[2.208435] (-) TimerEvent: {}
[2.308946] (-) TimerEvent: {}
[2.409390] (-) TimerEvent: {}
[2.510056] (-) TimerEvent: {}
[2.610596] (-) TimerEvent: {}
[2.711169] (-) TimerEvent: {}
[2.811970] (-) TimerEvent: {}
[2.912506] (-) TimerEvent: {}
[3.013045] (-) TimerEvent: {}
[3.113579] (-) TimerEvent: {}
[3.214446] (-) TimerEvent: {}
[3.315273] (-) TimerEvent: {}
[3.415875] (-) TimerEvent: {}
[3.516505] (-) TimerEvent: {}
[3.617264] (-) TimerEvent: {}
[3.717858] (-) TimerEvent: {}
[3.818702] (-) TimerEvent: {}
[3.919247] (-) TimerEvent: {}
[4.019900] (-) TimerEvent: {}
[4.120695] (-) TimerEvent: {}
[4.221272] (-) TimerEvent: {}
[4.321950] (-) TimerEvent: {}
[4.422515] (-) TimerEvent: {}
[4.523497] (-) TimerEvent: {}
[4.624834] (-) TimerEvent: {}
[4.725579] (-) TimerEvent: {}
[4.826196] (-) TimerEvent: {}
[4.926842] (-) TimerEvent: {}
[5.027386] (-) TimerEvent: {}
[5.127933] (-) TimerEvent: {}
[5.228742] (-) TimerEvent: {}
[5.329697] (-) TimerEvent: {}
[5.431012] (-) TimerEvent: {}
[5.531611] (-) TimerEvent: {}
[5.632049] (-) TimerEvent: {}
[5.732527] (-) TimerEvent: {}
[5.832976] (-) TimerEvent: {}
[5.933443] (-) TimerEvent: {}
[6.033888] (-) TimerEvent: {}
[6.134375] (-) TimerEvent: {}
[6.234900] (-) TimerEvent: {}
[6.340922] (-) TimerEvent: {}
[6.441608] (-) TimerEvent: {}
[6.542280] (-) TimerEvent: {}
[6.642999] (-) TimerEvent: {}
[6.743587] (-) TimerEvent: {}
[6.841046] (fastdem) StdoutLine: {'line': b'-- Found OpenMP_C: -fopenmp (found version "4.5") \n'}
[6.843740] (-) TimerEvent: {}
[6.944281] (-) TimerEvent: {}
[7.044988] (-) TimerEvent: {}
[7.090646] (fastdem) StdoutLine: {'line': b'-- Found OpenMP_CXX: -fopenmp (found version "4.5") \n'}
[7.091247] (fastdem) StdoutLine: {'line': b'-- Found OpenMP: TRUE (found version "4.5")  \n'}
[7.091651] (fastdem) StdoutLine: {'line': b'-- OpenMP enabled\n'}
[7.104303] (fastdem) StdoutLine: {'line': b'-- Configuring done\n'}
[7.127842] (fastdem) StdoutLine: {'line': b'-- Generating done\n'}
[7.134382] (fastdem) StdoutLine: {'line': b'-- Build files have been written to: /media/subham/85dce0f4-2e29-4540-9a32-801850cfcef6/subham/LidarMapping2.5D/build/fastdem\n'}
[7.145262] (-) TimerEvent: {}
[7.152454] (fastdem) CommandEnded: {'returncode': 0}
[7.153754] (fastdem) JobProgress: {'identifier': 'fastdem', 'progress': 'build'}
[7.156518] (fastdem) Command: {'cmd': ['/usr/bin/cmake', '--build', '/media/subham/85dce0f4-2e29-4540-9a32-801850cfcef6/subham/LidarMapping2.5D/build/fastdem'], 'cwd': '/media/subham/85dce0f4-2e29-4540-9a32-801850cfcef6/subham/LidarMapping2.5D/build/fastdem', 'env': OrderedDict([('LESSOPEN', '| /usr/bin/lesspipe %s'), ('GZ_SIM_RESOURCE_PATH', '/home/subham/subt_ws/src/subt_cave_sim/models:'), ('LANGUAGE', 'en_IN:en'), ('USER', 'subham'), ('XDG_SESSION_TYPE', 'wayland'), ('SHLVL', '1'), ('LD_LIBRARY_PATH', '/media/subham/85dce0f4-2e29-4540-9a32-801850cfcef6/subham/LidarMapping2.5D/install/velodyne_gazebo_plugins/lib:/media/subham/85dce0f4-2e29-4540-9a32-801850cfcef6/subham/LidarMapping2.5D/install/patchwork_plusplus/lib:/media/subham/85dce0f4-2e29-4540-9a32-801850cfcef6/subham/LidarMapping2.5D/install/jsk_recognition_msgs/lib:/media/subham/85dce0f4-2e29-4540-9a32-801850cfcef6/subham/LidarMapping2.5D/install/height_mapping_ros2/lib:/media/subham/85dce0f4-2e29-4540-9a32-801850cfcef6/subham/LidarMapping2.5D/install/height_mapping_core/lib:/home/subham/anvrit_ws/install/astra_camera/lib:/home/subham/anvrit_ws/install/astra_camera_msgs/lib:/home/subham/igvc/install/velodyne_gazebo_plugins/lib:/home/subham/colcon_ws/install/linkattacher_msgs/lib:/opt/ros/humble/opt/rviz_ogre_vendor/lib:/opt/ros/humble/lib/x86_64-linux-gnu:/opt/ros/humble/opt/openvdb_vendor/lib:/opt/ros/humble/lib'), ('HOME', '/home/subham'), ('OLDPWD', '/home/subham'), ('DESKTOP_SESSION', 'ubuntu'), ('NVM_BIN', '/home/subham/.nvm/versions/node/v24.19.0/bin'), ('NVM_INC', '/home/subham/.nvm/versions/node/v24.19.0/include/node'), ('ROS_PYTHON_VERSION', '3'), ('GNOME_SHELL_SESSION_MODE', 'ubuntu'), ('GTK_MODULES', 'gail:atk-bridge'), ('MANAGERPID', '2038'), ('MAKEFLAGS', '-j1'), ('SYSTEMD_EXEC_PID', '3268'), ('DBUS_SESSION_BUS_ADDRESS', 'unix:path=/run/user/1000/bus'), ('COLORTERM', 'truecolor'), ('TERMINATOR_DBUS_NAME', 'net.tenshu.Terminator25ef4b219e3b005583550f2b0f9f990c3'), ('GIO_LAUNCHED_DESKTOP_FILE_PID', '4348'), ('NVM_DIR', '/home/subham/.nvm'), ('IM_CONFIG_PHASE', '1'), ('WAYLAND_DISPLAY', 'wayland-0'), ('COLCON_PREFIX_PATH', '/media/subham/85dce0f4-2e29-4540-9a32-801850cfcef6/subham/LidarMapping2.5D/install:/home/subham/Edge_AI_for_ADAS_and_Autonomous_Systems/install:/home/subham/rover_ws/install:/home/subham/igvc/install:/home/subham/colcon_ws/install:/home/subham/anvrit_ws/install:/home/subham/omokai_ws/install'), ('ROS_DISTRO', 'humble'), ('LOGNAME', 'subham'), ('JOURNAL_STREAM', '8:22697'), ('_', '/usr/bin/colcon'), ('ROS_VERSION', '2'), ('PKG_CONFIG_PATH', '/media/subham/85dce0f4-2e29-4540-9a32-801850cfcef6/subham/LidarMapping2.5D/install/fastdem/lib/x86_64-linux-gnu/pkgconfig:/media/subham/85dce0f4-2e29-4540-9a32-801850cfcef6/subham/LidarMapping2.5D/install/fastdem/lib/pkgconfig'), ('XDG_SESSION_CLASS', 'user'), ('USERNAME', 'subham'), ('TERM', 'xterm-256color'), ('GAZEBO_MODEL_PATH', '/home/subham/gazebo_models:'), ('GNOME_DESKTOP_SESSION_ID', 'this-is-deprecated'), ('ONNXRUNTIME_ROOT', '/opt/ros/humble'), ('ROS_LOCALHOST_ONLY', '0'), ('PATH', '/home/subham/.nvm/versions/node/v24.19.0/bin:/opt/ros/humble/bin:/home/subham/.local/bin:/usr/local/sbin:/usr/local/bin:/usr/sbin:/usr/bin:/sbin:/bin:/usr/games:/usr/local/games:/snap/bin:/snap/bin'), ('SESSION_MANAGER', 'local/thirdly:@/tmp/.ICE-unix/2513,unix/thirdly:/tmp/.ICE-unix/2513'), ('INVOCATION_ID', '046ab86eab5f415aa50d51e791c411a3'), ('XDG_MENU_PREFIX', 'gnome-'), ('GNOME_SETUP_DISPLAY', ':1'), ('XDG_RUNTIME_DIR', '/run/user/1000'), ('DISPLAY', ':0'), ('TERMINATOR_DBUS_PATH', '/net/tenshu/Terminator2'), ('LANG', 'en_US.UTF-8'), ('XDG_CURRENT_DESKTOP', 'ubuntu:GNOME'), ('IBUS_DISABLE_SNOOPER', '1'), ('XMODIFIERS', '@im=ibus'), ('XDG_SESSION_DESKTOP', 'ubuntu'), ('XAUTHORITY', '/run/user/1000/.mutter-Xwaylandauth.L3IAW3'), ('LS_COLORS', 'rs=0:di=01;34:ln=01;36:mh=00:pi=40;33:so=01;35:do=01;35:bd=40;33;01:cd=40;33;01:or=40;31;01:mi=00:su=37;41:sg=30;43:ca=30;41:tw=30;42:ow=34;42:st=37;44:ex=01;32:*.tar=01;31:*.tgz=01;31:*.arc=01;31:*.arj=01;31:*.taz=01;31:*.lha=01;31:*.lz4=01;31:*.lzh=01;31:*.lzma=01;31:*.tlz=01;31:*.txz=01;31:*.tzo=01;31:*.t7z=01;31:*.zip=01;31:*.z=01;31:*.dz=01;31:*.gz=01;31:*.lrz=01;31:*.lz=01;31:*.lzo=01;31:*.xz=01;31:*.zst=01;31:*.tzst=01;31:*.bz2=01;31:*.bz=01;31:*.tbz=01;31:*.tbz2=01;31:*.tz=01;31:*.deb=01;31:*.rpm=01;31:*.jar=01;31:*.war=01;31:*.ear=01;31:*.sar=01;31:*.rar=01;31:*.alz=01;31:*.ace=01;31:*.zoo=01;31:*.cpio=01;31:*.7z=01;31:*.rz=01;31:*.cab=01;31:*.wim=01;31:*.swm=01;31:*.dwm=01;31:*.esd=01;31:*.jpg=01;35:*.jpeg=01;35:*.mjpg=01;35:*.mjpeg=01;35:*.gif=01;35:*.bmp=01;35:*.pbm=01;35:*.pgm=01;35:*.ppm=01;35:*.tga=01;35:*.xbm=01;35:*.xpm=01;35:*.tif=01;35:*.tiff=01;35:*.png=01;35:*.svg=01;35:*.svgz=01;35:*.mng=01;35:*.pcx=01;35:*.mov=01;35:*.mpg=01;35:*.mpeg=01;35:*.m2v=01;35:*.mkv=01;35:*.webm=01;35:*.webp=01;35:*.ogm=01;35:*.mp4=01;35:*.m4v=01;35:*.mp4v=01;35:*.vob=01;35:*.qt=01;35:*.nuv=01;35:*.wmv=01;35:*.asf=01;35:*.rm=01;35:*.rmvb=01;35:*.flc=01;35:*.avi=01;35:*.fli=01;35:*.flv=01;35:*.gl=01;35:*.dl=01;35:*.xcf=01;35:*.xwd=01;35:*.yuv=01;35:*.cgm=01;35:*.emf=01;35:*.ogv=01;35:*.ogx=01;35:*.aac=00;36:*.au=00;36:*.flac=00;36:*.m4a=00;36:*.mid=00;36:*.midi=00;36:*.mka=00;36:*.mp3=00;36:*.mpc=00;36:*.ogg=00;36:*.ra=00;36:*.wav=00;36:*.oga=00;36:*.opus=00;36:*.spx=00;36:*.xspf=00;36:'), ('SSH_AGENT_LAUNCHER', 'gnome-keyring'), ('SSH_AUTH_SOCK', '/run/user/1000/keyring/ssh'), ('ROS_DOMAIN_ID', '0'), ('AMENT_PREFIX_PATH', '/media/subham/85dce0f4-2e29-4540-9a32-801850cfcef6/subham/LidarMapping2.5D/install/segmentation_lidar:/media/subham/85dce0f4-2e29-4540-9a32-801850cfcef6/subham/LidarMapping2.5D/install/velodyne_simulator:/media/subham/85dce0f4-2e29-4540-9a32-801850cfcef6/subham/LidarMapping2.5D/install/velodyne_description:/media/subham/85dce0f4-2e29-4540-9a32-801850cfcef6/subham/LidarMapping2.5D/install/velodyne_gazebo_plugins:/media/subham/85dce0f4-2e29-4540-9a32-801850cfcef6/subham/LidarMapping2.5D/install/salsanext_ros2:/media/subham/85dce0f4-2e29-4540-9a32-801850cfcef6/subham/LidarMapping2.5D/install/patchwork_plusplus:/media/subham/85dce0f4-2e29-4540-9a32-801850cfcef6/subham/LidarMapping2.5D/install/lid_simulation:/media/subham/85dce0f4-2e29-4540-9a32-801850cfcef6/subham/LidarMapping2.5D/install/lid_description:/media/subham/85dce0f4-2e29-4540-9a32-801850cfcef6/subham/LidarMapping2.5D/install/jsk_recognition_msgs:/media/subham/85dce0f4-2e29-4540-9a32-801850cfcef6/subham/LidarMapping2.5D/install/height_mapping_ros2:/media/subham/85dce0f4-2e29-4540-9a32-801850cfcef6/subham/LidarMapping2.5D/install/height_mapping_core:/media/subham/85dce0f4-2e29-4540-9a32-801850cfcef6/subham/LidarMapping2.5D/install/fastdem_ros2:/home/subham/omokai_ws/install/llm_simulation:/home/subham/omokai_ws/install/llm_prompt:/home/subham/omokai_ws/install/llm_navigation:/home/subham/omokai_ws/install/llm_description:/home/subham/Edge_AI_for_ADAS_and_Autonomous_Systems/install/adas_simulation:/home/subham/Edge_AI_for_ADAS_and_Autonomous_Systems/install/adas_perception:/home/subham/Edge_AI_for_ADAS_and_Autonomous_Systems/install/adas_navigation:/home/subham/Edge_AI_for_ADAS_and_Autonomous_Systems/install/adas_description:/home/subham/rover_ws/install/rover_navigation:/home/subham/rover_ws/install/rover_gazebo:/home/subham/rover_ws/install/rover_description:/home/subham/rover_ws/install/rf2o_laser_odometry:/home/subham/anvrit_ws/install/rplidar_ros:/home/subham/anvrit_ws/install/astra_camera:/home/subham/anvrit_ws/install/astra_camera_msgs:/home/subham/anvrit_ws/install/anvrit_perception:/home/subham/anvrit_ws/install/anvrit_odometry:/home/subham/anvrit_ws/install/anvrit_nav2:/home/subham/anvrit_ws/install/anvrit_description:/home/subham/igvc/install/velodyne_simulator:/home/subham/igvc/install/velodyne_description:/home/subham/igvc/install/velodyne_gazebo_plugins:/home/subham/igvc/install/igvc_simulation:/home/subham/igvc/install/igvc_perception:/home/subham/igvc/install/igvc_navigation:/home/subham/igvc/install/igvc_description:/home/subham/colcon_ws/install/ur_simulation_gz:/home/subham/colcon_ws/install/ur_description:/home/subham/colcon_ws/install/ur5_control_2481:/home/subham/colcon_ws/install/s2481_ebot_description:/home/subham/colcon_ws/install/ros2ai:/home/subham/colcon_ws/install/linkattacher_msgs:/home/subham/colcon_ws/install/eyantra_warehouse:/home/subham/colcon_ws/install/ackerman_description:/opt/ros/humble'), ('SHELL', '/bin/bash'), ('TERMINATOR_UUID', 'urn:uuid:577dd51d-23b3-4139-a8c6-d610a5169a81'), ('QT_ACCESSIBILITY', '1'), ('GDMSESSION', 'ubuntu'), ('LESSCLOSE', '/usr/bin/lesspipe %s %s'), ('IGN_GAZEBO_RESOURCE_PATH', '/media/subham/85dce0f4-2e29-4540-9a32-801850cfcef6/subham/subt_ws/src/subt_cave_sim/models:/home/subham/subt_ws/src/subt_cave_sim/models:'), ('QT_IM_MODULE', 'ibus'), ('PWD', '/media/subham/85dce0f4-2e29-4540-9a32-801850cfcef6/subham/LidarMapping2.5D/build/fastdem'), ('TURTLEBOT3_MODEL', 'burger'), ('LC_ALL', 'en_US.UTF-8'), ('XDG_CONFIG_DIRS', '/etc/xdg/xdg-ubuntu:/etc/xdg'), ('NVM_CD_FLAGS', ''), ('XDG_DATA_DIRS', '/usr/share/ubuntu:/usr/local/share/:/usr/share/:/var/lib/snapd/desktop'), ('PYTHONPATH', '/media/subham/85dce0f4-2e29-4540-9a32-801850cfcef6/subham/LidarMapping2.5D/install/jsk_recognition_msgs/local/lib/python3.10/dist-packages:/media/subham/85dce0f4-2e29-4540-9a32-801850cfcef6/subham/LidarMapping2.5D/install/height_mapping_ros2/local/lib/python3.10/dist-packages:/home/subham/omokai_ws/build/llm_navigation:/home/subham/omokai_ws/install/llm_navigation/lib/python3.10/site-packages:/home/subham/Edge_AI_for_ADAS_and_Autonomous_Systems/build/adas_perception:/home/subham/Edge_AI_for_ADAS_and_Autonomous_Systems/install/adas_perception/lib/python3.10/site-packages:/home/subham/Edge_AI_for_ADAS_and_Autonomous_Systems/build/adas_navigation:/home/subham/Edge_AI_for_ADAS_and_Autonomous_Systems/install/adas_navigation/lib/python3.10/site-packages:/home/subham/rover_ws/build/rover_navigation:/home/subham/rover_ws/install/rover_navigation/lib/python3.10/site-packages:/home/subham/anvrit_ws/install/astra_camera_msgs/local/lib/python3.10/dist-packages:/home/subham/anvrit_ws/install/anvrit_perception/lib/python3.10/site-packages:/home/subham/anvrit_ws/install/anvrit_odometry/lib/python3.10/site-packages:/home/subham/anvrit_ws/install/anvrit_nav2/lib/python3.10/site-packages:/home/subham/igvc/build/igvc_perception:/home/subham/igvc/install/igvc_perception/lib/python3.10/site-packages:/home/subham/igvc/build/igvc_navigation:/home/subham/igvc/install/igvc_navigation/lib/python3.10/site-packages:/home/subham/colcon_ws/build/ros2ai:/home/subham/colcon_ws/install/ros2ai/lib/python3.10/site-packages:/home/subham/colcon_ws/install/linkattacher_msgs/local/lib/python3.10/dist-packages:/opt/ros/humble/lib/python3.10/site-packages:/opt/ros/humble/local/lib/python3.10/dist-packages'), ('COLCON', '1'), ('VTE_VERSION', '6800'), ('CMAKE_PREFIX_PATH', '/media/subham/85dce0f4-2e29-4540-9a32-801850cfcef6/subham/LidarMapping2.5D/install/segmentation_lidar:/media/subham/85dce0f4-2e29-4540-9a32-801850cfcef6/subham/LidarMapping2.5D/install/velodyne_simulator:/media/subham/85dce0f4-2e29-4540-9a32-801850cfcef6/subham/LidarMapping2.5D/install/velodyne_description:/media/subham/85dce0f4-2e29-4540-9a32-801850cfcef6/subham/LidarMapping2.5D/install/velodyne_gazebo_plugins:/media/subham/85dce0f4-2e29-4540-9a32-801850cfcef6/subham/LidarMapping2.5D/install/salsanext_ros2:/media/subham/85dce0f4-2e29-4540-9a32-801850cfcef6/subham/LidarMapping2.5D/install/patchwork_plusplus:/media/subham/85dce0f4-2e29-4540-9a32-801850cfcef6/subham/LidarMapping2.5D/install/lid_simulation:/media/subham/85dce0f4-2e29-4540-9a32-801850cfcef6/subham/LidarMapping2.5D/install/lid_description:/media/subham/85dce0f4-2e29-4540-9a32-801850cfcef6/subham/LidarMapping2.5D/install/jsk_recognition_msgs:/media/subham/85dce0f4-2e29-4540-9a32-801850cfcef6/subham/LidarMapping2.5D/install/height_mapping_ros2:/media/subham/85dce0f4-2e29-4540-9a32-801850cfcef6/subham/LidarMapping2.5D/install/height_mapping_core:/media/subham/85dce0f4-2e29-4540-9a32-801850cfcef6/subham/LidarMapping2.5D/install/fastdem_ros2:/media/subham/85dce0f4-2e29-4540-9a32-801850cfcef6/subham/LidarMapping2.5D/install/fastdem:/home/subham/omokai_ws/install/llm_simulation:/home/subham/omokai_ws/install/llm_prompt:/home/subham/omokai_ws/install/llm_description:/home/subham/Edge_AI_for_ADAS_and_Autonomous_Systems/install/adas_simulation:/home/subham/Edge_AI_for_ADAS_and_Autonomous_Systems/install/adas_description:/home/subham/rover_ws/install/rover_gazebo:/home/subham/rover_ws/install/rover_description:/home/subham/rover_ws/install/rf2o_laser_odometry:/home/subham/anvrit_ws/install/rplidar_ros:/home/subham/anvrit_ws/install/astra_camera:/home/subham/anvrit_ws/install/astra_camera_msgs:/home/subham/anvrit_ws/install/anvrit_description:/home/subham/igvc/install/velodyne_simulator:/home/subham/igvc/install/velodyne_description:/home/subham/igvc/install/velodyne_gazebo_plugins:/home/subham/igvc/install/igvc_simulation:/home/subham/igvc/install/igvc_description:/home/subham/colcon_ws/install/ur_simulation_gz:/home/subham/colcon_ws/install/ur_description:/home/subham/colcon_ws/install/ur5_control_2481:/home/subham/colcon_ws/install/s2481_ebot_description:/home/subham/colcon_ws/install/linkattacher_msgs:/home/subham/colcon_ws/install/eyantra_warehouse:/home/subham/colcon_ws/install/ackerman_description:/home/subham/omokai_ws/install/llm_navigation:/home/subham/Edge_AI_for_ADAS_and_Autonomous_Systems/install/adas_perception:/home/subham/Edge_AI_for_ADAS_and_Autonomous_Systems/install/adas_navigation:/home/subham/rover_ws/install/rover_navigation:/home/subham/anvrit_ws/install/anvrit_perception:/home/subham/anvrit_ws/install/anvrit_odometry:/home/subham/anvrit_ws/install/anvrit_nav2:/home/subham/igvc/install/igvc_perception:/home/subham/igvc/install/igvc_navigation:/home/subham/colcon_ws/install/ros2ai:/opt/ros/humble')]), 'shell': False}
[7.245534] (-) TimerEvent: {}
[7.301564] (fastdem) StdoutLine: {'line': b'[  5%] \x1b[32mBuilding CXX object _deps/nanogrid-build/CMakeFiles/nanoGrid.dir/src/GridMap.cpp.o\x1b[0m\n'}
[7.345676] (-) TimerEvent: {}
[7.446156] (-) TimerEvent: {}
[7.546903] (-) TimerEvent: {}
[7.647455] (-) TimerEvent: {}
[7.747915] (-) TimerEvent: {}
[7.848373] (-) TimerEvent: {}
[7.948846] (-) TimerEvent: {}
[8.049289] (-) TimerEvent: {}
[8.149819] (-) TimerEvent: {}
[8.250387] (-) TimerEvent: {}
[8.350888] (-) TimerEvent: {}
[8.451464] (-) TimerEvent: {}
[8.551932] (-) TimerEvent: {}
[8.652434] (-) TimerEvent: {}
[8.752873] (-) TimerEvent: {}
[8.853366] (-) TimerEvent: {}
[8.953865] (-) TimerEvent: {}
[9.054309] (-) TimerEvent: {}
[9.154813] (-) TimerEvent: {}
[9.255332] (-) TimerEvent: {}
[9.356123] (-) TimerEvent: {}
[9.456589] (-) TimerEvent: {}
[9.557032] (-) TimerEvent: {}
[9.657500] (-) TimerEvent: {}
[9.757945] (-) TimerEvent: {}
[9.858396] (-) TimerEvent: {}
[9.958885] (-) TimerEvent: {}
[10.059333] (-) TimerEvent: {}
[10.159874] (-) TimerEvent: {}
[10.260329] (-) TimerEvent: {}
[10.360806] (-) TimerEvent: {}
[10.461274] (-) TimerEvent: {}
[10.561750] (-) TimerEvent: {}
[10.662206] (-) TimerEvent: {}
[10.762680] (-) TimerEvent: {}
[10.863136] (-) TimerEvent: {}
[10.963707] (-) TimerEvent: {}
[11.064496] (-) TimerEvent: {}
[11.165156] (-) TimerEvent: {}
[11.265809] (-) TimerEvent: {}
[11.366493] (-) TimerEvent: {}
[11.468066] (-) TimerEvent: {}
[11.568555] (-) TimerEvent: {}
[11.669064] (-) TimerEvent: {}
[11.769650] (-) TimerEvent: {}
[11.870380] (-) TimerEvent: {}
[11.970837] (-) TimerEvent: {}
[12.071221] (-) TimerEvent: {}
[12.171695] (-) TimerEvent: {}
[12.272151] (-) TimerEvent: {}
[12.372621] (-) TimerEvent: {}
[12.473089] (-) TimerEvent: {}
[12.573552] (-) TimerEvent: {}
[12.674015] (-) TimerEvent: {}
[12.774493] (-) TimerEvent: {}
[12.874956] (-) TimerEvent: {}
[12.975446] (-) TimerEvent: {}
[13.075912] (-) TimerEvent: {}
[13.176367] (-) TimerEvent: {}
[13.276822] (-) TimerEvent: {}
[13.377150] (-) TimerEvent: {}
[13.422727] (fastdem) StdoutLine: {'line': b'[ 11%] \x1b[32mBuilding CXX object _deps/nanogrid-build/CMakeFiles/nanoGrid.dir/src/GridMapMath.cpp.o\x1b[0m\n'}
[13.477265] (-) TimerEvent: {}
[13.577682] (-) TimerEvent: {}
[13.678147] (-) TimerEvent: {}
[13.778642] (-) TimerEvent: {}
[13.879129] (-) TimerEvent: {}
[13.979516] (-) TimerEvent: {}
[14.079918] (-) TimerEvent: {}
[14.180367] (-) TimerEvent: {}
[14.280722] (-) TimerEvent: {}
[14.381067] (-) TimerEvent: {}
[14.481480] (-) TimerEvent: {}
[14.581859] (-) TimerEvent: {}
[14.682245] (-) TimerEvent: {}
[14.782663] (-) TimerEvent: {}
[14.883034] (-) TimerEvent: {}
[14.983407] (-) TimerEvent: {}
[15.083816] (-) TimerEvent: {}
[15.184205] (-) TimerEvent: {}
[15.284608] (-) TimerEvent: {}
[15.384979] (-) TimerEvent: {}
[15.431137] (fastdem) StdoutLine: {'line': b'[ 17%] \x1b[32mBuilding CXX object _deps/nanogrid-build/CMakeFiles/nanoGrid.dir/src/BufferRegion.cpp.o\x1b[0m\n'}
[15.485147] (-) TimerEvent: {}
[15.585583] (-) TimerEvent: {}
[15.686020] (-) TimerEvent: {}
[15.786479] (-) TimerEvent: {}
[15.886872] (-) TimerEvent: {}
[15.987559] (-) TimerEvent: {}
[16.087967] (-) TimerEvent: {}
[16.188359] (-) TimerEvent: {}
[16.256160] (fastdem) StdoutLine: {'line': b'[ 23%] \x1b[32m\x1b[1mLinking CXX static library libnanoGrid.a\x1b[0m\n'}
[16.288487] (-) TimerEvent: {}
[16.310421] (fastdem) StdoutLine: {'line': b'[ 23%] Built target nanoGrid\n'}
[16.338558] (fastdem) StdoutLine: {'line': b'[ 29%] \x1b[32mBuilding CXX object CMakeFiles/fastdem.dir/src/config_fastdem.cpp.o\x1b[0m\n'}
[16.388635] (-) TimerEvent: {}
[16.489021] (-) TimerEvent: {}
[16.589687] (-) TimerEvent: {}
[16.690129] (-) TimerEvent: {}
[16.790628] (-) TimerEvent: {}
[16.891077] (-) TimerEvent: {}
[16.991552] (-) TimerEvent: {}
[17.092058] (-) TimerEvent: {}
[17.192530] (-) TimerEvent: {}
[17.292958] (-) TimerEvent: {}
[17.393303] (-) TimerEvent: {}
[17.493737] (-) TimerEvent: {}
[17.594214] (-) TimerEvent: {}
[17.694754] (-) TimerEvent: {}
[17.795217] (-) TimerEvent: {}
[17.895673] (-) TimerEvent: {}
[17.996125] (-) TimerEvent: {}
[18.096627] (-) TimerEvent: {}
[18.197077] (-) TimerEvent: {}
[18.297560] (-) TimerEvent: {}
[18.398142] (-) TimerEvent: {}
[18.498575] (-) TimerEvent: {}
[18.599013] (-) TimerEvent: {}
[18.699515] (-) TimerEvent: {}
[18.799885] (-) TimerEvent: {}
[18.900282] (-) TimerEvent: {}
[19.000672] (-) TimerEvent: {}
[19.101034] (-) TimerEvent: {}
[19.201426] (-) TimerEvent: {}
[19.301811] (-) TimerEvent: {}
[19.402224] (-) TimerEvent: {}
[19.502694] (-) TimerEvent: {}
[19.603247] (-) TimerEvent: {}
[19.703611] (-) TimerEvent: {}
[19.803976] (-) TimerEvent: {}
[19.904383] (-) TimerEvent: {}
[19.911450] (fastdem) StdoutLine: {'line': b'[ 35%] \x1b[32mBuilding CXX object CMakeFiles/fastdem.dir/src/config_postprocess.cpp.o\x1b[0m\n'}
[20.004486] (-) TimerEvent: {}
[20.104880] (-) TimerEvent: {}
[20.205409] (-) TimerEvent: {}
[20.305907] (-) TimerEvent: {}
[20.406295] (-) TimerEvent: {}
[20.506679] (-) TimerEvent: {}
[20.607030] (-) TimerEvent: {}
[20.707389] (-) TimerEvent: {}
[20.807765] (-) TimerEvent: {}
[20.908119] (-) TimerEvent: {}
[21.008496] (-) TimerEvent: {}
[21.108898] (-) TimerEvent: {}
[21.209344] (-) TimerEvent: {}
[21.309805] (-) TimerEvent: {}
[21.410163] (-) TimerEvent: {}
[21.510584] (-) TimerEvent: {}
[21.610991] (-) TimerEvent: {}
[21.711382] (-) TimerEvent: {}
[21.811741] (-) TimerEvent: {}
[21.912190] (-) TimerEvent: {}
[22.012648] (-) TimerEvent: {}
[22.113094] (-) TimerEvent: {}
[22.213491] (-) TimerEvent: {}
[22.313826] (-) TimerEvent: {}
[22.414265] (-) TimerEvent: {}
[22.514708] (-) TimerEvent: {}
[22.615104] (-) TimerEvent: {}
[22.715536] (-) TimerEvent: {}
[22.808874] (fastdem) StdoutLine: {'line': b'[ 41%] \x1b[32mBuilding CXX object CMakeFiles/fastdem.dir/src/elevation_mapping.cpp.o\x1b[0m\n'}
[22.815681] (-) TimerEvent: {}
[22.916110] (-) TimerEvent: {}
[23.016548] (-) TimerEvent: {}
[23.117024] (-) TimerEvent: {}
[23.217491] (-) TimerEvent: {}
[23.317942] (-) TimerEvent: {}
[23.418731] (-) TimerEvent: {}
[23.519402] (-) TimerEvent: {}
[23.619963] (-) TimerEvent: {}
[23.720601] (-) TimerEvent: {}
[23.821025] (-) TimerEvent: {}
[23.921366] (-) TimerEvent: {}
[24.021862] (-) TimerEvent: {}
[24.122269] (-) TimerEvent: {}
[24.222684] (-) TimerEvent: {}
[24.323120] (-) TimerEvent: {}
[24.423933] (-) TimerEvent: {}
[24.524653] (-) TimerEvent: {}
[24.625120] (-) TimerEvent: {}
[24.725554] (-) TimerEvent: {}
[24.797400] (fastdem) StdoutLine: {'line': b'[ 47%] \x1b[32mBuilding CXX object CMakeFiles/fastdem.dir/src/fastdem.cpp.o\x1b[0m\n'}
[24.825679] (-) TimerEvent: {}
[24.926061] (-) TimerEvent: {}
[25.026466] (-) TimerEvent: {}
[25.126851] (-) TimerEvent: {}
[25.227236] (-) TimerEvent: {}
[25.327634] (-) TimerEvent: {}
[25.428069] (-) TimerEvent: {}
[25.528508] (-) TimerEvent: {}
[25.628900] (-) TimerEvent: {}
[25.729295] (-) TimerEvent: {}
[25.829842] (-) TimerEvent: {}
[25.930401] (-) TimerEvent: {}
[26.030825] (-) TimerEvent: {}
[26.131214] (-) TimerEvent: {}
[26.161043] (fastdem) StderrLine: {'line': b'In file included from \x1b[01m\x1b[K/media/subham/85dce0f4-2e29-4540-9a32-801850cfcef6/subham/LidarMapping2.5D/src/FastDEM/fastdem/lib/nanoPCL/include/nanopcl/filters/downsample.hpp:35\x1b[m\x1b[K,\n'}
[26.161328] (fastdem) StderrLine: {'line': b'                 from \x1b[01m\x1b[K/media/subham/85dce0f4-2e29-4540-9a32-801850cfcef6/subham/LidarMapping2.5D/src/FastDEM/fastdem/src/fastdem.cpp:11\x1b[m\x1b[K:\n'}
[26.161455] (fastdem) StderrLine: {'line': b'\x1b[01m\x1b[K/media/subham/85dce0f4-2e29-4540-9a32-801850cfcef6/subham/LidarMapping2.5D/src/FastDEM/fastdem/lib/nanoPCL/include/nanopcl/filters/impl/voxel_grid_impl.hpp:\x1b[m\x1b[K In function \xe2\x80\x98\x1b[01m\x1b[Knanopcl::PointCloud nanopcl::filters::voxelGrid(nanopcl::PointCloud&&, float, nanopcl::filters::VoxelMode)\x1b[m\x1b[K\xe2\x80\x99:\n'}
[26.161538] (fastdem) StderrLine: {'line': b'\x1b[01m\x1b[K/media/subham/85dce0f4-2e29-4540-9a32-801850cfcef6/subham/LidarMapping2.5D/src/FastDEM/fastdem/lib/nanoPCL/include/nanopcl/filters/impl/voxel_grid_impl.hpp:235:19:\x1b[m\x1b[K \x1b[01;35m\x1b[Kwarning: \x1b[m\x1b[Kmoving a local object in a return statement prevents copy elision [\x1b[01;35m\x1b[K\x1b]8;;https://gcc.gnu.org/onlinedocs/gcc/Warning-Options.html#index-Wpessimizing-move\x07-Wpessimizing-move\x1b]8;;\x07\x1b[m\x1b[K]\n'}
[26.161586] (fastdem) StderrLine: {'line': b'  235 |   return \x1b[01;35m\x1b[Kstd::move(result)\x1b[m\x1b[K;\n'}
[26.161630] (fastdem) StderrLine: {'line': b'      |          \x1b[01;35m\x1b[K~~~~~~~~~^~~~~~~~\x1b[m\x1b[K\n'}
[26.161673] (fastdem) StderrLine: {'line': b'\x1b[01m\x1b[K/media/subham/85dce0f4-2e29-4540-9a32-801850cfcef6/subham/LidarMapping2.5D/src/FastDEM/fastdem/lib/nanoPCL/include/nanopcl/filters/impl/voxel_grid_impl.hpp:235:19:\x1b[m\x1b[K \x1b[01;36m\x1b[Knote: \x1b[m\x1b[Kremove \xe2\x80\x98\x1b[01m\x1b[Kstd::move\x1b[m\x1b[K\xe2\x80\x99 call\n'}
[26.231360] (-) TimerEvent: {}
[26.331776] (-) TimerEvent: {}
[26.432183] (-) TimerEvent: {}
[26.532619] (-) TimerEvent: {}
[26.633016] (-) TimerEvent: {}
[26.733474] (-) TimerEvent: {}
[26.833893] (-) TimerEvent: {}
[26.934326] (-) TimerEvent: {}
[27.034787] (-) TimerEvent: {}
[27.135222] (-) TimerEvent: {}
[27.235636] (-) TimerEvent: {}
[27.336050] (-) TimerEvent: {}
[27.436453] (-) TimerEvent: {}
[27.536834] (-) TimerEvent: {}
[27.637225] (-) TimerEvent: {}
[27.737650] (-) TimerEvent: {}
[27.838039] (-) TimerEvent: {}
[27.938437] (-) TimerEvent: {}
[28.038813] (-) TimerEvent: {}
[28.139218] (-) TimerEvent: {}
[28.239633] (-) TimerEvent: {}
[28.340038] (-) TimerEvent: {}
[28.440444] (-) TimerEvent: {}
[28.540847] (-) TimerEvent: {}
[28.641244] (-) TimerEvent: {}
[28.741656] (-) TimerEvent: {}
[28.842032] (-) TimerEvent: {}
[28.942751] (-) TimerEvent: {}
[29.043242] (-) TimerEvent: {}
[29.143949] (-) TimerEvent: {}
[29.244339] (-) TimerEvent: {}
[29.344725] (-) TimerEvent: {}
[29.445100] (-) TimerEvent: {}
[29.545459] (-) TimerEvent: {}
[29.645885] (-) TimerEvent: {}
[29.746492] (-) TimerEvent: {}
[29.847197] (-) TimerEvent: {}
[29.947612] (-) TimerEvent: {}
[30.048032] (-) TimerEvent: {}
[30.148447] (-) TimerEvent: {}
[30.248896] (-) TimerEvent: {}
[30.349334] (-) TimerEvent: {}
[30.449832] (-) TimerEvent: {}
[30.550261] (-) TimerEvent: {}
[30.600338] (fastdem) StdoutLine: {'line': b'[ 52%] \x1b[32mBuilding CXX object CMakeFiles/fastdem.dir/src/feature_extraction.cpp.o\x1b[0m\n'}
[30.650526] (-) TimerEvent: {}
[30.751164] (-) TimerEvent: {}
[30.851690] (-) TimerEvent: {}
[30.952103] (-) TimerEvent: {}
[31.052386] (-) TimerEvent: {}
[31.152688] (-) TimerEvent: {}
[31.253016] (-) TimerEvent: {}
[31.353497] (-) TimerEvent: {}
[31.453943] (-) TimerEvent: {}
[31.554389] (-) TimerEvent: {}
[31.654847] (-) TimerEvent: {}
[31.755300] (-) TimerEvent: {}
[31.855768] (-) TimerEvent: {}
[31.956218] (-) TimerEvent: {}
[32.056710] (-) TimerEvent: {}
[32.157230] (-) TimerEvent: {}
[32.257740] (-) TimerEvent: {}
[32.358194] (-) TimerEvent: {}
[32.458548] (-) TimerEvent: {}
[32.558981] (-) TimerEvent: {}
[32.659408] (-) TimerEvent: {}
[32.759979] (-) TimerEvent: {}
[32.859239] (fastdem) StdoutLine: {'line': b'[ 58%] \x1b[32mBuilding CXX object CMakeFiles/fastdem.dir/src/inpainting.cpp.o\x1b[0m\n'}
[32.860064] (-) TimerEvent: {}
[32.960445] (-) TimerEvent: {}
[33.060936] (-) TimerEvent: {}
[33.161402] (-) TimerEvent: {}
[33.261862] (-) TimerEvent: {}
[33.362280] (-) TimerEvent: {}
[33.462700] (-) TimerEvent: {}
[33.563079] (-) TimerEvent: {}
[33.663486] (-) TimerEvent: {}
[33.763917] (-) TimerEvent: {}
[33.864382] (-) TimerEvent: {}
[33.964858] (-) TimerEvent: {}
[34.065319] (-) TimerEvent: {}
[34.086357] (fastdem) StdoutLine: {'line': b'[ 64%] \x1b[32mBuilding CXX object CMakeFiles/fastdem.dir/src/io_npz.cpp.o\x1b[0m\n'}
[34.165497] (-) TimerEvent: {}
[34.265977] (-) TimerEvent: {}
[34.366484] (-) TimerEvent: {}
[34.466944] (-) TimerEvent: {}
[34.567390] (-) TimerEvent: {}
[34.667875] (-) TimerEvent: {}
[34.768340] (-) TimerEvent: {}
[34.868831] (-) TimerEvent: {}
[34.969279] (-) TimerEvent: {}
[35.069754] (-) TimerEvent: {}
[35.170196] (-) TimerEvent: {}
[35.270649] (-) TimerEvent: {}
[35.371067] (-) TimerEvent: {}
[35.471533] (-) TimerEvent: {}
[35.571988] (-) TimerEvent: {}
[35.672443] (-) TimerEvent: {}
[35.772873] (-) TimerEvent: {}
[35.873507] (-) TimerEvent: {}
[35.974056] (-) TimerEvent: {}
[36.074748] (-) TimerEvent: {}
[36.175343] (-) TimerEvent: {}
[36.275799] (-) TimerEvent: {}
[36.376176] (-) TimerEvent: {}
[36.476611] (-) TimerEvent: {}
[36.577078] (-) TimerEvent: {}
[36.677512] (-) TimerEvent: {}
[36.777856] (-) TimerEvent: {}
[36.878166] (-) TimerEvent: {}
[36.978602] (-) TimerEvent: {}
[37.079128] (-) TimerEvent: {}
[37.179426] (-) TimerEvent: {}
[37.279856] (-) TimerEvent: {}
[37.380234] (-) TimerEvent: {}
[37.480683] (-) TimerEvent: {}
[37.581128] (-) TimerEvent: {}
[37.681547] (-) TimerEvent: {}
[37.781979] (-) TimerEvent: {}
[37.849323] (fastdem) StdoutLine: {'line': b'[ 70%] \x1b[32mBuilding CXX object CMakeFiles/fastdem.dir/src/io_png.cpp.o\x1b[0m\n'}
[37.882101] (-) TimerEvent: {}
[37.982491] (-) TimerEvent: {}
[38.082829] (-) TimerEvent: {}
[38.183171] (-) TimerEvent: {}
[38.283513] (-) TimerEvent: {}
[38.383863] (-) TimerEvent: {}
[38.484257] (-) TimerEvent: {}
[38.584694] (-) TimerEvent: {}
[38.685075] (-) TimerEvent: {}
[38.785465] (-) TimerEvent: {}
[38.885845] (-) TimerEvent: {}
[38.986217] (-) TimerEvent: {}
[39.086627] (-) TimerEvent: {}
[39.187594] (-) TimerEvent: {}
[39.288137] (-) TimerEvent: {}
[39.388628] (-) TimerEvent: {}
[39.488951] (-) TimerEvent: {}
[39.589365] (-) TimerEvent: {}
[39.689820] (-) TimerEvent: {}
[39.790240] (-) TimerEvent: {}
[39.890716] (-) TimerEvent: {}
[39.991237] (-) TimerEvent: {}
[40.091906] (-) TimerEvent: {}
[40.192318] (-) TimerEvent: {}
[40.292938] (-) TimerEvent: {}
[40.393333] (-) TimerEvent: {}
[40.493699] (-) TimerEvent: {}
[40.594143] (-) TimerEvent: {}
[40.694611] (-) TimerEvent: {}
[40.795054] (-) TimerEvent: {}
[40.895509] (-) TimerEvent: {}
[40.995978] (-) TimerEvent: {}
[41.096453] (-) TimerEvent: {}
[41.196893] (-) TimerEvent: {}
[41.297341] (-) TimerEvent: {}
[41.397815] (-) TimerEvent: {}
[41.498285] (-) TimerEvent: {}
[41.598811] (-) TimerEvent: {}
[41.699511] (-) TimerEvent: {}
[41.800037] (-) TimerEvent: {}
[41.900515] (-) TimerEvent: {}
[42.000982] (-) TimerEvent: {}
[42.101614] (-) TimerEvent: {}
[42.202154] (-) TimerEvent: {}
[42.247103] (fastdem) StdoutLine: {'line': b'[ 76%] \x1b[32mBuilding CXX object CMakeFiles/fastdem.dir/src/pcd_convert.cpp.o\x1b[0m\n'}
[42.302267] (-) TimerEvent: {}
[42.402646] (-) TimerEvent: {}
[42.503011] (-) TimerEvent: {}
[42.603431] (-) TimerEvent: {}
[42.703845] (-) TimerEvent: {}
[42.804217] (-) TimerEvent: {}
[42.904689] (-) TimerEvent: {}
[43.005124] (-) TimerEvent: {}
[43.105531] (-) TimerEvent: {}
[43.206042] (-) TimerEvent: {}
[43.306770] (-) TimerEvent: {}
[43.407528] (-) TimerEvent: {}
[43.508075] (-) TimerEvent: {}
[43.608449] (-) TimerEvent: {}
[43.708899] (-) TimerEvent: {}
[43.809358] (-) TimerEvent: {}
[43.909847] (-) TimerEvent: {}
[44.010284] (-) TimerEvent: {}
[44.110758] (-) TimerEvent: {}
[44.211202] (-) TimerEvent: {}
[44.311690] (-) TimerEvent: {}
[44.412263] (-) TimerEvent: {}
[44.513159] (-) TimerEvent: {}
[44.613631] (-) TimerEvent: {}
[44.713912] (-) TimerEvent: {}
[44.814203] (-) TimerEvent: {}
[44.914567] (-) TimerEvent: {}
[45.014955] (-) TimerEvent: {}
[45.115347] (-) TimerEvent: {}
[45.215716] (-) TimerEvent: {}
[45.316049] (-) TimerEvent: {}
[45.416383] (-) TimerEvent: {}
[45.516759] (-) TimerEvent: {}
[45.617125] (-) TimerEvent: {}
[45.717517] (-) TimerEvent: {}
[45.817896] (-) TimerEvent: {}
[45.918220] (-) TimerEvent: {}
[46.018490] (-) TimerEvent: {}
[46.041151] (fastdem) StdoutLine: {'line': b'[ 82%] \x1b[32mBuilding CXX object CMakeFiles/fastdem.dir/src/raycasting.cpp.o\x1b[0m\n'}
[46.118629] (-) TimerEvent: {}
[46.219028] (-) TimerEvent: {}
[46.319502] (-) TimerEvent: {}
[46.419951] (-) TimerEvent: {}
[46.520439] (-) TimerEvent: {}
[46.620958] (-) TimerEvent: {}
[46.721409] (-) TimerEvent: {}
[46.821907] (-) TimerEvent: {}
[46.922384] (-) TimerEvent: {}
[47.022859] (-) TimerEvent: {}
[47.123311] (-) TimerEvent: {}
[47.223878] (-) TimerEvent: {}
[47.324341] (-) TimerEvent: {}
[47.424801] (-) TimerEvent: {}
[47.525247] (-) TimerEvent: {}
[47.625717] (-) TimerEvent: {}
[47.726122] (-) TimerEvent: {}
[47.758038] (fastdem) StdoutLine: {'line': b'[ 88%] \x1b[32mBuilding CXX object CMakeFiles/fastdem.dir/src/sensor_model.cpp.o\x1b[0m\n'}
[47.826285] (-) TimerEvent: {}
[47.926769] (-) TimerEvent: {}
[48.027213] (-) TimerEvent: {}
[48.127669] (-) TimerEvent: {}
[48.228099] (-) TimerEvent: {}
[48.328690] (-) TimerEvent: {}
[48.429358] (-) TimerEvent: {}
[48.529996] (-) TimerEvent: {}
[48.630535] (-) TimerEvent: {}
[48.730967] (-) TimerEvent: {}
[48.831345] (-) TimerEvent: {}
[48.931781] (-) TimerEvent: {}
[49.032272] (-) TimerEvent: {}
[49.132715] (-) TimerEvent: {}
[49.233119] (-) TimerEvent: {}
[49.333557] (-) TimerEvent: {}
[49.434018] (-) TimerEvent: {}
[49.534526] (-) TimerEvent: {}
[49.635354] (-) TimerEvent: {}
[49.735812] (-) TimerEvent: {}
[49.836215] (-) TimerEvent: {}
[49.936663] (-) TimerEvent: {}
[50.037042] (-) TimerEvent: {}
[50.137489] (-) TimerEvent: {}
[50.237853] (-) TimerEvent: {}
[50.338243] (-) TimerEvent: {}
[50.438565] (-) TimerEvent: {}
[50.539022] (-) TimerEvent: {}
[50.639656] (-) TimerEvent: {}
[50.740199] (-) TimerEvent: {}
[50.840664] (-) TimerEvent: {}
[50.941068] (-) TimerEvent: {}
[51.041381] (-) TimerEvent: {}
[51.141762] (-) TimerEvent: {}
[51.242081] (-) TimerEvent: {}
[51.342530] (-) TimerEvent: {}
[51.403992] (fastdem) StdoutLine: {'line': b'[ 94%] \x1b[32mBuilding CXX object CMakeFiles/fastdem.dir/src/uncertainty_fusion.cpp.o\x1b[0m\n'}
[51.442696] (-) TimerEvent: {}
[51.543178] (-) TimerEvent: {}
[51.643622] (-) TimerEvent: {}
[51.744560] (-) TimerEvent: {}
[51.845056] (-) TimerEvent: {}
[51.945560] (-) TimerEvent: {}
[52.045950] (-) TimerEvent: {}
[52.146301] (-) TimerEvent: {}
[52.246773] (-) TimerEvent: {}
[52.347307] (-) TimerEvent: {}
[52.447916] (-) TimerEvent: {}
[52.548276] (-) TimerEvent: {}
[52.648631] (-) TimerEvent: {}
[52.749075] (-) TimerEvent: {}
[52.849490] (-) TimerEvent: {}
[52.944585] (fastdem) StdoutLine: {'line': b'[100%] \x1b[32m\x1b[1mLinking CXX static library libfastdem.a\x1b[0m\n'}
[52.949614] (-) TimerEvent: {}
[53.012314] (fastdem) StdoutLine: {'line': b'[100%] Built target fastdem\n'}
[53.030453] (fastdem) CommandEnded: {'returncode': 0}
[53.031211] (fastdem) JobProgress: {'identifier': 'fastdem', 'progress': 'install'}
[53.042701] (fastdem) Command: {'cmd': ['/usr/bin/cmake', '--install', '/media/subham/85dce0f4-2e29-4540-9a32-801850cfcef6/subham/LidarMapping2.5D/build/fastdem'], 'cwd': '/media/subham/85dce0f4-2e29-4540-9a32-801850cfcef6/subham/LidarMapping2.5D/build/fastdem', 'env': OrderedDict([('LESSOPEN', '| /usr/bin/lesspipe %s'), ('GZ_SIM_RESOURCE_PATH', '/home/subham/subt_ws/src/subt_cave_sim/models:'), ('LANGUAGE', 'en_IN:en'), ('USER', 'subham'), ('XDG_SESSION_TYPE', 'wayland'), ('SHLVL', '1'), ('LD_LIBRARY_PATH', '/media/subham/85dce0f4-2e29-4540-9a32-801850cfcef6/subham/LidarMapping2.5D/install/velodyne_gazebo_plugins/lib:/media/subham/85dce0f4-2e29-4540-9a32-801850cfcef6/subham/LidarMapping2.5D/install/patchwork_plusplus/lib:/media/subham/85dce0f4-2e29-4540-9a32-801850cfcef6/subham/LidarMapping2.5D/install/jsk_recognition_msgs/lib:/media/subham/85dce0f4-2e29-4540-9a32-801850cfcef6/subham/LidarMapping2.5D/install/height_mapping_ros2/lib:/media/subham/85dce0f4-2e29-4540-9a32-801850cfcef6/subham/LidarMapping2.5D/install/height_mapping_core/lib:/home/subham/anvrit_ws/install/astra_camera/lib:/home/subham/anvrit_ws/install/astra_camera_msgs/lib:/home/subham/igvc/install/velodyne_gazebo_plugins/lib:/home/subham/colcon_ws/install/linkattacher_msgs/lib:/opt/ros/humble/opt/rviz_ogre_vendor/lib:/opt/ros/humble/lib/x86_64-linux-gnu:/opt/ros/humble/opt/openvdb_vendor/lib:/opt/ros/humble/lib'), ('HOME', '/home/subham'), ('OLDPWD', '/home/subham'), ('DESKTOP_SESSION', 'ubuntu'), ('NVM_BIN', '/home/subham/.nvm/versions/node/v24.19.0/bin'), ('NVM_INC', '/home/subham/.nvm/versions/node/v24.19.0/include/node'), ('ROS_PYTHON_VERSION', '3'), ('GNOME_SHELL_SESSION_MODE', 'ubuntu'), ('GTK_MODULES', 'gail:atk-bridge'), ('MANAGERPID', '2038'), ('MAKEFLAGS', '-j1'), ('SYSTEMD_EXEC_PID', '3268'), ('DBUS_SESSION_BUS_ADDRESS', 'unix:path=/run/user/1000/bus'), ('COLORTERM', 'truecolor'), ('TERMINATOR_DBUS_NAME', 'net.tenshu.Terminator25ef4b219e3b005583550f2b0f9f990c3'), ('GIO_LAUNCHED_DESKTOP_FILE_PID', '4348'), ('NVM_DIR', '/home/subham/.nvm'), ('IM_CONFIG_PHASE', '1'), ('WAYLAND_DISPLAY', 'wayland-0'), ('COLCON_PREFIX_PATH', '/media/subham/85dce0f4-2e29-4540-9a32-801850cfcef6/subham/LidarMapping2.5D/install:/home/subham/Edge_AI_for_ADAS_and_Autonomous_Systems/install:/home/subham/rover_ws/install:/home/subham/igvc/install:/home/subham/colcon_ws/install:/home/subham/anvrit_ws/install:/home/subham/omokai_ws/install'), ('ROS_DISTRO', 'humble'), ('LOGNAME', 'subham'), ('JOURNAL_STREAM', '8:22697'), ('_', '/usr/bin/colcon'), ('ROS_VERSION', '2'), ('PKG_CONFIG_PATH', '/media/subham/85dce0f4-2e29-4540-9a32-801850cfcef6/subham/LidarMapping2.5D/install/fastdem/lib/x86_64-linux-gnu/pkgconfig:/media/subham/85dce0f4-2e29-4540-9a32-801850cfcef6/subham/LidarMapping2.5D/install/fastdem/lib/pkgconfig'), ('XDG_SESSION_CLASS', 'user'), ('USERNAME', 'subham'), ('TERM', 'xterm-256color'), ('GAZEBO_MODEL_PATH', '/home/subham/gazebo_models:'), ('GNOME_DESKTOP_SESSION_ID', 'this-is-deprecated'), ('ONNXRUNTIME_ROOT', '/opt/ros/humble'), ('ROS_LOCALHOST_ONLY', '0'), ('PATH', '/home/subham/.nvm/versions/node/v24.19.0/bin:/opt/ros/humble/bin:/home/subham/.local/bin:/usr/local/sbin:/usr/local/bin:/usr/sbin:/usr/bin:/sbin:/bin:/usr/games:/usr/local/games:/snap/bin:/snap/bin'), ('SESSION_MANAGER', 'local/thirdly:@/tmp/.ICE-unix/2513,unix/thirdly:/tmp/.ICE-unix/2513'), ('INVOCATION_ID', '046ab86eab5f415aa50d51e791c411a3'), ('XDG_MENU_PREFIX', 'gnome-'), ('GNOME_SETUP_DISPLAY', ':1'), ('XDG_RUNTIME_DIR', '/run/user/1000'), ('DISPLAY', ':0'), ('TERMINATOR_DBUS_PATH', '/net/tenshu/Terminator2'), ('LANG', 'en_US.UTF-8'), ('XDG_CURRENT_DESKTOP', 'ubuntu:GNOME'), ('IBUS_DISABLE_SNOOPER', '1'), ('XMODIFIERS', '@im=ibus'), ('XDG_SESSION_DESKTOP', 'ubuntu'), ('XAUTHORITY', '/run/user/1000/.mutter-Xwaylandauth.L3IAW3'), ('LS_COLORS', 'rs=0:di=01;34:ln=01;36:mh=00:pi=40;33:so=01;35:do=01;35:bd=40;33;01:cd=40;33;01:or=40;31;01:mi=00:su=37;41:sg=30;43:ca=30;41:tw=30;42:ow=34;42:st=37;44:ex=01;32:*.tar=01;31:*.tgz=01;31:*.arc=01;31:*.arj=01;31:*.taz=01;31:*.lha=01;31:*.lz4=01;31:*.lzh=01;31:*.lzma=01;31:*.tlz=01;31:*.txz=01;31:*.tzo=01;31:*.t7z=01;31:*.zip=01;31:*.z=01;31:*.dz=01;31:*.gz=01;31:*.lrz=01;31:*.lz=01;31:*.lzo=01;31:*.xz=01;31:*.zst=01;31:*.tzst=01;31:*.bz2=01;31:*.bz=01;31:*.tbz=01;31:*.tbz2=01;31:*.tz=01;31:*.deb=01;31:*.rpm=01;31:*.jar=01;31:*.war=01;31:*.ear=01;31:*.sar=01;31:*.rar=01;31:*.alz=01;31:*.ace=01;31:*.zoo=01;31:*.cpio=01;31:*.7z=01;31:*.rz=01;31:*.cab=01;31:*.wim=01;31:*.swm=01;31:*.dwm=01;31:*.esd=01;31:*.jpg=01;35:*.jpeg=01;35:*.mjpg=01;35:*.mjpeg=01;35:*.gif=01;35:*.bmp=01;35:*.pbm=01;35:*.pgm=01;35:*.ppm=01;35:*.tga=01;35:*.xbm=01;35:*.xpm=01;35:*.tif=01;35:*.tiff=01;35:*.png=01;35:*.svg=01;35:*.svgz=01;35:*.mng=01;35:*.pcx=01;35:*.mov=01;35:*.mpg=01;35:*.mpeg=01;35:*.m2v=01;35:*.mkv=01;35:*.webm=01;35:*.webp=01;35:*.ogm=01;35:*.mp4=01;35:*.m4v=01;35:*.mp4v=01;35:*.vob=01;35:*.qt=01;35:*.nuv=01;35:*.wmv=01;35:*.asf=01;35:*.rm=01;35:*.rmvb=01;35:*.flc=01;35:*.avi=01;35:*.fli=01;35:*.flv=01;35:*.gl=01;35:*.dl=01;35:*.xcf=01;35:*.xwd=01;35:*.yuv=01;35:*.cgm=01;35:*.emf=01;35:*.ogv=01;35:*.ogx=01;35:*.aac=00;36:*.au=00;36:*.flac=00;36:*.m4a=00;36:*.mid=00;36:*.midi=00;36:*.mka=00;36:*.mp3=00;36:*.mpc=00;36:*.ogg=00;36:*.ra=00;36:*.wav=00;36:*.oga=00;36:*.opus=00;36:*.spx=00;36:*.xspf=00;36:'), ('SSH_AGENT_LAUNCHER', 'gnome-keyring'), ('SSH_AUTH_SOCK', '/run/user/1000/keyring/ssh'), ('ROS_DOMAIN_ID', '0'), ('AMENT_PREFIX_PATH', '/media/subham/85dce0f4-2e29-4540-9a32-801850cfcef6/subham/LidarMapping2.5D/install/segmentation_lidar:/media/subham/85dce0f4-2e29-4540-9a32-801850cfcef6/subham/LidarMapping2.5D/install/velodyne_simulator:/media/subham/85dce0f4-2e29-4540-9a32-801850cfcef6/subham/LidarMapping2.5D/install/velodyne_description:/media/subham/85dce0f4-2e29-4540-9a32-801850cfcef6/subham/LidarMapping2.5D/install/velodyne_gazebo_plugins:/media/subham/85dce0f4-2e29-4540-9a32-801850cfcef6/subham/LidarMapping2.5D/install/salsanext_ros2:/media/subham/85dce0f4-2e29-4540-9a32-801850cfcef6/subham/LidarMapping2.5D/install/patchwork_plusplus:/media/subham/85dce0f4-2e29-4540-9a32-801850cfcef6/subham/LidarMapping2.5D/install/lid_simulation:/media/subham/85dce0f4-2e29-4540-9a32-801850cfcef6/subham/LidarMapping2.5D/install/lid_description:/media/subham/85dce0f4-2e29-4540-9a32-801850cfcef6/subham/LidarMapping2.5D/install/jsk_recognition_msgs:/media/subham/85dce0f4-2e29-4540-9a32-801850cfcef6/subham/LidarMapping2.5D/install/height_mapping_ros2:/media/subham/85dce0f4-2e29-4540-9a32-801850cfcef6/subham/LidarMapping2.5D/install/height_mapping_core:/media/subham/85dce0f4-2e29-4540-9a32-801850cfcef6/subham/LidarMapping2.5D/install/fastdem_ros2:/home/subham/omokai_ws/install/llm_simulation:/home/subham/omokai_ws/install/llm_prompt:/home/subham/omokai_ws/install/llm_navigation:/home/subham/omokai_ws/install/llm_description:/home/subham/Edge_AI_for_ADAS_and_Autonomous_Systems/install/adas_simulation:/home/subham/Edge_AI_for_ADAS_and_Autonomous_Systems/install/adas_perception:/home/subham/Edge_AI_for_ADAS_and_Autonomous_Systems/install/adas_navigation:/home/subham/Edge_AI_for_ADAS_and_Autonomous_Systems/install/adas_description:/home/subham/rover_ws/install/rover_navigation:/home/subham/rover_ws/install/rover_gazebo:/home/subham/rover_ws/install/rover_description:/home/subham/rover_ws/install/rf2o_laser_odometry:/home/subham/anvrit_ws/install/rplidar_ros:/home/subham/anvrit_ws/install/astra_camera:/home/subham/anvrit_ws/install/astra_camera_msgs:/home/subham/anvrit_ws/install/anvrit_perception:/home/subham/anvrit_ws/install/anvrit_odometry:/home/subham/anvrit_ws/install/anvrit_nav2:/home/subham/anvrit_ws/install/anvrit_description:/home/subham/igvc/install/velodyne_simulator:/home/subham/igvc/install/velodyne_description:/home/subham/igvc/install/velodyne_gazebo_plugins:/home/subham/igvc/install/igvc_simulation:/home/subham/igvc/install/igvc_perception:/home/subham/igvc/install/igvc_navigation:/home/subham/igvc/install/igvc_description:/home/subham/colcon_ws/install/ur_simulation_gz:/home/subham/colcon_ws/install/ur_description:/home/subham/colcon_ws/install/ur5_control_2481:/home/subham/colcon_ws/install/s2481_ebot_description:/home/subham/colcon_ws/install/ros2ai:/home/subham/colcon_ws/install/linkattacher_msgs:/home/subham/colcon_ws/install/eyantra_warehouse:/home/subham/colcon_ws/install/ackerman_description:/opt/ros/humble'), ('SHELL', '/bin/bash'), ('TERMINATOR_UUID', 'urn:uuid:577dd51d-23b3-4139-a8c6-d610a5169a81'), ('QT_ACCESSIBILITY', '1'), ('GDMSESSION', 'ubuntu'), ('LESSCLOSE', '/usr/bin/lesspipe %s %s'), ('IGN_GAZEBO_RESOURCE_PATH', '/media/subham/85dce0f4-2e29-4540-9a32-801850cfcef6/subham/subt_ws/src/subt_cave_sim/models:/home/subham/subt_ws/src/subt_cave_sim/models:'), ('QT_IM_MODULE', 'ibus'), ('PWD', '/media/subham/85dce0f4-2e29-4540-9a32-801850cfcef6/subham/LidarMapping2.5D/build/fastdem'), ('TURTLEBOT3_MODEL', 'burger'), ('LC_ALL', 'en_US.UTF-8'), ('XDG_CONFIG_DIRS', '/etc/xdg/xdg-ubuntu:/etc/xdg'), ('NVM_CD_FLAGS', ''), ('XDG_DATA_DIRS', '/usr/share/ubuntu:/usr/local/share/:/usr/share/:/var/lib/snapd/desktop'), ('PYTHONPATH', '/media/subham/85dce0f4-2e29-4540-9a32-801850cfcef6/subham/LidarMapping2.5D/install/jsk_recognition_msgs/local/lib/python3.10/dist-packages:/media/subham/85dce0f4-2e29-4540-9a32-801850cfcef6/subham/LidarMapping2.5D/install/height_mapping_ros2/local/lib/python3.10/dist-packages:/home/subham/omokai_ws/build/llm_navigation:/home/subham/omokai_ws/install/llm_navigation/lib/python3.10/site-packages:/home/subham/Edge_AI_for_ADAS_and_Autonomous_Systems/build/adas_perception:/home/subham/Edge_AI_for_ADAS_and_Autonomous_Systems/install/adas_perception/lib/python3.10/site-packages:/home/subham/Edge_AI_for_ADAS_and_Autonomous_Systems/build/adas_navigation:/home/subham/Edge_AI_for_ADAS_and_Autonomous_Systems/install/adas_navigation/lib/python3.10/site-packages:/home/subham/rover_ws/build/rover_navigation:/home/subham/rover_ws/install/rover_navigation/lib/python3.10/site-packages:/home/subham/anvrit_ws/install/astra_camera_msgs/local/lib/python3.10/dist-packages:/home/subham/anvrit_ws/install/anvrit_perception/lib/python3.10/site-packages:/home/subham/anvrit_ws/install/anvrit_odometry/lib/python3.10/site-packages:/home/subham/anvrit_ws/install/anvrit_nav2/lib/python3.10/site-packages:/home/subham/igvc/build/igvc_perception:/home/subham/igvc/install/igvc_perception/lib/python3.10/site-packages:/home/subham/igvc/build/igvc_navigation:/home/subham/igvc/install/igvc_navigation/lib/python3.10/site-packages:/home/subham/colcon_ws/build/ros2ai:/home/subham/colcon_ws/install/ros2ai/lib/python3.10/site-packages:/home/subham/colcon_ws/install/linkattacher_msgs/local/lib/python3.10/dist-packages:/opt/ros/humble/lib/python3.10/site-packages:/opt/ros/humble/local/lib/python3.10/dist-packages'), ('COLCON', '1'), ('VTE_VERSION', '6800'), ('CMAKE_PREFIX_PATH', '/media/subham/85dce0f4-2e29-4540-9a32-801850cfcef6/subham/LidarMapping2.5D/install/segmentation_lidar:/media/subham/85dce0f4-2e29-4540-9a32-801850cfcef6/subham/LidarMapping2.5D/install/velodyne_simulator:/media/subham/85dce0f4-2e29-4540-9a32-801850cfcef6/subham/LidarMapping2.5D/install/velodyne_description:/media/subham/85dce0f4-2e29-4540-9a32-801850cfcef6/subham/LidarMapping2.5D/install/velodyne_gazebo_plugins:/media/subham/85dce0f4-2e29-4540-9a32-801850cfcef6/subham/LidarMapping2.5D/install/salsanext_ros2:/media/subham/85dce0f4-2e29-4540-9a32-801850cfcef6/subham/LidarMapping2.5D/install/patchwork_plusplus:/media/subham/85dce0f4-2e29-4540-9a32-801850cfcef6/subham/LidarMapping2.5D/install/lid_simulation:/media/subham/85dce0f4-2e29-4540-9a32-801850cfcef6/subham/LidarMapping2.5D/install/lid_description:/media/subham/85dce0f4-2e29-4540-9a32-801850cfcef6/subham/LidarMapping2.5D/install/jsk_recognition_msgs:/media/subham/85dce0f4-2e29-4540-9a32-801850cfcef6/subham/LidarMapping2.5D/install/height_mapping_ros2:/media/subham/85dce0f4-2e29-4540-9a32-801850cfcef6/subham/LidarMapping2.5D/install/height_mapping_core:/media/subham/85dce0f4-2e29-4540-9a32-801850cfcef6/subham/LidarMapping2.5D/install/fastdem_ros2:/media/subham/85dce0f4-2e29-4540-9a32-801850cfcef6/subham/LidarMapping2.5D/install/fastdem:/home/subham/omokai_ws/install/llm_simulation:/home/subham/omokai_ws/install/llm_prompt:/home/subham/omokai_ws/install/llm_description:/home/subham/Edge_AI_for_ADAS_and_Autonomous_Systems/install/adas_simulation:/home/subham/Edge_AI_for_ADAS_and_Autonomous_Systems/install/adas_description:/home/subham/rover_ws/install/rover_gazebo:/home/subham/rover_ws/install/rover_description:/home/subham/rover_ws/install/rf2o_laser_odometry:/home/subham/anvrit_ws/install/rplidar_ros:/home/subham/anvrit_ws/install/astra_camera:/home/subham/anvrit_ws/install/astra_camera_msgs:/home/subham/anvrit_ws/install/anvrit_description:/home/subham/igvc/install/velodyne_simulator:/home/subham/igvc/install/velodyne_description:/home/subham/igvc/install/velodyne_gazebo_plugins:/home/subham/igvc/install/igvc_simulation:/home/subham/igvc/install/igvc_description:/home/subham/colcon_ws/install/ur_simulation_gz:/home/subham/colcon_ws/install/ur_description:/home/subham/colcon_ws/install/ur5_control_2481:/home/subham/colcon_ws/install/s2481_ebot_description:/home/subham/colcon_ws/install/linkattacher_msgs:/home/subham/colcon_ws/install/eyantra_warehouse:/home/subham/colcon_ws/install/ackerman_description:/home/subham/omokai_ws/install/llm_navigation:/home/subham/Edge_AI_for_ADAS_and_Autonomous_Systems/install/adas_perception:/home/subham/Edge_AI_for_ADAS_and_Autonomous_Systems/install/adas_navigation:/home/subham/rover_ws/install/rover_navigation:/home/subham/anvrit_ws/install/anvrit_perception:/home/subham/anvrit_ws/install/anvrit_odometry:/home/subham/anvrit_ws/install/anvrit_nav2:/home/subham/igvc/install/igvc_perception:/home/subham/igvc/install/igvc_navigation:/home/subham/colcon_ws/install/ros2ai:/opt/ros/humble')]), 'shell': False}
[53.049721] (-) TimerEvent: {}
[53.052173] (fastdem) StdoutLine: {'line': b'-- Install configuration: "Release"\n'}
[53.052575] (fastdem) StdoutLine: {'line': b'-- Installing: /media/subham/85dce0f4-2e29-4540-9a32-801850cfcef6/subham/LidarMapping2.5D/install/fastdem/lib/libfastdem.a\n'}
[53.054797] (fastdem) StdoutLine: {'line': b'-- Installing: /media/subham/85dce0f4-2e29-4540-9a32-801850cfcef6/subham/LidarMapping2.5D/install/fastdem/lib/libnanoGrid.a\n'}
[53.055145] (fastdem) StdoutLine: {'line': b'-- Installing: /media/subham/85dce0f4-2e29-4540-9a32-801850cfcef6/subham/LidarMapping2.5D/install/fastdem/include\n'}
[53.055264] (fastdem) StdoutLine: {'line': b'-- Installing: /media/subham/85dce0f4-2e29-4540-9a32-801850cfcef6/subham/LidarMapping2.5D/install/fastdem/include/nanogrid\n'}
[53.055313] (fastdem) StdoutLine: {'line': b'-- Installing: /media/subham/85dce0f4-2e29-4540-9a32-801850cfcef6/subham/LidarMapping2.5D/install/fastdem/include/nanogrid/IndexHash.hpp\n'}
[53.055404] (fastdem) StdoutLine: {'line': b'-- Installing: /media/subham/85dce0f4-2e29-4540-9a32-801850cfcef6/subham/LidarMapping2.5D/install/fastdem/include/nanogrid/TypeDefs.hpp\n'}
[53.055539] (fastdem) StdoutLine: {'line': b'-- Installing: /media/subham/85dce0f4-2e29-4540-9a32-801850cfcef6/subham/LidarMapping2.5D/install/fastdem/include/nanogrid/NanOps.hpp\n'}
[53.055692] (fastdem) StdoutLine: {'line': b'-- Installing: /media/subham/85dce0f4-2e29-4540-9a32-801850cfcef6/subham/LidarMapping2.5D/install/fastdem/include/nanogrid/bridge\n'}
[53.055745] (fastdem) StdoutLine: {'line': b'-- Installing: /media/subham/85dce0f4-2e29-4540-9a32-801850cfcef6/subham/LidarMapping2.5D/install/fastdem/include/nanogrid/bridge/ros2.hpp\n'}
[53.055848] (fastdem) StdoutLine: {'line': b'-- Installing: /media/subham/85dce0f4-2e29-4540-9a32-801850cfcef6/subham/LidarMapping2.5D/install/fastdem/include/nanogrid/bridge/ros1.hpp\n'}
[53.055972] (fastdem) StdoutLine: {'line': b'-- Installing: /media/subham/85dce0f4-2e29-4540-9a32-801850cfcef6/subham/LidarMapping2.5D/install/fastdem/include/nanogrid/bridge/ros\n'}
[53.056076] (fastdem) StdoutLine: {'line': b'-- Installing: /media/subham/85dce0f4-2e29-4540-9a32-801850cfcef6/subham/LidarMapping2.5D/install/fastdem/include/nanogrid/bridge/ros/impl.hpp\n'}
[53.056196] (fastdem) StdoutLine: {'line': b'-- Installing: /media/subham/85dce0f4-2e29-4540-9a32-801850cfcef6/subham/LidarMapping2.5D/install/fastdem/include/nanogrid/nanogrid.hpp\n'}
[53.056363] (fastdem) StdoutLine: {'line': b'-- Installing: /media/subham/85dce0f4-2e29-4540-9a32-801850cfcef6/subham/LidarMapping2.5D/install/fastdem/include/nanogrid/detail\n'}
[53.056491] (fastdem) StdoutLine: {'line': b'-- Installing: /media/subham/85dce0f4-2e29-4540-9a32-801850cfcef6/subham/LidarMapping2.5D/install/fastdem/include/nanogrid/detail/BufferRegion.hpp\n'}
[53.056624] (fastdem) StdoutLine: {'line': b'-- Installing: /media/subham/85dce0f4-2e29-4540-9a32-801850cfcef6/subham/LidarMapping2.5D/install/fastdem/include/nanogrid/detail/GridMapMath.hpp\n'}
[53.056718] (fastdem) StdoutLine: {'line': b'-- Installing: /media/subham/85dce0f4-2e29-4540-9a32-801850cfcef6/subham/LidarMapping2.5D/install/fastdem/include/nanogrid/GridMap.hpp\n'}
[53.056848] (fastdem) StdoutLine: {'line': b'-- Up-to-date: /media/subham/85dce0f4-2e29-4540-9a32-801850cfcef6/subham/LidarMapping2.5D/install/fastdem/include\n'}
[53.057041] (fastdem) StdoutLine: {'line': b'-- Installing: /media/subham/85dce0f4-2e29-4540-9a32-801850cfcef6/subham/LidarMapping2.5D/install/fastdem/include/fastdem\n'}
[53.057205] (fastdem) StdoutLine: {'line': b'-- Installing: /media/subham/85dce0f4-2e29-4540-9a32-801850cfcef6/subham/LidarMapping2.5D/install/fastdem/include/fastdem/postprocess\n'}
[53.057335] (fastdem) StdoutLine: {'line': b'-- Installing: /media/subham/85dce0f4-2e29-4540-9a32-801850cfcef6/subham/LidarMapping2.5D/install/fastdem/include/fastdem/postprocess/spatial_smoothing.hpp\n'}
[53.057806] (fastdem) StdoutLine: {'line': b'-- Installing: /media/subham/85dce0f4-2e29-4540-9a32-801850cfcef6/subham/LidarMapping2.5D/install/fastdem/include/fastdem/postprocess/inpainting.hpp\n'}
[53.057989] (fastdem) StdoutLine: {'line': b'-- Installing: /media/subham/85dce0f4-2e29-4540-9a32-801850cfcef6/subham/LidarMapping2.5D/install/fastdem/include/fastdem/postprocess/raycasting.hpp\n'}
[53.058137] (fastdem) StdoutLine: {'line': b'-- Installing: /media/subham/85dce0f4-2e29-4540-9a32-801850cfcef6/subham/LidarMapping2.5D/install/fastdem/include/fastdem/postprocess/uncertainty_fusion.hpp\n'}
[53.058289] (fastdem) StdoutLine: {'line': b'-- Installing: /media/subham/85dce0f4-2e29-4540-9a32-801850cfcef6/subham/LidarMapping2.5D/install/fastdem/include/fastdem/postprocess/feature_extraction.hpp\n'}
[53.058440] (fastdem) StdoutLine: {'line': b'-- Installing: /media/subham/85dce0f4-2e29-4540-9a32-801850cfcef6/subham/LidarMapping2.5D/install/fastdem/include/fastdem/config\n'}
[53.058588] (fastdem) StdoutLine: {'line': b'-- Installing: /media/subham/85dce0f4-2e29-4540-9a32-801850cfcef6/subham/LidarMapping2.5D/install/fastdem/include/fastdem/config/mapping.hpp\n'}
[53.058757] (fastdem) StdoutLine: {'line': b'-- Installing: /media/subham/85dce0f4-2e29-4540-9a32-801850cfcef6/subham/LidarMapping2.5D/install/fastdem/include/fastdem/config/rasterization.hpp\n'}
[53.058924] (fastdem) StdoutLine: {'line': b'-- Installing: /media/subham/85dce0f4-2e29-4540-9a32-801850cfcef6/subham/LidarMapping2.5D/install/fastdem/include/fastdem/config/sensor_model.hpp\n'}
[53.059100] (fastdem) StdoutLine: {'line': b'-- Installing: /media/subham/85dce0f4-2e29-4540-9a32-801850cfcef6/subham/LidarMapping2.5D/install/fastdem/include/fastdem/config/postprocess.hpp\n'}
[53.059244] (fastdem) StdoutLine: {'line': b'-- Installing: /media/subham/85dce0f4-2e29-4540-9a32-801850cfcef6/subham/LidarMapping2.5D/install/fastdem/include/fastdem/config/fastdem.hpp\n'}
[53.059405] (fastdem) StdoutLine: {'line': b'-- Installing: /media/subham/85dce0f4-2e29-4540-9a32-801850cfcef6/subham/LidarMapping2.5D/install/fastdem/include/fastdem/elevation_map.hpp\n'}
[53.059569] (fastdem) StdoutLine: {'line': b'-- Installing: /media/subham/85dce0f4-2e29-4540-9a32-801850cfcef6/subham/LidarMapping2.5D/install/fastdem/include/fastdem/sensors\n'}
[53.059707] (fastdem) StdoutLine: {'line': b'-- Installing: /media/subham/85dce0f4-2e29-4540-9a32-801850cfcef6/subham/LidarMapping2.5D/install/fastdem/include/fastdem/sensors/rgbd_model.hpp\n'}
[53.059873] (fastdem) StdoutLine: {'line': b'-- Installing: /media/subham/85dce0f4-2e29-4540-9a32-801850cfcef6/subham/LidarMapping2.5D/install/fastdem/include/fastdem/sensors/sensor_model.hpp\n'}
[53.060025] (fastdem) StdoutLine: {'line': b'-- Installing: /media/subham/85dce0f4-2e29-4540-9a32-801850cfcef6/subham/LidarMapping2.5D/install/fastdem/include/fastdem/sensors/lidar_model.hpp\n'}
[53.060168] (fastdem) StdoutLine: {'line': b'-- Installing: /media/subham/85dce0f4-2e29-4540-9a32-801850cfcef6/subham/LidarMapping2.5D/install/fastdem/include/fastdem/bridge\n'}
[53.060319] (fastdem) StdoutLine: {'line': b'-- Installing: /media/subham/85dce0f4-2e29-4540-9a32-801850cfcef6/subham/LidarMapping2.5D/install/fastdem/include/fastdem/bridge/ros2.hpp\n'}
[53.060619] (fastdem) StdoutLine: {'line': b'-- Installing: /media/subham/85dce0f4-2e29-4540-9a32-801850cfcef6/subham/LidarMapping2.5D/install/fastdem/include/fastdem/bridge/ros1.hpp\n'}
[53.060937] (fastdem) StdoutLine: {'line': b'-- Installing: /media/subham/85dce0f4-2e29-4540-9a32-801850cfcef6/subham/LidarMapping2.5D/install/fastdem/include/fastdem/bridge/ros\n'}
[53.061060] (fastdem) StdoutLine: {'line': b'-- Installing: /media/subham/85dce0f4-2e29-4540-9a32-801850cfcef6/subham/LidarMapping2.5D/install/fastdem/include/fastdem/bridge/ros/impl_visualization.hpp\n'}
[53.061359] (fastdem) StdoutLine: {'line': b'-- Installing: /media/subham/85dce0f4-2e29-4540-9a32-801850cfcef6/subham/LidarMapping2.5D/install/fastdem/include/fastdem/bridge/ros/impl.hpp\n'}
[53.061707] (fastdem) StdoutLine: {'line': b'-- Installing: /media/subham/85dce0f4-2e29-4540-9a32-801850cfcef6/subham/LidarMapping2.5D/install/fastdem/include/fastdem/io\n'}
[53.061861] (fastdem) StdoutLine: {'line': b'-- Installing: /media/subham/85dce0f4-2e29-4540-9a32-801850cfcef6/subham/LidarMapping2.5D/install/fastdem/include/fastdem/io/npz.hpp\n'}
[53.061953] (fastdem) StdoutLine: {'line': b'-- Installing: /media/subham/85dce0f4-2e29-4540-9a32-801850cfcef6/subham/LidarMapping2.5D/install/fastdem/include/fastdem/io/png.hpp\n'}
[53.062088] (fastdem) StdoutLine: {'line': b'-- Installing: /media/subham/85dce0f4-2e29-4540-9a32-801850cfcef6/subham/LidarMapping2.5D/install/fastdem/include/fastdem/io/pcd_convert.hpp\n'}
[53.062220] (fastdem) StdoutLine: {'line': b'-- Installing: /media/subham/85dce0f4-2e29-4540-9a32-801850cfcef6/subham/LidarMapping2.5D/install/fastdem/include/fastdem/mapping\n'}
[53.062321] (fastdem) StdoutLine: {'line': b'-- Installing: /media/subham/85dce0f4-2e29-4540-9a32-801850cfcef6/subham/LidarMapping2.5D/install/fastdem/include/fastdem/mapping/quantile_estimation.hpp\n'}
[53.062500] (fastdem) StdoutLine: {'line': b'-- Installing: /media/subham/85dce0f4-2e29-4540-9a32-801850cfcef6/subham/LidarMapping2.5D/install/fastdem/include/fastdem/mapping/kalman_estimation.hpp\n'}
[53.062607] (fastdem) StdoutLine: {'line': b'-- Installing: /media/subham/85dce0f4-2e29-4540-9a32-801850cfcef6/subham/LidarMapping2.5D/install/fastdem/include/fastdem/mapping/elevation_mapping.hpp\n'}
[53.062730] (fastdem) StdoutLine: {'line': b'-- Installing: /media/subham/85dce0f4-2e29-4540-9a32-801850cfcef6/subham/LidarMapping2.5D/install/fastdem/include/fastdem/point_types.hpp\n'}
[53.062879] (fastdem) StdoutLine: {'line': b'-- Installing: /media/subham/85dce0f4-2e29-4540-9a32-801850cfcef6/subham/LidarMapping2.5D/install/fastdem/include/fastdem/transform_interface.hpp\n'}
[53.063026] (fastdem) StdoutLine: {'line': b'-- Installing: /media/subham/85dce0f4-2e29-4540-9a32-801850cfcef6/subham/LidarMapping2.5D/install/fastdem/include/fastdem/color.hpp\n'}
[53.063133] (fastdem) StdoutLine: {'line': b'-- Installing: /media/subham/85dce0f4-2e29-4540-9a32-801850cfcef6/subham/LidarMapping2.5D/install/fastdem/include/fastdem/fastdem.hpp\n'}
[53.063373] (fastdem) StdoutLine: {'line': b'-- Up-to-date: /media/subham/85dce0f4-2e29-4540-9a32-801850cfcef6/subham/LidarMapping2.5D/install/fastdem/include\n'}
[53.063456] (fastdem) StdoutLine: {'line': b'-- Installing: /media/subham/85dce0f4-2e29-4540-9a32-801850cfcef6/subham/LidarMapping2.5D/install/fastdem/include/nanopcl\n'}
[53.063657] (fastdem) StdoutLine: {'line': b'-- Installing: /media/subham/85dce0f4-2e29-4540-9a32-801850cfcef6/subham/LidarMapping2.5D/install/fastdem/include/nanopcl/search.hpp\n'}
[53.064035] (fastdem) StdoutLine: {'line': b'-- Installing: /media/subham/85dce0f4-2e29-4540-9a32-801850cfcef6/subham/LidarMapping2.5D/install/fastdem/include/nanopcl/filters.hpp\n'}
[53.064353] (fastdem) StdoutLine: {'line': b'-- Installing: /media/subham/85dce0f4-2e29-4540-9a32-801850cfcef6/subham/LidarMapping2.5D/install/fastdem/include/nanopcl/core\n'}
[53.064463] (fastdem) StdoutLine: {'line': b'-- Installing: /media/subham/85dce0f4-2e29-4540-9a32-801850cfcef6/subham/LidarMapping2.5D/install/fastdem/include/nanopcl/core/span.hpp\n'}
[53.064858] (fastdem) StdoutLine: {'line': b'-- Installing: /media/subham/85dce0f4-2e29-4540-9a32-801850cfcef6/subham/LidarMapping2.5D/install/fastdem/include/nanopcl/core/impl\n'}
[53.064961] (fastdem) StdoutLine: {'line': b'-- Installing: /media/subham/85dce0f4-2e29-4540-9a32-801850cfcef6/subham/LidarMapping2.5D/install/fastdem/include/nanopcl/core/impl/point_cloud_v3_impl.hpp\n'}
[53.065225] (fastdem) StdoutLine: {'line': b'-- Installing: /media/subham/85dce0f4-2e29-4540-9a32-801850cfcef6/subham/LidarMapping2.5D/install/fastdem/include/nanopcl/core/impl/point_cloud_impl.hpp\n'}
[53.065369] (fastdem) StdoutLine: {'line': b'-- Installing: /media/subham/85dce0f4-2e29-4540-9a32-801850cfcef6/subham/LidarMapping2.5D/install/fastdem/include/nanopcl/core/voxel.hpp\n'}
[53.065507] (fastdem) StdoutLine: {'line': b'-- Installing: /media/subham/85dce0f4-2e29-4540-9a32-801850cfcef6/subham/LidarMapping2.5D/install/fastdem/include/nanopcl/core/point_cloud.hpp\n'}
[53.065633] (fastdem) StdoutLine: {'line': b'-- Installing: /media/subham/85dce0f4-2e29-4540-9a32-801850cfcef6/subham/LidarMapping2.5D/install/fastdem/include/nanopcl/core/transform.hpp\n'}
[53.065765] (fastdem) StdoutLine: {'line': b'-- Installing: /media/subham/85dce0f4-2e29-4540-9a32-801850cfcef6/subham/LidarMapping2.5D/install/fastdem/include/nanopcl/core/lie.hpp\n'}
[53.065951] (fastdem) StdoutLine: {'line': b'-- Installing: /media/subham/85dce0f4-2e29-4540-9a32-801850cfcef6/subham/LidarMapping2.5D/install/fastdem/include/nanopcl/core/math.hpp\n'}
[53.066120] (fastdem) StdoutLine: {'line': b'-- Installing: /media/subham/85dce0f4-2e29-4540-9a32-801850cfcef6/subham/LidarMapping2.5D/install/fastdem/include/nanopcl/core/types.hpp\n'}
[53.066219] (fastdem) StdoutLine: {'line': b'-- Installing: /media/subham/85dce0f4-2e29-4540-9a32-801850cfcef6/subham/LidarMapping2.5D/install/fastdem/include/nanopcl/filters\n'}
[53.066308] (fastdem) StdoutLine: {'line': b'-- Installing: /media/subham/85dce0f4-2e29-4540-9a32-801850cfcef6/subham/LidarMapping2.5D/install/fastdem/include/nanopcl/filters/impl\n'}
[53.066383] (fastdem) StdoutLine: {'line': b'-- Installing: /media/subham/85dce0f4-2e29-4540-9a32-801850cfcef6/subham/LidarMapping2.5D/install/fastdem/include/nanopcl/filters/impl/outlier_removal_impl.hpp\n'}
[53.066537] (fastdem) StdoutLine: {'line': b'-- Installing: /media/subham/85dce0f4-2e29-4540-9a32-801850cfcef6/subham/LidarMapping2.5D/install/fastdem/include/nanopcl/filters/impl/voxel_grid_impl.hpp\n'}
[53.066699] (fastdem) StdoutLine: {'line': b'-- Installing: /media/subham/85dce0f4-2e29-4540-9a32-801850cfcef6/subham/LidarMapping2.5D/install/fastdem/include/nanopcl/filters/impl/crop_impl.hpp\n'}
[53.066808] (fastdem) StdoutLine: {'line': b'-- Installing: /media/subham/85dce0f4-2e29-4540-9a32-801850cfcef6/subham/LidarMapping2.5D/install/fastdem/include/nanopcl/filters/impl/deskew_impl.hpp\n'}
[53.067097] (fastdem) StdoutLine: {'line': b'-- Installing: /media/subham/85dce0f4-2e29-4540-9a32-801850cfcef6/subham/LidarMapping2.5D/install/fastdem/include/nanopcl/filters/impl/grid_max_z_impl.hpp\n'}
[53.067216] (fastdem) StdoutLine: {'line': b'-- Installing: /media/subham/85dce0f4-2e29-4540-9a32-801850cfcef6/subham/LidarMapping2.5D/install/fastdem/include/nanopcl/filters/crop.hpp\n'}
[53.067337] (fastdem) StdoutLine: {'line': b'-- Installing: /media/subham/85dce0f4-2e29-4540-9a32-801850cfcef6/subham/LidarMapping2.5D/install/fastdem/include/nanopcl/filters/outlier_removal.hpp\n'}
[53.067471] (fastdem) StdoutLine: {'line': b'-- Installing: /media/subham/85dce0f4-2e29-4540-9a32-801850cfcef6/subham/LidarMapping2.5D/install/fastdem/include/nanopcl/filters/deskew.hpp\n'}
[53.067693] (fastdem) StdoutLine: {'line': b'-- Installing: /media/subham/85dce0f4-2e29-4540-9a32-801850cfcef6/subham/LidarMapping2.5D/install/fastdem/include/nanopcl/filters/downsample.hpp\n'}
[53.067816] (fastdem) StdoutLine: {'line': b'-- Installing: /media/subham/85dce0f4-2e29-4540-9a32-801850cfcef6/subham/LidarMapping2.5D/install/fastdem/include/nanopcl/filters/core.hpp\n'}
[53.067936] (fastdem) StdoutLine: {'line': b'-- Installing: /media/subham/85dce0f4-2e29-4540-9a32-801850cfcef6/subham/LidarMapping2.5D/install/fastdem/include/nanopcl/geometry.hpp\n'}
[53.068188] (fastdem) StdoutLine: {'line': b'-- Installing: /media/subham/85dce0f4-2e29-4540-9a32-801850cfcef6/subham/LidarMapping2.5D/install/fastdem/include/nanopcl/bridge\n'}
[53.068281] (fastdem) StdoutLine: {'line': b'-- Installing: /media/subham/85dce0f4-2e29-4540-9a32-801850cfcef6/subham/LidarMapping2.5D/install/fastdem/include/nanopcl/bridge/rerun\n'}
[53.068349] (fastdem) StdoutLine: {'line': b'-- Installing: /media/subham/85dce0f4-2e29-4540-9a32-801850cfcef6/subham/LidarMapping2.5D/install/fastdem/include/nanopcl/bridge/rerun/stream.hpp\n'}
[53.068645] (fastdem) StdoutLine: {'line': b'-- Installing: /media/subham/85dce0f4-2e29-4540-9a32-801850cfcef6/subham/LidarMapping2.5D/install/fastdem/include/nanopcl/bridge/rerun/helpers.hpp\n'}
[53.068865] (fastdem) StdoutLine: {'line': b'-- Installing: /media/subham/85dce0f4-2e29-4540-9a32-801850cfcef6/subham/LidarMapping2.5D/install/fastdem/include/nanopcl/bridge/rerun/adapters.hpp\n'}
[53.069137] (fastdem) StdoutLine: {'line': b'-- Installing: /media/subham/85dce0f4-2e29-4540-9a32-801850cfcef6/subham/LidarMapping2.5D/install/fastdem/include/nanopcl/bridge/rerun/color_map.hpp\n'}
[53.069359] (fastdem) StdoutLine: {'line': b'-- Installing: /media/subham/85dce0f4-2e29-4540-9a32-801850cfcef6/subham/LidarMapping2.5D/install/fastdem/include/nanopcl/bridge/ros2.hpp\n'}
[53.069598] (fastdem) StdoutLine: {'line': b'-- Installing: /media/subham/85dce0f4-2e29-4540-9a32-801850cfcef6/subham/LidarMapping2.5D/install/fastdem/include/nanopcl/bridge/pcl.hpp\n'}
[53.069883] (fastdem) StdoutLine: {'line': b'-- Installing: /media/subham/85dce0f4-2e29-4540-9a32-801850cfcef6/subham/LidarMapping2.5D/install/fastdem/include/nanopcl/bridge/rerun.hpp\n'}
[53.070148] (fastdem) StdoutLine: {'line': b'-- Installing: /media/subham/85dce0f4-2e29-4540-9a32-801850cfcef6/subham/LidarMapping2.5D/install/fastdem/include/nanopcl/bridge/ros1.hpp\n'}
[53.070338] (fastdem) StdoutLine: {'line': b'-- Installing: /media/subham/85dce0f4-2e29-4540-9a32-801850cfcef6/subham/LidarMapping2.5D/install/fastdem/include/nanopcl/bridge/ros\n'}
[53.070452] (fastdem) StdoutLine: {'line': b'-- Installing: /media/subham/85dce0f4-2e29-4540-9a32-801850cfcef6/subham/LidarMapping2.5D/install/fastdem/include/nanopcl/bridge/ros/impl.hpp\n'}
[53.070796] (fastdem) StdoutLine: {'line': b'-- Installing: /media/subham/85dce0f4-2e29-4540-9a32-801850cfcef6/subham/LidarMapping2.5D/install/fastdem/include/nanopcl/io.hpp\n'}
[53.071137] (fastdem) StdoutLine: {'line': b'-- Installing: /media/subham/85dce0f4-2e29-4540-9a32-801850cfcef6/subham/LidarMapping2.5D/install/fastdem/include/nanopcl/common.hpp\n'}
[53.071354] (fastdem) StdoutLine: {'line': b'-- Installing: /media/subham/85dce0f4-2e29-4540-9a32-801850cfcef6/subham/LidarMapping2.5D/install/fastdem/include/nanopcl/registration.hpp\n'}
[53.071615] (fastdem) StdoutLine: {'line': b'-- Installing: /media/subham/85dce0f4-2e29-4540-9a32-801850cfcef6/subham/LidarMapping2.5D/install/fastdem/include/nanopcl/search\n'}
[53.071715] (fastdem) StdoutLine: {'line': b'-- Installing: /media/subham/85dce0f4-2e29-4540-9a32-801850cfcef6/subham/LidarMapping2.5D/install/fastdem/include/nanopcl/search/impl\n'}
[53.071809] (fastdem) StdoutLine: {'line': b'-- Installing: /media/subham/85dce0f4-2e29-4540-9a32-801850cfcef6/subham/LidarMapping2.5D/install/fastdem/include/nanopcl/search/impl/kdtree_impl.hpp\n'}
[53.071955] (fastdem) StdoutLine: {'line': b'-- Installing: /media/subham/85dce0f4-2e29-4540-9a32-801850cfcef6/subham/LidarMapping2.5D/install/fastdem/include/nanopcl/search/impl/voxel_hash_impl.hpp\n'}
[53.072095] (fastdem) StdoutLine: {'line': b'-- Installing: /media/subham/85dce0f4-2e29-4540-9a32-801850cfcef6/subham/LidarMapping2.5D/install/fastdem/include/nanopcl/search/voxel_hash.hpp\n'}
[53.072228] (fastdem) StdoutLine: {'line': b'-- Installing: /media/subham/85dce0f4-2e29-4540-9a32-801850cfcef6/subham/LidarMapping2.5D/install/fastdem/include/nanopcl/search/result.hpp\n'}
[53.072361] (fastdem) StdoutLine: {'line': b'-- Installing: /media/subham/85dce0f4-2e29-4540-9a32-801850cfcef6/subham/LidarMapping2.5D/install/fastdem/include/nanopcl/search/kdtree.hpp\n'}
[53.072500] (fastdem) StdoutLine: {'line': b'-- Installing: /media/subham/85dce0f4-2e29-4540-9a32-801850cfcef6/subham/LidarMapping2.5D/install/fastdem/include/nanopcl/io\n'}
[53.072622] (fastdem) StdoutLine: {'line': b'-- Installing: /media/subham/85dce0f4-2e29-4540-9a32-801850cfcef6/subham/LidarMapping2.5D/install/fastdem/include/nanopcl/io/bin_io.hpp\n'}
[53.072859] (fastdem) StdoutLine: {'line': b'-- Installing: /media/subham/85dce0f4-2e29-4540-9a32-801850cfcef6/subham/LidarMapping2.5D/install/fastdem/include/nanopcl/io/trajectory_io.hpp\n'}
[53.073165] (fastdem) StdoutLine: {'line': b'-- Installing: /media/subham/85dce0f4-2e29-4540-9a32-801850cfcef6/subham/LidarMapping2.5D/install/fastdem/include/nanopcl/io/pcd_io.hpp\n'}
[53.073491] (fastdem) StdoutLine: {'line': b'-- Installing: /media/subham/85dce0f4-2e29-4540-9a32-801850cfcef6/subham/LidarMapping2.5D/install/fastdem/include/nanopcl/registration\n'}
[53.073632] (fastdem) StdoutLine: {'line': b'-- Installing: /media/subham/85dce0f4-2e29-4540-9a32-801850cfcef6/subham/LidarMapping2.5D/install/fastdem/include/nanopcl/registration/align.hpp\n'}
[53.074027] (fastdem) StdoutLine: {'line': b'-- Installing: /media/subham/85dce0f4-2e29-4540-9a32-801850cfcef6/subham/LidarMapping2.5D/install/fastdem/include/nanopcl/registration/criteria.hpp\n'}
[53.074354] (fastdem) StdoutLine: {'line': b'-- Installing: /media/subham/85dce0f4-2e29-4540-9a32-801850cfcef6/subham/LidarMapping2.5D/install/fastdem/include/nanopcl/registration/linearizers\n'}
[53.074519] (fastdem) StdoutLine: {'line': b'-- Installing: /media/subham/85dce0f4-2e29-4540-9a32-801850cfcef6/subham/LidarMapping2.5D/install/fastdem/include/nanopcl/registration/linearizers/linearizer_omp.hpp\n'}
[53.074837] (fastdem) StdoutLine: {'line': b'-- Installing: /media/subham/85dce0f4-2e29-4540-9a32-801850cfcef6/subham/LidarMapping2.5D/install/fastdem/include/nanopcl/registration/linearizers/linearizer.hpp\n'}
[53.075215] (fastdem) StdoutLine: {'line': b'-- Installing: /media/subham/85dce0f4-2e29-4540-9a32-801850cfcef6/subham/LidarMapping2.5D/install/fastdem/include/nanopcl/registration/iterative_solver.hpp\n'}
[53.075589] (fastdem) StdoutLine: {'line': b'-- Installing: /media/subham/85dce0f4-2e29-4540-9a32-801850cfcef6/subham/LidarMapping2.5D/install/fastdem/include/nanopcl/registration/result.hpp\n'}
[53.075852] (fastdem) StdoutLine: {'line': b'-- Installing: /media/subham/85dce0f4-2e29-4540-9a32-801850cfcef6/subham/LidarMapping2.5D/install/fastdem/include/nanopcl/registration/voxel_distribution_map.hpp\n'}
[53.076215] (fastdem) StdoutLine: {'line': b'-- Installing: /media/subham/85dce0f4-2e29-4540-9a32-801850cfcef6/subham/LidarMapping2.5D/install/fastdem/include/nanopcl/registration/context.hpp\n'}
[53.076515] (fastdem) StdoutLine: {'line': b'-- Installing: /media/subham/85dce0f4-2e29-4540-9a32-801850cfcef6/subham/LidarMapping2.5D/install/fastdem/include/nanopcl/registration/correspondence\n'}
[53.076665] (fastdem) StdoutLine: {'line': b'-- Installing: /media/subham/85dce0f4-2e29-4540-9a32-801850cfcef6/subham/LidarMapping2.5D/install/fastdem/include/nanopcl/registration/correspondence/kdtree_correspondence.hpp\n'}
[53.076918] (fastdem) StdoutLine: {'line': b'-- Installing: /media/subham/85dce0f4-2e29-4540-9a32-801850cfcef6/subham/LidarMapping2.5D/install/fastdem/include/nanopcl/registration/correspondence/voxel_correspondence.hpp\n'}
[53.077153] (fastdem) StdoutLine: {'line': b'-- Installing: /media/subham/85dce0f4-2e29-4540-9a32-801850cfcef6/subham/LidarMapping2.5D/install/fastdem/include/nanopcl/registration/factors\n'}
[53.077279] (fastdem) StdoutLine: {'line': b'-- Installing: /media/subham/85dce0f4-2e29-4540-9a32-801850cfcef6/subham/LidarMapping2.5D/install/fastdem/include/nanopcl/registration/factors/icp_factor.hpp\n'}
[53.077603] (fastdem) StdoutLine: {'line': b'-- Installing: /media/subham/85dce0f4-2e29-4540-9a32-801850cfcef6/subham/LidarMapping2.5D/install/fastdem/include/nanopcl/registration/factors/robust_kernels.hpp\n'}
[53.077893] (fastdem) StdoutLine: {'line': b'-- Installing: /media/subham/85dce0f4-2e29-4540-9a32-801850cfcef6/subham/LidarMapping2.5D/install/fastdem/include/nanopcl/registration/factors/vgicp_factor.hpp\n'}
[53.078158] (fastdem) StdoutLine: {'line': b'-- Installing: /media/subham/85dce0f4-2e29-4540-9a32-801850cfcef6/subham/LidarMapping2.5D/install/fastdem/include/nanopcl/registration/factors/plane_factor.hpp\n'}
[53.078485] (fastdem) StdoutLine: {'line': b'-- Installing: /media/subham/85dce0f4-2e29-4540-9a32-801850cfcef6/subham/LidarMapping2.5D/install/fastdem/include/nanopcl/registration/factors/gicp_factor.hpp\n'}
[53.078844] (fastdem) StdoutLine: {'line': b'-- Installing: /media/subham/85dce0f4-2e29-4540-9a32-801850cfcef6/subham/LidarMapping2.5D/install/fastdem/include/nanopcl/registration/optimizers\n'}
[53.079018] (fastdem) StdoutLine: {'line': b'-- Installing: /media/subham/85dce0f4-2e29-4540-9a32-801850cfcef6/subham/LidarMapping2.5D/install/fastdem/include/nanopcl/registration/optimizers/lm_optimizer.hpp\n'}
[53.079310] (fastdem) StdoutLine: {'line': b'-- Installing: /media/subham/85dce0f4-2e29-4540-9a32-801850cfcef6/subham/LidarMapping2.5D/install/fastdem/include/nanopcl/registration/optimizers/gn_optimizer.hpp\n'}
[53.079584] (fastdem) StdoutLine: {'line': b'-- Installing: /media/subham/85dce0f4-2e29-4540-9a32-801850cfcef6/subham/LidarMapping2.5D/install/fastdem/include/nanopcl/segmentation.hpp\n'}
[53.079815] (fastdem) StdoutLine: {'line': b'-- Installing: /media/subham/85dce0f4-2e29-4540-9a32-801850cfcef6/subham/LidarMapping2.5D/install/fastdem/include/nanopcl/geometry\n'}
[53.079911] (fastdem) StdoutLine: {'line': b'-- Installing: /media/subham/85dce0f4-2e29-4540-9a32-801850cfcef6/subham/LidarMapping2.5D/install/fastdem/include/nanopcl/geometry/normal_estimation_omp.hpp\n'}
[53.080178] (fastdem) StdoutLine: {'line': b'-- Installing: /media/subham/85dce0f4-2e29-4540-9a32-801850cfcef6/subham/LidarMapping2.5D/install/fastdem/include/nanopcl/geometry/impl\n'}
[53.080273] (fastdem) StdoutLine: {'line': b'-- Installing: /media/subham/85dce0f4-2e29-4540-9a32-801850cfcef6/subham/LidarMapping2.5D/install/fastdem/include/nanopcl/geometry/impl/setters.hpp\n'}
[53.080529] (fastdem) StdoutLine: {'line': b'-- Installing: /media/subham/85dce0f4-2e29-4540-9a32-801850cfcef6/subham/LidarMapping2.5D/install/fastdem/include/nanopcl/geometry/impl/normal_estimation_impl.hpp\n'}
[53.080792] (fastdem) StdoutLine: {'line': b'-- Installing: /media/subham/85dce0f4-2e29-4540-9a32-801850cfcef6/subham/LidarMapping2.5D/install/fastdem/include/nanopcl/geometry/impl/pca.hpp\n'}
[53.080930] (fastdem) StdoutLine: {'line': b'-- Installing: /media/subham/85dce0f4-2e29-4540-9a32-801850cfcef6/subham/LidarMapping2.5D/install/fastdem/include/nanopcl/geometry/pca.hpp\n'}
[53.081060] (fastdem) StdoutLine: {'line': b'-- Installing: /media/subham/85dce0f4-2e29-4540-9a32-801850cfcef6/subham/LidarMapping2.5D/install/fastdem/include/nanopcl/geometry/normal_estimation.hpp\n'}
[53.081332] (fastdem) StdoutLine: {'line': b'-- Installing: /media/subham/85dce0f4-2e29-4540-9a32-801850cfcef6/subham/LidarMapping2.5D/install/fastdem/include/nanopcl/segmentation\n'}
[53.081431] (fastdem) StdoutLine: {'line': b'-- Installing: /media/subham/85dce0f4-2e29-4540-9a32-801850cfcef6/subham/LidarMapping2.5D/install/fastdem/include/nanopcl/segmentation/euclidean_cluster.hpp\n'}
[53.081692] (fastdem) StdoutLine: {'line': b'-- Installing: /media/subham/85dce0f4-2e29-4540-9a32-801850cfcef6/subham/LidarMapping2.5D/install/fastdem/include/nanopcl/segmentation/impl\n'}
[53.081789] (fastdem) StdoutLine: {'line': b'-- Installing: /media/subham/85dce0f4-2e29-4540-9a32-801850cfcef6/subham/LidarMapping2.5D/install/fastdem/include/nanopcl/segmentation/impl/ground_seg_impl.hpp\n'}
[53.082031] (fastdem) StdoutLine: {'line': b'-- Installing: /media/subham/85dce0f4-2e29-4540-9a32-801850cfcef6/subham/LidarMapping2.5D/install/fastdem/include/nanopcl/segmentation/impl/ransac_plane_impl.hpp\n'}
[53.082304] (fastdem) StdoutLine: {'line': b'-- Installing: /media/subham/85dce0f4-2e29-4540-9a32-801850cfcef6/subham/LidarMapping2.5D/install/fastdem/include/nanopcl/segmentation/impl/euclidean_cluster_impl.hpp\n'}
[53.082543] (fastdem) StdoutLine: {'line': b'-- Installing: /media/subham/85dce0f4-2e29-4540-9a32-801850cfcef6/subham/LidarMapping2.5D/install/fastdem/include/nanopcl/segmentation/ransac_plane.hpp\n'}
[53.082761] (fastdem) StdoutLine: {'line': b'-- Installing: /media/subham/85dce0f4-2e29-4540-9a32-801850cfcef6/subham/LidarMapping2.5D/install/fastdem/include/nanopcl/segmentation/ground_seg.hpp\n'}
[53.082998] (fastdem) StdoutLine: {'line': b'-- Installing: /media/subham/85dce0f4-2e29-4540-9a32-801850cfcef6/subham/LidarMapping2.5D/install/fastdem/include/nanopcl/core.hpp\n'}
[53.083191] (fastdem) StdoutLine: {'line': b'-- Up-to-date: /media/subham/85dce0f4-2e29-4540-9a32-801850cfcef6/subham/LidarMapping2.5D/install/fastdem/include\n'}
[53.083290] (fastdem) StdoutLine: {'line': b'-- Installing: /media/subham/85dce0f4-2e29-4540-9a32-801850cfcef6/subham/LidarMapping2.5D/install/fastdem/include/nanoflann\n'}
[53.083362] (fastdem) StdoutLine: {'line': b'-- Installing: /media/subham/85dce0f4-2e29-4540-9a32-801850cfcef6/subham/LidarMapping2.5D/install/fastdem/include/nanoflann/nanoflann.hpp\n'}
[53.083576] (fastdem) StdoutLine: {'line': b'-- Installing: /media/subham/85dce0f4-2e29-4540-9a32-801850cfcef6/subham/LidarMapping2.5D/install/fastdem/include/nanoflann/LICENSE\n'}
[53.084034] (fastdem) StdoutLine: {'line': b'-- Installing: /media/subham/85dce0f4-2e29-4540-9a32-801850cfcef6/subham/LidarMapping2.5D/install/fastdem/lib/cmake/fastdem/fastdemTargets.cmake\n'}
[53.084226] (fastdem) StdoutLine: {'line': b'-- Installing: /media/subham/85dce0f4-2e29-4540-9a32-801850cfcef6/subham/LidarMapping2.5D/install/fastdem/lib/cmake/fastdem/fastdemTargets-release.cmake\n'}
[53.084385] (fastdem) StdoutLine: {'line': b'-- Installing: /media/subham/85dce0f4-2e29-4540-9a32-801850cfcef6/subham/LidarMapping2.5D/install/fastdem/lib/cmake/fastdem/fastdemConfig.cmake\n'}
[53.084602] (fastdem) StdoutLine: {'line': b'-- Installing: /media/subham/85dce0f4-2e29-4540-9a32-801850cfcef6/subham/LidarMapping2.5D/install/fastdem/lib/cmake/fastdem/fastdemConfigVersion.cmake\n'}
[53.087682] (fastdem) CommandEnded: {'returncode': 0}
[53.105835] (fastdem) JobEnded: {'identifier': 'fastdem', 'rc': 0}
[53.107336] (jsk_recognition_msgs) JobStarted: {'identifier': 'jsk_recognition_msgs'}
[53.120248] (jsk_recognition_msgs) JobProgress: {'identifier': 'jsk_recognition_msgs', 'progress': 'cmake'}
[53.121920] (jsk_recognition_msgs) Command: {'cmd': ['/usr/bin/cmake', '/media/subham/85dce0f4-2e29-4540-9a32-801850cfcef6/subham/LidarMapping2.5D/src/patchwork-plusplus-ros2/jsk_recognition_msgs', '-DAMENT_CMAKE_SYMLINK_INSTALL=1', '-DCMAKE_INSTALL_PREFIX=/media/subham/85dce0f4-2e29-4540-9a32-801850cfcef6/subham/LidarMapping2.5D/install/jsk_recognition_msgs'], 'cwd': '/media/subham/85dce0f4-2e29-4540-9a32-801850cfcef6/subham/LidarMapping2.5D/build/jsk_recognition_msgs', 'env': OrderedDict([('LESSOPEN', '| /usr/bin/lesspipe %s'), ('GZ_SIM_RESOURCE_PATH', '/home/subham/subt_ws/src/subt_cave_sim/models:'), ('LANGUAGE', 'en_IN:en'), ('USER', 'subham'), ('XDG_SESSION_TYPE', 'wayland'), ('SHLVL', '1'), ('LD_LIBRARY_PATH', '/media/subham/85dce0f4-2e29-4540-9a32-801850cfcef6/subham/LidarMapping2.5D/install/velodyne_gazebo_plugins/lib:/media/subham/85dce0f4-2e29-4540-9a32-801850cfcef6/subham/LidarMapping2.5D/install/patchwork_plusplus/lib:/media/subham/85dce0f4-2e29-4540-9a32-801850cfcef6/subham/LidarMapping2.5D/install/jsk_recognition_msgs/lib:/media/subham/85dce0f4-2e29-4540-9a32-801850cfcef6/subham/LidarMapping2.5D/install/height_mapping_ros2/lib:/media/subham/85dce0f4-2e29-4540-9a32-801850cfcef6/subham/LidarMapping2.5D/install/height_mapping_core/lib:/home/subham/anvrit_ws/install/astra_camera/lib:/home/subham/anvrit_ws/install/astra_camera_msgs/lib:/home/subham/igvc/install/velodyne_gazebo_plugins/lib:/home/subham/colcon_ws/install/linkattacher_msgs/lib:/opt/ros/humble/opt/rviz_ogre_vendor/lib:/opt/ros/humble/lib/x86_64-linux-gnu:/opt/ros/humble/opt/openvdb_vendor/lib:/opt/ros/humble/lib'), ('HOME', '/home/subham'), ('OLDPWD', '/home/subham'), ('DESKTOP_SESSION', 'ubuntu'), ('NVM_BIN', '/home/subham/.nvm/versions/node/v24.19.0/bin'), ('NVM_INC', '/home/subham/.nvm/versions/node/v24.19.0/include/node'), ('ROS_PYTHON_VERSION', '3'), ('GNOME_SHELL_SESSION_MODE', 'ubuntu'), ('GTK_MODULES', 'gail:atk-bridge'), ('MANAGERPID', '2038'), ('MAKEFLAGS', '-j1'), ('SYSTEMD_EXEC_PID', '3268'), ('DBUS_SESSION_BUS_ADDRESS', 'unix:path=/run/user/1000/bus'), ('COLORTERM', 'truecolor'), ('TERMINATOR_DBUS_NAME', 'net.tenshu.Terminator25ef4b219e3b005583550f2b0f9f990c3'), ('GIO_LAUNCHED_DESKTOP_FILE_PID', '4348'), ('NVM_DIR', '/home/subham/.nvm'), ('IM_CONFIG_PHASE', '1'), ('WAYLAND_DISPLAY', 'wayland-0'), ('COLCON_PREFIX_PATH', '/media/subham/85dce0f4-2e29-4540-9a32-801850cfcef6/subham/LidarMapping2.5D/install:/home/subham/Edge_AI_for_ADAS_and_Autonomous_Systems/install:/home/subham/rover_ws/install:/home/subham/igvc/install:/home/subham/colcon_ws/install:/home/subham/anvrit_ws/install:/home/subham/omokai_ws/install'), ('ROS_DISTRO', 'humble'), ('LOGNAME', 'subham'), ('JOURNAL_STREAM', '8:22697'), ('_', '/usr/bin/colcon'), ('ROS_VERSION', '2'), ('PKG_CONFIG_PATH', '/media/subham/85dce0f4-2e29-4540-9a32-801850cfcef6/subham/LidarMapping2.5D/install/fastdem/lib/x86_64-linux-gnu/pkgconfig:/media/subham/85dce0f4-2e29-4540-9a32-801850cfcef6/subham/LidarMapping2.5D/install/fastdem/lib/pkgconfig'), ('XDG_SESSION_CLASS', 'user'), ('USERNAME', 'subham'), ('TERM', 'xterm-256color'), ('GAZEBO_MODEL_PATH', '/home/subham/gazebo_models:'), ('GNOME_DESKTOP_SESSION_ID', 'this-is-deprecated'), ('ONNXRUNTIME_ROOT', '/opt/ros/humble'), ('ROS_LOCALHOST_ONLY', '0'), ('PATH', '/home/subham/.nvm/versions/node/v24.19.0/bin:/opt/ros/humble/bin:/home/subham/.local/bin:/usr/local/sbin:/usr/local/bin:/usr/sbin:/usr/bin:/sbin:/bin:/usr/games:/usr/local/games:/snap/bin:/snap/bin'), ('SESSION_MANAGER', 'local/thirdly:@/tmp/.ICE-unix/2513,unix/thirdly:/tmp/.ICE-unix/2513'), ('INVOCATION_ID', '046ab86eab5f415aa50d51e791c411a3'), ('XDG_MENU_PREFIX', 'gnome-'), ('GNOME_SETUP_DISPLAY', ':1'), ('XDG_RUNTIME_DIR', '/run/user/1000'), ('DISPLAY', ':0'), ('TERMINATOR_DBUS_PATH', '/net/tenshu/Terminator2'), ('LANG', 'en_US.UTF-8'), ('XDG_CURRENT_DESKTOP', 'ubuntu:GNOME'), ('IBUS_DISABLE_SNOOPER', '1'), ('XMODIFIERS', '@im=ibus'), ('XDG_SESSION_DESKTOP', 'ubuntu'), ('XAUTHORITY', '/run/user/1000/.mutter-Xwaylandauth.L3IAW3'), ('LS_COLORS', 'rs=0:di=01;34:ln=01;36:mh=00:pi=40;33:so=01;35:do=01;35:bd=40;33;01:cd=40;33;01:or=40;31;01:mi=00:su=37;41:sg=30;43:ca=30;41:tw=30;42:ow=34;42:st=37;44:ex=01;32:*.tar=01;31:*.tgz=01;31:*.arc=01;31:*.arj=01;31:*.taz=01;31:*.lha=01;31:*.lz4=01;31:*.lzh=01;31:*.lzma=01;31:*.tlz=01;31:*.txz=01;31:*.tzo=01;31:*.t7z=01;31:*.zip=01;31:*.z=01;31:*.dz=01;31:*.gz=01;31:*.lrz=01;31:*.lz=01;31:*.lzo=01;31:*.xz=01;31:*.zst=01;31:*.tzst=01;31:*.bz2=01;31:*.bz=01;31:*.tbz=01;31:*.tbz2=01;31:*.tz=01;31:*.deb=01;31:*.rpm=01;31:*.jar=01;31:*.war=01;31:*.ear=01;31:*.sar=01;31:*.rar=01;31:*.alz=01;31:*.ace=01;31:*.zoo=01;31:*.cpio=01;31:*.7z=01;31:*.rz=01;31:*.cab=01;31:*.wim=01;31:*.swm=01;31:*.dwm=01;31:*.esd=01;31:*.jpg=01;35:*.jpeg=01;35:*.mjpg=01;35:*.mjpeg=01;35:*.gif=01;35:*.bmp=01;35:*.pbm=01;35:*.pgm=01;35:*.ppm=01;35:*.tga=01;35:*.xbm=01;35:*.xpm=01;35:*.tif=01;35:*.tiff=01;35:*.png=01;35:*.svg=01;35:*.svgz=01;35:*.mng=01;35:*.pcx=01;35:*.mov=01;35:*.mpg=01;35:*.mpeg=01;35:*.m2v=01;35:*.mkv=01;35:*.webm=01;35:*.webp=01;35:*.ogm=01;35:*.mp4=01;35:*.m4v=01;35:*.mp4v=01;35:*.vob=01;35:*.qt=01;35:*.nuv=01;35:*.wmv=01;35:*.asf=01;35:*.rm=01;35:*.rmvb=01;35:*.flc=01;35:*.avi=01;35:*.fli=01;35:*.flv=01;35:*.gl=01;35:*.dl=01;35:*.xcf=01;35:*.xwd=01;35:*.yuv=01;35:*.cgm=01;35:*.emf=01;35:*.ogv=01;35:*.ogx=01;35:*.aac=00;36:*.au=00;36:*.flac=00;36:*.m4a=00;36:*.mid=00;36:*.midi=00;36:*.mka=00;36:*.mp3=00;36:*.mpc=00;36:*.ogg=00;36:*.ra=00;36:*.wav=00;36:*.oga=00;36:*.opus=00;36:*.spx=00;36:*.xspf=00;36:'), ('SSH_AGENT_LAUNCHER', 'gnome-keyring'), ('SSH_AUTH_SOCK', '/run/user/1000/keyring/ssh'), ('ROS_DOMAIN_ID', '0'), ('AMENT_PREFIX_PATH', '/media/subham/85dce0f4-2e29-4540-9a32-801850cfcef6/subham/LidarMapping2.5D/install/segmentation_lidar:/media/subham/85dce0f4-2e29-4540-9a32-801850cfcef6/subham/LidarMapping2.5D/install/velodyne_simulator:/media/subham/85dce0f4-2e29-4540-9a32-801850cfcef6/subham/LidarMapping2.5D/install/velodyne_description:/media/subham/85dce0f4-2e29-4540-9a32-801850cfcef6/subham/LidarMapping2.5D/install/velodyne_gazebo_plugins:/media/subham/85dce0f4-2e29-4540-9a32-801850cfcef6/subham/LidarMapping2.5D/install/salsanext_ros2:/media/subham/85dce0f4-2e29-4540-9a32-801850cfcef6/subham/LidarMapping2.5D/install/patchwork_plusplus:/media/subham/85dce0f4-2e29-4540-9a32-801850cfcef6/subham/LidarMapping2.5D/install/lid_simulation:/media/subham/85dce0f4-2e29-4540-9a32-801850cfcef6/subham/LidarMapping2.5D/install/lid_description:/media/subham/85dce0f4-2e29-4540-9a32-801850cfcef6/subham/LidarMapping2.5D/install/jsk_recognition_msgs:/media/subham/85dce0f4-2e29-4540-9a32-801850cfcef6/subham/LidarMapping2.5D/install/height_mapping_ros2:/media/subham/85dce0f4-2e29-4540-9a32-801850cfcef6/subham/LidarMapping2.5D/install/height_mapping_core:/media/subham/85dce0f4-2e29-4540-9a32-801850cfcef6/subham/LidarMapping2.5D/install/fastdem_ros2:/home/subham/omokai_ws/install/llm_simulation:/home/subham/omokai_ws/install/llm_prompt:/home/subham/omokai_ws/install/llm_navigation:/home/subham/omokai_ws/install/llm_description:/home/subham/Edge_AI_for_ADAS_and_Autonomous_Systems/install/adas_simulation:/home/subham/Edge_AI_for_ADAS_and_Autonomous_Systems/install/adas_perception:/home/subham/Edge_AI_for_ADAS_and_Autonomous_Systems/install/adas_navigation:/home/subham/Edge_AI_for_ADAS_and_Autonomous_Systems/install/adas_description:/home/subham/rover_ws/install/rover_navigation:/home/subham/rover_ws/install/rover_gazebo:/home/subham/rover_ws/install/rover_description:/home/subham/rover_ws/install/rf2o_laser_odometry:/home/subham/anvrit_ws/install/rplidar_ros:/home/subham/anvrit_ws/install/astra_camera:/home/subham/anvrit_ws/install/astra_camera_msgs:/home/subham/anvrit_ws/install/anvrit_perception:/home/subham/anvrit_ws/install/anvrit_odometry:/home/subham/anvrit_ws/install/anvrit_nav2:/home/subham/anvrit_ws/install/anvrit_description:/home/subham/igvc/install/velodyne_simulator:/home/subham/igvc/install/velodyne_description:/home/subham/igvc/install/velodyne_gazebo_plugins:/home/subham/igvc/install/igvc_simulation:/home/subham/igvc/install/igvc_perception:/home/subham/igvc/install/igvc_navigation:/home/subham/igvc/install/igvc_description:/home/subham/colcon_ws/install/ur_simulation_gz:/home/subham/colcon_ws/install/ur_description:/home/subham/colcon_ws/install/ur5_control_2481:/home/subham/colcon_ws/install/s2481_ebot_description:/home/subham/colcon_ws/install/ros2ai:/home/subham/colcon_ws/install/linkattacher_msgs:/home/subham/colcon_ws/install/eyantra_warehouse:/home/subham/colcon_ws/install/ackerman_description:/opt/ros/humble'), ('SHELL', '/bin/bash'), ('TERMINATOR_UUID', 'urn:uuid:577dd51d-23b3-4139-a8c6-d610a5169a81'), ('QT_ACCESSIBILITY', '1'), ('GDMSESSION', 'ubuntu'), ('LESSCLOSE', '/usr/bin/lesspipe %s %s'), ('IGN_GAZEBO_RESOURCE_PATH', '/media/subham/85dce0f4-2e29-4540-9a32-801850cfcef6/subham/subt_ws/src/subt_cave_sim/models:/home/subham/subt_ws/src/subt_cave_sim/models:'), ('QT_IM_MODULE', 'ibus'), ('PWD', '/media/subham/85dce0f4-2e29-4540-9a32-801850cfcef6/subham/LidarMapping2.5D/build/jsk_recognition_msgs'), ('TURTLEBOT3_MODEL', 'burger'), ('LC_ALL', 'en_US.UTF-8'), ('XDG_CONFIG_DIRS', '/etc/xdg/xdg-ubuntu:/etc/xdg'), ('NVM_CD_FLAGS', ''), ('XDG_DATA_DIRS', '/usr/share/ubuntu:/usr/local/share/:/usr/share/:/var/lib/snapd/desktop'), ('PYTHONPATH', '/media/subham/85dce0f4-2e29-4540-9a32-801850cfcef6/subham/LidarMapping2.5D/install/jsk_recognition_msgs/local/lib/python3.10/dist-packages:/media/subham/85dce0f4-2e29-4540-9a32-801850cfcef6/subham/LidarMapping2.5D/install/height_mapping_ros2/local/lib/python3.10/dist-packages:/home/subham/omokai_ws/build/llm_navigation:/home/subham/omokai_ws/install/llm_navigation/lib/python3.10/site-packages:/home/subham/Edge_AI_for_ADAS_and_Autonomous_Systems/build/adas_perception:/home/subham/Edge_AI_for_ADAS_and_Autonomous_Systems/install/adas_perception/lib/python3.10/site-packages:/home/subham/Edge_AI_for_ADAS_and_Autonomous_Systems/build/adas_navigation:/home/subham/Edge_AI_for_ADAS_and_Autonomous_Systems/install/adas_navigation/lib/python3.10/site-packages:/home/subham/rover_ws/build/rover_navigation:/home/subham/rover_ws/install/rover_navigation/lib/python3.10/site-packages:/home/subham/anvrit_ws/install/astra_camera_msgs/local/lib/python3.10/dist-packages:/home/subham/anvrit_ws/install/anvrit_perception/lib/python3.10/site-packages:/home/subham/anvrit_ws/install/anvrit_odometry/lib/python3.10/site-packages:/home/subham/anvrit_ws/install/anvrit_nav2/lib/python3.10/site-packages:/home/subham/igvc/build/igvc_perception:/home/subham/igvc/install/igvc_perception/lib/python3.10/site-packages:/home/subham/igvc/build/igvc_navigation:/home/subham/igvc/install/igvc_navigation/lib/python3.10/site-packages:/home/subham/colcon_ws/build/ros2ai:/home/subham/colcon_ws/install/ros2ai/lib/python3.10/site-packages:/home/subham/colcon_ws/install/linkattacher_msgs/local/lib/python3.10/dist-packages:/opt/ros/humble/lib/python3.10/site-packages:/opt/ros/humble/local/lib/python3.10/dist-packages'), ('COLCON', '1'), ('VTE_VERSION', '6800'), ('CMAKE_PREFIX_PATH', '/media/subham/85dce0f4-2e29-4540-9a32-801850cfcef6/subham/LidarMapping2.5D/install/segmentation_lidar:/media/subham/85dce0f4-2e29-4540-9a32-801850cfcef6/subham/LidarMapping2.5D/install/velodyne_simulator:/media/subham/85dce0f4-2e29-4540-9a32-801850cfcef6/subham/LidarMapping2.5D/install/velodyne_description:/media/subham/85dce0f4-2e29-4540-9a32-801850cfcef6/subham/LidarMapping2.5D/install/velodyne_gazebo_plugins:/media/subham/85dce0f4-2e29-4540-9a32-801850cfcef6/subham/LidarMapping2.5D/install/salsanext_ros2:/media/subham/85dce0f4-2e29-4540-9a32-801850cfcef6/subham/LidarMapping2.5D/install/patchwork_plusplus:/media/subham/85dce0f4-2e29-4540-9a32-801850cfcef6/subham/LidarMapping2.5D/install/lid_simulation:/media/subham/85dce0f4-2e29-4540-9a32-801850cfcef6/subham/LidarMapping2.5D/install/lid_description:/media/subham/85dce0f4-2e29-4540-9a32-801850cfcef6/subham/LidarMapping2.5D/install/jsk_recognition_msgs:/media/subham/85dce0f4-2e29-4540-9a32-801850cfcef6/subham/LidarMapping2.5D/install/height_mapping_ros2:/media/subham/85dce0f4-2e29-4540-9a32-801850cfcef6/subham/LidarMapping2.5D/install/height_mapping_core:/media/subham/85dce0f4-2e29-4540-9a32-801850cfcef6/subham/LidarMapping2.5D/install/fastdem_ros2:/media/subham/85dce0f4-2e29-4540-9a32-801850cfcef6/subham/LidarMapping2.5D/install/fastdem:/home/subham/omokai_ws/install/llm_simulation:/home/subham/omokai_ws/install/llm_prompt:/home/subham/omokai_ws/install/llm_description:/home/subham/Edge_AI_for_ADAS_and_Autonomous_Systems/install/adas_simulation:/home/subham/Edge_AI_for_ADAS_and_Autonomous_Systems/install/adas_description:/home/subham/rover_ws/install/rover_gazebo:/home/subham/rover_ws/install/rover_description:/home/subham/rover_ws/install/rf2o_laser_odometry:/home/subham/anvrit_ws/install/rplidar_ros:/home/subham/anvrit_ws/install/astra_camera:/home/subham/anvrit_ws/install/astra_camera_msgs:/home/subham/anvrit_ws/install/anvrit_description:/home/subham/igvc/install/velodyne_simulator:/home/subham/igvc/install/velodyne_description:/home/subham/igvc/install/velodyne_gazebo_plugins:/home/subham/igvc/install/igvc_simulation:/home/subham/igvc/install/igvc_description:/home/subham/colcon_ws/install/ur_simulation_gz:/home/subham/colcon_ws/install/ur_description:/home/subham/colcon_ws/install/ur5_control_2481:/home/subham/colcon_ws/install/s2481_ebot_description:/home/subham/colcon_ws/install/linkattacher_msgs:/home/subham/colcon_ws/install/eyantra_warehouse:/home/subham/colcon_ws/install/ackerman_description:/home/subham/omokai_ws/install/llm_navigation:/home/subham/Edge_AI_for_ADAS_and_Autonomous_Systems/install/adas_perception:/home/subham/Edge_AI_for_ADAS_and_Autonomous_Systems/install/adas_navigation:/home/subham/rover_ws/install/rover_navigation:/home/subham/anvrit_ws/install/anvrit_perception:/home/subham/anvrit_ws/install/anvrit_odometry:/home/subham/anvrit_ws/install/anvrit_nav2:/home/subham/igvc/install/igvc_perception:/home/subham/igvc/install/igvc_navigation:/home/subham/colcon_ws/install/ros2ai:/opt/ros/humble')]), 'shell': False}
[53.149883] (-) TimerEvent: {}
[53.197214] (jsk_recognition_msgs) StdoutLine: {'line': b'-- The C compiler identification is GNU 11.4.0\n'}
[53.250038] (-) TimerEvent: {}
[53.260867] (jsk_recognition_msgs) StdoutLine: {'line': b'-- The CXX compiler identification is GNU 11.4.0\n'}
[53.269517] (jsk_recognition_msgs) StdoutLine: {'line': b'-- Detecting C compiler ABI info\n'}
[53.350196] (-) TimerEvent: {}
[53.363088] (jsk_recognition_msgs) StdoutLine: {'line': b'-- Detecting C compiler ABI info - done\n'}
[53.369570] (jsk_recognition_msgs) StdoutLine: {'line': b'-- Check for working C compiler: /usr/bin/cc - skipped\n'}
[53.369873] (jsk_recognition_msgs) StdoutLine: {'line': b'-- Detecting C compile features\n'}
[53.370184] (jsk_recognition_msgs) StdoutLine: {'line': b'-- Detecting C compile features - done\n'}
[53.373116] (jsk_recognition_msgs) StdoutLine: {'line': b'-- Detecting CXX compiler ABI info\n'}
[53.450338] (-) TimerEvent: {}
[53.479901] (jsk_recognition_msgs) StdoutLine: {'line': b'-- Detecting CXX compiler ABI info - done\n'}
[53.486548] (jsk_recognition_msgs) StdoutLine: {'line': b'-- Check for working CXX compiler: /usr/bin/c++ - skipped\n'}
[53.486826] (jsk_recognition_msgs) StdoutLine: {'line': b'-- Detecting CXX compile features\n'}
[53.487254] (jsk_recognition_msgs) StdoutLine: {'line': b'-- Detecting CXX compile features - done\n'}
[53.502636] (jsk_recognition_msgs) StdoutLine: {'line': b'-- Found ament_cmake: 1.3.14 (/opt/ros/humble/share/ament_cmake/cmake)\n'}
[53.550489] (-) TimerEvent: {}
[53.650827] (-) TimerEvent: {}
[53.751138] (-) TimerEvent: {}
[53.851516] (-) TimerEvent: {}
[53.952031] (-) TimerEvent: {}
[53.972830] (jsk_recognition_msgs) StdoutLine: {'line': b'-- Found Python3: /usr/bin/python3 (found version "3.10.12") found components: Interpreter \n'}
[54.052180] (-) TimerEvent: {}
[54.057873] (jsk_recognition_msgs) StdoutLine: {'line': b'-- Override CMake install command with custom implementation using symlinks instead of copying resources\n'}
[54.152332] (-) TimerEvent: {}
[54.164707] (jsk_recognition_msgs) StdoutLine: {'line': b'-- Found builtin_interfaces: 1.2.3 (/opt/ros/humble/share/builtin_interfaces/cmake)\n'}
[54.246619] (jsk_recognition_msgs) StdoutLine: {'line': b'-- Found rosidl_generator_c: 3.1.9 (/opt/ros/humble/share/rosidl_generator_c/cmake)\n'}
[54.252469] (-) TimerEvent: {}
[54.262977] (jsk_recognition_msgs) StdoutLine: {'line': b'-- Found rosidl_adapter: 3.1.9 (/opt/ros/humble/share/rosidl_adapter/cmake)\n'}
[54.283912] (jsk_recognition_msgs) StdoutLine: {'line': b'-- Found rosidl_generator_cpp: 3.1.9 (/opt/ros/humble/share/rosidl_generator_cpp/cmake)\n'}
[54.313067] (jsk_recognition_msgs) StdoutLine: {'line': b'-- Using all available rosidl_typesupport_c: rosidl_typesupport_fastrtps_c;rosidl_typesupport_introspection_c\n'}
[54.348284] (jsk_recognition_msgs) StdoutLine: {'line': b'-- Using all available rosidl_typesupport_cpp: rosidl_typesupport_fastrtps_cpp;rosidl_typesupport_introspection_cpp\n'}
[54.352571] (-) TimerEvent: {}
[54.383662] (jsk_recognition_msgs) StdoutLine: {'line': b'-- Found rosidl_default_generators: 1.2.1 (/opt/ros/humble/share/rosidl_default_generators/cmake)\n'}
[54.421251] (jsk_recognition_msgs) StdoutLine: {'line': b'-- Found std_msgs: 4.9.1 (/opt/ros/humble/share/std_msgs/cmake)\n'}
[54.440656] (jsk_recognition_msgs) StdoutLine: {'line': b'-- Found geometry_msgs: 4.9.1 (/opt/ros/humble/share/geometry_msgs/cmake)\n'}
[54.452690] (-) TimerEvent: {}
[54.553003] (-) TimerEvent: {}
[54.653356] (-) TimerEvent: {}
[54.753761] (-) TimerEvent: {}
[54.845646] (jsk_recognition_msgs) StdoutLine: {'line': b'-- Found ament_cmake_ros: 0.10.0 (/opt/ros/humble/share/ament_cmake_ros/cmake)\n'}
[54.853883] (-) TimerEvent: {}
[54.954248] (-) TimerEvent: {}
[55.054708] (-) TimerEvent: {}
[55.155054] (-) TimerEvent: {}
[55.255390] (-) TimerEvent: {}
[55.355802] (-) TimerEvent: {}
[55.438775] (jsk_recognition_msgs) StdoutLine: {'line': b'-- Using all available rosidl_typesupport_c: rosidl_typesupport_fastrtps_c;rosidl_typesupport_introspection_c\n'}
[55.455934] (-) TimerEvent: {}
[55.556432] (-) TimerEvent: {}
[55.656816] (-) TimerEvent: {}
[55.672241] (jsk_recognition_msgs) StdoutLine: {'line': b'-- Using all available rosidl_typesupport_cpp: rosidl_typesupport_fastrtps_cpp;rosidl_typesupport_introspection_cpp\n'}
[55.725071] (jsk_recognition_msgs) StdoutLine: {'line': b'-- Found PythonInterp: /usr/bin/python3 (found suitable version "3.10.12", minimum required is "3.6") \n'}
[55.732888] (jsk_recognition_msgs) StdoutLine: {'line': b'-- Found python_cmake_module: 0.10.0 (/opt/ros/humble/share/python_cmake_module/cmake)\n'}
[55.758360] (-) TimerEvent: {}
[55.788097] (jsk_recognition_msgs) StdoutLine: {'line': b'-- Found PythonLibs: /usr/lib/x86_64-linux-gnu/libpython3.10.so (found suitable version "3.10.12", minimum required is "3.5") \n'}
[55.788623] (jsk_recognition_msgs) StdoutLine: {'line': b'-- Using PYTHON_EXECUTABLE: /usr/bin/python3\n'}
[55.788742] (jsk_recognition_msgs) StdoutLine: {'line': b'-- Using PYTHON_INCLUDE_DIRS: /usr/include/python3.10\n'}
[55.788876] (jsk_recognition_msgs) StdoutLine: {'line': b'-- Using PYTHON_LIBRARIES: /usr/lib/x86_64-linux-gnu/libpython3.10.so\n'}
[55.832724] (jsk_recognition_msgs) StdoutLine: {'line': b'-- Found PythonExtra: .so  \n'}
[55.858522] (-) TimerEvent: {}
[55.958879] (-) TimerEvent: {}
[56.059220] (-) TimerEvent: {}
[56.064791] (jsk_recognition_msgs) StdoutLine: {'line': b'-- Found ament_lint_auto: 0.12.15 (/opt/ros/humble/share/ament_lint_auto/cmake)\n'}
[56.131850] (jsk_recognition_msgs) StdoutLine: {'line': b"-- Added test 'lint_cmake' to check CMake code style\n"}
[56.134115] (jsk_recognition_msgs) StdoutLine: {'line': b"-- Added test 'xmllint' to check XML markup files\n"}
[56.140579] (jsk_recognition_msgs) StdoutLine: {'line': b'-- Configuring done\n'}
[56.159389] (-) TimerEvent: {}
[56.183293] (jsk_recognition_msgs) StdoutLine: {'line': b'-- Generating done\n'}
[56.196410] (jsk_recognition_msgs) StdoutLine: {'line': b'-- Build files have been written to: /media/subham/85dce0f4-2e29-4540-9a32-801850cfcef6/subham/LidarMapping2.5D/build/jsk_recognition_msgs\n'}
[56.212216] (jsk_recognition_msgs) CommandEnded: {'returncode': 0}
[56.213199] (jsk_recognition_msgs) JobProgress: {'identifier': 'jsk_recognition_msgs', 'progress': 'build'}
[56.214478] (jsk_recognition_msgs) Command: {'cmd': ['/usr/bin/cmake', '--build', '/media/subham/85dce0f4-2e29-4540-9a32-801850cfcef6/subham/LidarMapping2.5D/build/jsk_recognition_msgs'], 'cwd': '/media/subham/85dce0f4-2e29-4540-9a32-801850cfcef6/subham/LidarMapping2.5D/build/jsk_recognition_msgs', 'env': OrderedDict([('LESSOPEN', '| /usr/bin/lesspipe %s'), ('GZ_SIM_RESOURCE_PATH', '/home/subham/subt_ws/src/subt_cave_sim/models:'), ('LANGUAGE', 'en_IN:en'), ('USER', 'subham'), ('XDG_SESSION_TYPE', 'wayland'), ('SHLVL', '1'), ('LD_LIBRARY_PATH', '/media/subham/85dce0f4-2e29-4540-9a32-801850cfcef6/subham/LidarMapping2.5D/install/velodyne_gazebo_plugins/lib:/media/subham/85dce0f4-2e29-4540-9a32-801850cfcef6/subham/LidarMapping2.5D/install/patchwork_plusplus/lib:/media/subham/85dce0f4-2e29-4540-9a32-801850cfcef6/subham/LidarMapping2.5D/install/jsk_recognition_msgs/lib:/media/subham/85dce0f4-2e29-4540-9a32-801850cfcef6/subham/LidarMapping2.5D/install/height_mapping_ros2/lib:/media/subham/85dce0f4-2e29-4540-9a32-801850cfcef6/subham/LidarMapping2.5D/install/height_mapping_core/lib:/home/subham/anvrit_ws/install/astra_camera/lib:/home/subham/anvrit_ws/install/astra_camera_msgs/lib:/home/subham/igvc/install/velodyne_gazebo_plugins/lib:/home/subham/colcon_ws/install/linkattacher_msgs/lib:/opt/ros/humble/opt/rviz_ogre_vendor/lib:/opt/ros/humble/lib/x86_64-linux-gnu:/opt/ros/humble/opt/openvdb_vendor/lib:/opt/ros/humble/lib'), ('HOME', '/home/subham'), ('OLDPWD', '/home/subham'), ('DESKTOP_SESSION', 'ubuntu'), ('NVM_BIN', '/home/subham/.nvm/versions/node/v24.19.0/bin'), ('NVM_INC', '/home/subham/.nvm/versions/node/v24.19.0/include/node'), ('ROS_PYTHON_VERSION', '3'), ('GNOME_SHELL_SESSION_MODE', 'ubuntu'), ('GTK_MODULES', 'gail:atk-bridge'), ('MANAGERPID', '2038'), ('MAKEFLAGS', '-j1'), ('SYSTEMD_EXEC_PID', '3268'), ('DBUS_SESSION_BUS_ADDRESS', 'unix:path=/run/user/1000/bus'), ('COLORTERM', 'truecolor'), ('TERMINATOR_DBUS_NAME', 'net.tenshu.Terminator25ef4b219e3b005583550f2b0f9f990c3'), ('GIO_LAUNCHED_DESKTOP_FILE_PID', '4348'), ('NVM_DIR', '/home/subham/.nvm'), ('IM_CONFIG_PHASE', '1'), ('WAYLAND_DISPLAY', 'wayland-0'), ('COLCON_PREFIX_PATH', '/media/subham/85dce0f4-2e29-4540-9a32-801850cfcef6/subham/LidarMapping2.5D/install:/home/subham/Edge_AI_for_ADAS_and_Autonomous_Systems/install:/home/subham/rover_ws/install:/home/subham/igvc/install:/home/subham/colcon_ws/install:/home/subham/anvrit_ws/install:/home/subham/omokai_ws/install'), ('ROS_DISTRO', 'humble'), ('LOGNAME', 'subham'), ('JOURNAL_STREAM', '8:22697'), ('_', '/usr/bin/colcon'), ('ROS_VERSION', '2'), ('PKG_CONFIG_PATH', '/media/subham/85dce0f4-2e29-4540-9a32-801850cfcef6/subham/LidarMapping2.5D/install/fastdem/lib/x86_64-linux-gnu/pkgconfig:/media/subham/85dce0f4-2e29-4540-9a32-801850cfcef6/subham/LidarMapping2.5D/install/fastdem/lib/pkgconfig'), ('XDG_SESSION_CLASS', 'user'), ('USERNAME', 'subham'), ('TERM', 'xterm-256color'), ('GAZEBO_MODEL_PATH', '/home/subham/gazebo_models:'), ('GNOME_DESKTOP_SESSION_ID', 'this-is-deprecated'), ('ONNXRUNTIME_ROOT', '/opt/ros/humble'), ('ROS_LOCALHOST_ONLY', '0'), ('PATH', '/home/subham/.nvm/versions/node/v24.19.0/bin:/opt/ros/humble/bin:/home/subham/.local/bin:/usr/local/sbin:/usr/local/bin:/usr/sbin:/usr/bin:/sbin:/bin:/usr/games:/usr/local/games:/snap/bin:/snap/bin'), ('SESSION_MANAGER', 'local/thirdly:@/tmp/.ICE-unix/2513,unix/thirdly:/tmp/.ICE-unix/2513'), ('INVOCATION_ID', '046ab86eab5f415aa50d51e791c411a3'), ('XDG_MENU_PREFIX', 'gnome-'), ('GNOME_SETUP_DISPLAY', ':1'), ('XDG_RUNTIME_DIR', '/run/user/1000'), ('DISPLAY', ':0'), ('TERMINATOR_DBUS_PATH', '/net/tenshu/Terminator2'), ('LANG', 'en_US.UTF-8'), ('XDG_CURRENT_DESKTOP', 'ubuntu:GNOME'), ('IBUS_DISABLE_SNOOPER', '1'), ('XMODIFIERS', '@im=ibus'), ('XDG_SESSION_DESKTOP', 'ubuntu'), ('XAUTHORITY', '/run/user/1000/.mutter-Xwaylandauth.L3IAW3'), ('LS_COLORS', 'rs=0:di=01;34:ln=01;36:mh=00:pi=40;33:so=01;35:do=01;35:bd=40;33;01:cd=40;33;01:or=40;31;01:mi=00:su=37;41:sg=30;43:ca=30;41:tw=30;42:ow=34;42:st=37;44:ex=01;32:*.tar=01;31:*.tgz=01;31:*.arc=01;31:*.arj=01;31:*.taz=01;31:*.lha=01;31:*.lz4=01;31:*.lzh=01;31:*.lzma=01;31:*.tlz=01;31:*.txz=01;31:*.tzo=01;31:*.t7z=01;31:*.zip=01;31:*.z=01;31:*.dz=01;31:*.gz=01;31:*.lrz=01;31:*.lz=01;31:*.lzo=01;31:*.xz=01;31:*.zst=01;31:*.tzst=01;31:*.bz2=01;31:*.bz=01;31:*.tbz=01;31:*.tbz2=01;31:*.tz=01;31:*.deb=01;31:*.rpm=01;31:*.jar=01;31:*.war=01;31:*.ear=01;31:*.sar=01;31:*.rar=01;31:*.alz=01;31:*.ace=01;31:*.zoo=01;31:*.cpio=01;31:*.7z=01;31:*.rz=01;31:*.cab=01;31:*.wim=01;31:*.swm=01;31:*.dwm=01;31:*.esd=01;31:*.jpg=01;35:*.jpeg=01;35:*.mjpg=01;35:*.mjpeg=01;35:*.gif=01;35:*.bmp=01;35:*.pbm=01;35:*.pgm=01;35:*.ppm=01;35:*.tga=01;35:*.xbm=01;35:*.xpm=01;35:*.tif=01;35:*.tiff=01;35:*.png=01;35:*.svg=01;35:*.svgz=01;35:*.mng=01;35:*.pcx=01;35:*.mov=01;35:*.mpg=01;35:*.mpeg=01;35:*.m2v=01;35:*.mkv=01;35:*.webm=01;35:*.webp=01;35:*.ogm=01;35:*.mp4=01;35:*.m4v=01;35:*.mp4v=01;35:*.vob=01;35:*.qt=01;35:*.nuv=01;35:*.wmv=01;35:*.asf=01;35:*.rm=01;35:*.rmvb=01;35:*.flc=01;35:*.avi=01;35:*.fli=01;35:*.flv=01;35:*.gl=01;35:*.dl=01;35:*.xcf=01;35:*.xwd=01;35:*.yuv=01;35:*.cgm=01;35:*.emf=01;35:*.ogv=01;35:*.ogx=01;35:*.aac=00;36:*.au=00;36:*.flac=00;36:*.m4a=00;36:*.mid=00;36:*.midi=00;36:*.mka=00;36:*.mp3=00;36:*.mpc=00;36:*.ogg=00;36:*.ra=00;36:*.wav=00;36:*.oga=00;36:*.opus=00;36:*.spx=00;36:*.xspf=00;36:'), ('SSH_AGENT_LAUNCHER', 'gnome-keyring'), ('SSH_AUTH_SOCK', '/run/user/1000/keyring/ssh'), ('ROS_DOMAIN_ID', '0'), ('AMENT_PREFIX_PATH', '/media/subham/85dce0f4-2e29-4540-9a32-801850cfcef6/subham/LidarMapping2.5D/install/segmentation_lidar:/media/subham/85dce0f4-2e29-4540-9a32-801850cfcef6/subham/LidarMapping2.5D/install/velodyne_simulator:/media/subham/85dce0f4-2e29-4540-9a32-801850cfcef6/subham/LidarMapping2.5D/install/velodyne_description:/media/subham/85dce0f4-2e29-4540-9a32-801850cfcef6/subham/LidarMapping2.5D/install/velodyne_gazebo_plugins:/media/subham/85dce0f4-2e29-4540-9a32-801850cfcef6/subham/LidarMapping2.5D/install/salsanext_ros2:/media/subham/85dce0f4-2e29-4540-9a32-801850cfcef6/subham/LidarMapping2.5D/install/patchwork_plusplus:/media/subham/85dce0f4-2e29-4540-9a32-801850cfcef6/subham/LidarMapping2.5D/install/lid_simulation:/media/subham/85dce0f4-2e29-4540-9a32-801850cfcef6/subham/LidarMapping2.5D/install/lid_description:/media/subham/85dce0f4-2e29-4540-9a32-801850cfcef6/subham/LidarMapping2.5D/install/jsk_recognition_msgs:/media/subham/85dce0f4-2e29-4540-9a32-801850cfcef6/subham/LidarMapping2.5D/install/height_mapping_ros2:/media/subham/85dce0f4-2e29-4540-9a32-801850cfcef6/subham/LidarMapping2.5D/install/height_mapping_core:/media/subham/85dce0f4-2e29-4540-9a32-801850cfcef6/subham/LidarMapping2.5D/install/fastdem_ros2:/home/subham/omokai_ws/install/llm_simulation:/home/subham/omokai_ws/install/llm_prompt:/home/subham/omokai_ws/install/llm_navigation:/home/subham/omokai_ws/install/llm_description:/home/subham/Edge_AI_for_ADAS_and_Autonomous_Systems/install/adas_simulation:/home/subham/Edge_AI_for_ADAS_and_Autonomous_Systems/install/adas_perception:/home/subham/Edge_AI_for_ADAS_and_Autonomous_Systems/install/adas_navigation:/home/subham/Edge_AI_for_ADAS_and_Autonomous_Systems/install/adas_description:/home/subham/rover_ws/install/rover_navigation:/home/subham/rover_ws/install/rover_gazebo:/home/subham/rover_ws/install/rover_description:/home/subham/rover_ws/install/rf2o_laser_odometry:/home/subham/anvrit_ws/install/rplidar_ros:/home/subham/anvrit_ws/install/astra_camera:/home/subham/anvrit_ws/install/astra_camera_msgs:/home/subham/anvrit_ws/install/anvrit_perception:/home/subham/anvrit_ws/install/anvrit_odometry:/home/subham/anvrit_ws/install/anvrit_nav2:/home/subham/anvrit_ws/install/anvrit_description:/home/subham/igvc/install/velodyne_simulator:/home/subham/igvc/install/velodyne_description:/home/subham/igvc/install/velodyne_gazebo_plugins:/home/subham/igvc/install/igvc_simulation:/home/subham/igvc/install/igvc_perception:/home/subham/igvc/install/igvc_navigation:/home/subham/igvc/install/igvc_description:/home/subham/colcon_ws/install/ur_simulation_gz:/home/subham/colcon_ws/install/ur_description:/home/subham/colcon_ws/install/ur5_control_2481:/home/subham/colcon_ws/install/s2481_ebot_description:/home/subham/colcon_ws/install/ros2ai:/home/subham/colcon_ws/install/linkattacher_msgs:/home/subham/colcon_ws/install/eyantra_warehouse:/home/subham/colcon_ws/install/ackerman_description:/opt/ros/humble'), ('SHELL', '/bin/bash'), ('TERMINATOR_UUID', 'urn:uuid:577dd51d-23b3-4139-a8c6-d610a5169a81'), ('QT_ACCESSIBILITY', '1'), ('GDMSESSION', 'ubuntu'), ('LESSCLOSE', '/usr/bin/lesspipe %s %s'), ('IGN_GAZEBO_RESOURCE_PATH', '/media/subham/85dce0f4-2e29-4540-9a32-801850cfcef6/subham/subt_ws/src/subt_cave_sim/models:/home/subham/subt_ws/src/subt_cave_sim/models:'), ('QT_IM_MODULE', 'ibus'), ('PWD', '/media/subham/85dce0f4-2e29-4540-9a32-801850cfcef6/subham/LidarMapping2.5D/build/jsk_recognition_msgs'), ('TURTLEBOT3_MODEL', 'burger'), ('LC_ALL', 'en_US.UTF-8'), ('XDG_CONFIG_DIRS', '/etc/xdg/xdg-ubuntu:/etc/xdg'), ('NVM_CD_FLAGS', ''), ('XDG_DATA_DIRS', '/usr/share/ubuntu:/usr/local/share/:/usr/share/:/var/lib/snapd/desktop'), ('PYTHONPATH', '/media/subham/85dce0f4-2e29-4540-9a32-801850cfcef6/subham/LidarMapping2.5D/install/jsk_recognition_msgs/local/lib/python3.10/dist-packages:/media/subham/85dce0f4-2e29-4540-9a32-801850cfcef6/subham/LidarMapping2.5D/install/height_mapping_ros2/local/lib/python3.10/dist-packages:/home/subham/omokai_ws/build/llm_navigation:/home/subham/omokai_ws/install/llm_navigation/lib/python3.10/site-packages:/home/subham/Edge_AI_for_ADAS_and_Autonomous_Systems/build/adas_perception:/home/subham/Edge_AI_for_ADAS_and_Autonomous_Systems/install/adas_perception/lib/python3.10/site-packages:/home/subham/Edge_AI_for_ADAS_and_Autonomous_Systems/build/adas_navigation:/home/subham/Edge_AI_for_ADAS_and_Autonomous_Systems/install/adas_navigation/lib/python3.10/site-packages:/home/subham/rover_ws/build/rover_navigation:/home/subham/rover_ws/install/rover_navigation/lib/python3.10/site-packages:/home/subham/anvrit_ws/install/astra_camera_msgs/local/lib/python3.10/dist-packages:/home/subham/anvrit_ws/install/anvrit_perception/lib/python3.10/site-packages:/home/subham/anvrit_ws/install/anvrit_odometry/lib/python3.10/site-packages:/home/subham/anvrit_ws/install/anvrit_nav2/lib/python3.10/site-packages:/home/subham/igvc/build/igvc_perception:/home/subham/igvc/install/igvc_perception/lib/python3.10/site-packages:/home/subham/igvc/build/igvc_navigation:/home/subham/igvc/install/igvc_navigation/lib/python3.10/site-packages:/home/subham/colcon_ws/build/ros2ai:/home/subham/colcon_ws/install/ros2ai/lib/python3.10/site-packages:/home/subham/colcon_ws/install/linkattacher_msgs/local/lib/python3.10/dist-packages:/opt/ros/humble/lib/python3.10/site-packages:/opt/ros/humble/local/lib/python3.10/dist-packages'), ('COLCON', '1'), ('VTE_VERSION', '6800'), ('CMAKE_PREFIX_PATH', '/media/subham/85dce0f4-2e29-4540-9a32-801850cfcef6/subham/LidarMapping2.5D/install/segmentation_lidar:/media/subham/85dce0f4-2e29-4540-9a32-801850cfcef6/subham/LidarMapping2.5D/install/velodyne_simulator:/media/subham/85dce0f4-2e29-4540-9a32-801850cfcef6/subham/LidarMapping2.5D/install/velodyne_description:/media/subham/85dce0f4-2e29-4540-9a32-801850cfcef6/subham/LidarMapping2.5D/install/velodyne_gazebo_plugins:/media/subham/85dce0f4-2e29-4540-9a32-801850cfcef6/subham/LidarMapping2.5D/install/salsanext_ros2:/media/subham/85dce0f4-2e29-4540-9a32-801850cfcef6/subham/LidarMapping2.5D/install/patchwork_plusplus:/media/subham/85dce0f4-2e29-4540-9a32-801850cfcef6/subham/LidarMapping2.5D/install/lid_simulation:/media/subham/85dce0f4-2e29-4540-9a32-801850cfcef6/subham/LidarMapping2.5D/install/lid_description:/media/subham/85dce0f4-2e29-4540-9a32-801850cfcef6/subham/LidarMapping2.5D/install/jsk_recognition_msgs:/media/subham/85dce0f4-2e29-4540-9a32-801850cfcef6/subham/LidarMapping2.5D/install/height_mapping_ros2:/media/subham/85dce0f4-2e29-4540-9a32-801850cfcef6/subham/LidarMapping2.5D/install/height_mapping_core:/media/subham/85dce0f4-2e29-4540-9a32-801850cfcef6/subham/LidarMapping2.5D/install/fastdem_ros2:/media/subham/85dce0f4-2e29-4540-9a32-801850cfcef6/subham/LidarMapping2.5D/install/fastdem:/home/subham/omokai_ws/install/llm_simulation:/home/subham/omokai_ws/install/llm_prompt:/home/subham/omokai_ws/install/llm_description:/home/subham/Edge_AI_for_ADAS_and_Autonomous_Systems/install/adas_simulation:/home/subham/Edge_AI_for_ADAS_and_Autonomous_Systems/install/adas_description:/home/subham/rover_ws/install/rover_gazebo:/home/subham/rover_ws/install/rover_description:/home/subham/rover_ws/install/rf2o_laser_odometry:/home/subham/anvrit_ws/install/rplidar_ros:/home/subham/anvrit_ws/install/astra_camera:/home/subham/anvrit_ws/install/astra_camera_msgs:/home/subham/anvrit_ws/install/anvrit_description:/home/subham/igvc/install/velodyne_simulator:/home/subham/igvc/install/velodyne_description:/home/subham/igvc/install/velodyne_gazebo_plugins:/home/subham/igvc/install/igvc_simulation:/home/subham/igvc/install/igvc_description:/home/subham/colcon_ws/install/ur_simulation_gz:/home/subham/colcon_ws/install/ur_description:/home/subham/colcon_ws/install/ur5_control_2481:/home/subham/colcon_ws/install/s2481_ebot_description:/home/subham/colcon_ws/install/linkattacher_msgs:/home/subham/colcon_ws/install/eyantra_warehouse:/home/subham/colcon_ws/install/ackerman_description:/home/subham/omokai_ws/install/llm_navigation:/home/subham/Edge_AI_for_ADAS_and_Autonomous_Systems/install/adas_perception:/home/subham/Edge_AI_for_ADAS_and_Autonomous_Systems/install/adas_navigation:/home/subham/rover_ws/install/rover_navigation:/home/subham/anvrit_ws/install/anvrit_perception:/home/subham/anvrit_ws/install/anvrit_odometry:/home/subham/anvrit_ws/install/anvrit_nav2:/home/subham/igvc/install/igvc_perception:/home/subham/igvc/install/igvc_navigation:/home/subham/colcon_ws/install/ros2ai:/opt/ros/humble')]), 'shell': False}
[56.259647] (-) TimerEvent: {}
[56.281516] (jsk_recognition_msgs) StdoutLine: {'line': b'[  3%] \x1b[34m\x1b[1mGenerating Rust code for ROS interfaces\x1b[0m\n'}
[56.359759] (-) TimerEvent: {}
[56.460133] (-) TimerEvent: {}
[56.560727] (-) TimerEvent: {}
[56.566014] (jsk_recognition_msgs) StdoutLine: {'line': b'[  3%] Built target jsk_recognition_msgs__rs\n'}
[56.580262] (jsk_recognition_msgs) StdoutLine: {'line': b'[  6%] \x1b[34m\x1b[1mGenerating C code for ROS interfaces\x1b[0m\n'}
[56.660877] (-) TimerEvent: {}
[56.761344] (-) TimerEvent: {}
[56.861773] (-) TimerEvent: {}
[56.879042] (jsk_recognition_msgs) StdoutLine: {'line': b'[  9%] \x1b[32mBuilding C object CMakeFiles/jsk_recognition_msgs__rosidl_generator_c.dir/rosidl_generator_c/jsk_recognition_msgs/msg/detail/polygon_array__functions.c.o\x1b[0m\n'}
[56.943972] (jsk_recognition_msgs) StdoutLine: {'line': b'[ 12%] \x1b[32m\x1b[1mLinking C shared library libjsk_recognition_msgs__rosidl_generator_c.so\x1b[0m\n'}
[56.961892] (-) TimerEvent: {}
[56.997344] (jsk_recognition_msgs) StdoutLine: {'line': b'[ 12%] Built target jsk_recognition_msgs__rosidl_generator_c\n'}
[57.011345] (jsk_recognition_msgs) StdoutLine: {'line': b'[ 15%] \x1b[34m\x1b[1mGenerating C type support for eProsima Fast-RTPS\x1b[0m\n'}
[57.062057] (-) TimerEvent: {}
[57.162499] (-) TimerEvent: {}
[57.262910] (-) TimerEvent: {}
[57.330311] (jsk_recognition_msgs) StdoutLine: {'line': b'[ 18%] \x1b[32mBuilding CXX object CMakeFiles/jsk_recognition_msgs__rosidl_typesupport_fastrtps_c.dir/rosidl_typesupport_fastrtps_c/jsk_recognition_msgs/msg/detail/polygon_array__type_support_c.cpp.o\x1b[0m\n'}
[57.363032] (-) TimerEvent: {}
[57.463431] (-) TimerEvent: {}
[57.563913] (-) TimerEvent: {}
[57.651805] (jsk_recognition_msgs) StdoutLine: {'line': b'[ 21%] \x1b[32m\x1b[1mLinking CXX shared library libjsk_recognition_msgs__rosidl_typesupport_fastrtps_c.so\x1b[0m\n'}
[57.664026] (-) TimerEvent: {}
[57.764384] (-) TimerEvent: {}
[57.785478] (jsk_recognition_msgs) StdoutLine: {'line': b'[ 21%] Built target jsk_recognition_msgs__rosidl_typesupport_fastrtps_c\n'}
[57.815799] (jsk_recognition_msgs) StdoutLine: {'line': b'[ 25%] \x1b[34m\x1b[1mGenerating C++ code for ROS interfaces\x1b[0m\n'}
[57.864542] (-) TimerEvent: {}
[57.965042] (-) TimerEvent: {}
[58.065588] (-) TimerEvent: {}
[58.101024] (jsk_recognition_msgs) StdoutLine: {'line': b'[ 25%] Built target jsk_recognition_msgs__cpp\n'}
[58.116108] (jsk_recognition_msgs) StdoutLine: {'line': b'[ 28%] \x1b[34m\x1b[1mGenerating C++ type support for eProsima Fast-RTPS\x1b[0m\n'}
[58.165758] (-) TimerEvent: {}
[58.266226] (-) TimerEvent: {}
[58.366704] (-) TimerEvent: {}
[58.415615] (jsk_recognition_msgs) StdoutLine: {'line': b'[ 31%] \x1b[32mBuilding CXX object CMakeFiles/jsk_recognition_msgs__rosidl_typesupport_fastrtps_cpp.dir/rosidl_typesupport_fastrtps_cpp/jsk_recognition_msgs/msg/detail/dds_fastrtps/polygon_array__type_support.cpp.o\x1b[0m\n'}
[58.466839] (-) TimerEvent: {}
[58.567260] (-) TimerEvent: {}
[58.667678] (-) TimerEvent: {}
[58.768079] (-) TimerEvent: {}
[58.868518] (-) TimerEvent: {}
[58.897512] (jsk_recognition_msgs) StdoutLine: {'line': b'[ 34%] \x1b[32m\x1b[1mLinking CXX shared library libjsk_recognition_msgs__rosidl_typesupport_fastrtps_cpp.so\x1b[0m\n'}
[58.968683] (-) TimerEvent: {}
[59.025071] (jsk_recognition_msgs) StdoutLine: {'line': b'[ 34%] Built target jsk_recognition_msgs__rosidl_typesupport_fastrtps_cpp\n'}
[59.041178] (jsk_recognition_msgs) StdoutLine: {'line': b'[ 37%] \x1b[34m\x1b[1mGenerating C introspection for ROS interfaces\x1b[0m\n'}
[59.068863] (-) TimerEvent: {}
[59.169367] (-) TimerEvent: {}
[59.269870] (-) TimerEvent: {}
[59.370361] (-) TimerEvent: {}
[59.407563] (jsk_recognition_msgs) StdoutLine: {'line': b'[ 40%] \x1b[32mBuilding C object CMakeFiles/jsk_recognition_msgs__rosidl_typesupport_introspection_c.dir/rosidl_typesupport_introspection_c/jsk_recognition_msgs/msg/detail/polygon_array__type_support.c.o\x1b[0m\n'}
[59.470799] (-) TimerEvent: {}
[59.497656] (jsk_recognition_msgs) StdoutLine: {'line': b'[ 43%] \x1b[32m\x1b[1mLinking C shared library libjsk_recognition_msgs__rosidl_typesupport_introspection_c.so\x1b[0m\n'}
[59.549553] (jsk_recognition_msgs) StdoutLine: {'line': b'[ 43%] Built target jsk_recognition_msgs__rosidl_typesupport_introspection_c\n'}
[59.571107] (-) TimerEvent: {}
[59.578908] (jsk_recognition_msgs) StdoutLine: {'line': b'[ 46%] \x1b[34m\x1b[1mGenerating C type support dispatch for ROS interfaces\x1b[0m\n'}
[59.671180] (-) TimerEvent: {}
[59.771640] (-) TimerEvent: {}
[59.872048] (-) TimerEvent: {}
[59.925178] (jsk_recognition_msgs) StdoutLine: {'line': b'[ 50%] \x1b[32mBuilding CXX object CMakeFiles/jsk_recognition_msgs__rosidl_typesupport_c.dir/rosidl_typesupport_c/jsk_recognition_msgs/msg/polygon_array__type_support.cpp.o\x1b[0m\n'}
[59.967023] (jsk_recognition_msgs) StdoutLine: {'line': b'[ 53%] \x1b[32m\x1b[1mLinking CXX shared library libjsk_recognition_msgs__rosidl_typesupport_c.so\x1b[0m\n'}
[59.972188] (-) TimerEvent: {}
[60.021811] (jsk_recognition_msgs) StdoutLine: {'line': b'[ 53%] Built target jsk_recognition_msgs__rosidl_typesupport_c\n'}
[60.037395] (jsk_recognition_msgs) StdoutLine: {'line': b'[ 56%] \x1b[34m\x1b[1mGenerating C++ introspection for ROS interfaces\x1b[0m\n'}
[60.072317] (-) TimerEvent: {}
[60.172691] (-) TimerEvent: {}
[60.273029] (-) TimerEvent: {}
[60.307870] (jsk_recognition_msgs) StdoutLine: {'line': b'[ 59%] \x1b[32mBuilding CXX object CMakeFiles/jsk_recognition_msgs__rosidl_typesupport_introspection_cpp.dir/rosidl_typesupport_introspection_cpp/jsk_recognition_msgs/msg/detail/polygon_array__type_support.cpp.o\x1b[0m\n'}
[60.373197] (-) TimerEvent: {}
[60.473804] (-) TimerEvent: {}
[60.574214] (-) TimerEvent: {}
[60.674693] (-) TimerEvent: {}
[60.750952] (jsk_recognition_msgs) StdoutLine: {'line': b'[ 62%] \x1b[32m\x1b[1mLinking CXX shared library libjsk_recognition_msgs__rosidl_typesupport_introspection_cpp.so\x1b[0m\n'}
[60.774850] (-) TimerEvent: {}
[60.865287] (jsk_recognition_msgs) StdoutLine: {'line': b'[ 62%] Built target jsk_recognition_msgs__rosidl_typesupport_introspection_cpp\n'}
[60.874997] (-) TimerEvent: {}
[60.880018] (jsk_recognition_msgs) StdoutLine: {'line': b'[ 65%] \x1b[34m\x1b[1mGenerating C++ type support dispatch for ROS interfaces\x1b[0m\n'}
[60.975147] (-) TimerEvent: {}
[61.075598] (-) TimerEvent: {}
[61.150341] (jsk_recognition_msgs) StdoutLine: {'line': b'[ 68%] \x1b[32mBuilding CXX object CMakeFiles/jsk_recognition_msgs__rosidl_typesupport_cpp.dir/rosidl_typesupport_cpp/jsk_recognition_msgs/msg/polygon_array__type_support.cpp.o\x1b[0m\n'}
[61.175730] (-) TimerEvent: {}
[61.276210] (-) TimerEvent: {}
[61.376720] (-) TimerEvent: {}
[61.414051] (jsk_recognition_msgs) StdoutLine: {'line': b'[ 71%] \x1b[32m\x1b[1mLinking CXX shared library libjsk_recognition_msgs__rosidl_typesupport_cpp.so\x1b[0m\n'}
[61.475250] (jsk_recognition_msgs) StdoutLine: {'line': b'[ 71%] Built target jsk_recognition_msgs__rosidl_typesupport_cpp\n'}
[61.476791] (-) TimerEvent: {}
[61.506319] (jsk_recognition_msgs) StdoutLine: {'line': b'[ 71%] Built target jsk_recognition_msgs\n'}
[61.545951] (jsk_recognition_msgs) StdoutLine: {'line': b'[ 71%] Built target ament_cmake_python_symlink_jsk_recognition_msgs\n'}
[61.576949] (-) TimerEvent: {}
[61.677350] (-) TimerEvent: {}
[61.777794] (-) TimerEvent: {}
[61.878177] (-) TimerEvent: {}
[61.900574] (jsk_recognition_msgs) StdoutLine: {'line': b'running egg_info\n'}
[61.901325] (jsk_recognition_msgs) StdoutLine: {'line': b'creating jsk_recognition_msgs.egg-info\n'}
[61.924259] (jsk_recognition_msgs) StdoutLine: {'line': b'writing jsk_recognition_msgs.egg-info/PKG-INFO\n'}
[61.924762] (jsk_recognition_msgs) StdoutLine: {'line': b'writing dependency_links to jsk_recognition_msgs.egg-info/dependency_links.txt\n'}
[61.925007] (jsk_recognition_msgs) StdoutLine: {'line': b'writing top-level names to jsk_recognition_msgs.egg-info/top_level.txt\n'}
[61.925204] (jsk_recognition_msgs) StdoutLine: {'line': b"writing manifest file 'jsk_recognition_msgs.egg-info/SOURCES.txt'\n"}
[61.978292] (-) TimerEvent: {}
[62.078792] (-) TimerEvent: {}
[62.179846] (-) TimerEvent: {}
[62.280280] (-) TimerEvent: {}
[62.380680] (-) TimerEvent: {}
[62.481157] (-) TimerEvent: {}
[62.581551] (-) TimerEvent: {}
[62.681838] (-) TimerEvent: {}
[62.782158] (-) TimerEvent: {}
[62.882502] (-) TimerEvent: {}
[62.954194] (jsk_recognition_msgs) StdoutLine: {'line': b"reading manifest file 'jsk_recognition_msgs.egg-info/SOURCES.txt'\n"}
[62.954992] (jsk_recognition_msgs) StdoutLine: {'line': b"writing manifest file 'jsk_recognition_msgs.egg-info/SOURCES.txt'\n"}
[62.982624] (-) TimerEvent: {}
[63.015249] (jsk_recognition_msgs) StdoutLine: {'line': b'[ 71%] Built target ament_cmake_python_build_jsk_recognition_msgs_egg\n'}
[63.050043] (jsk_recognition_msgs) StdoutLine: {'line': b'[ 75%] \x1b[34m\x1b[1mGenerating Python code for ROS interfaces\x1b[0m\n'}
[63.082780] (-) TimerEvent: {}
[63.183208] (-) TimerEvent: {}
[63.283693] (-) TimerEvent: {}
[63.384136] (-) TimerEvent: {}
[63.484524] (-) TimerEvent: {}
[63.489365] (jsk_recognition_msgs) StdoutLine: {'line': b'[ 75%] Built target jsk_recognition_msgs__py\n'}
[63.522709] (jsk_recognition_msgs) StdoutLine: {'line': b'[ 78%] \x1b[32mBuilding C object CMakeFiles/jsk_recognition_msgs__rosidl_generator_py.dir/rosidl_generator_py/jsk_recognition_msgs/msg/_polygon_array_s.c.o\x1b[0m\n'}
[63.584645] (-) TimerEvent: {}
[63.664158] (jsk_recognition_msgs) StdoutLine: {'line': b'[ 81%] \x1b[32m\x1b[1mLinking C shared library rosidl_generator_py/jsk_recognition_msgs/libjsk_recognition_msgs__rosidl_generator_py.so\x1b[0m\n'}
[63.684773] (-) TimerEvent: {}
[63.724932] (jsk_recognition_msgs) StdoutLine: {'line': b'[ 81%] Built target jsk_recognition_msgs__rosidl_generator_py\n'}
[63.756673] (jsk_recognition_msgs) StdoutLine: {'line': b'[ 84%] \x1b[32mBuilding C object CMakeFiles/jsk_recognition_msgs__rosidl_typesupport_fastrtps_c__pyext.dir/rosidl_generator_py/jsk_recognition_msgs/_jsk_recognition_msgs_s.ep.rosidl_typesupport_fastrtps_c.c.o\x1b[0m\n'}
[63.784921] (-) TimerEvent: {}
[63.863604] (jsk_recognition_msgs) StdoutLine: {'line': b'[ 87%] \x1b[32m\x1b[1mLinking C shared library rosidl_generator_py/jsk_recognition_msgs/jsk_recognition_msgs_s__rosidl_typesupport_fastrtps_c.cpython-310-x86_64-linux-gnu.so\x1b[0m\n'}
[63.885056] (-) TimerEvent: {}
[63.917627] (jsk_recognition_msgs) StdoutLine: {'line': b'[ 87%] Built target jsk_recognition_msgs__rosidl_typesupport_fastrtps_c__pyext\n'}
[63.946640] (jsk_recognition_msgs) StdoutLine: {'line': b'[ 90%] \x1b[32mBuilding C object CMakeFiles/jsk_recognition_msgs__rosidl_typesupport_introspection_c__pyext.dir/rosidl_generator_py/jsk_recognition_msgs/_jsk_recognition_msgs_s.ep.rosidl_typesupport_introspection_c.c.o\x1b[0m\n'}
[63.985322] (-) TimerEvent: {}
[64.055846] (jsk_recognition_msgs) StdoutLine: {'line': b'[ 93%] \x1b[32m\x1b[1mLinking C shared library rosidl_generator_py/jsk_recognition_msgs/jsk_recognition_msgs_s__rosidl_typesupport_introspection_c.cpython-310-x86_64-linux-gnu.so\x1b[0m\n'}
[64.085445] (-) TimerEvent: {}
[64.111677] (jsk_recognition_msgs) StdoutLine: {'line': b'[ 93%] Built target jsk_recognition_msgs__rosidl_typesupport_introspection_c__pyext\n'}
[64.141771] (jsk_recognition_msgs) StdoutLine: {'line': b'[ 96%] \x1b[32mBuilding C object CMakeFiles/jsk_recognition_msgs__rosidl_typesupport_c__pyext.dir/rosidl_generator_py/jsk_recognition_msgs/_jsk_recognition_msgs_s.ep.rosidl_typesupport_c.c.o\x1b[0m\n'}
[64.185517] (-) TimerEvent: {}
[64.248757] (jsk_recognition_msgs) StdoutLine: {'line': b'[100%] \x1b[32m\x1b[1mLinking C shared library rosidl_generator_py/jsk_recognition_msgs/jsk_recognition_msgs_s__rosidl_typesupport_c.cpython-310-x86_64-linux-gnu.so\x1b[0m\n'}
[64.285665] (-) TimerEvent: {}
[64.299507] (jsk_recognition_msgs) StdoutLine: {'line': b'[100%] Built target jsk_recognition_msgs__rosidl_typesupport_c__pyext\n'}
[64.315182] (jsk_recognition_msgs) CommandEnded: {'returncode': 0}
[64.316128] (jsk_recognition_msgs) JobProgress: {'identifier': 'jsk_recognition_msgs', 'progress': 'install'}
[64.316985] (jsk_recognition_msgs) Command: {'cmd': ['/usr/bin/cmake', '--install', '/media/subham/85dce0f4-2e29-4540-9a32-801850cfcef6/subham/LidarMapping2.5D/build/jsk_recognition_msgs'], 'cwd': '/media/subham/85dce0f4-2e29-4540-9a32-801850cfcef6/subham/LidarMapping2.5D/build/jsk_recognition_msgs', 'env': OrderedDict([('LESSOPEN', '| /usr/bin/lesspipe %s'), ('GZ_SIM_RESOURCE_PATH', '/home/subham/subt_ws/src/subt_cave_sim/models:'), ('LANGUAGE', 'en_IN:en'), ('USER', 'subham'), ('XDG_SESSION_TYPE', 'wayland'), ('SHLVL', '1'), ('LD_LIBRARY_PATH', '/media/subham/85dce0f4-2e29-4540-9a32-801850cfcef6/subham/LidarMapping2.5D/install/velodyne_gazebo_plugins/lib:/media/subham/85dce0f4-2e29-4540-9a32-801850cfcef6/subham/LidarMapping2.5D/install/patchwork_plusplus/lib:/media/subham/85dce0f4-2e29-4540-9a32-801850cfcef6/subham/LidarMapping2.5D/install/jsk_recognition_msgs/lib:/media/subham/85dce0f4-2e29-4540-9a32-801850cfcef6/subham/LidarMapping2.5D/install/height_mapping_ros2/lib:/media/subham/85dce0f4-2e29-4540-9a32-801850cfcef6/subham/LidarMapping2.5D/install/height_mapping_core/lib:/home/subham/anvrit_ws/install/astra_camera/lib:/home/subham/anvrit_ws/install/astra_camera_msgs/lib:/home/subham/igvc/install/velodyne_gazebo_plugins/lib:/home/subham/colcon_ws/install/linkattacher_msgs/lib:/opt/ros/humble/opt/rviz_ogre_vendor/lib:/opt/ros/humble/lib/x86_64-linux-gnu:/opt/ros/humble/opt/openvdb_vendor/lib:/opt/ros/humble/lib'), ('HOME', '/home/subham'), ('OLDPWD', '/home/subham'), ('DESKTOP_SESSION', 'ubuntu'), ('NVM_BIN', '/home/subham/.nvm/versions/node/v24.19.0/bin'), ('NVM_INC', '/home/subham/.nvm/versions/node/v24.19.0/include/node'), ('ROS_PYTHON_VERSION', '3'), ('GNOME_SHELL_SESSION_MODE', 'ubuntu'), ('GTK_MODULES', 'gail:atk-bridge'), ('MANAGERPID', '2038'), ('MAKEFLAGS', '-j1'), ('SYSTEMD_EXEC_PID', '3268'), ('DBUS_SESSION_BUS_ADDRESS', 'unix:path=/run/user/1000/bus'), ('COLORTERM', 'truecolor'), ('TERMINATOR_DBUS_NAME', 'net.tenshu.Terminator25ef4b219e3b005583550f2b0f9f990c3'), ('GIO_LAUNCHED_DESKTOP_FILE_PID', '4348'), ('NVM_DIR', '/home/subham/.nvm'), ('IM_CONFIG_PHASE', '1'), ('WAYLAND_DISPLAY', 'wayland-0'), ('COLCON_PREFIX_PATH', '/media/subham/85dce0f4-2e29-4540-9a32-801850cfcef6/subham/LidarMapping2.5D/install:/home/subham/Edge_AI_for_ADAS_and_Autonomous_Systems/install:/home/subham/rover_ws/install:/home/subham/igvc/install:/home/subham/colcon_ws/install:/home/subham/anvrit_ws/install:/home/subham/omokai_ws/install'), ('ROS_DISTRO', 'humble'), ('LOGNAME', 'subham'), ('JOURNAL_STREAM', '8:22697'), ('_', '/usr/bin/colcon'), ('ROS_VERSION', '2'), ('PKG_CONFIG_PATH', '/media/subham/85dce0f4-2e29-4540-9a32-801850cfcef6/subham/LidarMapping2.5D/install/fastdem/lib/x86_64-linux-gnu/pkgconfig:/media/subham/85dce0f4-2e29-4540-9a32-801850cfcef6/subham/LidarMapping2.5D/install/fastdem/lib/pkgconfig'), ('XDG_SESSION_CLASS', 'user'), ('USERNAME', 'subham'), ('TERM', 'xterm-256color'), ('GAZEBO_MODEL_PATH', '/home/subham/gazebo_models:'), ('GNOME_DESKTOP_SESSION_ID', 'this-is-deprecated'), ('ONNXRUNTIME_ROOT', '/opt/ros/humble'), ('ROS_LOCALHOST_ONLY', '0'), ('PATH', '/home/subham/.nvm/versions/node/v24.19.0/bin:/opt/ros/humble/bin:/home/subham/.local/bin:/usr/local/sbin:/usr/local/bin:/usr/sbin:/usr/bin:/sbin:/bin:/usr/games:/usr/local/games:/snap/bin:/snap/bin'), ('SESSION_MANAGER', 'local/thirdly:@/tmp/.ICE-unix/2513,unix/thirdly:/tmp/.ICE-unix/2513'), ('INVOCATION_ID', '046ab86eab5f415aa50d51e791c411a3'), ('XDG_MENU_PREFIX', 'gnome-'), ('GNOME_SETUP_DISPLAY', ':1'), ('XDG_RUNTIME_DIR', '/run/user/1000'), ('DISPLAY', ':0'), ('TERMINATOR_DBUS_PATH', '/net/tenshu/Terminator2'), ('LANG', 'en_US.UTF-8'), ('XDG_CURRENT_DESKTOP', 'ubuntu:GNOME'), ('IBUS_DISABLE_SNOOPER', '1'), ('XMODIFIERS', '@im=ibus'), ('XDG_SESSION_DESKTOP', 'ubuntu'), ('XAUTHORITY', '/run/user/1000/.mutter-Xwaylandauth.L3IAW3'), ('LS_COLORS', 'rs=0:di=01;34:ln=01;36:mh=00:pi=40;33:so=01;35:do=01;35:bd=40;33;01:cd=40;33;01:or=40;31;01:mi=00:su=37;41:sg=30;43:ca=30;41:tw=30;42:ow=34;42:st=37;44:ex=01;32:*.tar=01;31:*.tgz=01;31:*.arc=01;31:*.arj=01;31:*.taz=01;31:*.lha=01;31:*.lz4=01;31:*.lzh=01;31:*.lzma=01;31:*.tlz=01;31:*.txz=01;31:*.tzo=01;31:*.t7z=01;31:*.zip=01;31:*.z=01;31:*.dz=01;31:*.gz=01;31:*.lrz=01;31:*.lz=01;31:*.lzo=01;31:*.xz=01;31:*.zst=01;31:*.tzst=01;31:*.bz2=01;31:*.bz=01;31:*.tbz=01;31:*.tbz2=01;31:*.tz=01;31:*.deb=01;31:*.rpm=01;31:*.jar=01;31:*.war=01;31:*.ear=01;31:*.sar=01;31:*.rar=01;31:*.alz=01;31:*.ace=01;31:*.zoo=01;31:*.cpio=01;31:*.7z=01;31:*.rz=01;31:*.cab=01;31:*.wim=01;31:*.swm=01;31:*.dwm=01;31:*.esd=01;31:*.jpg=01;35:*.jpeg=01;35:*.mjpg=01;35:*.mjpeg=01;35:*.gif=01;35:*.bmp=01;35:*.pbm=01;35:*.pgm=01;35:*.ppm=01;35:*.tga=01;35:*.xbm=01;35:*.xpm=01;35:*.tif=01;35:*.tiff=01;35:*.png=01;35:*.svg=01;35:*.svgz=01;35:*.mng=01;35:*.pcx=01;35:*.mov=01;35:*.mpg=01;35:*.mpeg=01;35:*.m2v=01;35:*.mkv=01;35:*.webm=01;35:*.webp=01;35:*.ogm=01;35:*.mp4=01;35:*.m4v=01;35:*.mp4v=01;35:*.vob=01;35:*.qt=01;35:*.nuv=01;35:*.wmv=01;35:*.asf=01;35:*.rm=01;35:*.rmvb=01;35:*.flc=01;35:*.avi=01;35:*.fli=01;35:*.flv=01;35:*.gl=01;35:*.dl=01;35:*.xcf=01;35:*.xwd=01;35:*.yuv=01;35:*.cgm=01;35:*.emf=01;35:*.ogv=01;35:*.ogx=01;35:*.aac=00;36:*.au=00;36:*.flac=00;36:*.m4a=00;36:*.mid=00;36:*.midi=00;36:*.mka=00;36:*.mp3=00;36:*.mpc=00;36:*.ogg=00;36:*.ra=00;36:*.wav=00;36:*.oga=00;36:*.opus=00;36:*.spx=00;36:*.xspf=00;36:'), ('SSH_AGENT_LAUNCHER', 'gnome-keyring'), ('SSH_AUTH_SOCK', '/run/user/1000/keyring/ssh'), ('ROS_DOMAIN_ID', '0'), ('AMENT_PREFIX_PATH', '/media/subham/85dce0f4-2e29-4540-9a32-801850cfcef6/subham/LidarMapping2.5D/install/segmentation_lidar:/media/subham/85dce0f4-2e29-4540-9a32-801850cfcef6/subham/LidarMapping2.5D/install/velodyne_simulator:/media/subham/85dce0f4-2e29-4540-9a32-801850cfcef6/subham/LidarMapping2.5D/install/velodyne_description:/media/subham/85dce0f4-2e29-4540-9a32-801850cfcef6/subham/LidarMapping2.5D/install/velodyne_gazebo_plugins:/media/subham/85dce0f4-2e29-4540-9a32-801850cfcef6/subham/LidarMapping2.5D/install/salsanext_ros2:/media/subham/85dce0f4-2e29-4540-9a32-801850cfcef6/subham/LidarMapping2.5D/install/patchwork_plusplus:/media/subham/85dce0f4-2e29-4540-9a32-801850cfcef6/subham/LidarMapping2.5D/install/lid_simulation:/media/subham/85dce0f4-2e29-4540-9a32-801850cfcef6/subham/LidarMapping2.5D/install/lid_description:/media/subham/85dce0f4-2e29-4540-9a32-801850cfcef6/subham/LidarMapping2.5D/install/jsk_recognition_msgs:/media/subham/85dce0f4-2e29-4540-9a32-801850cfcef6/subham/LidarMapping2.5D/install/height_mapping_ros2:/media/subham/85dce0f4-2e29-4540-9a32-801850cfcef6/subham/LidarMapping2.5D/install/height_mapping_core:/media/subham/85dce0f4-2e29-4540-9a32-801850cfcef6/subham/LidarMapping2.5D/install/fastdem_ros2:/home/subham/omokai_ws/install/llm_simulation:/home/subham/omokai_ws/install/llm_prompt:/home/subham/omokai_ws/install/llm_navigation:/home/subham/omokai_ws/install/llm_description:/home/subham/Edge_AI_for_ADAS_and_Autonomous_Systems/install/adas_simulation:/home/subham/Edge_AI_for_ADAS_and_Autonomous_Systems/install/adas_perception:/home/subham/Edge_AI_for_ADAS_and_Autonomous_Systems/install/adas_navigation:/home/subham/Edge_AI_for_ADAS_and_Autonomous_Systems/install/adas_description:/home/subham/rover_ws/install/rover_navigation:/home/subham/rover_ws/install/rover_gazebo:/home/subham/rover_ws/install/rover_description:/home/subham/rover_ws/install/rf2o_laser_odometry:/home/subham/anvrit_ws/install/rplidar_ros:/home/subham/anvrit_ws/install/astra_camera:/home/subham/anvrit_ws/install/astra_camera_msgs:/home/subham/anvrit_ws/install/anvrit_perception:/home/subham/anvrit_ws/install/anvrit_odometry:/home/subham/anvrit_ws/install/anvrit_nav2:/home/subham/anvrit_ws/install/anvrit_description:/home/subham/igvc/install/velodyne_simulator:/home/subham/igvc/install/velodyne_description:/home/subham/igvc/install/velodyne_gazebo_plugins:/home/subham/igvc/install/igvc_simulation:/home/subham/igvc/install/igvc_perception:/home/subham/igvc/install/igvc_navigation:/home/subham/igvc/install/igvc_description:/home/subham/colcon_ws/install/ur_simulation_gz:/home/subham/colcon_ws/install/ur_description:/home/subham/colcon_ws/install/ur5_control_2481:/home/subham/colcon_ws/install/s2481_ebot_description:/home/subham/colcon_ws/install/ros2ai:/home/subham/colcon_ws/install/linkattacher_msgs:/home/subham/colcon_ws/install/eyantra_warehouse:/home/subham/colcon_ws/install/ackerman_description:/opt/ros/humble'), ('SHELL', '/bin/bash'), ('TERMINATOR_UUID', 'urn:uuid:577dd51d-23b3-4139-a8c6-d610a5169a81'), ('QT_ACCESSIBILITY', '1'), ('GDMSESSION', 'ubuntu'), ('LESSCLOSE', '/usr/bin/lesspipe %s %s'), ('IGN_GAZEBO_RESOURCE_PATH', '/media/subham/85dce0f4-2e29-4540-9a32-801850cfcef6/subham/subt_ws/src/subt_cave_sim/models:/home/subham/subt_ws/src/subt_cave_sim/models:'), ('QT_IM_MODULE', 'ibus'), ('PWD', '/media/subham/85dce0f4-2e29-4540-9a32-801850cfcef6/subham/LidarMapping2.5D/build/jsk_recognition_msgs'), ('TURTLEBOT3_MODEL', 'burger'), ('LC_ALL', 'en_US.UTF-8'), ('XDG_CONFIG_DIRS', '/etc/xdg/xdg-ubuntu:/etc/xdg'), ('NVM_CD_FLAGS', ''), ('XDG_DATA_DIRS', '/usr/share/ubuntu:/usr/local/share/:/usr/share/:/var/lib/snapd/desktop'), ('PYTHONPATH', '/media/subham/85dce0f4-2e29-4540-9a32-801850cfcef6/subham/LidarMapping2.5D/install/jsk_recognition_msgs/local/lib/python3.10/dist-packages:/media/subham/85dce0f4-2e29-4540-9a32-801850cfcef6/subham/LidarMapping2.5D/install/height_mapping_ros2/local/lib/python3.10/dist-packages:/home/subham/omokai_ws/build/llm_navigation:/home/subham/omokai_ws/install/llm_navigation/lib/python3.10/site-packages:/home/subham/Edge_AI_for_ADAS_and_Autonomous_Systems/build/adas_perception:/home/subham/Edge_AI_for_ADAS_and_Autonomous_Systems/install/adas_perception/lib/python3.10/site-packages:/home/subham/Edge_AI_for_ADAS_and_Autonomous_Systems/build/adas_navigation:/home/subham/Edge_AI_for_ADAS_and_Autonomous_Systems/install/adas_navigation/lib/python3.10/site-packages:/home/subham/rover_ws/build/rover_navigation:/home/subham/rover_ws/install/rover_navigation/lib/python3.10/site-packages:/home/subham/anvrit_ws/install/astra_camera_msgs/local/lib/python3.10/dist-packages:/home/subham/anvrit_ws/install/anvrit_perception/lib/python3.10/site-packages:/home/subham/anvrit_ws/install/anvrit_odometry/lib/python3.10/site-packages:/home/subham/anvrit_ws/install/anvrit_nav2/lib/python3.10/site-packages:/home/subham/igvc/build/igvc_perception:/home/subham/igvc/install/igvc_perception/lib/python3.10/site-packages:/home/subham/igvc/build/igvc_navigation:/home/subham/igvc/install/igvc_navigation/lib/python3.10/site-packages:/home/subham/colcon_ws/build/ros2ai:/home/subham/colcon_ws/install/ros2ai/lib/python3.10/site-packages:/home/subham/colcon_ws/install/linkattacher_msgs/local/lib/python3.10/dist-packages:/opt/ros/humble/lib/python3.10/site-packages:/opt/ros/humble/local/lib/python3.10/dist-packages'), ('COLCON', '1'), ('VTE_VERSION', '6800'), ('CMAKE_PREFIX_PATH', '/media/subham/85dce0f4-2e29-4540-9a32-801850cfcef6/subham/LidarMapping2.5D/install/segmentation_lidar:/media/subham/85dce0f4-2e29-4540-9a32-801850cfcef6/subham/LidarMapping2.5D/install/velodyne_simulator:/media/subham/85dce0f4-2e29-4540-9a32-801850cfcef6/subham/LidarMapping2.5D/install/velodyne_description:/media/subham/85dce0f4-2e29-4540-9a32-801850cfcef6/subham/LidarMapping2.5D/install/velodyne_gazebo_plugins:/media/subham/85dce0f4-2e29-4540-9a32-801850cfcef6/subham/LidarMapping2.5D/install/salsanext_ros2:/media/subham/85dce0f4-2e29-4540-9a32-801850cfcef6/subham/LidarMapping2.5D/install/patchwork_plusplus:/media/subham/85dce0f4-2e29-4540-9a32-801850cfcef6/subham/LidarMapping2.5D/install/lid_simulation:/media/subham/85dce0f4-2e29-4540-9a32-801850cfcef6/subham/LidarMapping2.5D/install/lid_description:/media/subham/85dce0f4-2e29-4540-9a32-801850cfcef6/subham/LidarMapping2.5D/install/jsk_recognition_msgs:/media/subham/85dce0f4-2e29-4540-9a32-801850cfcef6/subham/LidarMapping2.5D/install/height_mapping_ros2:/media/subham/85dce0f4-2e29-4540-9a32-801850cfcef6/subham/LidarMapping2.5D/install/height_mapping_core:/media/subham/85dce0f4-2e29-4540-9a32-801850cfcef6/subham/LidarMapping2.5D/install/fastdem_ros2:/media/subham/85dce0f4-2e29-4540-9a32-801850cfcef6/subham/LidarMapping2.5D/install/fastdem:/home/subham/omokai_ws/install/llm_simulation:/home/subham/omokai_ws/install/llm_prompt:/home/subham/omokai_ws/install/llm_description:/home/subham/Edge_AI_for_ADAS_and_Autonomous_Systems/install/adas_simulation:/home/subham/Edge_AI_for_ADAS_and_Autonomous_Systems/install/adas_description:/home/subham/rover_ws/install/rover_gazebo:/home/subham/rover_ws/install/rover_description:/home/subham/rover_ws/install/rf2o_laser_odometry:/home/subham/anvrit_ws/install/rplidar_ros:/home/subham/anvrit_ws/install/astra_camera:/home/subham/anvrit_ws/install/astra_camera_msgs:/home/subham/anvrit_ws/install/anvrit_description:/home/subham/igvc/install/velodyne_simulator:/home/subham/igvc/install/velodyne_description:/home/subham/igvc/install/velodyne_gazebo_plugins:/home/subham/igvc/install/igvc_simulation:/home/subham/igvc/install/igvc_description:/home/subham/colcon_ws/install/ur_simulation_gz:/home/subham/colcon_ws/install/ur_description:/home/subham/colcon_ws/install/ur5_control_2481:/home/subham/colcon_ws/install/s2481_ebot_description:/home/subham/colcon_ws/install/linkattacher_msgs:/home/subham/colcon_ws/install/eyantra_warehouse:/home/subham/colcon_ws/install/ackerman_description:/home/subham/omokai_ws/install/llm_navigation:/home/subham/Edge_AI_for_ADAS_and_Autonomous_Systems/install/adas_perception:/home/subham/Edge_AI_for_ADAS_and_Autonomous_Systems/install/adas_navigation:/home/subham/rover_ws/install/rover_navigation:/home/subham/anvrit_ws/install/anvrit_perception:/home/subham/anvrit_ws/install/anvrit_odometry:/home/subham/anvrit_ws/install/anvrit_nav2:/home/subham/igvc/install/igvc_perception:/home/subham/igvc/install/igvc_navigation:/home/subham/colcon_ws/install/ros2ai:/opt/ros/humble')]), 'shell': False}
[64.326595] (jsk_recognition_msgs) StdoutLine: {'line': b'-- Install configuration: ""\n'}
[64.327149] (jsk_recognition_msgs) StdoutLine: {'line': b'-- Execute custom install script\n'}
[64.327483] (jsk_recognition_msgs) StdoutLine: {'line': b'-- Symlinking: /media/subham/85dce0f4-2e29-4540-9a32-801850cfcef6/subham/LidarMapping2.5D/install/jsk_recognition_msgs/share/ament_index/resource_index/rosidl_interfaces/jsk_recognition_msgs\n'}
[64.340831] (jsk_recognition_msgs) StdoutLine: {'line': b'-- Symlinking: /media/subham/85dce0f4-2e29-4540-9a32-801850cfcef6/subham/LidarMapping2.5D/install/jsk_recognition_msgs/include/jsk_recognition_msgs/jsk_recognition_msgs/msg/detail/polygon_array__functions.h\n'}
[64.353842] (jsk_recognition_msgs) StdoutLine: {'line': b'-- Symlinking: /media/subham/85dce0f4-2e29-4540-9a32-801850cfcef6/subham/LidarMapping2.5D/install/jsk_recognition_msgs/include/jsk_recognition_msgs/jsk_recognition_msgs/msg/detail/polygon_array__struct.h\n'}
[64.367872] (jsk_recognition_msgs) StdoutLine: {'line': b'-- Symlinking: /media/subham/85dce0f4-2e29-4540-9a32-801850cfcef6/subham/LidarMapping2.5D/install/jsk_recognition_msgs/include/jsk_recognition_msgs/jsk_recognition_msgs/msg/detail/polygon_array__type_support.h\n'}
[64.379475] (jsk_recognition_msgs) StdoutLine: {'line': b'-- Symlinking: /media/subham/85dce0f4-2e29-4540-9a32-801850cfcef6/subham/LidarMapping2.5D/install/jsk_recognition_msgs/include/jsk_recognition_msgs/jsk_recognition_msgs/msg/polygon_array.h\n'}
[64.385791] (-) TimerEvent: {}
[64.392747] (jsk_recognition_msgs) StdoutLine: {'line': b'-- Symlinking: /media/subham/85dce0f4-2e29-4540-9a32-801850cfcef6/subham/LidarMapping2.5D/install/jsk_recognition_msgs/include/jsk_recognition_msgs/jsk_recognition_msgs/msg/rosidl_generator_c__visibility_control.h\n'}
[64.405742] (jsk_recognition_msgs) StdoutLine: {'line': b'-- Symlinking: /media/subham/85dce0f4-2e29-4540-9a32-801850cfcef6/subham/LidarMapping2.5D/install/jsk_recognition_msgs/share/jsk_recognition_msgs/environment/library_path.sh\n'}
[64.417320] (jsk_recognition_msgs) StdoutLine: {'line': b'-- Symlinking: /media/subham/85dce0f4-2e29-4540-9a32-801850cfcef6/subham/LidarMapping2.5D/install/jsk_recognition_msgs/share/jsk_recognition_msgs/environment/library_path.dsv\n'}
[64.429901] (jsk_recognition_msgs) StdoutLine: {'line': b'-- Symlinking: /media/subham/85dce0f4-2e29-4540-9a32-801850cfcef6/subham/LidarMapping2.5D/install/jsk_recognition_msgs/include/jsk_recognition_msgs/jsk_recognition_msgs/msg/detail/polygon_array__rosidl_typesupport_fastrtps_c.h\n'}
[64.440924] (jsk_recognition_msgs) StdoutLine: {'line': b'-- Symlinking: /media/subham/85dce0f4-2e29-4540-9a32-801850cfcef6/subham/LidarMapping2.5D/install/jsk_recognition_msgs/include/jsk_recognition_msgs/jsk_recognition_msgs/msg/rosidl_typesupport_fastrtps_c__visibility_control.h\n'}
[64.455278] (jsk_recognition_msgs) StdoutLine: {'line': b'-- Symlinking: /media/subham/85dce0f4-2e29-4540-9a32-801850cfcef6/subham/LidarMapping2.5D/install/jsk_recognition_msgs/include/jsk_recognition_msgs/jsk_recognition_msgs/msg/detail/polygon_array__builder.hpp\n'}
[64.469653] (jsk_recognition_msgs) StdoutLine: {'line': b'-- Symlinking: /media/subham/85dce0f4-2e29-4540-9a32-801850cfcef6/subham/LidarMapping2.5D/install/jsk_recognition_msgs/include/jsk_recognition_msgs/jsk_recognition_msgs/msg/detail/polygon_array__struct.hpp\n'}
[64.486108] (-) TimerEvent: {}
[64.491095] (jsk_recognition_msgs) StdoutLine: {'line': b'-- Symlinking: /media/subham/85dce0f4-2e29-4540-9a32-801850cfcef6/subham/LidarMapping2.5D/install/jsk_recognition_msgs/include/jsk_recognition_msgs/jsk_recognition_msgs/msg/detail/polygon_array__traits.hpp\n'}
[64.508644] (jsk_recognition_msgs) StdoutLine: {'line': b'-- Symlinking: /media/subham/85dce0f4-2e29-4540-9a32-801850cfcef6/subham/LidarMapping2.5D/install/jsk_recognition_msgs/include/jsk_recognition_msgs/jsk_recognition_msgs/msg/detail/polygon_array__type_support.hpp\n'}
[64.526770] (jsk_recognition_msgs) StdoutLine: {'line': b'-- Symlinking: /media/subham/85dce0f4-2e29-4540-9a32-801850cfcef6/subham/LidarMapping2.5D/install/jsk_recognition_msgs/include/jsk_recognition_msgs/jsk_recognition_msgs/msg/polygon_array.hpp\n'}
[64.541402] (jsk_recognition_msgs) StdoutLine: {'line': b'-- Symlinking: /media/subham/85dce0f4-2e29-4540-9a32-801850cfcef6/subham/LidarMapping2.5D/install/jsk_recognition_msgs/include/jsk_recognition_msgs/jsk_recognition_msgs/msg/rosidl_generator_cpp__visibility_control.hpp\n'}
[64.557736] (jsk_recognition_msgs) StdoutLine: {'line': b'-- Symlinking: /media/subham/85dce0f4-2e29-4540-9a32-801850cfcef6/subham/LidarMapping2.5D/install/jsk_recognition_msgs/include/jsk_recognition_msgs/jsk_recognition_msgs/msg/detail/polygon_array__rosidl_typesupport_fastrtps_cpp.hpp\n'}
[64.570863] (jsk_recognition_msgs) StdoutLine: {'line': b'-- Symlinking: /media/subham/85dce0f4-2e29-4540-9a32-801850cfcef6/subham/LidarMapping2.5D/install/jsk_recognition_msgs/include/jsk_recognition_msgs/jsk_recognition_msgs/msg/rosidl_typesupport_fastrtps_cpp__visibility_control.h\n'}
[64.583278] (jsk_recognition_msgs) StdoutLine: {'line': b'-- Symlinking: /media/subham/85dce0f4-2e29-4540-9a32-801850cfcef6/subham/LidarMapping2.5D/install/jsk_recognition_msgs/include/jsk_recognition_msgs/jsk_recognition_msgs/msg/detail/polygon_array__rosidl_typesupport_introspection_c.h\n'}
[64.586202] (-) TimerEvent: {}
[64.595636] (jsk_recognition_msgs) StdoutLine: {'line': b'-- Symlinking: /media/subham/85dce0f4-2e29-4540-9a32-801850cfcef6/subham/LidarMapping2.5D/install/jsk_recognition_msgs/include/jsk_recognition_msgs/jsk_recognition_msgs/msg/rosidl_typesupport_introspection_c__visibility_control.h\n'}
[64.609881] (jsk_recognition_msgs) StdoutLine: {'line': b'-- Symlinking: /media/subham/85dce0f4-2e29-4540-9a32-801850cfcef6/subham/LidarMapping2.5D/install/jsk_recognition_msgs/include/jsk_recognition_msgs/jsk_recognition_msgs/msg/detail/polygon_array__rosidl_typesupport_introspection_cpp.hpp\n'}
[64.625368] (jsk_recognition_msgs) StdoutLine: {'line': b'-- Symlinking: /media/subham/85dce0f4-2e29-4540-9a32-801850cfcef6/subham/LidarMapping2.5D/install/jsk_recognition_msgs/share/jsk_recognition_msgs/environment/pythonpath.sh\n'}
[64.638201] (jsk_recognition_msgs) StdoutLine: {'line': b'-- Symlinking: /media/subham/85dce0f4-2e29-4540-9a32-801850cfcef6/subham/LidarMapping2.5D/install/jsk_recognition_msgs/share/jsk_recognition_msgs/environment/pythonpath.dsv\n'}
[64.649921] (jsk_recognition_msgs) StdoutLine: {'line': b'-- Symlinking: /media/subham/85dce0f4-2e29-4540-9a32-801850cfcef6/subham/LidarMapping2.5D/install/jsk_recognition_msgs/local/lib/python3.10/dist-packages/jsk_recognition_msgs-0.0.0-py3.10.egg-info/PKG-INFO\n'}
[64.661808] (jsk_recognition_msgs) StdoutLine: {'line': b'-- Symlinking: /media/subham/85dce0f4-2e29-4540-9a32-801850cfcef6/subham/LidarMapping2.5D/install/jsk_recognition_msgs/local/lib/python3.10/dist-packages/jsk_recognition_msgs-0.0.0-py3.10.egg-info/SOURCES.txt\n'}
[64.674019] (jsk_recognition_msgs) StdoutLine: {'line': b'-- Symlinking: /media/subham/85dce0f4-2e29-4540-9a32-801850cfcef6/subham/LidarMapping2.5D/install/jsk_recognition_msgs/local/lib/python3.10/dist-packages/jsk_recognition_msgs-0.0.0-py3.10.egg-info/dependency_links.txt\n'}
[64.686332] (-) TimerEvent: {}
[64.688379] (jsk_recognition_msgs) StdoutLine: {'line': b'-- Symlinking: /media/subham/85dce0f4-2e29-4540-9a32-801850cfcef6/subham/LidarMapping2.5D/install/jsk_recognition_msgs/local/lib/python3.10/dist-packages/jsk_recognition_msgs-0.0.0-py3.10.egg-info/top_level.txt\n'}
[64.701228] (jsk_recognition_msgs) StdoutLine: {'line': b'-- Symlinking: /media/subham/85dce0f4-2e29-4540-9a32-801850cfcef6/subham/LidarMapping2.5D/install/jsk_recognition_msgs/local/lib/python3.10/dist-packages/jsk_recognition_msgs/__init__.py\n'}
[64.712407] (jsk_recognition_msgs) StdoutLine: {'line': b'-- Symlinking: /media/subham/85dce0f4-2e29-4540-9a32-801850cfcef6/subham/LidarMapping2.5D/install/jsk_recognition_msgs/local/lib/python3.10/dist-packages/jsk_recognition_msgs/_jsk_recognition_msgs_s.ep.rosidl_typesupport_c.c\n'}
[64.726303] (jsk_recognition_msgs) StdoutLine: {'line': b'-- Symlinking: /media/subham/85dce0f4-2e29-4540-9a32-801850cfcef6/subham/LidarMapping2.5D/install/jsk_recognition_msgs/local/lib/python3.10/dist-packages/jsk_recognition_msgs/_jsk_recognition_msgs_s.ep.rosidl_typesupport_fastrtps_c.c\n'}
[64.738926] (jsk_recognition_msgs) StdoutLine: {'line': b'-- Symlinking: /media/subham/85dce0f4-2e29-4540-9a32-801850cfcef6/subham/LidarMapping2.5D/install/jsk_recognition_msgs/local/lib/python3.10/dist-packages/jsk_recognition_msgs/_jsk_recognition_msgs_s.ep.rosidl_typesupport_introspection_c.c\n'}
[64.755686] (jsk_recognition_msgs) StdoutLine: {'line': b'-- Symlinking: /media/subham/85dce0f4-2e29-4540-9a32-801850cfcef6/subham/LidarMapping2.5D/install/jsk_recognition_msgs/local/lib/python3.10/dist-packages/jsk_recognition_msgs/jsk_recognition_msgs_s__rosidl_typesupport_c.cpython-310-x86_64-linux-gnu.so\n'}
[64.770096] (jsk_recognition_msgs) StdoutLine: {'line': b'-- Symlinking: /media/subham/85dce0f4-2e29-4540-9a32-801850cfcef6/subham/LidarMapping2.5D/install/jsk_recognition_msgs/local/lib/python3.10/dist-packages/jsk_recognition_msgs/jsk_recognition_msgs_s__rosidl_typesupport_fastrtps_c.cpython-310-x86_64-linux-gnu.so\n'}
[64.781274] (jsk_recognition_msgs) StdoutLine: {'line': b'-- Symlinking: /media/subham/85dce0f4-2e29-4540-9a32-801850cfcef6/subham/LidarMapping2.5D/install/jsk_recognition_msgs/local/lib/python3.10/dist-packages/jsk_recognition_msgs/jsk_recognition_msgs_s__rosidl_typesupport_introspection_c.cpython-310-x86_64-linux-gnu.so\n'}
[64.786464] (-) TimerEvent: {}
[64.794526] (jsk_recognition_msgs) StdoutLine: {'line': b'-- Symlinking: /media/subham/85dce0f4-2e29-4540-9a32-801850cfcef6/subham/LidarMapping2.5D/install/jsk_recognition_msgs/local/lib/python3.10/dist-packages/jsk_recognition_msgs/libjsk_recognition_msgs__rosidl_generator_py.so\n'}
[64.805866] (jsk_recognition_msgs) StdoutLine: {'line': b'-- Symlinking: /media/subham/85dce0f4-2e29-4540-9a32-801850cfcef6/subham/LidarMapping2.5D/install/jsk_recognition_msgs/local/lib/python3.10/dist-packages/jsk_recognition_msgs/msg/__init__.py\n'}
[64.820846] (jsk_recognition_msgs) StdoutLine: {'line': b'-- Symlinking: /media/subham/85dce0f4-2e29-4540-9a32-801850cfcef6/subham/LidarMapping2.5D/install/jsk_recognition_msgs/local/lib/python3.10/dist-packages/jsk_recognition_msgs/msg/_polygon_array.py\n'}
[64.832760] (jsk_recognition_msgs) StdoutLine: {'line': b'-- Symlinking: /media/subham/85dce0f4-2e29-4540-9a32-801850cfcef6/subham/LidarMapping2.5D/install/jsk_recognition_msgs/local/lib/python3.10/dist-packages/jsk_recognition_msgs/msg/_polygon_array_s.c\n'}
[64.845142] (jsk_recognition_msgs) StdoutLine: {'line': b'-- Up-to-date symlink: /media/subham/85dce0f4-2e29-4540-9a32-801850cfcef6/subham/LidarMapping2.5D/install/jsk_recognition_msgs/local/lib/python3.10/dist-packages/jsk_recognition_msgs/jsk_recognition_msgs_s__rosidl_typesupport_fastrtps_c.cpython-310-x86_64-linux-gnu.so\n'}
[64.845529] (jsk_recognition_msgs) StdoutLine: {'line': b'-- Up-to-date symlink: /media/subham/85dce0f4-2e29-4540-9a32-801850cfcef6/subham/LidarMapping2.5D/install/jsk_recognition_msgs/local/lib/python3.10/dist-packages/jsk_recognition_msgs/jsk_recognition_msgs_s__rosidl_typesupport_introspection_c.cpython-310-x86_64-linux-gnu.so\n'}
[64.845786] (jsk_recognition_msgs) StdoutLine: {'line': b'-- Up-to-date symlink: /media/subham/85dce0f4-2e29-4540-9a32-801850cfcef6/subham/LidarMapping2.5D/install/jsk_recognition_msgs/local/lib/python3.10/dist-packages/jsk_recognition_msgs/jsk_recognition_msgs_s__rosidl_typesupport_c.cpython-310-x86_64-linux-gnu.so\n'}
[64.845977] (jsk_recognition_msgs) StdoutLine: {'line': b'-- Symlinking: /media/subham/85dce0f4-2e29-4540-9a32-801850cfcef6/subham/LidarMapping2.5D/install/jsk_recognition_msgs/share/ament_index/resource_index/rust_packages/jsk_recognition_msgs\n'}
[64.859842] (jsk_recognition_msgs) StdoutLine: {'line': b'-- Symlinking: /media/subham/85dce0f4-2e29-4540-9a32-801850cfcef6/subham/LidarMapping2.5D/install/jsk_recognition_msgs/share/jsk_recognition_msgs/rust/Cargo.toml\n'}
[64.871201] (jsk_recognition_msgs) StdoutLine: {'line': b'-- Symlinking: /media/subham/85dce0f4-2e29-4540-9a32-801850cfcef6/subham/LidarMapping2.5D/install/jsk_recognition_msgs/share/jsk_recognition_msgs/rust/build.rs\n'}
[64.883311] (jsk_recognition_msgs) StdoutLine: {'line': b'-- Symlinking: /media/subham/85dce0f4-2e29-4540-9a32-801850cfcef6/subham/LidarMapping2.5D/install/jsk_recognition_msgs/share/jsk_recognition_msgs/rust/src/lib.rs\n'}
[64.886663] (-) TimerEvent: {}
[64.894934] (jsk_recognition_msgs) StdoutLine: {'line': b'-- Symlinking: /media/subham/85dce0f4-2e29-4540-9a32-801850cfcef6/subham/LidarMapping2.5D/install/jsk_recognition_msgs/share/jsk_recognition_msgs/rust/src/msg.rs\n'}
[64.908321] (jsk_recognition_msgs) StdoutLine: {'line': b'-- Symlinking: /media/subham/85dce0f4-2e29-4540-9a32-801850cfcef6/subham/LidarMapping2.5D/install/jsk_recognition_msgs/share/jsk_recognition_msgs/rust/src/msg/rmw.rs\n'}
[64.923369] (jsk_recognition_msgs) StdoutLine: {'line': b'-- Symlinking: /media/subham/85dce0f4-2e29-4540-9a32-801850cfcef6/subham/LidarMapping2.5D/install/jsk_recognition_msgs/share/jsk_recognition_msgs/msg/PolygonArray.idl\n'}
[64.934493] (jsk_recognition_msgs) StdoutLine: {'line': b'-- Symlinking: /media/subham/85dce0f4-2e29-4540-9a32-801850cfcef6/subham/LidarMapping2.5D/install/jsk_recognition_msgs/share/jsk_recognition_msgs/msg/PolygonArray.msg\n'}
[64.945677] (jsk_recognition_msgs) StdoutLine: {'line': b'-- Symlinking: /media/subham/85dce0f4-2e29-4540-9a32-801850cfcef6/subham/LidarMapping2.5D/install/jsk_recognition_msgs/share/ament_index/resource_index/package_run_dependencies/jsk_recognition_msgs\n'}
[64.958976] (jsk_recognition_msgs) StdoutLine: {'line': b'-- Symlinking: /media/subham/85dce0f4-2e29-4540-9a32-801850cfcef6/subham/LidarMapping2.5D/install/jsk_recognition_msgs/share/ament_index/resource_index/parent_prefix_path/jsk_recognition_msgs\n'}
[64.970208] (jsk_recognition_msgs) StdoutLine: {'line': b'-- Symlinking: /media/subham/85dce0f4-2e29-4540-9a32-801850cfcef6/subham/LidarMapping2.5D/install/jsk_recognition_msgs/share/jsk_recognition_msgs/environment/ament_prefix_path.sh\n'}
[64.981640] (jsk_recognition_msgs) StdoutLine: {'line': b'-- Symlinking: /media/subham/85dce0f4-2e29-4540-9a32-801850cfcef6/subham/LidarMapping2.5D/install/jsk_recognition_msgs/share/jsk_recognition_msgs/environment/ament_prefix_path.dsv\n'}
[64.986767] (-) TimerEvent: {}
[64.994569] (jsk_recognition_msgs) StdoutLine: {'line': b'-- Symlinking: /media/subham/85dce0f4-2e29-4540-9a32-801850cfcef6/subham/LidarMapping2.5D/install/jsk_recognition_msgs/share/jsk_recognition_msgs/environment/path.sh\n'}
[65.006913] (jsk_recognition_msgs) StdoutLine: {'line': b'-- Symlinking: /media/subham/85dce0f4-2e29-4540-9a32-801850cfcef6/subham/LidarMapping2.5D/install/jsk_recognition_msgs/share/jsk_recognition_msgs/environment/path.dsv\n'}
[65.022928] (jsk_recognition_msgs) StdoutLine: {'line': b'-- Symlinking: /media/subham/85dce0f4-2e29-4540-9a32-801850cfcef6/subham/LidarMapping2.5D/install/jsk_recognition_msgs/share/jsk_recognition_msgs/local_setup.bash\n'}
[65.034838] (jsk_recognition_msgs) StdoutLine: {'line': b'-- Symlinking: /media/subham/85dce0f4-2e29-4540-9a32-801850cfcef6/subham/LidarMapping2.5D/install/jsk_recognition_msgs/share/jsk_recognition_msgs/local_setup.sh\n'}
[65.047622] (jsk_recognition_msgs) StdoutLine: {'line': b'-- Symlinking: /media/subham/85dce0f4-2e29-4540-9a32-801850cfcef6/subham/LidarMapping2.5D/install/jsk_recognition_msgs/share/jsk_recognition_msgs/local_setup.zsh\n'}
[65.059104] (jsk_recognition_msgs) StdoutLine: {'line': b'-- Symlinking: /media/subham/85dce0f4-2e29-4540-9a32-801850cfcef6/subham/LidarMapping2.5D/install/jsk_recognition_msgs/share/jsk_recognition_msgs/local_setup.dsv\n'}
[65.072317] (jsk_recognition_msgs) StdoutLine: {'line': b'-- Symlinking: /media/subham/85dce0f4-2e29-4540-9a32-801850cfcef6/subham/LidarMapping2.5D/install/jsk_recognition_msgs/share/jsk_recognition_msgs/package.dsv\n'}
[65.085724] (jsk_recognition_msgs) StdoutLine: {'line': b'-- Symlinking: /media/subham/85dce0f4-2e29-4540-9a32-801850cfcef6/subham/LidarMapping2.5D/install/jsk_recognition_msgs/share/ament_index/resource_index/packages/jsk_recognition_msgs\n'}
[65.086839] (-) TimerEvent: {}
[65.098284] (jsk_recognition_msgs) StdoutLine: {'line': b'-- Symlinking: /media/subham/85dce0f4-2e29-4540-9a32-801850cfcef6/subham/LidarMapping2.5D/install/jsk_recognition_msgs/share/jsk_recognition_msgs/cmake/rosidl_cmake-extras.cmake\n'}
[65.109187] (jsk_recognition_msgs) StdoutLine: {'line': b'-- Symlinking: /media/subham/85dce0f4-2e29-4540-9a32-801850cfcef6/subham/LidarMapping2.5D/install/jsk_recognition_msgs/share/jsk_recognition_msgs/cmake/ament_cmake_export_dependencies-extras.cmake\n'}
[65.122714] (jsk_recognition_msgs) StdoutLine: {'line': b'-- Symlinking: /media/subham/85dce0f4-2e29-4540-9a32-801850cfcef6/subham/LidarMapping2.5D/install/jsk_recognition_msgs/share/jsk_recognition_msgs/cmake/ament_cmake_export_include_directories-extras.cmake\n'}
[65.137190] (jsk_recognition_msgs) StdoutLine: {'line': b'-- Symlinking: /media/subham/85dce0f4-2e29-4540-9a32-801850cfcef6/subham/LidarMapping2.5D/install/jsk_recognition_msgs/share/jsk_recognition_msgs/cmake/ament_cmake_export_libraries-extras.cmake\n'}
[65.148878] (jsk_recognition_msgs) StdoutLine: {'line': b'-- Symlinking: /media/subham/85dce0f4-2e29-4540-9a32-801850cfcef6/subham/LidarMapping2.5D/install/jsk_recognition_msgs/share/jsk_recognition_msgs/cmake/ament_cmake_export_targets-extras.cmake\n'}
[65.160478] (jsk_recognition_msgs) StdoutLine: {'line': b'-- Symlinking: /media/subham/85dce0f4-2e29-4540-9a32-801850cfcef6/subham/LidarMapping2.5D/install/jsk_recognition_msgs/share/jsk_recognition_msgs/cmake/rosidl_cmake_export_typesupport_targets-extras.cmake\n'}
[65.172346] (jsk_recognition_msgs) StdoutLine: {'line': b'-- Symlinking: /media/subham/85dce0f4-2e29-4540-9a32-801850cfcef6/subham/LidarMapping2.5D/install/jsk_recognition_msgs/share/jsk_recognition_msgs/cmake/rosidl_cmake_export_typesupport_libraries-extras.cmake\n'}
[65.184810] (jsk_recognition_msgs) StdoutLine: {'line': b'-- Symlinking: /media/subham/85dce0f4-2e29-4540-9a32-801850cfcef6/subham/LidarMapping2.5D/install/jsk_recognition_msgs/share/jsk_recognition_msgs/cmake/rosidl_cmake_aggregate_target-extras.cmake\n'}
[65.186940] (-) TimerEvent: {}
[65.196596] (jsk_recognition_msgs) StdoutLine: {'line': b'-- Symlinking: /media/subham/85dce0f4-2e29-4540-9a32-801850cfcef6/subham/LidarMapping2.5D/install/jsk_recognition_msgs/share/jsk_recognition_msgs/cmake/jsk_recognition_msgsConfig.cmake\n'}
[65.209551] (jsk_recognition_msgs) StdoutLine: {'line': b'-- Symlinking: /media/subham/85dce0f4-2e29-4540-9a32-801850cfcef6/subham/LidarMapping2.5D/install/jsk_recognition_msgs/share/jsk_recognition_msgs/cmake/jsk_recognition_msgsConfig-version.cmake\n'}
[65.223305] (jsk_recognition_msgs) StdoutLine: {'line': b'-- Symlinking: /media/subham/85dce0f4-2e29-4540-9a32-801850cfcef6/subham/LidarMapping2.5D/install/jsk_recognition_msgs/share/jsk_recognition_msgs/package.xml\n'}
[65.236368] (jsk_recognition_msgs) StdoutLine: {'line': b'-- Installing: /media/subham/85dce0f4-2e29-4540-9a32-801850cfcef6/subham/LidarMapping2.5D/install/jsk_recognition_msgs/lib/libjsk_recognition_msgs__rosidl_generator_c.so\n'}
[65.238608] (jsk_recognition_msgs) StdoutLine: {'line': b'-- Set runtime path of "/media/subham/85dce0f4-2e29-4540-9a32-801850cfcef6/subham/LidarMapping2.5D/install/jsk_recognition_msgs/lib/libjsk_recognition_msgs__rosidl_generator_c.so" to ""\n'}
[65.238792] (jsk_recognition_msgs) StdoutLine: {'line': b'-- Installing: /media/subham/85dce0f4-2e29-4540-9a32-801850cfcef6/subham/LidarMapping2.5D/install/jsk_recognition_msgs/lib/libjsk_recognition_msgs__rosidl_typesupport_fastrtps_c.so\n'}
[65.239350] (jsk_recognition_msgs) StdoutLine: {'line': b'-- Set runtime path of "/media/subham/85dce0f4-2e29-4540-9a32-801850cfcef6/subham/LidarMapping2.5D/install/jsk_recognition_msgs/lib/libjsk_recognition_msgs__rosidl_typesupport_fastrtps_c.so" to ""\n'}
[65.239514] (jsk_recognition_msgs) StdoutLine: {'line': b'-- Installing: /media/subham/85dce0f4-2e29-4540-9a32-801850cfcef6/subham/LidarMapping2.5D/install/jsk_recognition_msgs/lib/libjsk_recognition_msgs__rosidl_typesupport_fastrtps_cpp.so\n'}
[65.240237] (jsk_recognition_msgs) StdoutLine: {'line': b'-- Set runtime path of "/media/subham/85dce0f4-2e29-4540-9a32-801850cfcef6/subham/LidarMapping2.5D/install/jsk_recognition_msgs/lib/libjsk_recognition_msgs__rosidl_typesupport_fastrtps_cpp.so" to ""\n'}
[65.240344] (jsk_recognition_msgs) StdoutLine: {'line': b'-- Installing: /media/subham/85dce0f4-2e29-4540-9a32-801850cfcef6/subham/LidarMapping2.5D/install/jsk_recognition_msgs/lib/libjsk_recognition_msgs__rosidl_typesupport_introspection_c.so\n'}
[65.240625] (jsk_recognition_msgs) StdoutLine: {'line': b'-- Set runtime path of "/media/subham/85dce0f4-2e29-4540-9a32-801850cfcef6/subham/LidarMapping2.5D/install/jsk_recognition_msgs/lib/libjsk_recognition_msgs__rosidl_typesupport_introspection_c.so" to ""\n'}
[65.240702] (jsk_recognition_msgs) StdoutLine: {'line': b'-- Installing: /media/subham/85dce0f4-2e29-4540-9a32-801850cfcef6/subham/LidarMapping2.5D/install/jsk_recognition_msgs/lib/libjsk_recognition_msgs__rosidl_typesupport_c.so\n'}
[65.240982] (jsk_recognition_msgs) StdoutLine: {'line': b'-- Set runtime path of "/media/subham/85dce0f4-2e29-4540-9a32-801850cfcef6/subham/LidarMapping2.5D/install/jsk_recognition_msgs/lib/libjsk_recognition_msgs__rosidl_typesupport_c.so" to ""\n'}
[65.241056] (jsk_recognition_msgs) StdoutLine: {'line': b'-- Installing: /media/subham/85dce0f4-2e29-4540-9a32-801850cfcef6/subham/LidarMapping2.5D/install/jsk_recognition_msgs/lib/libjsk_recognition_msgs__rosidl_typesupport_introspection_cpp.so\n'}
[65.241528] (jsk_recognition_msgs) StdoutLine: {'line': b'-- Set runtime path of "/media/subham/85dce0f4-2e29-4540-9a32-801850cfcef6/subham/LidarMapping2.5D/install/jsk_recognition_msgs/lib/libjsk_recognition_msgs__rosidl_typesupport_introspection_cpp.so" to ""\n'}
[65.241611] (jsk_recognition_msgs) StdoutLine: {'line': b'-- Installing: /media/subham/85dce0f4-2e29-4540-9a32-801850cfcef6/subham/LidarMapping2.5D/install/jsk_recognition_msgs/lib/libjsk_recognition_msgs__rosidl_typesupport_cpp.so\n'}
[65.241905] (jsk_recognition_msgs) StdoutLine: {'line': b'-- Set runtime path of "/media/subham/85dce0f4-2e29-4540-9a32-801850cfcef6/subham/LidarMapping2.5D/install/jsk_recognition_msgs/lib/libjsk_recognition_msgs__rosidl_typesupport_cpp.so" to ""\n'}
[65.287052] (-) TimerEvent: {}
[65.291344] (jsk_recognition_msgs) StdoutLine: {'line': b"Listing '/media/subham/85dce0f4-2e29-4540-9a32-801850cfcef6/subham/LidarMapping2.5D/install/jsk_recognition_msgs/local/lib/python3.10/dist-packages/jsk_recognition_msgs'...\n"}
[65.291496] (jsk_recognition_msgs) StdoutLine: {'line': b"Compiling '/media/subham/85dce0f4-2e29-4540-9a32-801850cfcef6/subham/LidarMapping2.5D/install/jsk_recognition_msgs/local/lib/python3.10/dist-packages/jsk_recognition_msgs/__init__.py'...\n"}
[65.291544] (jsk_recognition_msgs) StdoutLine: {'line': b"Listing '/media/subham/85dce0f4-2e29-4540-9a32-801850cfcef6/subham/LidarMapping2.5D/install/jsk_recognition_msgs/local/lib/python3.10/dist-packages/jsk_recognition_msgs/msg'...\n"}
[65.291586] (jsk_recognition_msgs) StdoutLine: {'line': b"Compiling '/media/subham/85dce0f4-2e29-4540-9a32-801850cfcef6/subham/LidarMapping2.5D/install/jsk_recognition_msgs/local/lib/python3.10/dist-packages/jsk_recognition_msgs/msg/__init__.py'...\n"}
[65.291626] (jsk_recognition_msgs) StdoutLine: {'line': b"Compiling '/media/subham/85dce0f4-2e29-4540-9a32-801850cfcef6/subham/LidarMapping2.5D/install/jsk_recognition_msgs/local/lib/python3.10/dist-packages/jsk_recognition_msgs/msg/_polygon_array.py'...\n"}
[65.297140] (jsk_recognition_msgs) StdoutLine: {'line': b'-- Installing: /media/subham/85dce0f4-2e29-4540-9a32-801850cfcef6/subham/LidarMapping2.5D/install/jsk_recognition_msgs/lib/libjsk_recognition_msgs__rosidl_generator_py.so\n'}
[65.297978] (jsk_recognition_msgs) StdoutLine: {'line': b'-- Set runtime path of "/media/subham/85dce0f4-2e29-4540-9a32-801850cfcef6/subham/LidarMapping2.5D/install/jsk_recognition_msgs/lib/libjsk_recognition_msgs__rosidl_generator_py.so" to ""\n'}
[65.298320] (jsk_recognition_msgs) StdoutLine: {'line': b'-- Installing: /media/subham/85dce0f4-2e29-4540-9a32-801850cfcef6/subham/LidarMapping2.5D/install/jsk_recognition_msgs/share/jsk_recognition_msgs/cmake/export_jsk_recognition_msgs__rosidl_generator_cExport.cmake\n'}
[65.298598] (jsk_recognition_msgs) StdoutLine: {'line': b'-- Installing: /media/subham/85dce0f4-2e29-4540-9a32-801850cfcef6/subham/LidarMapping2.5D/install/jsk_recognition_msgs/share/jsk_recognition_msgs/cmake/export_jsk_recognition_msgs__rosidl_generator_cExport-noconfig.cmake\n'}
[65.298824] (jsk_recognition_msgs) StdoutLine: {'line': b'-- Installing: /media/subham/85dce0f4-2e29-4540-9a32-801850cfcef6/subham/LidarMapping2.5D/install/jsk_recognition_msgs/share/jsk_recognition_msgs/cmake/export_jsk_recognition_msgs__rosidl_typesupport_fastrtps_cExport.cmake\n'}
[65.299187] (jsk_recognition_msgs) StdoutLine: {'line': b'-- Installing: /media/subham/85dce0f4-2e29-4540-9a32-801850cfcef6/subham/LidarMapping2.5D/install/jsk_recognition_msgs/share/jsk_recognition_msgs/cmake/export_jsk_recognition_msgs__rosidl_typesupport_fastrtps_cExport-noconfig.cmake\n'}
[65.299442] (jsk_recognition_msgs) StdoutLine: {'line': b'-- Installing: /media/subham/85dce0f4-2e29-4540-9a32-801850cfcef6/subham/LidarMapping2.5D/install/jsk_recognition_msgs/share/jsk_recognition_msgs/cmake/export_jsk_recognition_msgs__rosidl_generator_cppExport.cmake\n'}
[65.299625] (jsk_recognition_msgs) StdoutLine: {'line': b'-- Installing: /media/subham/85dce0f4-2e29-4540-9a32-801850cfcef6/subham/LidarMapping2.5D/install/jsk_recognition_msgs/share/jsk_recognition_msgs/cmake/export_jsk_recognition_msgs__rosidl_typesupport_fastrtps_cppExport.cmake\n'}
[65.299788] (jsk_recognition_msgs) StdoutLine: {'line': b'-- Installing: /media/subham/85dce0f4-2e29-4540-9a32-801850cfcef6/subham/LidarMapping2.5D/install/jsk_recognition_msgs/share/jsk_recognition_msgs/cmake/export_jsk_recognition_msgs__rosidl_typesupport_fastrtps_cppExport-noconfig.cmake\n'}
[65.299937] (jsk_recognition_msgs) StdoutLine: {'line': b'-- Installing: /media/subham/85dce0f4-2e29-4540-9a32-801850cfcef6/subham/LidarMapping2.5D/install/jsk_recognition_msgs/share/jsk_recognition_msgs/cmake/jsk_recognition_msgs__rosidl_typesupport_introspection_cExport.cmake\n'}
[65.300054] (jsk_recognition_msgs) StdoutLine: {'line': b'-- Installing: /media/subham/85dce0f4-2e29-4540-9a32-801850cfcef6/subham/LidarMapping2.5D/install/jsk_recognition_msgs/share/jsk_recognition_msgs/cmake/jsk_recognition_msgs__rosidl_typesupport_introspection_cExport-noconfig.cmake\n'}
[65.300132] (jsk_recognition_msgs) StdoutLine: {'line': b'-- Installing: /media/subham/85dce0f4-2e29-4540-9a32-801850cfcef6/subham/LidarMapping2.5D/install/jsk_recognition_msgs/share/jsk_recognition_msgs/cmake/jsk_recognition_msgs__rosidl_typesupport_cExport.cmake\n'}
[65.300271] (jsk_recognition_msgs) StdoutLine: {'line': b'-- Installing: /media/subham/85dce0f4-2e29-4540-9a32-801850cfcef6/subham/LidarMapping2.5D/install/jsk_recognition_msgs/share/jsk_recognition_msgs/cmake/jsk_recognition_msgs__rosidl_typesupport_cExport-noconfig.cmake\n'}
[65.300466] (jsk_recognition_msgs) StdoutLine: {'line': b'-- Installing: /media/subham/85dce0f4-2e29-4540-9a32-801850cfcef6/subham/LidarMapping2.5D/install/jsk_recognition_msgs/share/jsk_recognition_msgs/cmake/jsk_recognition_msgs__rosidl_typesupport_introspection_cppExport.cmake\n'}
[65.300637] (jsk_recognition_msgs) StdoutLine: {'line': b'-- Installing: /media/subham/85dce0f4-2e29-4540-9a32-801850cfcef6/subham/LidarMapping2.5D/install/jsk_recognition_msgs/share/jsk_recognition_msgs/cmake/jsk_recognition_msgs__rosidl_typesupport_introspection_cppExport-noconfig.cmake\n'}
[65.300801] (jsk_recognition_msgs) StdoutLine: {'line': b'-- Installing: /media/subham/85dce0f4-2e29-4540-9a32-801850cfcef6/subham/LidarMapping2.5D/install/jsk_recognition_msgs/share/jsk_recognition_msgs/cmake/jsk_recognition_msgs__rosidl_typesupport_cppExport.cmake\n'}
[65.300942] (jsk_recognition_msgs) StdoutLine: {'line': b'-- Installing: /media/subham/85dce0f4-2e29-4540-9a32-801850cfcef6/subham/LidarMapping2.5D/install/jsk_recognition_msgs/share/jsk_recognition_msgs/cmake/jsk_recognition_msgs__rosidl_typesupport_cppExport-noconfig.cmake\n'}
[65.301109] (jsk_recognition_msgs) StdoutLine: {'line': b'-- Installing: /media/subham/85dce0f4-2e29-4540-9a32-801850cfcef6/subham/LidarMapping2.5D/install/jsk_recognition_msgs/share/jsk_recognition_msgs/cmake/export_jsk_recognition_msgs__rosidl_generator_pyExport.cmake\n'}
[65.301272] (jsk_recognition_msgs) StdoutLine: {'line': b'-- Installing: /media/subham/85dce0f4-2e29-4540-9a32-801850cfcef6/subham/LidarMapping2.5D/install/jsk_recognition_msgs/share/jsk_recognition_msgs/cmake/export_jsk_recognition_msgs__rosidl_generator_pyExport-noconfig.cmake\n'}
[65.304807] (jsk_recognition_msgs) CommandEnded: {'returncode': 0}
[65.321813] (jsk_recognition_msgs) JobEnded: {'identifier': 'jsk_recognition_msgs', 'rc': 0}
[65.322866] (lid_description) JobStarted: {'identifier': 'lid_description'}
[65.333995] (lid_description) JobProgress: {'identifier': 'lid_description', 'progress': 'cmake'}
[65.334797] (lid_description) Command: {'cmd': ['/usr/bin/cmake', '/media/subham/85dce0f4-2e29-4540-9a32-801850cfcef6/subham/LidarMapping2.5D/src/lid_description', '-DAMENT_CMAKE_SYMLINK_INSTALL=1', '-DCMAKE_INSTALL_PREFIX=/media/subham/85dce0f4-2e29-4540-9a32-801850cfcef6/subham/LidarMapping2.5D/install/lid_description'], 'cwd': '/media/subham/85dce0f4-2e29-4540-9a32-801850cfcef6/subham/LidarMapping2.5D/build/lid_description', 'env': OrderedDict([('LESSOPEN', '| /usr/bin/lesspipe %s'), ('GZ_SIM_RESOURCE_PATH', '/home/subham/subt_ws/src/subt_cave_sim/models:'), ('LANGUAGE', 'en_IN:en'), ('USER', 'subham'), ('XDG_SESSION_TYPE', 'wayland'), ('SHLVL', '1'), ('LD_LIBRARY_PATH', '/media/subham/85dce0f4-2e29-4540-9a32-801850cfcef6/subham/LidarMapping2.5D/install/velodyne_gazebo_plugins/lib:/media/subham/85dce0f4-2e29-4540-9a32-801850cfcef6/subham/LidarMapping2.5D/install/patchwork_plusplus/lib:/media/subham/85dce0f4-2e29-4540-9a32-801850cfcef6/subham/LidarMapping2.5D/install/jsk_recognition_msgs/lib:/media/subham/85dce0f4-2e29-4540-9a32-801850cfcef6/subham/LidarMapping2.5D/install/height_mapping_ros2/lib:/media/subham/85dce0f4-2e29-4540-9a32-801850cfcef6/subham/LidarMapping2.5D/install/height_mapping_core/lib:/home/subham/anvrit_ws/install/astra_camera/lib:/home/subham/anvrit_ws/install/astra_camera_msgs/lib:/home/subham/igvc/install/velodyne_gazebo_plugins/lib:/home/subham/colcon_ws/install/linkattacher_msgs/lib:/opt/ros/humble/opt/rviz_ogre_vendor/lib:/opt/ros/humble/lib/x86_64-linux-gnu:/opt/ros/humble/opt/openvdb_vendor/lib:/opt/ros/humble/lib'), ('HOME', '/home/subham'), ('OLDPWD', '/home/subham'), ('DESKTOP_SESSION', 'ubuntu'), ('NVM_BIN', '/home/subham/.nvm/versions/node/v24.19.0/bin'), ('NVM_INC', '/home/subham/.nvm/versions/node/v24.19.0/include/node'), ('ROS_PYTHON_VERSION', '3'), ('GNOME_SHELL_SESSION_MODE', 'ubuntu'), ('GTK_MODULES', 'gail:atk-bridge'), ('MANAGERPID', '2038'), ('MAKEFLAGS', '-j1'), ('SYSTEMD_EXEC_PID', '3268'), ('DBUS_SESSION_BUS_ADDRESS', 'unix:path=/run/user/1000/bus'), ('COLORTERM', 'truecolor'), ('TERMINATOR_DBUS_NAME', 'net.tenshu.Terminator25ef4b219e3b005583550f2b0f9f990c3'), ('GIO_LAUNCHED_DESKTOP_FILE_PID', '4348'), ('NVM_DIR', '/home/subham/.nvm'), ('IM_CONFIG_PHASE', '1'), ('WAYLAND_DISPLAY', 'wayland-0'), ('COLCON_PREFIX_PATH', '/media/subham/85dce0f4-2e29-4540-9a32-801850cfcef6/subham/LidarMapping2.5D/install:/home/subham/Edge_AI_for_ADAS_and_Autonomous_Systems/install:/home/subham/rover_ws/install:/home/subham/igvc/install:/home/subham/colcon_ws/install:/home/subham/anvrit_ws/install:/home/subham/omokai_ws/install'), ('ROS_DISTRO', 'humble'), ('LOGNAME', 'subham'), ('JOURNAL_STREAM', '8:22697'), ('_', '/usr/bin/colcon'), ('ROS_VERSION', '2'), ('PKG_CONFIG_PATH', '/media/subham/85dce0f4-2e29-4540-9a32-801850cfcef6/subham/LidarMapping2.5D/install/fastdem/lib/x86_64-linux-gnu/pkgconfig:/media/subham/85dce0f4-2e29-4540-9a32-801850cfcef6/subham/LidarMapping2.5D/install/fastdem/lib/pkgconfig'), ('XDG_SESSION_CLASS', 'user'), ('USERNAME', 'subham'), ('TERM', 'xterm-256color'), ('GAZEBO_MODEL_PATH', '/home/subham/gazebo_models:'), ('GNOME_DESKTOP_SESSION_ID', 'this-is-deprecated'), ('ONNXRUNTIME_ROOT', '/opt/ros/humble'), ('ROS_LOCALHOST_ONLY', '0'), ('PATH', '/home/subham/.nvm/versions/node/v24.19.0/bin:/opt/ros/humble/bin:/home/subham/.local/bin:/usr/local/sbin:/usr/local/bin:/usr/sbin:/usr/bin:/sbin:/bin:/usr/games:/usr/local/games:/snap/bin:/snap/bin'), ('SESSION_MANAGER', 'local/thirdly:@/tmp/.ICE-unix/2513,unix/thirdly:/tmp/.ICE-unix/2513'), ('INVOCATION_ID', '046ab86eab5f415aa50d51e791c411a3'), ('XDG_MENU_PREFIX', 'gnome-'), ('GNOME_SETUP_DISPLAY', ':1'), ('XDG_RUNTIME_DIR', '/run/user/1000'), ('DISPLAY', ':0'), ('TERMINATOR_DBUS_PATH', '/net/tenshu/Terminator2'), ('LANG', 'en_US.UTF-8'), ('XDG_CURRENT_DESKTOP', 'ubuntu:GNOME'), ('IBUS_DISABLE_SNOOPER', '1'), ('XMODIFIERS', '@im=ibus'), ('XDG_SESSION_DESKTOP', 'ubuntu'), ('XAUTHORITY', '/run/user/1000/.mutter-Xwaylandauth.L3IAW3'), ('LS_COLORS', 'rs=0:di=01;34:ln=01;36:mh=00:pi=40;33:so=01;35:do=01;35:bd=40;33;01:cd=40;33;01:or=40;31;01:mi=00:su=37;41:sg=30;43:ca=30;41:tw=30;42:ow=34;42:st=37;44:ex=01;32:*.tar=01;31:*.tgz=01;31:*.arc=01;31:*.arj=01;31:*.taz=01;31:*.lha=01;31:*.lz4=01;31:*.lzh=01;31:*.lzma=01;31:*.tlz=01;31:*.txz=01;31:*.tzo=01;31:*.t7z=01;31:*.zip=01;31:*.z=01;31:*.dz=01;31:*.gz=01;31:*.lrz=01;31:*.lz=01;31:*.lzo=01;31:*.xz=01;31:*.zst=01;31:*.tzst=01;31:*.bz2=01;31:*.bz=01;31:*.tbz=01;31:*.tbz2=01;31:*.tz=01;31:*.deb=01;31:*.rpm=01;31:*.jar=01;31:*.war=01;31:*.ear=01;31:*.sar=01;31:*.rar=01;31:*.alz=01;31:*.ace=01;31:*.zoo=01;31:*.cpio=01;31:*.7z=01;31:*.rz=01;31:*.cab=01;31:*.wim=01;31:*.swm=01;31:*.dwm=01;31:*.esd=01;31:*.jpg=01;35:*.jpeg=01;35:*.mjpg=01;35:*.mjpeg=01;35:*.gif=01;35:*.bmp=01;35:*.pbm=01;35:*.pgm=01;35:*.ppm=01;35:*.tga=01;35:*.xbm=01;35:*.xpm=01;35:*.tif=01;35:*.tiff=01;35:*.png=01;35:*.svg=01;35:*.svgz=01;35:*.mng=01;35:*.pcx=01;35:*.mov=01;35:*.mpg=01;35:*.mpeg=01;35:*.m2v=01;35:*.mkv=01;35:*.webm=01;35:*.webp=01;35:*.ogm=01;35:*.mp4=01;35:*.m4v=01;35:*.mp4v=01;35:*.vob=01;35:*.qt=01;35:*.nuv=01;35:*.wmv=01;35:*.asf=01;35:*.rm=01;35:*.rmvb=01;35:*.flc=01;35:*.avi=01;35:*.fli=01;35:*.flv=01;35:*.gl=01;35:*.dl=01;35:*.xcf=01;35:*.xwd=01;35:*.yuv=01;35:*.cgm=01;35:*.emf=01;35:*.ogv=01;35:*.ogx=01;35:*.aac=00;36:*.au=00;36:*.flac=00;36:*.m4a=00;36:*.mid=00;36:*.midi=00;36:*.mka=00;36:*.mp3=00;36:*.mpc=00;36:*.ogg=00;36:*.ra=00;36:*.wav=00;36:*.oga=00;36:*.opus=00;36:*.spx=00;36:*.xspf=00;36:'), ('SSH_AGENT_LAUNCHER', 'gnome-keyring'), ('SSH_AUTH_SOCK', '/run/user/1000/keyring/ssh'), ('ROS_DOMAIN_ID', '0'), ('AMENT_PREFIX_PATH', '/media/subham/85dce0f4-2e29-4540-9a32-801850cfcef6/subham/LidarMapping2.5D/install/segmentation_lidar:/media/subham/85dce0f4-2e29-4540-9a32-801850cfcef6/subham/LidarMapping2.5D/install/velodyne_simulator:/media/subham/85dce0f4-2e29-4540-9a32-801850cfcef6/subham/LidarMapping2.5D/install/velodyne_description:/media/subham/85dce0f4-2e29-4540-9a32-801850cfcef6/subham/LidarMapping2.5D/install/velodyne_gazebo_plugins:/media/subham/85dce0f4-2e29-4540-9a32-801850cfcef6/subham/LidarMapping2.5D/install/salsanext_ros2:/media/subham/85dce0f4-2e29-4540-9a32-801850cfcef6/subham/LidarMapping2.5D/install/patchwork_plusplus:/media/subham/85dce0f4-2e29-4540-9a32-801850cfcef6/subham/LidarMapping2.5D/install/lid_simulation:/media/subham/85dce0f4-2e29-4540-9a32-801850cfcef6/subham/LidarMapping2.5D/install/lid_description:/media/subham/85dce0f4-2e29-4540-9a32-801850cfcef6/subham/LidarMapping2.5D/install/jsk_recognition_msgs:/media/subham/85dce0f4-2e29-4540-9a32-801850cfcef6/subham/LidarMapping2.5D/install/height_mapping_ros2:/media/subham/85dce0f4-2e29-4540-9a32-801850cfcef6/subham/LidarMapping2.5D/install/height_mapping_core:/media/subham/85dce0f4-2e29-4540-9a32-801850cfcef6/subham/LidarMapping2.5D/install/fastdem_ros2:/home/subham/omokai_ws/install/llm_simulation:/home/subham/omokai_ws/install/llm_prompt:/home/subham/omokai_ws/install/llm_navigation:/home/subham/omokai_ws/install/llm_description:/home/subham/Edge_AI_for_ADAS_and_Autonomous_Systems/install/adas_simulation:/home/subham/Edge_AI_for_ADAS_and_Autonomous_Systems/install/adas_perception:/home/subham/Edge_AI_for_ADAS_and_Autonomous_Systems/install/adas_navigation:/home/subham/Edge_AI_for_ADAS_and_Autonomous_Systems/install/adas_description:/home/subham/rover_ws/install/rover_navigation:/home/subham/rover_ws/install/rover_gazebo:/home/subham/rover_ws/install/rover_description:/home/subham/rover_ws/install/rf2o_laser_odometry:/home/subham/anvrit_ws/install/rplidar_ros:/home/subham/anvrit_ws/install/astra_camera:/home/subham/anvrit_ws/install/astra_camera_msgs:/home/subham/anvrit_ws/install/anvrit_perception:/home/subham/anvrit_ws/install/anvrit_odometry:/home/subham/anvrit_ws/install/anvrit_nav2:/home/subham/anvrit_ws/install/anvrit_description:/home/subham/igvc/install/velodyne_simulator:/home/subham/igvc/install/velodyne_description:/home/subham/igvc/install/velodyne_gazebo_plugins:/home/subham/igvc/install/igvc_simulation:/home/subham/igvc/install/igvc_perception:/home/subham/igvc/install/igvc_navigation:/home/subham/igvc/install/igvc_description:/home/subham/colcon_ws/install/ur_simulation_gz:/home/subham/colcon_ws/install/ur_description:/home/subham/colcon_ws/install/ur5_control_2481:/home/subham/colcon_ws/install/s2481_ebot_description:/home/subham/colcon_ws/install/ros2ai:/home/subham/colcon_ws/install/linkattacher_msgs:/home/subham/colcon_ws/install/eyantra_warehouse:/home/subham/colcon_ws/install/ackerman_description:/opt/ros/humble'), ('SHELL', '/bin/bash'), ('TERMINATOR_UUID', 'urn:uuid:577dd51d-23b3-4139-a8c6-d610a5169a81'), ('QT_ACCESSIBILITY', '1'), ('GDMSESSION', 'ubuntu'), ('LESSCLOSE', '/usr/bin/lesspipe %s %s'), ('IGN_GAZEBO_RESOURCE_PATH', '/media/subham/85dce0f4-2e29-4540-9a32-801850cfcef6/subham/subt_ws/src/subt_cave_sim/models:/home/subham/subt_ws/src/subt_cave_sim/models:'), ('QT_IM_MODULE', 'ibus'), ('PWD', '/media/subham/85dce0f4-2e29-4540-9a32-801850cfcef6/subham/LidarMapping2.5D/build/lid_description'), ('TURTLEBOT3_MODEL', 'burger'), ('LC_ALL', 'en_US.UTF-8'), ('XDG_CONFIG_DIRS', '/etc/xdg/xdg-ubuntu:/etc/xdg'), ('NVM_CD_FLAGS', ''), ('XDG_DATA_DIRS', '/usr/share/ubuntu:/usr/local/share/:/usr/share/:/var/lib/snapd/desktop'), ('PYTHONPATH', '/media/subham/85dce0f4-2e29-4540-9a32-801850cfcef6/subham/LidarMapping2.5D/install/jsk_recognition_msgs/local/lib/python3.10/dist-packages:/media/subham/85dce0f4-2e29-4540-9a32-801850cfcef6/subham/LidarMapping2.5D/install/height_mapping_ros2/local/lib/python3.10/dist-packages:/home/subham/omokai_ws/build/llm_navigation:/home/subham/omokai_ws/install/llm_navigation/lib/python3.10/site-packages:/home/subham/Edge_AI_for_ADAS_and_Autonomous_Systems/build/adas_perception:/home/subham/Edge_AI_for_ADAS_and_Autonomous_Systems/install/adas_perception/lib/python3.10/site-packages:/home/subham/Edge_AI_for_ADAS_and_Autonomous_Systems/build/adas_navigation:/home/subham/Edge_AI_for_ADAS_and_Autonomous_Systems/install/adas_navigation/lib/python3.10/site-packages:/home/subham/rover_ws/build/rover_navigation:/home/subham/rover_ws/install/rover_navigation/lib/python3.10/site-packages:/home/subham/anvrit_ws/install/astra_camera_msgs/local/lib/python3.10/dist-packages:/home/subham/anvrit_ws/install/anvrit_perception/lib/python3.10/site-packages:/home/subham/anvrit_ws/install/anvrit_odometry/lib/python3.10/site-packages:/home/subham/anvrit_ws/install/anvrit_nav2/lib/python3.10/site-packages:/home/subham/igvc/build/igvc_perception:/home/subham/igvc/install/igvc_perception/lib/python3.10/site-packages:/home/subham/igvc/build/igvc_navigation:/home/subham/igvc/install/igvc_navigation/lib/python3.10/site-packages:/home/subham/colcon_ws/build/ros2ai:/home/subham/colcon_ws/install/ros2ai/lib/python3.10/site-packages:/home/subham/colcon_ws/install/linkattacher_msgs/local/lib/python3.10/dist-packages:/opt/ros/humble/lib/python3.10/site-packages:/opt/ros/humble/local/lib/python3.10/dist-packages'), ('COLCON', '1'), ('VTE_VERSION', '6800'), ('CMAKE_PREFIX_PATH', '/media/subham/85dce0f4-2e29-4540-9a32-801850cfcef6/subham/LidarMapping2.5D/install/segmentation_lidar:/media/subham/85dce0f4-2e29-4540-9a32-801850cfcef6/subham/LidarMapping2.5D/install/velodyne_simulator:/media/subham/85dce0f4-2e29-4540-9a32-801850cfcef6/subham/LidarMapping2.5D/install/velodyne_description:/media/subham/85dce0f4-2e29-4540-9a32-801850cfcef6/subham/LidarMapping2.5D/install/velodyne_gazebo_plugins:/media/subham/85dce0f4-2e29-4540-9a32-801850cfcef6/subham/LidarMapping2.5D/install/salsanext_ros2:/media/subham/85dce0f4-2e29-4540-9a32-801850cfcef6/subham/LidarMapping2.5D/install/patchwork_plusplus:/media/subham/85dce0f4-2e29-4540-9a32-801850cfcef6/subham/LidarMapping2.5D/install/lid_simulation:/media/subham/85dce0f4-2e29-4540-9a32-801850cfcef6/subham/LidarMapping2.5D/install/lid_description:/media/subham/85dce0f4-2e29-4540-9a32-801850cfcef6/subham/LidarMapping2.5D/install/jsk_recognition_msgs:/media/subham/85dce0f4-2e29-4540-9a32-801850cfcef6/subham/LidarMapping2.5D/install/height_mapping_ros2:/media/subham/85dce0f4-2e29-4540-9a32-801850cfcef6/subham/LidarMapping2.5D/install/height_mapping_core:/media/subham/85dce0f4-2e29-4540-9a32-801850cfcef6/subham/LidarMapping2.5D/install/fastdem_ros2:/media/subham/85dce0f4-2e29-4540-9a32-801850cfcef6/subham/LidarMapping2.5D/install/fastdem:/home/subham/omokai_ws/install/llm_simulation:/home/subham/omokai_ws/install/llm_prompt:/home/subham/omokai_ws/install/llm_description:/home/subham/Edge_AI_for_ADAS_and_Autonomous_Systems/install/adas_simulation:/home/subham/Edge_AI_for_ADAS_and_Autonomous_Systems/install/adas_description:/home/subham/rover_ws/install/rover_gazebo:/home/subham/rover_ws/install/rover_description:/home/subham/rover_ws/install/rf2o_laser_odometry:/home/subham/anvrit_ws/install/rplidar_ros:/home/subham/anvrit_ws/install/astra_camera:/home/subham/anvrit_ws/install/astra_camera_msgs:/home/subham/anvrit_ws/install/anvrit_description:/home/subham/igvc/install/velodyne_simulator:/home/subham/igvc/install/velodyne_description:/home/subham/igvc/install/velodyne_gazebo_plugins:/home/subham/igvc/install/igvc_simulation:/home/subham/igvc/install/igvc_description:/home/subham/colcon_ws/install/ur_simulation_gz:/home/subham/colcon_ws/install/ur_description:/home/subham/colcon_ws/install/ur5_control_2481:/home/subham/colcon_ws/install/s2481_ebot_description:/home/subham/colcon_ws/install/linkattacher_msgs:/home/subham/colcon_ws/install/eyantra_warehouse:/home/subham/colcon_ws/install/ackerman_description:/home/subham/omokai_ws/install/llm_navigation:/home/subham/Edge_AI_for_ADAS_and_Autonomous_Systems/install/adas_perception:/home/subham/Edge_AI_for_ADAS_and_Autonomous_Systems/install/adas_navigation:/home/subham/rover_ws/install/rover_navigation:/home/subham/anvrit_ws/install/anvrit_perception:/home/subham/anvrit_ws/install/anvrit_odometry:/home/subham/anvrit_ws/install/anvrit_nav2:/home/subham/igvc/install/igvc_perception:/home/subham/igvc/install/igvc_navigation:/home/subham/colcon_ws/install/ros2ai:/opt/ros/humble')]), 'shell': False}
[65.387231] (-) TimerEvent: {}
[65.412082] (lid_description) StdoutLine: {'line': b'-- The C compiler identification is GNU 11.4.0\n'}
[65.476492] (lid_description) StdoutLine: {'line': b'-- The CXX compiler identification is GNU 11.4.0\n'}
[65.485200] (lid_description) StdoutLine: {'line': b'-- Detecting C compiler ABI info\n'}
[65.487352] (-) TimerEvent: {}
[65.579554] (lid_description) StdoutLine: {'line': b'-- Detecting C compiler ABI info - done\n'}
[65.586614] (lid_description) StdoutLine: {'line': b'-- Check for working C compiler: /usr/bin/cc - skipped\n'}
[65.587053] (lid_description) StdoutLine: {'line': b'-- Detecting C compile features\n'}
[65.587387] (lid_description) StdoutLine: {'line': b'-- Detecting C compile features - done\n'}
[65.587605] (-) TimerEvent: {}
[65.590461] (lid_description) StdoutLine: {'line': b'-- Detecting CXX compiler ABI info\n'}
[65.687730] (-) TimerEvent: {}
[65.695794] (lid_description) StdoutLine: {'line': b'-- Detecting CXX compiler ABI info - done\n'}
[65.702712] (lid_description) StdoutLine: {'line': b'-- Check for working CXX compiler: /usr/bin/c++ - skipped\n'}
[65.703032] (lid_description) StdoutLine: {'line': b'-- Detecting CXX compile features\n'}
[65.703487] (lid_description) StdoutLine: {'line': b'-- Detecting CXX compile features - done\n'}
[65.711235] (lid_description) StdoutLine: {'line': b'-- Found ament_cmake: 1.3.14 (/opt/ros/humble/share/ament_cmake/cmake)\n'}
[65.787890] (-) TimerEvent: {}
[65.888270] (-) TimerEvent: {}
[65.988624] (-) TimerEvent: {}
[66.089038] (-) TimerEvent: {}
[66.189533] (-) TimerEvent: {}
[66.209268] (lid_description) StdoutLine: {'line': b'-- Found Python3: /usr/bin/python3 (found version "3.10.12") found components: Interpreter \n'}
[66.289706] (-) TimerEvent: {}
[66.294176] (lid_description) StdoutLine: {'line': b'-- Override CMake install command with custom implementation using symlinks instead of copying resources\n'}
[66.389858] (-) TimerEvent: {}
[66.393938] (lid_description) StdoutLine: {'line': b'-- Found ament_lint_auto: 0.12.15 (/opt/ros/humble/share/ament_lint_auto/cmake)\n'}
[66.490010] (-) TimerEvent: {}
[66.531212] (lid_description) StdoutLine: {'line': b"-- Added test 'flake8' to check Python code syntax and style conventions\n"}
[66.533051] (lid_description) StdoutLine: {'line': b"-- Added test 'lint_cmake' to check CMake code style\n"}
[66.534551] (lid_description) StdoutLine: {'line': b"-- Added test 'pep257' to check Python code against some of the docstring style conventions in PEP 257\n"}
[66.538474] (lid_description) StdoutLine: {'line': b"-- Added test 'xmllint' to check XML markup files\n"}
[66.541462] (lid_description) StdoutLine: {'line': b'-- Configuring done\n'}
[66.544493] (lid_description) StdoutLine: {'line': b'-- Generating done\n'}
[66.546455] (lid_description) StdoutLine: {'line': b'-- Build files have been written to: /media/subham/85dce0f4-2e29-4540-9a32-801850cfcef6/subham/LidarMapping2.5D/build/lid_description\n'}
[66.553097] (lid_description) CommandEnded: {'returncode': 0}
[66.553945] (lid_description) JobProgress: {'identifier': 'lid_description', 'progress': 'build'}
[66.555277] (lid_description) Command: {'cmd': ['/usr/bin/cmake', '--build', '/media/subham/85dce0f4-2e29-4540-9a32-801850cfcef6/subham/LidarMapping2.5D/build/lid_description'], 'cwd': '/media/subham/85dce0f4-2e29-4540-9a32-801850cfcef6/subham/LidarMapping2.5D/build/lid_description', 'env': OrderedDict([('LESSOPEN', '| /usr/bin/lesspipe %s'), ('GZ_SIM_RESOURCE_PATH', '/home/subham/subt_ws/src/subt_cave_sim/models:'), ('LANGUAGE', 'en_IN:en'), ('USER', 'subham'), ('XDG_SESSION_TYPE', 'wayland'), ('SHLVL', '1'), ('LD_LIBRARY_PATH', '/media/subham/85dce0f4-2e29-4540-9a32-801850cfcef6/subham/LidarMapping2.5D/install/velodyne_gazebo_plugins/lib:/media/subham/85dce0f4-2e29-4540-9a32-801850cfcef6/subham/LidarMapping2.5D/install/patchwork_plusplus/lib:/media/subham/85dce0f4-2e29-4540-9a32-801850cfcef6/subham/LidarMapping2.5D/install/jsk_recognition_msgs/lib:/media/subham/85dce0f4-2e29-4540-9a32-801850cfcef6/subham/LidarMapping2.5D/install/height_mapping_ros2/lib:/media/subham/85dce0f4-2e29-4540-9a32-801850cfcef6/subham/LidarMapping2.5D/install/height_mapping_core/lib:/home/subham/anvrit_ws/install/astra_camera/lib:/home/subham/anvrit_ws/install/astra_camera_msgs/lib:/home/subham/igvc/install/velodyne_gazebo_plugins/lib:/home/subham/colcon_ws/install/linkattacher_msgs/lib:/opt/ros/humble/opt/rviz_ogre_vendor/lib:/opt/ros/humble/lib/x86_64-linux-gnu:/opt/ros/humble/opt/openvdb_vendor/lib:/opt/ros/humble/lib'), ('HOME', '/home/subham'), ('OLDPWD', '/home/subham'), ('DESKTOP_SESSION', 'ubuntu'), ('NVM_BIN', '/home/subham/.nvm/versions/node/v24.19.0/bin'), ('NVM_INC', '/home/subham/.nvm/versions/node/v24.19.0/include/node'), ('ROS_PYTHON_VERSION', '3'), ('GNOME_SHELL_SESSION_MODE', 'ubuntu'), ('GTK_MODULES', 'gail:atk-bridge'), ('MANAGERPID', '2038'), ('MAKEFLAGS', '-j1'), ('SYSTEMD_EXEC_PID', '3268'), ('DBUS_SESSION_BUS_ADDRESS', 'unix:path=/run/user/1000/bus'), ('COLORTERM', 'truecolor'), ('TERMINATOR_DBUS_NAME', 'net.tenshu.Terminator25ef4b219e3b005583550f2b0f9f990c3'), ('GIO_LAUNCHED_DESKTOP_FILE_PID', '4348'), ('NVM_DIR', '/home/subham/.nvm'), ('IM_CONFIG_PHASE', '1'), ('WAYLAND_DISPLAY', 'wayland-0'), ('COLCON_PREFIX_PATH', '/media/subham/85dce0f4-2e29-4540-9a32-801850cfcef6/subham/LidarMapping2.5D/install:/home/subham/Edge_AI_for_ADAS_and_Autonomous_Systems/install:/home/subham/rover_ws/install:/home/subham/igvc/install:/home/subham/colcon_ws/install:/home/subham/anvrit_ws/install:/home/subham/omokai_ws/install'), ('ROS_DISTRO', 'humble'), ('LOGNAME', 'subham'), ('JOURNAL_STREAM', '8:22697'), ('_', '/usr/bin/colcon'), ('ROS_VERSION', '2'), ('PKG_CONFIG_PATH', '/media/subham/85dce0f4-2e29-4540-9a32-801850cfcef6/subham/LidarMapping2.5D/install/fastdem/lib/x86_64-linux-gnu/pkgconfig:/media/subham/85dce0f4-2e29-4540-9a32-801850cfcef6/subham/LidarMapping2.5D/install/fastdem/lib/pkgconfig'), ('XDG_SESSION_CLASS', 'user'), ('USERNAME', 'subham'), ('TERM', 'xterm-256color'), ('GAZEBO_MODEL_PATH', '/home/subham/gazebo_models:'), ('GNOME_DESKTOP_SESSION_ID', 'this-is-deprecated'), ('ONNXRUNTIME_ROOT', '/opt/ros/humble'), ('ROS_LOCALHOST_ONLY', '0'), ('PATH', '/home/subham/.nvm/versions/node/v24.19.0/bin:/opt/ros/humble/bin:/home/subham/.local/bin:/usr/local/sbin:/usr/local/bin:/usr/sbin:/usr/bin:/sbin:/bin:/usr/games:/usr/local/games:/snap/bin:/snap/bin'), ('SESSION_MANAGER', 'local/thirdly:@/tmp/.ICE-unix/2513,unix/thirdly:/tmp/.ICE-unix/2513'), ('INVOCATION_ID', '046ab86eab5f415aa50d51e791c411a3'), ('XDG_MENU_PREFIX', 'gnome-'), ('GNOME_SETUP_DISPLAY', ':1'), ('XDG_RUNTIME_DIR', '/run/user/1000'), ('DISPLAY', ':0'), ('TERMINATOR_DBUS_PATH', '/net/tenshu/Terminator2'), ('LANG', 'en_US.UTF-8'), ('XDG_CURRENT_DESKTOP', 'ubuntu:GNOME'), ('IBUS_DISABLE_SNOOPER', '1'), ('XMODIFIERS', '@im=ibus'), ('XDG_SESSION_DESKTOP', 'ubuntu'), ('XAUTHORITY', '/run/user/1000/.mutter-Xwaylandauth.L3IAW3'), ('LS_COLORS', 'rs=0:di=01;34:ln=01;36:mh=00:pi=40;33:so=01;35:do=01;35:bd=40;33;01:cd=40;33;01:or=40;31;01:mi=00:su=37;41:sg=30;43:ca=30;41:tw=30;42:ow=34;42:st=37;44:ex=01;32:*.tar=01;31:*.tgz=01;31:*.arc=01;31:*.arj=01;31:*.taz=01;31:*.lha=01;31:*.lz4=01;31:*.lzh=01;31:*.lzma=01;31:*.tlz=01;31:*.txz=01;31:*.tzo=01;31:*.t7z=01;31:*.zip=01;31:*.z=01;31:*.dz=01;31:*.gz=01;31:*.lrz=01;31:*.lz=01;31:*.lzo=01;31:*.xz=01;31:*.zst=01;31:*.tzst=01;31:*.bz2=01;31:*.bz=01;31:*.tbz=01;31:*.tbz2=01;31:*.tz=01;31:*.deb=01;31:*.rpm=01;31:*.jar=01;31:*.war=01;31:*.ear=01;31:*.sar=01;31:*.rar=01;31:*.alz=01;31:*.ace=01;31:*.zoo=01;31:*.cpio=01;31:*.7z=01;31:*.rz=01;31:*.cab=01;31:*.wim=01;31:*.swm=01;31:*.dwm=01;31:*.esd=01;31:*.jpg=01;35:*.jpeg=01;35:*.mjpg=01;35:*.mjpeg=01;35:*.gif=01;35:*.bmp=01;35:*.pbm=01;35:*.pgm=01;35:*.ppm=01;35:*.tga=01;35:*.xbm=01;35:*.xpm=01;35:*.tif=01;35:*.tiff=01;35:*.png=01;35:*.svg=01;35:*.svgz=01;35:*.mng=01;35:*.pcx=01;35:*.mov=01;35:*.mpg=01;35:*.mpeg=01;35:*.m2v=01;35:*.mkv=01;35:*.webm=01;35:*.webp=01;35:*.ogm=01;35:*.mp4=01;35:*.m4v=01;35:*.mp4v=01;35:*.vob=01;35:*.qt=01;35:*.nuv=01;35:*.wmv=01;35:*.asf=01;35:*.rm=01;35:*.rmvb=01;35:*.flc=01;35:*.avi=01;35:*.fli=01;35:*.flv=01;35:*.gl=01;35:*.dl=01;35:*.xcf=01;35:*.xwd=01;35:*.yuv=01;35:*.cgm=01;35:*.emf=01;35:*.ogv=01;35:*.ogx=01;35:*.aac=00;36:*.au=00;36:*.flac=00;36:*.m4a=00;36:*.mid=00;36:*.midi=00;36:*.mka=00;36:*.mp3=00;36:*.mpc=00;36:*.ogg=00;36:*.ra=00;36:*.wav=00;36:*.oga=00;36:*.opus=00;36:*.spx=00;36:*.xspf=00;36:'), ('SSH_AGENT_LAUNCHER', 'gnome-keyring'), ('SSH_AUTH_SOCK', '/run/user/1000/keyring/ssh'), ('ROS_DOMAIN_ID', '0'), ('AMENT_PREFIX_PATH', '/media/subham/85dce0f4-2e29-4540-9a32-801850cfcef6/subham/LidarMapping2.5D/install/segmentation_lidar:/media/subham/85dce0f4-2e29-4540-9a32-801850cfcef6/subham/LidarMapping2.5D/install/velodyne_simulator:/media/subham/85dce0f4-2e29-4540-9a32-801850cfcef6/subham/LidarMapping2.5D/install/velodyne_description:/media/subham/85dce0f4-2e29-4540-9a32-801850cfcef6/subham/LidarMapping2.5D/install/velodyne_gazebo_plugins:/media/subham/85dce0f4-2e29-4540-9a32-801850cfcef6/subham/LidarMapping2.5D/install/salsanext_ros2:/media/subham/85dce0f4-2e29-4540-9a32-801850cfcef6/subham/LidarMapping2.5D/install/patchwork_plusplus:/media/subham/85dce0f4-2e29-4540-9a32-801850cfcef6/subham/LidarMapping2.5D/install/lid_simulation:/media/subham/85dce0f4-2e29-4540-9a32-801850cfcef6/subham/LidarMapping2.5D/install/lid_description:/media/subham/85dce0f4-2e29-4540-9a32-801850cfcef6/subham/LidarMapping2.5D/install/jsk_recognition_msgs:/media/subham/85dce0f4-2e29-4540-9a32-801850cfcef6/subham/LidarMapping2.5D/install/height_mapping_ros2:/media/subham/85dce0f4-2e29-4540-9a32-801850cfcef6/subham/LidarMapping2.5D/install/height_mapping_core:/media/subham/85dce0f4-2e29-4540-9a32-801850cfcef6/subham/LidarMapping2.5D/install/fastdem_ros2:/home/subham/omokai_ws/install/llm_simulation:/home/subham/omokai_ws/install/llm_prompt:/home/subham/omokai_ws/install/llm_navigation:/home/subham/omokai_ws/install/llm_description:/home/subham/Edge_AI_for_ADAS_and_Autonomous_Systems/install/adas_simulation:/home/subham/Edge_AI_for_ADAS_and_Autonomous_Systems/install/adas_perception:/home/subham/Edge_AI_for_ADAS_and_Autonomous_Systems/install/adas_navigation:/home/subham/Edge_AI_for_ADAS_and_Autonomous_Systems/install/adas_description:/home/subham/rover_ws/install/rover_navigation:/home/subham/rover_ws/install/rover_gazebo:/home/subham/rover_ws/install/rover_description:/home/subham/rover_ws/install/rf2o_laser_odometry:/home/subham/anvrit_ws/install/rplidar_ros:/home/subham/anvrit_ws/install/astra_camera:/home/subham/anvrit_ws/install/astra_camera_msgs:/home/subham/anvrit_ws/install/anvrit_perception:/home/subham/anvrit_ws/install/anvrit_odometry:/home/subham/anvrit_ws/install/anvrit_nav2:/home/subham/anvrit_ws/install/anvrit_description:/home/subham/igvc/install/velodyne_simulator:/home/subham/igvc/install/velodyne_description:/home/subham/igvc/install/velodyne_gazebo_plugins:/home/subham/igvc/install/igvc_simulation:/home/subham/igvc/install/igvc_perception:/home/subham/igvc/install/igvc_navigation:/home/subham/igvc/install/igvc_description:/home/subham/colcon_ws/install/ur_simulation_gz:/home/subham/colcon_ws/install/ur_description:/home/subham/colcon_ws/install/ur5_control_2481:/home/subham/colcon_ws/install/s2481_ebot_description:/home/subham/colcon_ws/install/ros2ai:/home/subham/colcon_ws/install/linkattacher_msgs:/home/subham/colcon_ws/install/eyantra_warehouse:/home/subham/colcon_ws/install/ackerman_description:/opt/ros/humble'), ('SHELL', '/bin/bash'), ('TERMINATOR_UUID', 'urn:uuid:577dd51d-23b3-4139-a8c6-d610a5169a81'), ('QT_ACCESSIBILITY', '1'), ('GDMSESSION', 'ubuntu'), ('LESSCLOSE', '/usr/bin/lesspipe %s %s'), ('IGN_GAZEBO_RESOURCE_PATH', '/media/subham/85dce0f4-2e29-4540-9a32-801850cfcef6/subham/subt_ws/src/subt_cave_sim/models:/home/subham/subt_ws/src/subt_cave_sim/models:'), ('QT_IM_MODULE', 'ibus'), ('PWD', '/media/subham/85dce0f4-2e29-4540-9a32-801850cfcef6/subham/LidarMapping2.5D/build/lid_description'), ('TURTLEBOT3_MODEL', 'burger'), ('LC_ALL', 'en_US.UTF-8'), ('XDG_CONFIG_DIRS', '/etc/xdg/xdg-ubuntu:/etc/xdg'), ('NVM_CD_FLAGS', ''), ('XDG_DATA_DIRS', '/usr/share/ubuntu:/usr/local/share/:/usr/share/:/var/lib/snapd/desktop'), ('PYTHONPATH', '/media/subham/85dce0f4-2e29-4540-9a32-801850cfcef6/subham/LidarMapping2.5D/install/jsk_recognition_msgs/local/lib/python3.10/dist-packages:/media/subham/85dce0f4-2e29-4540-9a32-801850cfcef6/subham/LidarMapping2.5D/install/height_mapping_ros2/local/lib/python3.10/dist-packages:/home/subham/omokai_ws/build/llm_navigation:/home/subham/omokai_ws/install/llm_navigation/lib/python3.10/site-packages:/home/subham/Edge_AI_for_ADAS_and_Autonomous_Systems/build/adas_perception:/home/subham/Edge_AI_for_ADAS_and_Autonomous_Systems/install/adas_perception/lib/python3.10/site-packages:/home/subham/Edge_AI_for_ADAS_and_Autonomous_Systems/build/adas_navigation:/home/subham/Edge_AI_for_ADAS_and_Autonomous_Systems/install/adas_navigation/lib/python3.10/site-packages:/home/subham/rover_ws/build/rover_navigation:/home/subham/rover_ws/install/rover_navigation/lib/python3.10/site-packages:/home/subham/anvrit_ws/install/astra_camera_msgs/local/lib/python3.10/dist-packages:/home/subham/anvrit_ws/install/anvrit_perception/lib/python3.10/site-packages:/home/subham/anvrit_ws/install/anvrit_odometry/lib/python3.10/site-packages:/home/subham/anvrit_ws/install/anvrit_nav2/lib/python3.10/site-packages:/home/subham/igvc/build/igvc_perception:/home/subham/igvc/install/igvc_perception/lib/python3.10/site-packages:/home/subham/igvc/build/igvc_navigation:/home/subham/igvc/install/igvc_navigation/lib/python3.10/site-packages:/home/subham/colcon_ws/build/ros2ai:/home/subham/colcon_ws/install/ros2ai/lib/python3.10/site-packages:/home/subham/colcon_ws/install/linkattacher_msgs/local/lib/python3.10/dist-packages:/opt/ros/humble/lib/python3.10/site-packages:/opt/ros/humble/local/lib/python3.10/dist-packages'), ('COLCON', '1'), ('VTE_VERSION', '6800'), ('CMAKE_PREFIX_PATH', '/media/subham/85dce0f4-2e29-4540-9a32-801850cfcef6/subham/LidarMapping2.5D/install/segmentation_lidar:/media/subham/85dce0f4-2e29-4540-9a32-801850cfcef6/subham/LidarMapping2.5D/install/velodyne_simulator:/media/subham/85dce0f4-2e29-4540-9a32-801850cfcef6/subham/LidarMapping2.5D/install/velodyne_description:/media/subham/85dce0f4-2e29-4540-9a32-801850cfcef6/subham/LidarMapping2.5D/install/velodyne_gazebo_plugins:/media/subham/85dce0f4-2e29-4540-9a32-801850cfcef6/subham/LidarMapping2.5D/install/salsanext_ros2:/media/subham/85dce0f4-2e29-4540-9a32-801850cfcef6/subham/LidarMapping2.5D/install/patchwork_plusplus:/media/subham/85dce0f4-2e29-4540-9a32-801850cfcef6/subham/LidarMapping2.5D/install/lid_simulation:/media/subham/85dce0f4-2e29-4540-9a32-801850cfcef6/subham/LidarMapping2.5D/install/lid_description:/media/subham/85dce0f4-2e29-4540-9a32-801850cfcef6/subham/LidarMapping2.5D/install/jsk_recognition_msgs:/media/subham/85dce0f4-2e29-4540-9a32-801850cfcef6/subham/LidarMapping2.5D/install/height_mapping_ros2:/media/subham/85dce0f4-2e29-4540-9a32-801850cfcef6/subham/LidarMapping2.5D/install/height_mapping_core:/media/subham/85dce0f4-2e29-4540-9a32-801850cfcef6/subham/LidarMapping2.5D/install/fastdem_ros2:/media/subham/85dce0f4-2e29-4540-9a32-801850cfcef6/subham/LidarMapping2.5D/install/fastdem:/home/subham/omokai_ws/install/llm_simulation:/home/subham/omokai_ws/install/llm_prompt:/home/subham/omokai_ws/install/llm_description:/home/subham/Edge_AI_for_ADAS_and_Autonomous_Systems/install/adas_simulation:/home/subham/Edge_AI_for_ADAS_and_Autonomous_Systems/install/adas_description:/home/subham/rover_ws/install/rover_gazebo:/home/subham/rover_ws/install/rover_description:/home/subham/rover_ws/install/rf2o_laser_odometry:/home/subham/anvrit_ws/install/rplidar_ros:/home/subham/anvrit_ws/install/astra_camera:/home/subham/anvrit_ws/install/astra_camera_msgs:/home/subham/anvrit_ws/install/anvrit_description:/home/subham/igvc/install/velodyne_simulator:/home/subham/igvc/install/velodyne_description:/home/subham/igvc/install/velodyne_gazebo_plugins:/home/subham/igvc/install/igvc_simulation:/home/subham/igvc/install/igvc_description:/home/subham/colcon_ws/install/ur_simulation_gz:/home/subham/colcon_ws/install/ur_description:/home/subham/colcon_ws/install/ur5_control_2481:/home/subham/colcon_ws/install/s2481_ebot_description:/home/subham/colcon_ws/install/linkattacher_msgs:/home/subham/colcon_ws/install/eyantra_warehouse:/home/subham/colcon_ws/install/ackerman_description:/home/subham/omokai_ws/install/llm_navigation:/home/subham/Edge_AI_for_ADAS_and_Autonomous_Systems/install/adas_perception:/home/subham/Edge_AI_for_ADAS_and_Autonomous_Systems/install/adas_navigation:/home/subham/rover_ws/install/rover_navigation:/home/subham/anvrit_ws/install/anvrit_perception:/home/subham/anvrit_ws/install/anvrit_odometry:/home/subham/anvrit_ws/install/anvrit_nav2:/home/subham/igvc/install/igvc_perception:/home/subham/igvc/install/igvc_navigation:/home/subham/colcon_ws/install/ros2ai:/opt/ros/humble')]), 'shell': False}
[66.590138] (-) TimerEvent: {}
[66.607279] (lid_description) CommandEnded: {'returncode': 0}
[66.607898] (lid_description) JobProgress: {'identifier': 'lid_description', 'progress': 'install'}
[66.608042] (lid_description) Command: {'cmd': ['/usr/bin/cmake', '--install', '/media/subham/85dce0f4-2e29-4540-9a32-801850cfcef6/subham/LidarMapping2.5D/build/lid_description'], 'cwd': '/media/subham/85dce0f4-2e29-4540-9a32-801850cfcef6/subham/LidarMapping2.5D/build/lid_description', 'env': OrderedDict([('LESSOPEN', '| /usr/bin/lesspipe %s'), ('GZ_SIM_RESOURCE_PATH', '/home/subham/subt_ws/src/subt_cave_sim/models:'), ('LANGUAGE', 'en_IN:en'), ('USER', 'subham'), ('XDG_SESSION_TYPE', 'wayland'), ('SHLVL', '1'), ('LD_LIBRARY_PATH', '/media/subham/85dce0f4-2e29-4540-9a32-801850cfcef6/subham/LidarMapping2.5D/install/velodyne_gazebo_plugins/lib:/media/subham/85dce0f4-2e29-4540-9a32-801850cfcef6/subham/LidarMapping2.5D/install/patchwork_plusplus/lib:/media/subham/85dce0f4-2e29-4540-9a32-801850cfcef6/subham/LidarMapping2.5D/install/jsk_recognition_msgs/lib:/media/subham/85dce0f4-2e29-4540-9a32-801850cfcef6/subham/LidarMapping2.5D/install/height_mapping_ros2/lib:/media/subham/85dce0f4-2e29-4540-9a32-801850cfcef6/subham/LidarMapping2.5D/install/height_mapping_core/lib:/home/subham/anvrit_ws/install/astra_camera/lib:/home/subham/anvrit_ws/install/astra_camera_msgs/lib:/home/subham/igvc/install/velodyne_gazebo_plugins/lib:/home/subham/colcon_ws/install/linkattacher_msgs/lib:/opt/ros/humble/opt/rviz_ogre_vendor/lib:/opt/ros/humble/lib/x86_64-linux-gnu:/opt/ros/humble/opt/openvdb_vendor/lib:/opt/ros/humble/lib'), ('HOME', '/home/subham'), ('OLDPWD', '/home/subham'), ('DESKTOP_SESSION', 'ubuntu'), ('NVM_BIN', '/home/subham/.nvm/versions/node/v24.19.0/bin'), ('NVM_INC', '/home/subham/.nvm/versions/node/v24.19.0/include/node'), ('ROS_PYTHON_VERSION', '3'), ('GNOME_SHELL_SESSION_MODE', 'ubuntu'), ('GTK_MODULES', 'gail:atk-bridge'), ('MANAGERPID', '2038'), ('MAKEFLAGS', '-j1'), ('SYSTEMD_EXEC_PID', '3268'), ('DBUS_SESSION_BUS_ADDRESS', 'unix:path=/run/user/1000/bus'), ('COLORTERM', 'truecolor'), ('TERMINATOR_DBUS_NAME', 'net.tenshu.Terminator25ef4b219e3b005583550f2b0f9f990c3'), ('GIO_LAUNCHED_DESKTOP_FILE_PID', '4348'), ('NVM_DIR', '/home/subham/.nvm'), ('IM_CONFIG_PHASE', '1'), ('WAYLAND_DISPLAY', 'wayland-0'), ('COLCON_PREFIX_PATH', '/media/subham/85dce0f4-2e29-4540-9a32-801850cfcef6/subham/LidarMapping2.5D/install:/home/subham/Edge_AI_for_ADAS_and_Autonomous_Systems/install:/home/subham/rover_ws/install:/home/subham/igvc/install:/home/subham/colcon_ws/install:/home/subham/anvrit_ws/install:/home/subham/omokai_ws/install'), ('ROS_DISTRO', 'humble'), ('LOGNAME', 'subham'), ('JOURNAL_STREAM', '8:22697'), ('_', '/usr/bin/colcon'), ('ROS_VERSION', '2'), ('PKG_CONFIG_PATH', '/media/subham/85dce0f4-2e29-4540-9a32-801850cfcef6/subham/LidarMapping2.5D/install/fastdem/lib/x86_64-linux-gnu/pkgconfig:/media/subham/85dce0f4-2e29-4540-9a32-801850cfcef6/subham/LidarMapping2.5D/install/fastdem/lib/pkgconfig'), ('XDG_SESSION_CLASS', 'user'), ('USERNAME', 'subham'), ('TERM', 'xterm-256color'), ('GAZEBO_MODEL_PATH', '/home/subham/gazebo_models:'), ('GNOME_DESKTOP_SESSION_ID', 'this-is-deprecated'), ('ONNXRUNTIME_ROOT', '/opt/ros/humble'), ('ROS_LOCALHOST_ONLY', '0'), ('PATH', '/home/subham/.nvm/versions/node/v24.19.0/bin:/opt/ros/humble/bin:/home/subham/.local/bin:/usr/local/sbin:/usr/local/bin:/usr/sbin:/usr/bin:/sbin:/bin:/usr/games:/usr/local/games:/snap/bin:/snap/bin'), ('SESSION_MANAGER', 'local/thirdly:@/tmp/.ICE-unix/2513,unix/thirdly:/tmp/.ICE-unix/2513'), ('INVOCATION_ID', '046ab86eab5f415aa50d51e791c411a3'), ('XDG_MENU_PREFIX', 'gnome-'), ('GNOME_SETUP_DISPLAY', ':1'), ('XDG_RUNTIME_DIR', '/run/user/1000'), ('DISPLAY', ':0'), ('TERMINATOR_DBUS_PATH', '/net/tenshu/Terminator2'), ('LANG', 'en_US.UTF-8'), ('XDG_CURRENT_DESKTOP', 'ubuntu:GNOME'), ('IBUS_DISABLE_SNOOPER', '1'), ('XMODIFIERS', '@im=ibus'), ('XDG_SESSION_DESKTOP', 'ubuntu'), ('XAUTHORITY', '/run/user/1000/.mutter-Xwaylandauth.L3IAW3'), ('LS_COLORS', 'rs=0:di=01;34:ln=01;36:mh=00:pi=40;33:so=01;35:do=01;35:bd=40;33;01:cd=40;33;01:or=40;31;01:mi=00:su=37;41:sg=30;43:ca=30;41:tw=30;42:ow=34;42:st=37;44:ex=01;32:*.tar=01;31:*.tgz=01;31:*.arc=01;31:*.arj=01;31:*.taz=01;31:*.lha=01;31:*.lz4=01;31:*.lzh=01;31:*.lzma=01;31:*.tlz=01;31:*.txz=01;31:*.tzo=01;31:*.t7z=01;31:*.zip=01;31:*.z=01;31:*.dz=01;31:*.gz=01;31:*.lrz=01;31:*.lz=01;31:*.lzo=01;31:*.xz=01;31:*.zst=01;31:*.tzst=01;31:*.bz2=01;31:*.bz=01;31:*.tbz=01;31:*.tbz2=01;31:*.tz=01;31:*.deb=01;31:*.rpm=01;31:*.jar=01;31:*.war=01;31:*.ear=01;31:*.sar=01;31:*.rar=01;31:*.alz=01;31:*.ace=01;31:*.zoo=01;31:*.cpio=01;31:*.7z=01;31:*.rz=01;31:*.cab=01;31:*.wim=01;31:*.swm=01;31:*.dwm=01;31:*.esd=01;31:*.jpg=01;35:*.jpeg=01;35:*.mjpg=01;35:*.mjpeg=01;35:*.gif=01;35:*.bmp=01;35:*.pbm=01;35:*.pgm=01;35:*.ppm=01;35:*.tga=01;35:*.xbm=01;35:*.xpm=01;35:*.tif=01;35:*.tiff=01;35:*.png=01;35:*.svg=01;35:*.svgz=01;35:*.mng=01;35:*.pcx=01;35:*.mov=01;35:*.mpg=01;35:*.mpeg=01;35:*.m2v=01;35:*.mkv=01;35:*.webm=01;35:*.webp=01;35:*.ogm=01;35:*.mp4=01;35:*.m4v=01;35:*.mp4v=01;35:*.vob=01;35:*.qt=01;35:*.nuv=01;35:*.wmv=01;35:*.asf=01;35:*.rm=01;35:*.rmvb=01;35:*.flc=01;35:*.avi=01;35:*.fli=01;35:*.flv=01;35:*.gl=01;35:*.dl=01;35:*.xcf=01;35:*.xwd=01;35:*.yuv=01;35:*.cgm=01;35:*.emf=01;35:*.ogv=01;35:*.ogx=01;35:*.aac=00;36:*.au=00;36:*.flac=00;36:*.m4a=00;36:*.mid=00;36:*.midi=00;36:*.mka=00;36:*.mp3=00;36:*.mpc=00;36:*.ogg=00;36:*.ra=00;36:*.wav=00;36:*.oga=00;36:*.opus=00;36:*.spx=00;36:*.xspf=00;36:'), ('SSH_AGENT_LAUNCHER', 'gnome-keyring'), ('SSH_AUTH_SOCK', '/run/user/1000/keyring/ssh'), ('ROS_DOMAIN_ID', '0'), ('AMENT_PREFIX_PATH', '/media/subham/85dce0f4-2e29-4540-9a32-801850cfcef6/subham/LidarMapping2.5D/install/segmentation_lidar:/media/subham/85dce0f4-2e29-4540-9a32-801850cfcef6/subham/LidarMapping2.5D/install/velodyne_simulator:/media/subham/85dce0f4-2e29-4540-9a32-801850cfcef6/subham/LidarMapping2.5D/install/velodyne_description:/media/subham/85dce0f4-2e29-4540-9a32-801850cfcef6/subham/LidarMapping2.5D/install/velodyne_gazebo_plugins:/media/subham/85dce0f4-2e29-4540-9a32-801850cfcef6/subham/LidarMapping2.5D/install/salsanext_ros2:/media/subham/85dce0f4-2e29-4540-9a32-801850cfcef6/subham/LidarMapping2.5D/install/patchwork_plusplus:/media/subham/85dce0f4-2e29-4540-9a32-801850cfcef6/subham/LidarMapping2.5D/install/lid_simulation:/media/subham/85dce0f4-2e29-4540-9a32-801850cfcef6/subham/LidarMapping2.5D/install/lid_description:/media/subham/85dce0f4-2e29-4540-9a32-801850cfcef6/subham/LidarMapping2.5D/install/jsk_recognition_msgs:/media/subham/85dce0f4-2e29-4540-9a32-801850cfcef6/subham/LidarMapping2.5D/install/height_mapping_ros2:/media/subham/85dce0f4-2e29-4540-9a32-801850cfcef6/subham/LidarMapping2.5D/install/height_mapping_core:/media/subham/85dce0f4-2e29-4540-9a32-801850cfcef6/subham/LidarMapping2.5D/install/fastdem_ros2:/home/subham/omokai_ws/install/llm_simulation:/home/subham/omokai_ws/install/llm_prompt:/home/subham/omokai_ws/install/llm_navigation:/home/subham/omokai_ws/install/llm_description:/home/subham/Edge_AI_for_ADAS_and_Autonomous_Systems/install/adas_simulation:/home/subham/Edge_AI_for_ADAS_and_Autonomous_Systems/install/adas_perception:/home/subham/Edge_AI_for_ADAS_and_Autonomous_Systems/install/adas_navigation:/home/subham/Edge_AI_for_ADAS_and_Autonomous_Systems/install/adas_description:/home/subham/rover_ws/install/rover_navigation:/home/subham/rover_ws/install/rover_gazebo:/home/subham/rover_ws/install/rover_description:/home/subham/rover_ws/install/rf2o_laser_odometry:/home/subham/anvrit_ws/install/rplidar_ros:/home/subham/anvrit_ws/install/astra_camera:/home/subham/anvrit_ws/install/astra_camera_msgs:/home/subham/anvrit_ws/install/anvrit_perception:/home/subham/anvrit_ws/install/anvrit_odometry:/home/subham/anvrit_ws/install/anvrit_nav2:/home/subham/anvrit_ws/install/anvrit_description:/home/subham/igvc/install/velodyne_simulator:/home/subham/igvc/install/velodyne_description:/home/subham/igvc/install/velodyne_gazebo_plugins:/home/subham/igvc/install/igvc_simulation:/home/subham/igvc/install/igvc_perception:/home/subham/igvc/install/igvc_navigation:/home/subham/igvc/install/igvc_description:/home/subham/colcon_ws/install/ur_simulation_gz:/home/subham/colcon_ws/install/ur_description:/home/subham/colcon_ws/install/ur5_control_2481:/home/subham/colcon_ws/install/s2481_ebot_description:/home/subham/colcon_ws/install/ros2ai:/home/subham/colcon_ws/install/linkattacher_msgs:/home/subham/colcon_ws/install/eyantra_warehouse:/home/subham/colcon_ws/install/ackerman_description:/opt/ros/humble'), ('SHELL', '/bin/bash'), ('TERMINATOR_UUID', 'urn:uuid:577dd51d-23b3-4139-a8c6-d610a5169a81'), ('QT_ACCESSIBILITY', '1'), ('GDMSESSION', 'ubuntu'), ('LESSCLOSE', '/usr/bin/lesspipe %s %s'), ('IGN_GAZEBO_RESOURCE_PATH', '/media/subham/85dce0f4-2e29-4540-9a32-801850cfcef6/subham/subt_ws/src/subt_cave_sim/models:/home/subham/subt_ws/src/subt_cave_sim/models:'), ('QT_IM_MODULE', 'ibus'), ('PWD', '/media/subham/85dce0f4-2e29-4540-9a32-801850cfcef6/subham/LidarMapping2.5D/build/lid_description'), ('TURTLEBOT3_MODEL', 'burger'), ('LC_ALL', 'en_US.UTF-8'), ('XDG_CONFIG_DIRS', '/etc/xdg/xdg-ubuntu:/etc/xdg'), ('NVM_CD_FLAGS', ''), ('XDG_DATA_DIRS', '/usr/share/ubuntu:/usr/local/share/:/usr/share/:/var/lib/snapd/desktop'), ('PYTHONPATH', '/media/subham/85dce0f4-2e29-4540-9a32-801850cfcef6/subham/LidarMapping2.5D/install/jsk_recognition_msgs/local/lib/python3.10/dist-packages:/media/subham/85dce0f4-2e29-4540-9a32-801850cfcef6/subham/LidarMapping2.5D/install/height_mapping_ros2/local/lib/python3.10/dist-packages:/home/subham/omokai_ws/build/llm_navigation:/home/subham/omokai_ws/install/llm_navigation/lib/python3.10/site-packages:/home/subham/Edge_AI_for_ADAS_and_Autonomous_Systems/build/adas_perception:/home/subham/Edge_AI_for_ADAS_and_Autonomous_Systems/install/adas_perception/lib/python3.10/site-packages:/home/subham/Edge_AI_for_ADAS_and_Autonomous_Systems/build/adas_navigation:/home/subham/Edge_AI_for_ADAS_and_Autonomous_Systems/install/adas_navigation/lib/python3.10/site-packages:/home/subham/rover_ws/build/rover_navigation:/home/subham/rover_ws/install/rover_navigation/lib/python3.10/site-packages:/home/subham/anvrit_ws/install/astra_camera_msgs/local/lib/python3.10/dist-packages:/home/subham/anvrit_ws/install/anvrit_perception/lib/python3.10/site-packages:/home/subham/anvrit_ws/install/anvrit_odometry/lib/python3.10/site-packages:/home/subham/anvrit_ws/install/anvrit_nav2/lib/python3.10/site-packages:/home/subham/igvc/build/igvc_perception:/home/subham/igvc/install/igvc_perception/lib/python3.10/site-packages:/home/subham/igvc/build/igvc_navigation:/home/subham/igvc/install/igvc_navigation/lib/python3.10/site-packages:/home/subham/colcon_ws/build/ros2ai:/home/subham/colcon_ws/install/ros2ai/lib/python3.10/site-packages:/home/subham/colcon_ws/install/linkattacher_msgs/local/lib/python3.10/dist-packages:/opt/ros/humble/lib/python3.10/site-packages:/opt/ros/humble/local/lib/python3.10/dist-packages'), ('COLCON', '1'), ('VTE_VERSION', '6800'), ('CMAKE_PREFIX_PATH', '/media/subham/85dce0f4-2e29-4540-9a32-801850cfcef6/subham/LidarMapping2.5D/install/segmentation_lidar:/media/subham/85dce0f4-2e29-4540-9a32-801850cfcef6/subham/LidarMapping2.5D/install/velodyne_simulator:/media/subham/85dce0f4-2e29-4540-9a32-801850cfcef6/subham/LidarMapping2.5D/install/velodyne_description:/media/subham/85dce0f4-2e29-4540-9a32-801850cfcef6/subham/LidarMapping2.5D/install/velodyne_gazebo_plugins:/media/subham/85dce0f4-2e29-4540-9a32-801850cfcef6/subham/LidarMapping2.5D/install/salsanext_ros2:/media/subham/85dce0f4-2e29-4540-9a32-801850cfcef6/subham/LidarMapping2.5D/install/patchwork_plusplus:/media/subham/85dce0f4-2e29-4540-9a32-801850cfcef6/subham/LidarMapping2.5D/install/lid_simulation:/media/subham/85dce0f4-2e29-4540-9a32-801850cfcef6/subham/LidarMapping2.5D/install/lid_description:/media/subham/85dce0f4-2e29-4540-9a32-801850cfcef6/subham/LidarMapping2.5D/install/jsk_recognition_msgs:/media/subham/85dce0f4-2e29-4540-9a32-801850cfcef6/subham/LidarMapping2.5D/install/height_mapping_ros2:/media/subham/85dce0f4-2e29-4540-9a32-801850cfcef6/subham/LidarMapping2.5D/install/height_mapping_core:/media/subham/85dce0f4-2e29-4540-9a32-801850cfcef6/subham/LidarMapping2.5D/install/fastdem_ros2:/media/subham/85dce0f4-2e29-4540-9a32-801850cfcef6/subham/LidarMapping2.5D/install/fastdem:/home/subham/omokai_ws/install/llm_simulation:/home/subham/omokai_ws/install/llm_prompt:/home/subham/omokai_ws/install/llm_description:/home/subham/Edge_AI_for_ADAS_and_Autonomous_Systems/install/adas_simulation:/home/subham/Edge_AI_for_ADAS_and_Autonomous_Systems/install/adas_description:/home/subham/rover_ws/install/rover_gazebo:/home/subham/rover_ws/install/rover_description:/home/subham/rover_ws/install/rf2o_laser_odometry:/home/subham/anvrit_ws/install/rplidar_ros:/home/subham/anvrit_ws/install/astra_camera:/home/subham/anvrit_ws/install/astra_camera_msgs:/home/subham/anvrit_ws/install/anvrit_description:/home/subham/igvc/install/velodyne_simulator:/home/subham/igvc/install/velodyne_description:/home/subham/igvc/install/velodyne_gazebo_plugins:/home/subham/igvc/install/igvc_simulation:/home/subham/igvc/install/igvc_description:/home/subham/colcon_ws/install/ur_simulation_gz:/home/subham/colcon_ws/install/ur_description:/home/subham/colcon_ws/install/ur5_control_2481:/home/subham/colcon_ws/install/s2481_ebot_description:/home/subham/colcon_ws/install/linkattacher_msgs:/home/subham/colcon_ws/install/eyantra_warehouse:/home/subham/colcon_ws/install/ackerman_description:/home/subham/omokai_ws/install/llm_navigation:/home/subham/Edge_AI_for_ADAS_and_Autonomous_Systems/install/adas_perception:/home/subham/Edge_AI_for_ADAS_and_Autonomous_Systems/install/adas_navigation:/home/subham/rover_ws/install/rover_navigation:/home/subham/anvrit_ws/install/anvrit_perception:/home/subham/anvrit_ws/install/anvrit_odometry:/home/subham/anvrit_ws/install/anvrit_nav2:/home/subham/igvc/install/igvc_perception:/home/subham/igvc/install/igvc_navigation:/home/subham/colcon_ws/install/ros2ai:/opt/ros/humble')]), 'shell': False}
[66.620024] (lid_description) StdoutLine: {'line': b'-- Install configuration: ""\n'}
[66.620437] (lid_description) StdoutLine: {'line': b'-- Execute custom install script\n'}
[66.620983] (lid_description) StdoutLine: {'line': b'-- Symlinking: /media/subham/85dce0f4-2e29-4540-9a32-801850cfcef6/subham/LidarMapping2.5D/install/lid_description/share/lid_description//launch/__pycache__/spawn_ebot.launch.cpython-310.pyc\n'}
[66.632798] (lid_description) StdoutLine: {'line': b'-- Symlinking: /media/subham/85dce0f4-2e29-4540-9a32-801850cfcef6/subham/LidarMapping2.5D/install/lid_description/share/lid_description//launch/spawn_ebot.launch.py\n'}
[66.644014] (lid_description) StdoutLine: {'line': b'-- Symlinking: /media/subham/85dce0f4-2e29-4540-9a32-801850cfcef6/subham/LidarMapping2.5D/install/lid_description/share/lid_description//models/ebot/ebot.gazebo\n'}
[66.656571] (lid_description) StdoutLine: {'line': b'-- Symlinking: /media/subham/85dce0f4-2e29-4540-9a32-801850cfcef6/subham/LidarMapping2.5D/install/lid_description/share/lid_description//models/ebot/ebot_description.xacro\n'}
[66.669372] (lid_description) StdoutLine: {'line': b'-- Symlinking: /media/subham/85dce0f4-2e29-4540-9a32-801850cfcef6/subham/LidarMapping2.5D/install/lid_description/share/lid_description//models/ebot/realsense2.urdf.xacro\n'}
[66.682711] (lid_description) StdoutLine: {'line': b'-- Symlinking: /media/subham/85dce0f4-2e29-4540-9a32-801850cfcef6/subham/LidarMapping2.5D/install/lid_description/share/lid_description//meshes/FUS1.STL\n'}
[66.690288] (-) TimerEvent: {}
[66.694680] (lid_description) StdoutLine: {'line': b'-- Symlinking: /media/subham/85dce0f4-2e29-4540-9a32-801850cfcef6/subham/LidarMapping2.5D/install/lid_description/share/lid_description//meshes/FUS2.STL\n'}
[66.705619] (lid_description) StdoutLine: {'line': b'-- Symlinking: /media/subham/85dce0f4-2e29-4540-9a32-801850cfcef6/subham/LidarMapping2.5D/install/lid_description/share/lid_description//meshes/FUS3.STL\n'}
[66.719839] (lid_description) StdoutLine: {'line': b'-- Symlinking: /media/subham/85dce0f4-2e29-4540-9a32-801850cfcef6/subham/LidarMapping2.5D/install/lid_description/share/lid_description//meshes/FUS4.STL\n'}
[66.731534] (lid_description) StdoutLine: {'line': b'-- Symlinking: /media/subham/85dce0f4-2e29-4540-9a32-801850cfcef6/subham/LidarMapping2.5D/install/lid_description/share/lid_description//meshes/FWL.STL\n'}
[66.741996] (lid_description) StdoutLine: {'line': b'-- Symlinking: /media/subham/85dce0f4-2e29-4540-9a32-801850cfcef6/subham/LidarMapping2.5D/install/lid_description/share/lid_description//meshes/FWR.STL\n'}
[66.755431] (lid_description) StdoutLine: {'line': b'-- Symlinking: /media/subham/85dce0f4-2e29-4540-9a32-801850cfcef6/subham/LidarMapping2.5D/install/lid_description/share/lid_description//meshes/LHUS10.STL\n'}
[66.768103] (lid_description) StdoutLine: {'line': b'-- Symlinking: /media/subham/85dce0f4-2e29-4540-9a32-801850cfcef6/subham/LidarMapping2.5D/install/lid_description/share/lid_description//meshes/LHUS9.STL\n'}
[66.781717] (lid_description) StdoutLine: {'line': b'-- Symlinking: /media/subham/85dce0f4-2e29-4540-9a32-801850cfcef6/subham/LidarMapping2.5D/install/lid_description/share/lid_description//meshes/NAVRS.STL\n'}
[66.790452] (-) TimerEvent: {}
[66.792463] (lid_description) StdoutLine: {'line': b'-- Symlinking: /media/subham/85dce0f4-2e29-4540-9a32-801850cfcef6/subham/LidarMapping2.5D/install/lid_description/share/lid_description//meshes/RHUS7.STL\n'}
[66.803935] (lid_description) StdoutLine: {'line': b'-- Symlinking: /media/subham/85dce0f4-2e29-4540-9a32-801850cfcef6/subham/LidarMapping2.5D/install/lid_description/share/lid_description//meshes/RHUS9.STL\n'}
[66.818316] (lid_description) StdoutLine: {'line': b'-- Symlinking: /media/subham/85dce0f4-2e29-4540-9a32-801850cfcef6/subham/LidarMapping2.5D/install/lid_description/share/lid_description//meshes/ROTOR_1.STL\n'}
[66.830771] (lid_description) StdoutLine: {'line': b'-- Symlinking: /media/subham/85dce0f4-2e29-4540-9a32-801850cfcef6/subham/LidarMapping2.5D/install/lid_description/share/lid_description//meshes/ROTOR_2.STL\n'}
[66.841743] (lid_description) StdoutLine: {'line': b'-- Symlinking: /media/subham/85dce0f4-2e29-4540-9a32-801850cfcef6/subham/LidarMapping2.5D/install/lid_description/share/lid_description//meshes/ROTOR_3.STL\n'}
[66.855385] (lid_description) StdoutLine: {'line': b'-- Symlinking: /media/subham/85dce0f4-2e29-4540-9a32-801850cfcef6/subham/LidarMapping2.5D/install/lid_description/share/lid_description//meshes/ROTOR_4.STL\n'}
[66.869035] (lid_description) StdoutLine: {'line': b'-- Symlinking: /media/subham/85dce0f4-2e29-4540-9a32-801850cfcef6/subham/LidarMapping2.5D/install/lid_description/share/lid_description//meshes/RUS5.STL\n'}
[66.881879] (lid_description) StdoutLine: {'line': b'-- Symlinking: /media/subham/85dce0f4-2e29-4540-9a32-801850cfcef6/subham/LidarMapping2.5D/install/lid_description/share/lid_description//meshes/RUS6.STL\n'}
[66.890717] (-) TimerEvent: {}
[66.893924] (lid_description) StdoutLine: {'line': b'-- Symlinking: /media/subham/85dce0f4-2e29-4540-9a32-801850cfcef6/subham/LidarMapping2.5D/install/lid_description/share/lid_description//meshes/RWL.STL\n'}
[66.905936] (lid_description) StdoutLine: {'line': b'-- Symlinking: /media/subham/85dce0f4-2e29-4540-9a32-801850cfcef6/subham/LidarMapping2.5D/install/lid_description/share/lid_description//meshes/RWR.STL\n'}
[66.919669] (lid_description) StdoutLine: {'line': b'-- Symlinking: /media/subham/85dce0f4-2e29-4540-9a32-801850cfcef6/subham/LidarMapping2.5D/install/lid_description/share/lid_description//meshes/SIH.jpg\n'}
[66.932051] (lid_description) StdoutLine: {'line': b'-- Symlinking: /media/subham/85dce0f4-2e29-4540-9a32-801850cfcef6/subham/LidarMapping2.5D/install/lid_description/share/lid_description//meshes/base_link.STL\n'}
[66.943058] (lid_description) StdoutLine: {'line': b'-- Symlinking: /media/subham/85dce0f4-2e29-4540-9a32-801850cfcef6/subham/LidarMapping2.5D/install/lid_description/share/lid_description//meshes/chassis_modified.dae\n'}
[66.955987] (lid_description) StdoutLine: {'line': b'-- Symlinking: /media/subham/85dce0f4-2e29-4540-9a32-801850cfcef6/subham/LidarMapping2.5D/install/lid_description/share/lid_description//meshes/chassis_modified2.dae\n'}
[66.968461] (lid_description) StdoutLine: {'line': b'-- Symlinking: /media/subham/85dce0f4-2e29-4540-9a32-801850cfcef6/subham/LidarMapping2.5D/install/lid_description/share/lid_description//meshes/d435.dae\n'}
[66.980648] (lid_description) StdoutLine: {'line': b'-- Symlinking: /media/subham/85dce0f4-2e29-4540-9a32-801850cfcef6/subham/LidarMapping2.5D/install/lid_description/share/lid_description//meshes/robot_base.stl\n'}
[66.990960] (-) TimerEvent: {}
[66.993448] (lid_description) StdoutLine: {'line': b'-- Symlinking: /media/subham/85dce0f4-2e29-4540-9a32-801850cfcef6/subham/LidarMapping2.5D/install/lid_description/share/lid_description//plugins/libgazebo_collision_sensor.so\n'}
[67.005522] (lid_description) StdoutLine: {'line': b'-- Symlinking: /media/subham/85dce0f4-2e29-4540-9a32-801850cfcef6/subham/LidarMapping2.5D/install/lid_description/share/lid_description//plugins/libgazebo_ros_vacuum_gripper.so\n'}
[67.018924] (lid_description) StdoutLine: {'line': b'-- Symlinking: /media/subham/85dce0f4-2e29-4540-9a32-801850cfcef6/subham/LidarMapping2.5D/install/lid_description/share/ament_index/resource_index/package_run_dependencies/lid_description\n'}
[67.031001] (lid_description) StdoutLine: {'line': b'-- Symlinking: /media/subham/85dce0f4-2e29-4540-9a32-801850cfcef6/subham/LidarMapping2.5D/install/lid_description/share/ament_index/resource_index/parent_prefix_path/lid_description\n'}
[67.042680] (lid_description) StdoutLine: {'line': b'-- Symlinking: /media/subham/85dce0f4-2e29-4540-9a32-801850cfcef6/subham/LidarMapping2.5D/install/lid_description/share/lid_description/environment/ament_prefix_path.sh\n'}
[67.055249] (lid_description) StdoutLine: {'line': b'-- Symlinking: /media/subham/85dce0f4-2e29-4540-9a32-801850cfcef6/subham/LidarMapping2.5D/install/lid_description/share/lid_description/environment/ament_prefix_path.dsv\n'}
[67.069174] (lid_description) StdoutLine: {'line': b'-- Symlinking: /media/subham/85dce0f4-2e29-4540-9a32-801850cfcef6/subham/LidarMapping2.5D/install/lid_description/share/lid_description/environment/path.sh\n'}
[67.081154] (lid_description) StdoutLine: {'line': b'-- Symlinking: /media/subham/85dce0f4-2e29-4540-9a32-801850cfcef6/subham/LidarMapping2.5D/install/lid_description/share/lid_description/environment/path.dsv\n'}
[67.091042] (-) TimerEvent: {}
[67.093932] (lid_description) StdoutLine: {'line': b'-- Symlinking: /media/subham/85dce0f4-2e29-4540-9a32-801850cfcef6/subham/LidarMapping2.5D/install/lid_description/share/lid_description/local_setup.bash\n'}
[67.106265] (lid_description) StdoutLine: {'line': b'-- Symlinking: /media/subham/85dce0f4-2e29-4540-9a32-801850cfcef6/subham/LidarMapping2.5D/install/lid_description/share/lid_description/local_setup.sh\n'}
[67.121299] (lid_description) StdoutLine: {'line': b'-- Symlinking: /media/subham/85dce0f4-2e29-4540-9a32-801850cfcef6/subham/LidarMapping2.5D/install/lid_description/share/lid_description/local_setup.zsh\n'}
[67.133649] (lid_description) StdoutLine: {'line': b'-- Symlinking: /media/subham/85dce0f4-2e29-4540-9a32-801850cfcef6/subham/LidarMapping2.5D/install/lid_description/share/lid_description/local_setup.dsv\n'}
[67.146998] (lid_description) StdoutLine: {'line': b'-- Symlinking: /media/subham/85dce0f4-2e29-4540-9a32-801850cfcef6/subham/LidarMapping2.5D/install/lid_description/share/lid_description/package.dsv\n'}
[67.159646] (lid_description) StdoutLine: {'line': b'-- Symlinking: /media/subham/85dce0f4-2e29-4540-9a32-801850cfcef6/subham/LidarMapping2.5D/install/lid_description/share/ament_index/resource_index/packages/lid_description\n'}
[67.171849] (lid_description) StdoutLine: {'line': b'-- Symlinking: /media/subham/85dce0f4-2e29-4540-9a32-801850cfcef6/subham/LidarMapping2.5D/install/lid_description/share/lid_description/cmake/lid_descriptionConfig.cmake\n'}
[67.185988] (lid_description) StdoutLine: {'line': b'-- Symlinking: /media/subham/85dce0f4-2e29-4540-9a32-801850cfcef6/subham/LidarMapping2.5D/install/lid_description/share/lid_description/cmake/lid_descriptionConfig-version.cmake\n'}
[67.191180] (-) TimerEvent: {}
[67.198261] (lid_description) StdoutLine: {'line': b'-- Symlinking: /media/subham/85dce0f4-2e29-4540-9a32-801850cfcef6/subham/LidarMapping2.5D/install/lid_description/share/lid_description/package.xml\n'}
[67.213309] (lid_description) CommandEnded: {'returncode': 0}
[67.227785] (lid_description) JobEnded: {'identifier': 'lid_description', 'rc': 0}
[67.228829] (lid_simulation) JobStarted: {'identifier': 'lid_simulation'}
[67.240687] (lid_simulation) JobProgress: {'identifier': 'lid_simulation', 'progress': 'cmake'}
[67.241157] (lid_simulation) Command: {'cmd': ['/usr/bin/cmake', '/media/subham/85dce0f4-2e29-4540-9a32-801850cfcef6/subham/LidarMapping2.5D/src/lid_simulation', '-DAMENT_CMAKE_SYMLINK_INSTALL=1', '-DCMAKE_INSTALL_PREFIX=/media/subham/85dce0f4-2e29-4540-9a32-801850cfcef6/subham/LidarMapping2.5D/install/lid_simulation'], 'cwd': '/media/subham/85dce0f4-2e29-4540-9a32-801850cfcef6/subham/LidarMapping2.5D/build/lid_simulation', 'env': OrderedDict([('LESSOPEN', '| /usr/bin/lesspipe %s'), ('GZ_SIM_RESOURCE_PATH', '/home/subham/subt_ws/src/subt_cave_sim/models:'), ('LANGUAGE', 'en_IN:en'), ('USER', 'subham'), ('XDG_SESSION_TYPE', 'wayland'), ('SHLVL', '1'), ('LD_LIBRARY_PATH', '/media/subham/85dce0f4-2e29-4540-9a32-801850cfcef6/subham/LidarMapping2.5D/install/velodyne_gazebo_plugins/lib:/media/subham/85dce0f4-2e29-4540-9a32-801850cfcef6/subham/LidarMapping2.5D/install/patchwork_plusplus/lib:/media/subham/85dce0f4-2e29-4540-9a32-801850cfcef6/subham/LidarMapping2.5D/install/jsk_recognition_msgs/lib:/media/subham/85dce0f4-2e29-4540-9a32-801850cfcef6/subham/LidarMapping2.5D/install/height_mapping_ros2/lib:/media/subham/85dce0f4-2e29-4540-9a32-801850cfcef6/subham/LidarMapping2.5D/install/height_mapping_core/lib:/home/subham/anvrit_ws/install/astra_camera/lib:/home/subham/anvrit_ws/install/astra_camera_msgs/lib:/home/subham/igvc/install/velodyne_gazebo_plugins/lib:/home/subham/colcon_ws/install/linkattacher_msgs/lib:/opt/ros/humble/opt/rviz_ogre_vendor/lib:/opt/ros/humble/lib/x86_64-linux-gnu:/opt/ros/humble/opt/openvdb_vendor/lib:/opt/ros/humble/lib'), ('HOME', '/home/subham'), ('OLDPWD', '/home/subham'), ('DESKTOP_SESSION', 'ubuntu'), ('NVM_BIN', '/home/subham/.nvm/versions/node/v24.19.0/bin'), ('NVM_INC', '/home/subham/.nvm/versions/node/v24.19.0/include/node'), ('ROS_PYTHON_VERSION', '3'), ('GNOME_SHELL_SESSION_MODE', 'ubuntu'), ('GTK_MODULES', 'gail:atk-bridge'), ('MANAGERPID', '2038'), ('MAKEFLAGS', '-j1'), ('SYSTEMD_EXEC_PID', '3268'), ('DBUS_SESSION_BUS_ADDRESS', 'unix:path=/run/user/1000/bus'), ('COLORTERM', 'truecolor'), ('TERMINATOR_DBUS_NAME', 'net.tenshu.Terminator25ef4b219e3b005583550f2b0f9f990c3'), ('GIO_LAUNCHED_DESKTOP_FILE_PID', '4348'), ('NVM_DIR', '/home/subham/.nvm'), ('IM_CONFIG_PHASE', '1'), ('WAYLAND_DISPLAY', 'wayland-0'), ('COLCON_PREFIX_PATH', '/media/subham/85dce0f4-2e29-4540-9a32-801850cfcef6/subham/LidarMapping2.5D/install:/home/subham/Edge_AI_for_ADAS_and_Autonomous_Systems/install:/home/subham/rover_ws/install:/home/subham/igvc/install:/home/subham/colcon_ws/install:/home/subham/anvrit_ws/install:/home/subham/omokai_ws/install'), ('ROS_DISTRO', 'humble'), ('LOGNAME', 'subham'), ('JOURNAL_STREAM', '8:22697'), ('_', '/usr/bin/colcon'), ('ROS_VERSION', '2'), ('PKG_CONFIG_PATH', '/media/subham/85dce0f4-2e29-4540-9a32-801850cfcef6/subham/LidarMapping2.5D/install/fastdem/lib/x86_64-linux-gnu/pkgconfig:/media/subham/85dce0f4-2e29-4540-9a32-801850cfcef6/subham/LidarMapping2.5D/install/fastdem/lib/pkgconfig'), ('XDG_SESSION_CLASS', 'user'), ('USERNAME', 'subham'), ('TERM', 'xterm-256color'), ('GAZEBO_MODEL_PATH', '/home/subham/gazebo_models:'), ('GNOME_DESKTOP_SESSION_ID', 'this-is-deprecated'), ('ONNXRUNTIME_ROOT', '/opt/ros/humble'), ('ROS_LOCALHOST_ONLY', '0'), ('PATH', '/home/subham/.nvm/versions/node/v24.19.0/bin:/opt/ros/humble/bin:/home/subham/.local/bin:/usr/local/sbin:/usr/local/bin:/usr/sbin:/usr/bin:/sbin:/bin:/usr/games:/usr/local/games:/snap/bin:/snap/bin'), ('SESSION_MANAGER', 'local/thirdly:@/tmp/.ICE-unix/2513,unix/thirdly:/tmp/.ICE-unix/2513'), ('INVOCATION_ID', '046ab86eab5f415aa50d51e791c411a3'), ('XDG_MENU_PREFIX', 'gnome-'), ('GNOME_SETUP_DISPLAY', ':1'), ('XDG_RUNTIME_DIR', '/run/user/1000'), ('DISPLAY', ':0'), ('TERMINATOR_DBUS_PATH', '/net/tenshu/Terminator2'), ('LANG', 'en_US.UTF-8'), ('XDG_CURRENT_DESKTOP', 'ubuntu:GNOME'), ('IBUS_DISABLE_SNOOPER', '1'), ('XMODIFIERS', '@im=ibus'), ('XDG_SESSION_DESKTOP', 'ubuntu'), ('XAUTHORITY', '/run/user/1000/.mutter-Xwaylandauth.L3IAW3'), ('LS_COLORS', 'rs=0:di=01;34:ln=01;36:mh=00:pi=40;33:so=01;35:do=01;35:bd=40;33;01:cd=40;33;01:or=40;31;01:mi=00:su=37;41:sg=30;43:ca=30;41:tw=30;42:ow=34;42:st=37;44:ex=01;32:*.tar=01;31:*.tgz=01;31:*.arc=01;31:*.arj=01;31:*.taz=01;31:*.lha=01;31:*.lz4=01;31:*.lzh=01;31:*.lzma=01;31:*.tlz=01;31:*.txz=01;31:*.tzo=01;31:*.t7z=01;31:*.zip=01;31:*.z=01;31:*.dz=01;31:*.gz=01;31:*.lrz=01;31:*.lz=01;31:*.lzo=01;31:*.xz=01;31:*.zst=01;31:*.tzst=01;31:*.bz2=01;31:*.bz=01;31:*.tbz=01;31:*.tbz2=01;31:*.tz=01;31:*.deb=01;31:*.rpm=01;31:*.jar=01;31:*.war=01;31:*.ear=01;31:*.sar=01;31:*.rar=01;31:*.alz=01;31:*.ace=01;31:*.zoo=01;31:*.cpio=01;31:*.7z=01;31:*.rz=01;31:*.cab=01;31:*.wim=01;31:*.swm=01;31:*.dwm=01;31:*.esd=01;31:*.jpg=01;35:*.jpeg=01;35:*.mjpg=01;35:*.mjpeg=01;35:*.gif=01;35:*.bmp=01;35:*.pbm=01;35:*.pgm=01;35:*.ppm=01;35:*.tga=01;35:*.xbm=01;35:*.xpm=01;35:*.tif=01;35:*.tiff=01;35:*.png=01;35:*.svg=01;35:*.svgz=01;35:*.mng=01;35:*.pcx=01;35:*.mov=01;35:*.mpg=01;35:*.mpeg=01;35:*.m2v=01;35:*.mkv=01;35:*.webm=01;35:*.webp=01;35:*.ogm=01;35:*.mp4=01;35:*.m4v=01;35:*.mp4v=01;35:*.vob=01;35:*.qt=01;35:*.nuv=01;35:*.wmv=01;35:*.asf=01;35:*.rm=01;35:*.rmvb=01;35:*.flc=01;35:*.avi=01;35:*.fli=01;35:*.flv=01;35:*.gl=01;35:*.dl=01;35:*.xcf=01;35:*.xwd=01;35:*.yuv=01;35:*.cgm=01;35:*.emf=01;35:*.ogv=01;35:*.ogx=01;35:*.aac=00;36:*.au=00;36:*.flac=00;36:*.m4a=00;36:*.mid=00;36:*.midi=00;36:*.mka=00;36:*.mp3=00;36:*.mpc=00;36:*.ogg=00;36:*.ra=00;36:*.wav=00;36:*.oga=00;36:*.opus=00;36:*.spx=00;36:*.xspf=00;36:'), ('SSH_AGENT_LAUNCHER', 'gnome-keyring'), ('SSH_AUTH_SOCK', '/run/user/1000/keyring/ssh'), ('ROS_DOMAIN_ID', '0'), ('AMENT_PREFIX_PATH', '/media/subham/85dce0f4-2e29-4540-9a32-801850cfcef6/subham/LidarMapping2.5D/install/segmentation_lidar:/media/subham/85dce0f4-2e29-4540-9a32-801850cfcef6/subham/LidarMapping2.5D/install/velodyne_simulator:/media/subham/85dce0f4-2e29-4540-9a32-801850cfcef6/subham/LidarMapping2.5D/install/velodyne_description:/media/subham/85dce0f4-2e29-4540-9a32-801850cfcef6/subham/LidarMapping2.5D/install/velodyne_gazebo_plugins:/media/subham/85dce0f4-2e29-4540-9a32-801850cfcef6/subham/LidarMapping2.5D/install/salsanext_ros2:/media/subham/85dce0f4-2e29-4540-9a32-801850cfcef6/subham/LidarMapping2.5D/install/patchwork_plusplus:/media/subham/85dce0f4-2e29-4540-9a32-801850cfcef6/subham/LidarMapping2.5D/install/lid_simulation:/media/subham/85dce0f4-2e29-4540-9a32-801850cfcef6/subham/LidarMapping2.5D/install/lid_description:/media/subham/85dce0f4-2e29-4540-9a32-801850cfcef6/subham/LidarMapping2.5D/install/jsk_recognition_msgs:/media/subham/85dce0f4-2e29-4540-9a32-801850cfcef6/subham/LidarMapping2.5D/install/height_mapping_ros2:/media/subham/85dce0f4-2e29-4540-9a32-801850cfcef6/subham/LidarMapping2.5D/install/height_mapping_core:/media/subham/85dce0f4-2e29-4540-9a32-801850cfcef6/subham/LidarMapping2.5D/install/fastdem_ros2:/home/subham/omokai_ws/install/llm_simulation:/home/subham/omokai_ws/install/llm_prompt:/home/subham/omokai_ws/install/llm_navigation:/home/subham/omokai_ws/install/llm_description:/home/subham/Edge_AI_for_ADAS_and_Autonomous_Systems/install/adas_simulation:/home/subham/Edge_AI_for_ADAS_and_Autonomous_Systems/install/adas_perception:/home/subham/Edge_AI_for_ADAS_and_Autonomous_Systems/install/adas_navigation:/home/subham/Edge_AI_for_ADAS_and_Autonomous_Systems/install/adas_description:/home/subham/rover_ws/install/rover_navigation:/home/subham/rover_ws/install/rover_gazebo:/home/subham/rover_ws/install/rover_description:/home/subham/rover_ws/install/rf2o_laser_odometry:/home/subham/anvrit_ws/install/rplidar_ros:/home/subham/anvrit_ws/install/astra_camera:/home/subham/anvrit_ws/install/astra_camera_msgs:/home/subham/anvrit_ws/install/anvrit_perception:/home/subham/anvrit_ws/install/anvrit_odometry:/home/subham/anvrit_ws/install/anvrit_nav2:/home/subham/anvrit_ws/install/anvrit_description:/home/subham/igvc/install/velodyne_simulator:/home/subham/igvc/install/velodyne_description:/home/subham/igvc/install/velodyne_gazebo_plugins:/home/subham/igvc/install/igvc_simulation:/home/subham/igvc/install/igvc_perception:/home/subham/igvc/install/igvc_navigation:/home/subham/igvc/install/igvc_description:/home/subham/colcon_ws/install/ur_simulation_gz:/home/subham/colcon_ws/install/ur_description:/home/subham/colcon_ws/install/ur5_control_2481:/home/subham/colcon_ws/install/s2481_ebot_description:/home/subham/colcon_ws/install/ros2ai:/home/subham/colcon_ws/install/linkattacher_msgs:/home/subham/colcon_ws/install/eyantra_warehouse:/home/subham/colcon_ws/install/ackerman_description:/opt/ros/humble'), ('SHELL', '/bin/bash'), ('TERMINATOR_UUID', 'urn:uuid:577dd51d-23b3-4139-a8c6-d610a5169a81'), ('QT_ACCESSIBILITY', '1'), ('GDMSESSION', 'ubuntu'), ('LESSCLOSE', '/usr/bin/lesspipe %s %s'), ('IGN_GAZEBO_RESOURCE_PATH', '/media/subham/85dce0f4-2e29-4540-9a32-801850cfcef6/subham/subt_ws/src/subt_cave_sim/models:/home/subham/subt_ws/src/subt_cave_sim/models:'), ('QT_IM_MODULE', 'ibus'), ('PWD', '/media/subham/85dce0f4-2e29-4540-9a32-801850cfcef6/subham/LidarMapping2.5D/build/lid_simulation'), ('TURTLEBOT3_MODEL', 'burger'), ('LC_ALL', 'en_US.UTF-8'), ('XDG_CONFIG_DIRS', '/etc/xdg/xdg-ubuntu:/etc/xdg'), ('NVM_CD_FLAGS', ''), ('XDG_DATA_DIRS', '/usr/share/ubuntu:/usr/local/share/:/usr/share/:/var/lib/snapd/desktop'), ('PYTHONPATH', '/media/subham/85dce0f4-2e29-4540-9a32-801850cfcef6/subham/LidarMapping2.5D/install/jsk_recognition_msgs/local/lib/python3.10/dist-packages:/media/subham/85dce0f4-2e29-4540-9a32-801850cfcef6/subham/LidarMapping2.5D/install/height_mapping_ros2/local/lib/python3.10/dist-packages:/home/subham/omokai_ws/build/llm_navigation:/home/subham/omokai_ws/install/llm_navigation/lib/python3.10/site-packages:/home/subham/Edge_AI_for_ADAS_and_Autonomous_Systems/build/adas_perception:/home/subham/Edge_AI_for_ADAS_and_Autonomous_Systems/install/adas_perception/lib/python3.10/site-packages:/home/subham/Edge_AI_for_ADAS_and_Autonomous_Systems/build/adas_navigation:/home/subham/Edge_AI_for_ADAS_and_Autonomous_Systems/install/adas_navigation/lib/python3.10/site-packages:/home/subham/rover_ws/build/rover_navigation:/home/subham/rover_ws/install/rover_navigation/lib/python3.10/site-packages:/home/subham/anvrit_ws/install/astra_camera_msgs/local/lib/python3.10/dist-packages:/home/subham/anvrit_ws/install/anvrit_perception/lib/python3.10/site-packages:/home/subham/anvrit_ws/install/anvrit_odometry/lib/python3.10/site-packages:/home/subham/anvrit_ws/install/anvrit_nav2/lib/python3.10/site-packages:/home/subham/igvc/build/igvc_perception:/home/subham/igvc/install/igvc_perception/lib/python3.10/site-packages:/home/subham/igvc/build/igvc_navigation:/home/subham/igvc/install/igvc_navigation/lib/python3.10/site-packages:/home/subham/colcon_ws/build/ros2ai:/home/subham/colcon_ws/install/ros2ai/lib/python3.10/site-packages:/home/subham/colcon_ws/install/linkattacher_msgs/local/lib/python3.10/dist-packages:/opt/ros/humble/lib/python3.10/site-packages:/opt/ros/humble/local/lib/python3.10/dist-packages'), ('COLCON', '1'), ('VTE_VERSION', '6800'), ('CMAKE_PREFIX_PATH', '/media/subham/85dce0f4-2e29-4540-9a32-801850cfcef6/subham/LidarMapping2.5D/install/segmentation_lidar:/media/subham/85dce0f4-2e29-4540-9a32-801850cfcef6/subham/LidarMapping2.5D/install/velodyne_simulator:/media/subham/85dce0f4-2e29-4540-9a32-801850cfcef6/subham/LidarMapping2.5D/install/velodyne_description:/media/subham/85dce0f4-2e29-4540-9a32-801850cfcef6/subham/LidarMapping2.5D/install/velodyne_gazebo_plugins:/media/subham/85dce0f4-2e29-4540-9a32-801850cfcef6/subham/LidarMapping2.5D/install/salsanext_ros2:/media/subham/85dce0f4-2e29-4540-9a32-801850cfcef6/subham/LidarMapping2.5D/install/patchwork_plusplus:/media/subham/85dce0f4-2e29-4540-9a32-801850cfcef6/subham/LidarMapping2.5D/install/lid_simulation:/media/subham/85dce0f4-2e29-4540-9a32-801850cfcef6/subham/LidarMapping2.5D/install/lid_description:/media/subham/85dce0f4-2e29-4540-9a32-801850cfcef6/subham/LidarMapping2.5D/install/jsk_recognition_msgs:/media/subham/85dce0f4-2e29-4540-9a32-801850cfcef6/subham/LidarMapping2.5D/install/height_mapping_ros2:/media/subham/85dce0f4-2e29-4540-9a32-801850cfcef6/subham/LidarMapping2.5D/install/height_mapping_core:/media/subham/85dce0f4-2e29-4540-9a32-801850cfcef6/subham/LidarMapping2.5D/install/fastdem_ros2:/media/subham/85dce0f4-2e29-4540-9a32-801850cfcef6/subham/LidarMapping2.5D/install/fastdem:/home/subham/omokai_ws/install/llm_simulation:/home/subham/omokai_ws/install/llm_prompt:/home/subham/omokai_ws/install/llm_description:/home/subham/Edge_AI_for_ADAS_and_Autonomous_Systems/install/adas_simulation:/home/subham/Edge_AI_for_ADAS_and_Autonomous_Systems/install/adas_description:/home/subham/rover_ws/install/rover_gazebo:/home/subham/rover_ws/install/rover_description:/home/subham/rover_ws/install/rf2o_laser_odometry:/home/subham/anvrit_ws/install/rplidar_ros:/home/subham/anvrit_ws/install/astra_camera:/home/subham/anvrit_ws/install/astra_camera_msgs:/home/subham/anvrit_ws/install/anvrit_description:/home/subham/igvc/install/velodyne_simulator:/home/subham/igvc/install/velodyne_description:/home/subham/igvc/install/velodyne_gazebo_plugins:/home/subham/igvc/install/igvc_simulation:/home/subham/igvc/install/igvc_description:/home/subham/colcon_ws/install/ur_simulation_gz:/home/subham/colcon_ws/install/ur_description:/home/subham/colcon_ws/install/ur5_control_2481:/home/subham/colcon_ws/install/s2481_ebot_description:/home/subham/colcon_ws/install/linkattacher_msgs:/home/subham/colcon_ws/install/eyantra_warehouse:/home/subham/colcon_ws/install/ackerman_description:/home/subham/omokai_ws/install/llm_navigation:/home/subham/Edge_AI_for_ADAS_and_Autonomous_Systems/install/adas_perception:/home/subham/Edge_AI_for_ADAS_and_Autonomous_Systems/install/adas_navigation:/home/subham/rover_ws/install/rover_navigation:/home/subham/anvrit_ws/install/anvrit_perception:/home/subham/anvrit_ws/install/anvrit_odometry:/home/subham/anvrit_ws/install/anvrit_nav2:/home/subham/igvc/install/igvc_perception:/home/subham/igvc/install/igvc_navigation:/home/subham/colcon_ws/install/ros2ai:/opt/ros/humble')]), 'shell': False}
[67.291303] (-) TimerEvent: {}
[67.321629] (lid_simulation) StdoutLine: {'line': b'-- The C compiler identification is GNU 11.4.0\n'}
[67.391403] (-) TimerEvent: {}
[67.392888] (lid_simulation) StdoutLine: {'line': b'-- The CXX compiler identification is GNU 11.4.0\n'}
[67.401810] (lid_simulation) StdoutLine: {'line': b'-- Detecting C compiler ABI info\n'}
[67.491540] (-) TimerEvent: {}
[67.498790] (lid_simulation) StdoutLine: {'line': b'-- Detecting C compiler ABI info - done\n'}
[67.505461] (lid_simulation) StdoutLine: {'line': b'-- Check for working C compiler: /usr/bin/cc - skipped\n'}
[67.505749] (lid_simulation) StdoutLine: {'line': b'-- Detecting C compile features\n'}
[67.505963] (lid_simulation) StdoutLine: {'line': b'-- Detecting C compile features - done\n'}
[67.508660] (lid_simulation) StdoutLine: {'line': b'-- Detecting CXX compiler ABI info\n'}
[67.591690] (-) TimerEvent: {}
[67.690783] (lid_simulation) StdoutLine: {'line': b'-- Detecting CXX compiler ABI info - done\n'}
[67.691774] (-) TimerEvent: {}
[67.698281] (lid_simulation) StdoutLine: {'line': b'-- Check for working CXX compiler: /usr/bin/c++ - skipped\n'}
[67.698611] (lid_simulation) StdoutLine: {'line': b'-- Detecting CXX compile features\n'}
[67.699094] (lid_simulation) StdoutLine: {'line': b'-- Detecting CXX compile features - done\n'}
[67.707482] (lid_simulation) StdoutLine: {'line': b'-- Found ament_cmake: 1.3.14 (/opt/ros/humble/share/ament_cmake/cmake)\n'}
[67.791906] (-) TimerEvent: {}
[67.892254] (-) TimerEvent: {}
[67.992669] (-) TimerEvent: {}
[68.093288] (-) TimerEvent: {}
[68.193721] (-) TimerEvent: {}
[68.207526] (lid_simulation) StdoutLine: {'line': b'-- Found Python3: /usr/bin/python3 (found version "3.10.12") found components: Interpreter \n'}
[68.293849] (lid_simulation) StdoutLine: {'line': b'-- Override CMake install command with custom implementation using symlinks instead of copying resources\n'}
[68.294035] (-) TimerEvent: {}
[68.394293] (-) TimerEvent: {}
[68.394720] (lid_simulation) StdoutLine: {'line': b'-- Found ament_lint_auto: 0.12.15 (/opt/ros/humble/share/ament_lint_auto/cmake)\n'}
[68.494410] (-) TimerEvent: {}
[68.545054] (lid_simulation) StdoutLine: {'line': b"-- Added test 'flake8' to check Python code syntax and style conventions\n"}
[68.548007] (lid_simulation) StdoutLine: {'line': b"-- Added test 'lint_cmake' to check CMake code style\n"}
[68.550753] (lid_simulation) StdoutLine: {'line': b"-- Added test 'pep257' to check Python code against some of the docstring style conventions in PEP 257\n"}
[68.557086] (lid_simulation) StdoutLine: {'line': b"-- Added test 'xmllint' to check XML markup files\n"}
[68.560665] (lid_simulation) StdoutLine: {'line': b'-- Configuring done\n'}
[68.564405] (lid_simulation) StdoutLine: {'line': b'-- Generating done\n'}
[68.566060] (lid_simulation) StdoutLine: {'line': b'-- Build files have been written to: /media/subham/85dce0f4-2e29-4540-9a32-801850cfcef6/subham/LidarMapping2.5D/build/lid_simulation\n'}
[68.572171] (lid_simulation) CommandEnded: {'returncode': 0}
[68.572709] (lid_simulation) JobProgress: {'identifier': 'lid_simulation', 'progress': 'build'}
[68.573722] (lid_simulation) Command: {'cmd': ['/usr/bin/cmake', '--build', '/media/subham/85dce0f4-2e29-4540-9a32-801850cfcef6/subham/LidarMapping2.5D/build/lid_simulation'], 'cwd': '/media/subham/85dce0f4-2e29-4540-9a32-801850cfcef6/subham/LidarMapping2.5D/build/lid_simulation', 'env': OrderedDict([('LESSOPEN', '| /usr/bin/lesspipe %s'), ('GZ_SIM_RESOURCE_PATH', '/home/subham/subt_ws/src/subt_cave_sim/models:'), ('LANGUAGE', 'en_IN:en'), ('USER', 'subham'), ('XDG_SESSION_TYPE', 'wayland'), ('SHLVL', '1'), ('LD_LIBRARY_PATH', '/media/subham/85dce0f4-2e29-4540-9a32-801850cfcef6/subham/LidarMapping2.5D/install/velodyne_gazebo_plugins/lib:/media/subham/85dce0f4-2e29-4540-9a32-801850cfcef6/subham/LidarMapping2.5D/install/patchwork_plusplus/lib:/media/subham/85dce0f4-2e29-4540-9a32-801850cfcef6/subham/LidarMapping2.5D/install/jsk_recognition_msgs/lib:/media/subham/85dce0f4-2e29-4540-9a32-801850cfcef6/subham/LidarMapping2.5D/install/height_mapping_ros2/lib:/media/subham/85dce0f4-2e29-4540-9a32-801850cfcef6/subham/LidarMapping2.5D/install/height_mapping_core/lib:/home/subham/anvrit_ws/install/astra_camera/lib:/home/subham/anvrit_ws/install/astra_camera_msgs/lib:/home/subham/igvc/install/velodyne_gazebo_plugins/lib:/home/subham/colcon_ws/install/linkattacher_msgs/lib:/opt/ros/humble/opt/rviz_ogre_vendor/lib:/opt/ros/humble/lib/x86_64-linux-gnu:/opt/ros/humble/opt/openvdb_vendor/lib:/opt/ros/humble/lib'), ('HOME', '/home/subham'), ('OLDPWD', '/home/subham'), ('DESKTOP_SESSION', 'ubuntu'), ('NVM_BIN', '/home/subham/.nvm/versions/node/v24.19.0/bin'), ('NVM_INC', '/home/subham/.nvm/versions/node/v24.19.0/include/node'), ('ROS_PYTHON_VERSION', '3'), ('GNOME_SHELL_SESSION_MODE', 'ubuntu'), ('GTK_MODULES', 'gail:atk-bridge'), ('MANAGERPID', '2038'), ('MAKEFLAGS', '-j1'), ('SYSTEMD_EXEC_PID', '3268'), ('DBUS_SESSION_BUS_ADDRESS', 'unix:path=/run/user/1000/bus'), ('COLORTERM', 'truecolor'), ('TERMINATOR_DBUS_NAME', 'net.tenshu.Terminator25ef4b219e3b005583550f2b0f9f990c3'), ('GIO_LAUNCHED_DESKTOP_FILE_PID', '4348'), ('NVM_DIR', '/home/subham/.nvm'), ('IM_CONFIG_PHASE', '1'), ('WAYLAND_DISPLAY', 'wayland-0'), ('COLCON_PREFIX_PATH', '/media/subham/85dce0f4-2e29-4540-9a32-801850cfcef6/subham/LidarMapping2.5D/install:/home/subham/Edge_AI_for_ADAS_and_Autonomous_Systems/install:/home/subham/rover_ws/install:/home/subham/igvc/install:/home/subham/colcon_ws/install:/home/subham/anvrit_ws/install:/home/subham/omokai_ws/install'), ('ROS_DISTRO', 'humble'), ('LOGNAME', 'subham'), ('JOURNAL_STREAM', '8:22697'), ('_', '/usr/bin/colcon'), ('ROS_VERSION', '2'), ('PKG_CONFIG_PATH', '/media/subham/85dce0f4-2e29-4540-9a32-801850cfcef6/subham/LidarMapping2.5D/install/fastdem/lib/x86_64-linux-gnu/pkgconfig:/media/subham/85dce0f4-2e29-4540-9a32-801850cfcef6/subham/LidarMapping2.5D/install/fastdem/lib/pkgconfig'), ('XDG_SESSION_CLASS', 'user'), ('USERNAME', 'subham'), ('TERM', 'xterm-256color'), ('GAZEBO_MODEL_PATH', '/home/subham/gazebo_models:'), ('GNOME_DESKTOP_SESSION_ID', 'this-is-deprecated'), ('ONNXRUNTIME_ROOT', '/opt/ros/humble'), ('ROS_LOCALHOST_ONLY', '0'), ('PATH', '/home/subham/.nvm/versions/node/v24.19.0/bin:/opt/ros/humble/bin:/home/subham/.local/bin:/usr/local/sbin:/usr/local/bin:/usr/sbin:/usr/bin:/sbin:/bin:/usr/games:/usr/local/games:/snap/bin:/snap/bin'), ('SESSION_MANAGER', 'local/thirdly:@/tmp/.ICE-unix/2513,unix/thirdly:/tmp/.ICE-unix/2513'), ('INVOCATION_ID', '046ab86eab5f415aa50d51e791c411a3'), ('XDG_MENU_PREFIX', 'gnome-'), ('GNOME_SETUP_DISPLAY', ':1'), ('XDG_RUNTIME_DIR', '/run/user/1000'), ('DISPLAY', ':0'), ('TERMINATOR_DBUS_PATH', '/net/tenshu/Terminator2'), ('LANG', 'en_US.UTF-8'), ('XDG_CURRENT_DESKTOP', 'ubuntu:GNOME'), ('IBUS_DISABLE_SNOOPER', '1'), ('XMODIFIERS', '@im=ibus'), ('XDG_SESSION_DESKTOP', 'ubuntu'), ('XAUTHORITY', '/run/user/1000/.mutter-Xwaylandauth.L3IAW3'), ('LS_COLORS', 'rs=0:di=01;34:ln=01;36:mh=00:pi=40;33:so=01;35:do=01;35:bd=40;33;01:cd=40;33;01:or=40;31;01:mi=00:su=37;41:sg=30;43:ca=30;41:tw=30;42:ow=34;42:st=37;44:ex=01;32:*.tar=01;31:*.tgz=01;31:*.arc=01;31:*.arj=01;31:*.taz=01;31:*.lha=01;31:*.lz4=01;31:*.lzh=01;31:*.lzma=01;31:*.tlz=01;31:*.txz=01;31:*.tzo=01;31:*.t7z=01;31:*.zip=01;31:*.z=01;31:*.dz=01;31:*.gz=01;31:*.lrz=01;31:*.lz=01;31:*.lzo=01;31:*.xz=01;31:*.zst=01;31:*.tzst=01;31:*.bz2=01;31:*.bz=01;31:*.tbz=01;31:*.tbz2=01;31:*.tz=01;31:*.deb=01;31:*.rpm=01;31:*.jar=01;31:*.war=01;31:*.ear=01;31:*.sar=01;31:*.rar=01;31:*.alz=01;31:*.ace=01;31:*.zoo=01;31:*.cpio=01;31:*.7z=01;31:*.rz=01;31:*.cab=01;31:*.wim=01;31:*.swm=01;31:*.dwm=01;31:*.esd=01;31:*.jpg=01;35:*.jpeg=01;35:*.mjpg=01;35:*.mjpeg=01;35:*.gif=01;35:*.bmp=01;35:*.pbm=01;35:*.pgm=01;35:*.ppm=01;35:*.tga=01;35:*.xbm=01;35:*.xpm=01;35:*.tif=01;35:*.tiff=01;35:*.png=01;35:*.svg=01;35:*.svgz=01;35:*.mng=01;35:*.pcx=01;35:*.mov=01;35:*.mpg=01;35:*.mpeg=01;35:*.m2v=01;35:*.mkv=01;35:*.webm=01;35:*.webp=01;35:*.ogm=01;35:*.mp4=01;35:*.m4v=01;35:*.mp4v=01;35:*.vob=01;35:*.qt=01;35:*.nuv=01;35:*.wmv=01;35:*.asf=01;35:*.rm=01;35:*.rmvb=01;35:*.flc=01;35:*.avi=01;35:*.fli=01;35:*.flv=01;35:*.gl=01;35:*.dl=01;35:*.xcf=01;35:*.xwd=01;35:*.yuv=01;35:*.cgm=01;35:*.emf=01;35:*.ogv=01;35:*.ogx=01;35:*.aac=00;36:*.au=00;36:*.flac=00;36:*.m4a=00;36:*.mid=00;36:*.midi=00;36:*.mka=00;36:*.mp3=00;36:*.mpc=00;36:*.ogg=00;36:*.ra=00;36:*.wav=00;36:*.oga=00;36:*.opus=00;36:*.spx=00;36:*.xspf=00;36:'), ('SSH_AGENT_LAUNCHER', 'gnome-keyring'), ('SSH_AUTH_SOCK', '/run/user/1000/keyring/ssh'), ('ROS_DOMAIN_ID', '0'), ('AMENT_PREFIX_PATH', '/media/subham/85dce0f4-2e29-4540-9a32-801850cfcef6/subham/LidarMapping2.5D/install/segmentation_lidar:/media/subham/85dce0f4-2e29-4540-9a32-801850cfcef6/subham/LidarMapping2.5D/install/velodyne_simulator:/media/subham/85dce0f4-2e29-4540-9a32-801850cfcef6/subham/LidarMapping2.5D/install/velodyne_description:/media/subham/85dce0f4-2e29-4540-9a32-801850cfcef6/subham/LidarMapping2.5D/install/velodyne_gazebo_plugins:/media/subham/85dce0f4-2e29-4540-9a32-801850cfcef6/subham/LidarMapping2.5D/install/salsanext_ros2:/media/subham/85dce0f4-2e29-4540-9a32-801850cfcef6/subham/LidarMapping2.5D/install/patchwork_plusplus:/media/subham/85dce0f4-2e29-4540-9a32-801850cfcef6/subham/LidarMapping2.5D/install/lid_simulation:/media/subham/85dce0f4-2e29-4540-9a32-801850cfcef6/subham/LidarMapping2.5D/install/lid_description:/media/subham/85dce0f4-2e29-4540-9a32-801850cfcef6/subham/LidarMapping2.5D/install/jsk_recognition_msgs:/media/subham/85dce0f4-2e29-4540-9a32-801850cfcef6/subham/LidarMapping2.5D/install/height_mapping_ros2:/media/subham/85dce0f4-2e29-4540-9a32-801850cfcef6/subham/LidarMapping2.5D/install/height_mapping_core:/media/subham/85dce0f4-2e29-4540-9a32-801850cfcef6/subham/LidarMapping2.5D/install/fastdem_ros2:/home/subham/omokai_ws/install/llm_simulation:/home/subham/omokai_ws/install/llm_prompt:/home/subham/omokai_ws/install/llm_navigation:/home/subham/omokai_ws/install/llm_description:/home/subham/Edge_AI_for_ADAS_and_Autonomous_Systems/install/adas_simulation:/home/subham/Edge_AI_for_ADAS_and_Autonomous_Systems/install/adas_perception:/home/subham/Edge_AI_for_ADAS_and_Autonomous_Systems/install/adas_navigation:/home/subham/Edge_AI_for_ADAS_and_Autonomous_Systems/install/adas_description:/home/subham/rover_ws/install/rover_navigation:/home/subham/rover_ws/install/rover_gazebo:/home/subham/rover_ws/install/rover_description:/home/subham/rover_ws/install/rf2o_laser_odometry:/home/subham/anvrit_ws/install/rplidar_ros:/home/subham/anvrit_ws/install/astra_camera:/home/subham/anvrit_ws/install/astra_camera_msgs:/home/subham/anvrit_ws/install/anvrit_perception:/home/subham/anvrit_ws/install/anvrit_odometry:/home/subham/anvrit_ws/install/anvrit_nav2:/home/subham/anvrit_ws/install/anvrit_description:/home/subham/igvc/install/velodyne_simulator:/home/subham/igvc/install/velodyne_description:/home/subham/igvc/install/velodyne_gazebo_plugins:/home/subham/igvc/install/igvc_simulation:/home/subham/igvc/install/igvc_perception:/home/subham/igvc/install/igvc_navigation:/home/subham/igvc/install/igvc_description:/home/subham/colcon_ws/install/ur_simulation_gz:/home/subham/colcon_ws/install/ur_description:/home/subham/colcon_ws/install/ur5_control_2481:/home/subham/colcon_ws/install/s2481_ebot_description:/home/subham/colcon_ws/install/ros2ai:/home/subham/colcon_ws/install/linkattacher_msgs:/home/subham/colcon_ws/install/eyantra_warehouse:/home/subham/colcon_ws/install/ackerman_description:/opt/ros/humble'), ('SHELL', '/bin/bash'), ('TERMINATOR_UUID', 'urn:uuid:577dd51d-23b3-4139-a8c6-d610a5169a81'), ('QT_ACCESSIBILITY', '1'), ('GDMSESSION', 'ubuntu'), ('LESSCLOSE', '/usr/bin/lesspipe %s %s'), ('IGN_GAZEBO_RESOURCE_PATH', '/media/subham/85dce0f4-2e29-4540-9a32-801850cfcef6/subham/subt_ws/src/subt_cave_sim/models:/home/subham/subt_ws/src/subt_cave_sim/models:'), ('QT_IM_MODULE', 'ibus'), ('PWD', '/media/subham/85dce0f4-2e29-4540-9a32-801850cfcef6/subham/LidarMapping2.5D/build/lid_simulation'), ('TURTLEBOT3_MODEL', 'burger'), ('LC_ALL', 'en_US.UTF-8'), ('XDG_CONFIG_DIRS', '/etc/xdg/xdg-ubuntu:/etc/xdg'), ('NVM_CD_FLAGS', ''), ('XDG_DATA_DIRS', '/usr/share/ubuntu:/usr/local/share/:/usr/share/:/var/lib/snapd/desktop'), ('PYTHONPATH', '/media/subham/85dce0f4-2e29-4540-9a32-801850cfcef6/subham/LidarMapping2.5D/install/jsk_recognition_msgs/local/lib/python3.10/dist-packages:/media/subham/85dce0f4-2e29-4540-9a32-801850cfcef6/subham/LidarMapping2.5D/install/height_mapping_ros2/local/lib/python3.10/dist-packages:/home/subham/omokai_ws/build/llm_navigation:/home/subham/omokai_ws/install/llm_navigation/lib/python3.10/site-packages:/home/subham/Edge_AI_for_ADAS_and_Autonomous_Systems/build/adas_perception:/home/subham/Edge_AI_for_ADAS_and_Autonomous_Systems/install/adas_perception/lib/python3.10/site-packages:/home/subham/Edge_AI_for_ADAS_and_Autonomous_Systems/build/adas_navigation:/home/subham/Edge_AI_for_ADAS_and_Autonomous_Systems/install/adas_navigation/lib/python3.10/site-packages:/home/subham/rover_ws/build/rover_navigation:/home/subham/rover_ws/install/rover_navigation/lib/python3.10/site-packages:/home/subham/anvrit_ws/install/astra_camera_msgs/local/lib/python3.10/dist-packages:/home/subham/anvrit_ws/install/anvrit_perception/lib/python3.10/site-packages:/home/subham/anvrit_ws/install/anvrit_odometry/lib/python3.10/site-packages:/home/subham/anvrit_ws/install/anvrit_nav2/lib/python3.10/site-packages:/home/subham/igvc/build/igvc_perception:/home/subham/igvc/install/igvc_perception/lib/python3.10/site-packages:/home/subham/igvc/build/igvc_navigation:/home/subham/igvc/install/igvc_navigation/lib/python3.10/site-packages:/home/subham/colcon_ws/build/ros2ai:/home/subham/colcon_ws/install/ros2ai/lib/python3.10/site-packages:/home/subham/colcon_ws/install/linkattacher_msgs/local/lib/python3.10/dist-packages:/opt/ros/humble/lib/python3.10/site-packages:/opt/ros/humble/local/lib/python3.10/dist-packages'), ('COLCON', '1'), ('VTE_VERSION', '6800'), ('CMAKE_PREFIX_PATH', '/media/subham/85dce0f4-2e29-4540-9a32-801850cfcef6/subham/LidarMapping2.5D/install/segmentation_lidar:/media/subham/85dce0f4-2e29-4540-9a32-801850cfcef6/subham/LidarMapping2.5D/install/velodyne_simulator:/media/subham/85dce0f4-2e29-4540-9a32-801850cfcef6/subham/LidarMapping2.5D/install/velodyne_description:/media/subham/85dce0f4-2e29-4540-9a32-801850cfcef6/subham/LidarMapping2.5D/install/velodyne_gazebo_plugins:/media/subham/85dce0f4-2e29-4540-9a32-801850cfcef6/subham/LidarMapping2.5D/install/salsanext_ros2:/media/subham/85dce0f4-2e29-4540-9a32-801850cfcef6/subham/LidarMapping2.5D/install/patchwork_plusplus:/media/subham/85dce0f4-2e29-4540-9a32-801850cfcef6/subham/LidarMapping2.5D/install/lid_simulation:/media/subham/85dce0f4-2e29-4540-9a32-801850cfcef6/subham/LidarMapping2.5D/install/lid_description:/media/subham/85dce0f4-2e29-4540-9a32-801850cfcef6/subham/LidarMapping2.5D/install/jsk_recognition_msgs:/media/subham/85dce0f4-2e29-4540-9a32-801850cfcef6/subham/LidarMapping2.5D/install/height_mapping_ros2:/media/subham/85dce0f4-2e29-4540-9a32-801850cfcef6/subham/LidarMapping2.5D/install/height_mapping_core:/media/subham/85dce0f4-2e29-4540-9a32-801850cfcef6/subham/LidarMapping2.5D/install/fastdem_ros2:/media/subham/85dce0f4-2e29-4540-9a32-801850cfcef6/subham/LidarMapping2.5D/install/fastdem:/home/subham/omokai_ws/install/llm_simulation:/home/subham/omokai_ws/install/llm_prompt:/home/subham/omokai_ws/install/llm_description:/home/subham/Edge_AI_for_ADAS_and_Autonomous_Systems/install/adas_simulation:/home/subham/Edge_AI_for_ADAS_and_Autonomous_Systems/install/adas_description:/home/subham/rover_ws/install/rover_gazebo:/home/subham/rover_ws/install/rover_description:/home/subham/rover_ws/install/rf2o_laser_odometry:/home/subham/anvrit_ws/install/rplidar_ros:/home/subham/anvrit_ws/install/astra_camera:/home/subham/anvrit_ws/install/astra_camera_msgs:/home/subham/anvrit_ws/install/anvrit_description:/home/subham/igvc/install/velodyne_simulator:/home/subham/igvc/install/velodyne_description:/home/subham/igvc/install/velodyne_gazebo_plugins:/home/subham/igvc/install/igvc_simulation:/home/subham/igvc/install/igvc_description:/home/subham/colcon_ws/install/ur_simulation_gz:/home/subham/colcon_ws/install/ur_description:/home/subham/colcon_ws/install/ur5_control_2481:/home/subham/colcon_ws/install/s2481_ebot_description:/home/subham/colcon_ws/install/linkattacher_msgs:/home/subham/colcon_ws/install/eyantra_warehouse:/home/subham/colcon_ws/install/ackerman_description:/home/subham/omokai_ws/install/llm_navigation:/home/subham/Edge_AI_for_ADAS_and_Autonomous_Systems/install/adas_perception:/home/subham/Edge_AI_for_ADAS_and_Autonomous_Systems/install/adas_navigation:/home/subham/rover_ws/install/rover_navigation:/home/subham/anvrit_ws/install/anvrit_perception:/home/subham/anvrit_ws/install/anvrit_odometry:/home/subham/anvrit_ws/install/anvrit_nav2:/home/subham/igvc/install/igvc_perception:/home/subham/igvc/install/igvc_navigation:/home/subham/colcon_ws/install/ros2ai:/opt/ros/humble')]), 'shell': False}
[68.594529] (-) TimerEvent: {}
[68.629934] (lid_simulation) CommandEnded: {'returncode': 0}
[68.630650] (lid_simulation) JobProgress: {'identifier': 'lid_simulation', 'progress': 'install'}
[68.631671] (lid_simulation) Command: {'cmd': ['/usr/bin/cmake', '--install', '/media/subham/85dce0f4-2e29-4540-9a32-801850cfcef6/subham/LidarMapping2.5D/build/lid_simulation'], 'cwd': '/media/subham/85dce0f4-2e29-4540-9a32-801850cfcef6/subham/LidarMapping2.5D/build/lid_simulation', 'env': OrderedDict([('LESSOPEN', '| /usr/bin/lesspipe %s'), ('GZ_SIM_RESOURCE_PATH', '/home/subham/subt_ws/src/subt_cave_sim/models:'), ('LANGUAGE', 'en_IN:en'), ('USER', 'subham'), ('XDG_SESSION_TYPE', 'wayland'), ('SHLVL', '1'), ('LD_LIBRARY_PATH', '/media/subham/85dce0f4-2e29-4540-9a32-801850cfcef6/subham/LidarMapping2.5D/install/velodyne_gazebo_plugins/lib:/media/subham/85dce0f4-2e29-4540-9a32-801850cfcef6/subham/LidarMapping2.5D/install/patchwork_plusplus/lib:/media/subham/85dce0f4-2e29-4540-9a32-801850cfcef6/subham/LidarMapping2.5D/install/jsk_recognition_msgs/lib:/media/subham/85dce0f4-2e29-4540-9a32-801850cfcef6/subham/LidarMapping2.5D/install/height_mapping_ros2/lib:/media/subham/85dce0f4-2e29-4540-9a32-801850cfcef6/subham/LidarMapping2.5D/install/height_mapping_core/lib:/home/subham/anvrit_ws/install/astra_camera/lib:/home/subham/anvrit_ws/install/astra_camera_msgs/lib:/home/subham/igvc/install/velodyne_gazebo_plugins/lib:/home/subham/colcon_ws/install/linkattacher_msgs/lib:/opt/ros/humble/opt/rviz_ogre_vendor/lib:/opt/ros/humble/lib/x86_64-linux-gnu:/opt/ros/humble/opt/openvdb_vendor/lib:/opt/ros/humble/lib'), ('HOME', '/home/subham'), ('OLDPWD', '/home/subham'), ('DESKTOP_SESSION', 'ubuntu'), ('NVM_BIN', '/home/subham/.nvm/versions/node/v24.19.0/bin'), ('NVM_INC', '/home/subham/.nvm/versions/node/v24.19.0/include/node'), ('ROS_PYTHON_VERSION', '3'), ('GNOME_SHELL_SESSION_MODE', 'ubuntu'), ('GTK_MODULES', 'gail:atk-bridge'), ('MANAGERPID', '2038'), ('MAKEFLAGS', '-j1'), ('SYSTEMD_EXEC_PID', '3268'), ('DBUS_SESSION_BUS_ADDRESS', 'unix:path=/run/user/1000/bus'), ('COLORTERM', 'truecolor'), ('TERMINATOR_DBUS_NAME', 'net.tenshu.Terminator25ef4b219e3b005583550f2b0f9f990c3'), ('GIO_LAUNCHED_DESKTOP_FILE_PID', '4348'), ('NVM_DIR', '/home/subham/.nvm'), ('IM_CONFIG_PHASE', '1'), ('WAYLAND_DISPLAY', 'wayland-0'), ('COLCON_PREFIX_PATH', '/media/subham/85dce0f4-2e29-4540-9a32-801850cfcef6/subham/LidarMapping2.5D/install:/home/subham/Edge_AI_for_ADAS_and_Autonomous_Systems/install:/home/subham/rover_ws/install:/home/subham/igvc/install:/home/subham/colcon_ws/install:/home/subham/anvrit_ws/install:/home/subham/omokai_ws/install'), ('ROS_DISTRO', 'humble'), ('LOGNAME', 'subham'), ('JOURNAL_STREAM', '8:22697'), ('_', '/usr/bin/colcon'), ('ROS_VERSION', '2'), ('PKG_CONFIG_PATH', '/media/subham/85dce0f4-2e29-4540-9a32-801850cfcef6/subham/LidarMapping2.5D/install/fastdem/lib/x86_64-linux-gnu/pkgconfig:/media/subham/85dce0f4-2e29-4540-9a32-801850cfcef6/subham/LidarMapping2.5D/install/fastdem/lib/pkgconfig'), ('XDG_SESSION_CLASS', 'user'), ('USERNAME', 'subham'), ('TERM', 'xterm-256color'), ('GAZEBO_MODEL_PATH', '/home/subham/gazebo_models:'), ('GNOME_DESKTOP_SESSION_ID', 'this-is-deprecated'), ('ONNXRUNTIME_ROOT', '/opt/ros/humble'), ('ROS_LOCALHOST_ONLY', '0'), ('PATH', '/home/subham/.nvm/versions/node/v24.19.0/bin:/opt/ros/humble/bin:/home/subham/.local/bin:/usr/local/sbin:/usr/local/bin:/usr/sbin:/usr/bin:/sbin:/bin:/usr/games:/usr/local/games:/snap/bin:/snap/bin'), ('SESSION_MANAGER', 'local/thirdly:@/tmp/.ICE-unix/2513,unix/thirdly:/tmp/.ICE-unix/2513'), ('INVOCATION_ID', '046ab86eab5f415aa50d51e791c411a3'), ('XDG_MENU_PREFIX', 'gnome-'), ('GNOME_SETUP_DISPLAY', ':1'), ('XDG_RUNTIME_DIR', '/run/user/1000'), ('DISPLAY', ':0'), ('TERMINATOR_DBUS_PATH', '/net/tenshu/Terminator2'), ('LANG', 'en_US.UTF-8'), ('XDG_CURRENT_DESKTOP', 'ubuntu:GNOME'), ('IBUS_DISABLE_SNOOPER', '1'), ('XMODIFIERS', '@im=ibus'), ('XDG_SESSION_DESKTOP', 'ubuntu'), ('XAUTHORITY', '/run/user/1000/.mutter-Xwaylandauth.L3IAW3'), ('LS_COLORS', 'rs=0:di=01;34:ln=01;36:mh=00:pi=40;33:so=01;35:do=01;35:bd=40;33;01:cd=40;33;01:or=40;31;01:mi=00:su=37;41:sg=30;43:ca=30;41:tw=30;42:ow=34;42:st=37;44:ex=01;32:*.tar=01;31:*.tgz=01;31:*.arc=01;31:*.arj=01;31:*.taz=01;31:*.lha=01;31:*.lz4=01;31:*.lzh=01;31:*.lzma=01;31:*.tlz=01;31:*.txz=01;31:*.tzo=01;31:*.t7z=01;31:*.zip=01;31:*.z=01;31:*.dz=01;31:*.gz=01;31:*.lrz=01;31:*.lz=01;31:*.lzo=01;31:*.xz=01;31:*.zst=01;31:*.tzst=01;31:*.bz2=01;31:*.bz=01;31:*.tbz=01;31:*.tbz2=01;31:*.tz=01;31:*.deb=01;31:*.rpm=01;31:*.jar=01;31:*.war=01;31:*.ear=01;31:*.sar=01;31:*.rar=01;31:*.alz=01;31:*.ace=01;31:*.zoo=01;31:*.cpio=01;31:*.7z=01;31:*.rz=01;31:*.cab=01;31:*.wim=01;31:*.swm=01;31:*.dwm=01;31:*.esd=01;31:*.jpg=01;35:*.jpeg=01;35:*.mjpg=01;35:*.mjpeg=01;35:*.gif=01;35:*.bmp=01;35:*.pbm=01;35:*.pgm=01;35:*.ppm=01;35:*.tga=01;35:*.xbm=01;35:*.xpm=01;35:*.tif=01;35:*.tiff=01;35:*.png=01;35:*.svg=01;35:*.svgz=01;35:*.mng=01;35:*.pcx=01;35:*.mov=01;35:*.mpg=01;35:*.mpeg=01;35:*.m2v=01;35:*.mkv=01;35:*.webm=01;35:*.webp=01;35:*.ogm=01;35:*.mp4=01;35:*.m4v=01;35:*.mp4v=01;35:*.vob=01;35:*.qt=01;35:*.nuv=01;35:*.wmv=01;35:*.asf=01;35:*.rm=01;35:*.rmvb=01;35:*.flc=01;35:*.avi=01;35:*.fli=01;35:*.flv=01;35:*.gl=01;35:*.dl=01;35:*.xcf=01;35:*.xwd=01;35:*.yuv=01;35:*.cgm=01;35:*.emf=01;35:*.ogv=01;35:*.ogx=01;35:*.aac=00;36:*.au=00;36:*.flac=00;36:*.m4a=00;36:*.mid=00;36:*.midi=00;36:*.mka=00;36:*.mp3=00;36:*.mpc=00;36:*.ogg=00;36:*.ra=00;36:*.wav=00;36:*.oga=00;36:*.opus=00;36:*.spx=00;36:*.xspf=00;36:'), ('SSH_AGENT_LAUNCHER', 'gnome-keyring'), ('SSH_AUTH_SOCK', '/run/user/1000/keyring/ssh'), ('ROS_DOMAIN_ID', '0'), ('AMENT_PREFIX_PATH', '/media/subham/85dce0f4-2e29-4540-9a32-801850cfcef6/subham/LidarMapping2.5D/install/segmentation_lidar:/media/subham/85dce0f4-2e29-4540-9a32-801850cfcef6/subham/LidarMapping2.5D/install/velodyne_simulator:/media/subham/85dce0f4-2e29-4540-9a32-801850cfcef6/subham/LidarMapping2.5D/install/velodyne_description:/media/subham/85dce0f4-2e29-4540-9a32-801850cfcef6/subham/LidarMapping2.5D/install/velodyne_gazebo_plugins:/media/subham/85dce0f4-2e29-4540-9a32-801850cfcef6/subham/LidarMapping2.5D/install/salsanext_ros2:/media/subham/85dce0f4-2e29-4540-9a32-801850cfcef6/subham/LidarMapping2.5D/install/patchwork_plusplus:/media/subham/85dce0f4-2e29-4540-9a32-801850cfcef6/subham/LidarMapping2.5D/install/lid_simulation:/media/subham/85dce0f4-2e29-4540-9a32-801850cfcef6/subham/LidarMapping2.5D/install/lid_description:/media/subham/85dce0f4-2e29-4540-9a32-801850cfcef6/subham/LidarMapping2.5D/install/jsk_recognition_msgs:/media/subham/85dce0f4-2e29-4540-9a32-801850cfcef6/subham/LidarMapping2.5D/install/height_mapping_ros2:/media/subham/85dce0f4-2e29-4540-9a32-801850cfcef6/subham/LidarMapping2.5D/install/height_mapping_core:/media/subham/85dce0f4-2e29-4540-9a32-801850cfcef6/subham/LidarMapping2.5D/install/fastdem_ros2:/home/subham/omokai_ws/install/llm_simulation:/home/subham/omokai_ws/install/llm_prompt:/home/subham/omokai_ws/install/llm_navigation:/home/subham/omokai_ws/install/llm_description:/home/subham/Edge_AI_for_ADAS_and_Autonomous_Systems/install/adas_simulation:/home/subham/Edge_AI_for_ADAS_and_Autonomous_Systems/install/adas_perception:/home/subham/Edge_AI_for_ADAS_and_Autonomous_Systems/install/adas_navigation:/home/subham/Edge_AI_for_ADAS_and_Autonomous_Systems/install/adas_description:/home/subham/rover_ws/install/rover_navigation:/home/subham/rover_ws/install/rover_gazebo:/home/subham/rover_ws/install/rover_description:/home/subham/rover_ws/install/rf2o_laser_odometry:/home/subham/anvrit_ws/install/rplidar_ros:/home/subham/anvrit_ws/install/astra_camera:/home/subham/anvrit_ws/install/astra_camera_msgs:/home/subham/anvrit_ws/install/anvrit_perception:/home/subham/anvrit_ws/install/anvrit_odometry:/home/subham/anvrit_ws/install/anvrit_nav2:/home/subham/anvrit_ws/install/anvrit_description:/home/subham/igvc/install/velodyne_simulator:/home/subham/igvc/install/velodyne_description:/home/subham/igvc/install/velodyne_gazebo_plugins:/home/subham/igvc/install/igvc_simulation:/home/subham/igvc/install/igvc_perception:/home/subham/igvc/install/igvc_navigation:/home/subham/igvc/install/igvc_description:/home/subham/colcon_ws/install/ur_simulation_gz:/home/subham/colcon_ws/install/ur_description:/home/subham/colcon_ws/install/ur5_control_2481:/home/subham/colcon_ws/install/s2481_ebot_description:/home/subham/colcon_ws/install/ros2ai:/home/subham/colcon_ws/install/linkattacher_msgs:/home/subham/colcon_ws/install/eyantra_warehouse:/home/subham/colcon_ws/install/ackerman_description:/opt/ros/humble'), ('SHELL', '/bin/bash'), ('TERMINATOR_UUID', 'urn:uuid:577dd51d-23b3-4139-a8c6-d610a5169a81'), ('QT_ACCESSIBILITY', '1'), ('GDMSESSION', 'ubuntu'), ('LESSCLOSE', '/usr/bin/lesspipe %s %s'), ('IGN_GAZEBO_RESOURCE_PATH', '/media/subham/85dce0f4-2e29-4540-9a32-801850cfcef6/subham/subt_ws/src/subt_cave_sim/models:/home/subham/subt_ws/src/subt_cave_sim/models:'), ('QT_IM_MODULE', 'ibus'), ('PWD', '/media/subham/85dce0f4-2e29-4540-9a32-801850cfcef6/subham/LidarMapping2.5D/build/lid_simulation'), ('TURTLEBOT3_MODEL', 'burger'), ('LC_ALL', 'en_US.UTF-8'), ('XDG_CONFIG_DIRS', '/etc/xdg/xdg-ubuntu:/etc/xdg'), ('NVM_CD_FLAGS', ''), ('XDG_DATA_DIRS', '/usr/share/ubuntu:/usr/local/share/:/usr/share/:/var/lib/snapd/desktop'), ('PYTHONPATH', '/media/subham/85dce0f4-2e29-4540-9a32-801850cfcef6/subham/LidarMapping2.5D/install/jsk_recognition_msgs/local/lib/python3.10/dist-packages:/media/subham/85dce0f4-2e29-4540-9a32-801850cfcef6/subham/LidarMapping2.5D/install/height_mapping_ros2/local/lib/python3.10/dist-packages:/home/subham/omokai_ws/build/llm_navigation:/home/subham/omokai_ws/install/llm_navigation/lib/python3.10/site-packages:/home/subham/Edge_AI_for_ADAS_and_Autonomous_Systems/build/adas_perception:/home/subham/Edge_AI_for_ADAS_and_Autonomous_Systems/install/adas_perception/lib/python3.10/site-packages:/home/subham/Edge_AI_for_ADAS_and_Autonomous_Systems/build/adas_navigation:/home/subham/Edge_AI_for_ADAS_and_Autonomous_Systems/install/adas_navigation/lib/python3.10/site-packages:/home/subham/rover_ws/build/rover_navigation:/home/subham/rover_ws/install/rover_navigation/lib/python3.10/site-packages:/home/subham/anvrit_ws/install/astra_camera_msgs/local/lib/python3.10/dist-packages:/home/subham/anvrit_ws/install/anvrit_perception/lib/python3.10/site-packages:/home/subham/anvrit_ws/install/anvrit_odometry/lib/python3.10/site-packages:/home/subham/anvrit_ws/install/anvrit_nav2/lib/python3.10/site-packages:/home/subham/igvc/build/igvc_perception:/home/subham/igvc/install/igvc_perception/lib/python3.10/site-packages:/home/subham/igvc/build/igvc_navigation:/home/subham/igvc/install/igvc_navigation/lib/python3.10/site-packages:/home/subham/colcon_ws/build/ros2ai:/home/subham/colcon_ws/install/ros2ai/lib/python3.10/site-packages:/home/subham/colcon_ws/install/linkattacher_msgs/local/lib/python3.10/dist-packages:/opt/ros/humble/lib/python3.10/site-packages:/opt/ros/humble/local/lib/python3.10/dist-packages'), ('COLCON', '1'), ('VTE_VERSION', '6800'), ('CMAKE_PREFIX_PATH', '/media/subham/85dce0f4-2e29-4540-9a32-801850cfcef6/subham/LidarMapping2.5D/install/segmentation_lidar:/media/subham/85dce0f4-2e29-4540-9a32-801850cfcef6/subham/LidarMapping2.5D/install/velodyne_simulator:/media/subham/85dce0f4-2e29-4540-9a32-801850cfcef6/subham/LidarMapping2.5D/install/velodyne_description:/media/subham/85dce0f4-2e29-4540-9a32-801850cfcef6/subham/LidarMapping2.5D/install/velodyne_gazebo_plugins:/media/subham/85dce0f4-2e29-4540-9a32-801850cfcef6/subham/LidarMapping2.5D/install/salsanext_ros2:/media/subham/85dce0f4-2e29-4540-9a32-801850cfcef6/subham/LidarMapping2.5D/install/patchwork_plusplus:/media/subham/85dce0f4-2e29-4540-9a32-801850cfcef6/subham/LidarMapping2.5D/install/lid_simulation:/media/subham/85dce0f4-2e29-4540-9a32-801850cfcef6/subham/LidarMapping2.5D/install/lid_description:/media/subham/85dce0f4-2e29-4540-9a32-801850cfcef6/subham/LidarMapping2.5D/install/jsk_recognition_msgs:/media/subham/85dce0f4-2e29-4540-9a32-801850cfcef6/subham/LidarMapping2.5D/install/height_mapping_ros2:/media/subham/85dce0f4-2e29-4540-9a32-801850cfcef6/subham/LidarMapping2.5D/install/height_mapping_core:/media/subham/85dce0f4-2e29-4540-9a32-801850cfcef6/subham/LidarMapping2.5D/install/fastdem_ros2:/media/subham/85dce0f4-2e29-4540-9a32-801850cfcef6/subham/LidarMapping2.5D/install/fastdem:/home/subham/omokai_ws/install/llm_simulation:/home/subham/omokai_ws/install/llm_prompt:/home/subham/omokai_ws/install/llm_description:/home/subham/Edge_AI_for_ADAS_and_Autonomous_Systems/install/adas_simulation:/home/subham/Edge_AI_for_ADAS_and_Autonomous_Systems/install/adas_description:/home/subham/rover_ws/install/rover_gazebo:/home/subham/rover_ws/install/rover_description:/home/subham/rover_ws/install/rf2o_laser_odometry:/home/subham/anvrit_ws/install/rplidar_ros:/home/subham/anvrit_ws/install/astra_camera:/home/subham/anvrit_ws/install/astra_camera_msgs:/home/subham/anvrit_ws/install/anvrit_description:/home/subham/igvc/install/velodyne_simulator:/home/subham/igvc/install/velodyne_description:/home/subham/igvc/install/velodyne_gazebo_plugins:/home/subham/igvc/install/igvc_simulation:/home/subham/igvc/install/igvc_description:/home/subham/colcon_ws/install/ur_simulation_gz:/home/subham/colcon_ws/install/ur_description:/home/subham/colcon_ws/install/ur5_control_2481:/home/subham/colcon_ws/install/s2481_ebot_description:/home/subham/colcon_ws/install/linkattacher_msgs:/home/subham/colcon_ws/install/eyantra_warehouse:/home/subham/colcon_ws/install/ackerman_description:/home/subham/omokai_ws/install/llm_navigation:/home/subham/Edge_AI_for_ADAS_and_Autonomous_Systems/install/adas_perception:/home/subham/Edge_AI_for_ADAS_and_Autonomous_Systems/install/adas_navigation:/home/subham/rover_ws/install/rover_navigation:/home/subham/anvrit_ws/install/anvrit_perception:/home/subham/anvrit_ws/install/anvrit_odometry:/home/subham/anvrit_ws/install/anvrit_nav2:/home/subham/igvc/install/igvc_perception:/home/subham/igvc/install/igvc_navigation:/home/subham/colcon_ws/install/ros2ai:/opt/ros/humble')]), 'shell': False}
[68.641978] (lid_simulation) StdoutLine: {'line': b'-- Install configuration: ""\n'}
[68.642429] (lid_simulation) StdoutLine: {'line': b'-- Execute custom install script\n'}
[68.643055] (lid_simulation) StdoutLine: {'line': b'-- Symlinking: /media/subham/85dce0f4-2e29-4540-9a32-801850cfcef6/subham/LidarMapping2.5D/install/lid_simulation/share/lid_simulation/config/bridge.yaml\n'}
[68.655997] (lid_simulation) StdoutLine: {'line': b'-- Symlinking: /media/subham/85dce0f4-2e29-4540-9a32-801850cfcef6/subham/LidarMapping2.5D/install/lid_simulation/share/lid_simulation/launch/terrain.launch.py\n'}
[68.668350] (lid_simulation) StdoutLine: {'line': b'-- Symlinking: /media/subham/85dce0f4-2e29-4540-9a32-801850cfcef6/subham/LidarMapping2.5D/install/lid_simulation/share/lid_simulation/models/crater/meshes/crater4k.stl\n'}
[68.680425] (lid_simulation) StdoutLine: {'line': b'-- Symlinking: /media/subham/85dce0f4-2e29-4540-9a32-801850cfcef6/subham/LidarMapping2.5D/install/lid_simulation/share/lid_simulation/models/crater/meshes/crater_martian_red.dae\n'}
[68.692446] (lid_simulation) StdoutLine: {'line': b'-- Symlinking: /media/subham/85dce0f4-2e29-4540-9a32-801850cfcef6/subham/LidarMapping2.5D/install/lid_simulation/share/lid_simulation/models/crater/model.config\n'}
[68.694623] (-) TimerEvent: {}
[68.704242] (lid_simulation) StdoutLine: {'line': b'-- Symlinking: /media/subham/85dce0f4-2e29-4540-9a32-801850cfcef6/subham/LidarMapping2.5D/install/lid_simulation/share/lid_simulation/models/crater/model.sdf\n'}
[68.718108] (lid_simulation) StdoutLine: {'line': b'-- Symlinking: /media/subham/85dce0f4-2e29-4540-9a32-801850cfcef6/subham/LidarMapping2.5D/install/lid_simulation/share/lid_simulation/models/curiosity_path/meshes/curiosity_path25k.dae\n'}
[68.731390] (lid_simulation) StdoutLine: {'line': b'-- Symlinking: /media/subham/85dce0f4-2e29-4540-9a32-801850cfcef6/subham/LidarMapping2.5D/install/lid_simulation/share/lid_simulation/models/curiosity_path/meshes/curiosity_path25k.stl\n'}
[68.747450] (lid_simulation) StdoutLine: {'line': b'-- Symlinking: /media/subham/85dce0f4-2e29-4540-9a32-801850cfcef6/subham/LidarMapping2.5D/install/lid_simulation/share/lid_simulation/models/curiosity_path/meshes/mars_texture_lq.jpg\n'}
[68.759480] (lid_simulation) StdoutLine: {'line': b'-- Symlinking: /media/subham/85dce0f4-2e29-4540-9a32-801850cfcef6/subham/LidarMapping2.5D/install/lid_simulation/share/lid_simulation/models/curiosity_path/model.config\n'}
[68.771090] (lid_simulation) StdoutLine: {'line': b'-- Symlinking: /media/subham/85dce0f4-2e29-4540-9a32-801850cfcef6/subham/LidarMapping2.5D/install/lid_simulation/share/lid_simulation/models/curiosity_path/model.sdf\n'}
[68.783523] (lid_simulation) StdoutLine: {'line': b'-- Symlinking: /media/subham/85dce0f4-2e29-4540-9a32-801850cfcef6/subham/LidarMapping2.5D/install/lid_simulation/share/lid_simulation/models/custom_terrain/meshes/custom_terrain.STL\n'}
[68.794754] (-) TimerEvent: {}
[68.795063] (lid_simulation) StdoutLine: {'line': b'-- Symlinking: /media/subham/85dce0f4-2e29-4540-9a32-801850cfcef6/subham/LidarMapping2.5D/install/lid_simulation/share/lid_simulation/models/custom_terrain/model.config\n'}
[68.808120] (lid_simulation) StdoutLine: {'line': b'-- Symlinking: /media/subham/85dce0f4-2e29-4540-9a32-801850cfcef6/subham/LidarMapping2.5D/install/lid_simulation/share/lid_simulation/models/custom_terrain/model.sdf\n'}
[68.822385] (lid_simulation) StdoutLine: {'line': b'-- Symlinking: /media/subham/85dce0f4-2e29-4540-9a32-801850cfcef6/subham/LidarMapping2.5D/install/lid_simulation/share/lid_simulation/models/jaggedrock/meshes/basecolor.jpg\n'}
[68.834100] (lid_simulation) StdoutLine: {'line': b'-- Symlinking: /media/subham/85dce0f4-2e29-4540-9a32-801850cfcef6/subham/LidarMapping2.5D/install/lid_simulation/share/lid_simulation/models/jaggedrock/meshes/bumpy.jpg\n'}
[68.846565] (lid_simulation) StdoutLine: {'line': b'-- Symlinking: /media/subham/85dce0f4-2e29-4540-9a32-801850cfcef6/subham/LidarMapping2.5D/install/lid_simulation/share/lid_simulation/models/jaggedrock/meshes/jaggedrock_texture.dae\n'}
[68.858338] (lid_simulation) StdoutLine: {'line': b'-- Symlinking: /media/subham/85dce0f4-2e29-4540-9a32-801850cfcef6/subham/LidarMapping2.5D/install/lid_simulation/share/lid_simulation/models/jaggedrock/model.config\n'}
[68.869918] (lid_simulation) StdoutLine: {'line': b'-- Symlinking: /media/subham/85dce0f4-2e29-4540-9a32-801850cfcef6/subham/LidarMapping2.5D/install/lid_simulation/share/lid_simulation/models/jaggedrock/model.sdf\n'}
[68.884968] (lid_simulation) StdoutLine: {'line': b'-- Symlinking: /media/subham/85dce0f4-2e29-4540-9a32-801850cfcef6/subham/LidarMapping2.5D/install/lid_simulation/share/lid_simulation/models/mars_terrain/meshes/mars_texture.jpg\n'}
[68.894888] (-) TimerEvent: {}
[68.897283] (lid_simulation) StdoutLine: {'line': b'-- Symlinking: /media/subham/85dce0f4-2e29-4540-9a32-801850cfcef6/subham/LidarMapping2.5D/install/lid_simulation/share/lid_simulation/models/mars_terrain/meshes/mars_texture_lq.jpg\n'}
[68.909888] (lid_simulation) StdoutLine: {'line': b'-- Symlinking: /media/subham/85dce0f4-2e29-4540-9a32-801850cfcef6/subham/LidarMapping2.5D/install/lid_simulation/share/lid_simulation/models/mars_terrain/meshes/reddish-sand.jpg\n'}
[68.922212] (lid_simulation) StdoutLine: {'line': b'-- Symlinking: /media/subham/85dce0f4-2e29-4540-9a32-801850cfcef6/subham/LidarMapping2.5D/install/lid_simulation/share/lid_simulation/models/mars_terrain/meshes/terrain.dae\n'}
[68.934492] (lid_simulation) StdoutLine: {'line': b'-- Symlinking: /media/subham/85dce0f4-2e29-4540-9a32-801850cfcef6/subham/LidarMapping2.5D/install/lid_simulation/share/lid_simulation/models/mars_terrain/meshes/terrain.stl\n'}
[68.948827] (lid_simulation) StdoutLine: {'line': b'-- Symlinking: /media/subham/85dce0f4-2e29-4540-9a32-801850cfcef6/subham/LidarMapping2.5D/install/lid_simulation/share/lid_simulation/models/mars_terrain/meshes/terrain_textured.dae\n'}
[68.960905] (lid_simulation) StdoutLine: {'line': b'-- Symlinking: /media/subham/85dce0f4-2e29-4540-9a32-801850cfcef6/subham/LidarMapping2.5D/install/lid_simulation/share/lid_simulation/models/mars_terrain/model.config\n'}
[68.972342] (lid_simulation) StdoutLine: {'line': b'-- Symlinking: /media/subham/85dce0f4-2e29-4540-9a32-801850cfcef6/subham/LidarMapping2.5D/install/lid_simulation/share/lid_simulation/models/mars_terrain/model.sdf\n'}
[68.986529] (lid_simulation) StdoutLine: {'line': b'-- Symlinking: /media/subham/85dce0f4-2e29-4540-9a32-801850cfcef6/subham/LidarMapping2.5D/install/lid_simulation/share/lid_simulation/models/rock9/meshes/rock9.dae\n'}
[68.995015] (-) TimerEvent: {}
[68.999568] (lid_simulation) StdoutLine: {'line': b'-- Symlinking: /media/subham/85dce0f4-2e29-4540-9a32-801850cfcef6/subham/LidarMapping2.5D/install/lid_simulation/share/lid_simulation/models/rock9/meshes/rock9.stl\n'}
[69.014021] (lid_simulation) StdoutLine: {'line': b'-- Symlinking: /media/subham/85dce0f4-2e29-4540-9a32-801850cfcef6/subham/LidarMapping2.5D/install/lid_simulation/share/lid_simulation/models/rock9/meshes/texture.jpg\n'}
[69.026748] (lid_simulation) StdoutLine: {'line': b'-- Symlinking: /media/subham/85dce0f4-2e29-4540-9a32-801850cfcef6/subham/LidarMapping2.5D/install/lid_simulation/share/lid_simulation/models/rock9/model.config\n'}
[69.038486] (lid_simulation) StdoutLine: {'line': b'-- Symlinking: /media/subham/85dce0f4-2e29-4540-9a32-801850cfcef6/subham/LidarMapping2.5D/install/lid_simulation/share/lid_simulation/models/rock9/model.sdf\n'}
[69.054479] (lid_simulation) StdoutLine: {'line': b'-- Symlinking: /media/subham/85dce0f4-2e29-4540-9a32-801850cfcef6/subham/LidarMapping2.5D/install/lid_simulation/share/lid_simulation/models/rockformation/meshes/SMALL_RED_BaseColor.png\n'}
[69.066148] (lid_simulation) StdoutLine: {'line': b'-- Symlinking: /media/subham/85dce0f4-2e29-4540-9a32-801850cfcef6/subham/LidarMapping2.5D/install/lid_simulation/share/lid_simulation/models/rockformation/meshes/rockformation.dae\n'}
[69.080204] (lid_simulation) StdoutLine: {'line': b'-- Symlinking: /media/subham/85dce0f4-2e29-4540-9a32-801850cfcef6/subham/LidarMapping2.5D/install/lid_simulation/share/lid_simulation/models/rockformation/model.config\n'}
[69.092499] (lid_simulation) StdoutLine: {'line': b'-- Symlinking: /media/subham/85dce0f4-2e29-4540-9a32-801850cfcef6/subham/LidarMapping2.5D/install/lid_simulation/share/lid_simulation/models/rockformation/model.sdf\n'}
[69.095092] (-) TimerEvent: {}
[69.103776] (lid_simulation) StdoutLine: {'line': b'-- Symlinking: /media/subham/85dce0f4-2e29-4540-9a32-801850cfcef6/subham/LidarMapping2.5D/install/lid_simulation/share/lid_simulation/worlds/terrain.world\n'}
[69.118304] (lid_simulation) StdoutLine: {'line': b'-- Symlinking: /media/subham/85dce0f4-2e29-4540-9a32-801850cfcef6/subham/LidarMapping2.5D/install/lid_simulation/share/ament_index/resource_index/package_run_dependencies/lid_simulation\n'}
[69.132123] (lid_simulation) StdoutLine: {'line': b'-- Symlinking: /media/subham/85dce0f4-2e29-4540-9a32-801850cfcef6/subham/LidarMapping2.5D/install/lid_simulation/share/ament_index/resource_index/parent_prefix_path/lid_simulation\n'}
[69.146602] (lid_simulation) StdoutLine: {'line': b'-- Symlinking: /media/subham/85dce0f4-2e29-4540-9a32-801850cfcef6/subham/LidarMapping2.5D/install/lid_simulation/share/lid_simulation/environment/ament_prefix_path.sh\n'}
[69.158743] (lid_simulation) StdoutLine: {'line': b'-- Symlinking: /media/subham/85dce0f4-2e29-4540-9a32-801850cfcef6/subham/LidarMapping2.5D/install/lid_simulation/share/lid_simulation/environment/ament_prefix_path.dsv\n'}
[69.169977] (lid_simulation) StdoutLine: {'line': b'-- Symlinking: /media/subham/85dce0f4-2e29-4540-9a32-801850cfcef6/subham/LidarMapping2.5D/install/lid_simulation/share/lid_simulation/environment/path.sh\n'}
[69.185409] (lid_simulation) StdoutLine: {'line': b'-- Symlinking: /media/subham/85dce0f4-2e29-4540-9a32-801850cfcef6/subham/LidarMapping2.5D/install/lid_simulation/share/lid_simulation/environment/path.dsv\n'}
[69.195250] (-) TimerEvent: {}
[69.197058] (lid_simulation) StdoutLine: {'line': b'-- Symlinking: /media/subham/85dce0f4-2e29-4540-9a32-801850cfcef6/subham/LidarMapping2.5D/install/lid_simulation/share/lid_simulation/local_setup.bash\n'}
[69.208688] (lid_simulation) StdoutLine: {'line': b'-- Symlinking: /media/subham/85dce0f4-2e29-4540-9a32-801850cfcef6/subham/LidarMapping2.5D/install/lid_simulation/share/lid_simulation/local_setup.sh\n'}
[69.224328] (lid_simulation) StdoutLine: {'line': b'-- Symlinking: /media/subham/85dce0f4-2e29-4540-9a32-801850cfcef6/subham/LidarMapping2.5D/install/lid_simulation/share/lid_simulation/local_setup.zsh\n'}
[69.235649] (lid_simulation) StdoutLine: {'line': b'-- Symlinking: /media/subham/85dce0f4-2e29-4540-9a32-801850cfcef6/subham/LidarMapping2.5D/install/lid_simulation/share/lid_simulation/local_setup.dsv\n'}
[69.248563] (lid_simulation) StdoutLine: {'line': b'-- Symlinking: /media/subham/85dce0f4-2e29-4540-9a32-801850cfcef6/subham/LidarMapping2.5D/install/lid_simulation/share/lid_simulation/package.dsv\n'}
[69.261911] (lid_simulation) StdoutLine: {'line': b'-- Symlinking: /media/subham/85dce0f4-2e29-4540-9a32-801850cfcef6/subham/LidarMapping2.5D/install/lid_simulation/share/ament_index/resource_index/packages/lid_simulation\n'}
[69.273488] (lid_simulation) StdoutLine: {'line': b'-- Symlinking: /media/subham/85dce0f4-2e29-4540-9a32-801850cfcef6/subham/LidarMapping2.5D/install/lid_simulation/share/lid_simulation/cmake/lid_simulationConfig.cmake\n'}
[69.288481] (lid_simulation) StdoutLine: {'line': b'-- Symlinking: /media/subham/85dce0f4-2e29-4540-9a32-801850cfcef6/subham/LidarMapping2.5D/install/lid_simulation/share/lid_simulation/cmake/lid_simulationConfig-version.cmake\n'}
[69.295357] (-) TimerEvent: {}
[69.302126] (lid_simulation) StdoutLine: {'line': b'-- Symlinking: /media/subham/85dce0f4-2e29-4540-9a32-801850cfcef6/subham/LidarMapping2.5D/install/lid_simulation/share/lid_simulation/package.xml\n'}
[69.318152] (lid_simulation) CommandEnded: {'returncode': 0}
[69.330326] (lid_simulation) JobEnded: {'identifier': 'lid_simulation', 'rc': 0}
[69.330884] (segmentation_lidar) JobStarted: {'identifier': 'segmentation_lidar'}
[69.343914] (segmentation_lidar) JobProgress: {'identifier': 'segmentation_lidar', 'progress': 'cmake'}
[69.345615] (segmentation_lidar) Command: {'cmd': ['/usr/bin/cmake', '/media/subham/85dce0f4-2e29-4540-9a32-801850cfcef6/subham/LidarMapping2.5D/src/segmentation_lidar', '-DAMENT_CMAKE_SYMLINK_INSTALL=1', '-DCMAKE_INSTALL_PREFIX=/media/subham/85dce0f4-2e29-4540-9a32-801850cfcef6/subham/LidarMapping2.5D/install/segmentation_lidar'], 'cwd': '/media/subham/85dce0f4-2e29-4540-9a32-801850cfcef6/subham/LidarMapping2.5D/build/segmentation_lidar', 'env': OrderedDict([('LESSOPEN', '| /usr/bin/lesspipe %s'), ('GZ_SIM_RESOURCE_PATH', '/home/subham/subt_ws/src/subt_cave_sim/models:'), ('LANGUAGE', 'en_IN:en'), ('USER', 'subham'), ('XDG_SESSION_TYPE', 'wayland'), ('SHLVL', '1'), ('LD_LIBRARY_PATH', '/media/subham/85dce0f4-2e29-4540-9a32-801850cfcef6/subham/LidarMapping2.5D/install/velodyne_gazebo_plugins/lib:/media/subham/85dce0f4-2e29-4540-9a32-801850cfcef6/subham/LidarMapping2.5D/install/patchwork_plusplus/lib:/media/subham/85dce0f4-2e29-4540-9a32-801850cfcef6/subham/LidarMapping2.5D/install/jsk_recognition_msgs/lib:/media/subham/85dce0f4-2e29-4540-9a32-801850cfcef6/subham/LidarMapping2.5D/install/height_mapping_ros2/lib:/media/subham/85dce0f4-2e29-4540-9a32-801850cfcef6/subham/LidarMapping2.5D/install/height_mapping_core/lib:/home/subham/anvrit_ws/install/astra_camera/lib:/home/subham/anvrit_ws/install/astra_camera_msgs/lib:/home/subham/igvc/install/velodyne_gazebo_plugins/lib:/home/subham/colcon_ws/install/linkattacher_msgs/lib:/opt/ros/humble/opt/rviz_ogre_vendor/lib:/opt/ros/humble/lib/x86_64-linux-gnu:/opt/ros/humble/opt/openvdb_vendor/lib:/opt/ros/humble/lib'), ('HOME', '/home/subham'), ('OLDPWD', '/home/subham'), ('DESKTOP_SESSION', 'ubuntu'), ('NVM_BIN', '/home/subham/.nvm/versions/node/v24.19.0/bin'), ('NVM_INC', '/home/subham/.nvm/versions/node/v24.19.0/include/node'), ('ROS_PYTHON_VERSION', '3'), ('GNOME_SHELL_SESSION_MODE', 'ubuntu'), ('GTK_MODULES', 'gail:atk-bridge'), ('MANAGERPID', '2038'), ('MAKEFLAGS', '-j1'), ('SYSTEMD_EXEC_PID', '3268'), ('DBUS_SESSION_BUS_ADDRESS', 'unix:path=/run/user/1000/bus'), ('COLORTERM', 'truecolor'), ('TERMINATOR_DBUS_NAME', 'net.tenshu.Terminator25ef4b219e3b005583550f2b0f9f990c3'), ('GIO_LAUNCHED_DESKTOP_FILE_PID', '4348'), ('NVM_DIR', '/home/subham/.nvm'), ('IM_CONFIG_PHASE', '1'), ('WAYLAND_DISPLAY', 'wayland-0'), ('COLCON_PREFIX_PATH', '/media/subham/85dce0f4-2e29-4540-9a32-801850cfcef6/subham/LidarMapping2.5D/install:/home/subham/Edge_AI_for_ADAS_and_Autonomous_Systems/install:/home/subham/rover_ws/install:/home/subham/igvc/install:/home/subham/colcon_ws/install:/home/subham/anvrit_ws/install:/home/subham/omokai_ws/install'), ('ROS_DISTRO', 'humble'), ('LOGNAME', 'subham'), ('JOURNAL_STREAM', '8:22697'), ('_', '/usr/bin/colcon'), ('ROS_VERSION', '2'), ('PKG_CONFIG_PATH', '/media/subham/85dce0f4-2e29-4540-9a32-801850cfcef6/subham/LidarMapping2.5D/install/fastdem/lib/x86_64-linux-gnu/pkgconfig:/media/subham/85dce0f4-2e29-4540-9a32-801850cfcef6/subham/LidarMapping2.5D/install/fastdem/lib/pkgconfig'), ('XDG_SESSION_CLASS', 'user'), ('USERNAME', 'subham'), ('TERM', 'xterm-256color'), ('GAZEBO_MODEL_PATH', '/home/subham/gazebo_models:'), ('GNOME_DESKTOP_SESSION_ID', 'this-is-deprecated'), ('ONNXRUNTIME_ROOT', '/opt/ros/humble'), ('ROS_LOCALHOST_ONLY', '0'), ('PATH', '/home/subham/.nvm/versions/node/v24.19.0/bin:/opt/ros/humble/bin:/home/subham/.local/bin:/usr/local/sbin:/usr/local/bin:/usr/sbin:/usr/bin:/sbin:/bin:/usr/games:/usr/local/games:/snap/bin:/snap/bin'), ('SESSION_MANAGER', 'local/thirdly:@/tmp/.ICE-unix/2513,unix/thirdly:/tmp/.ICE-unix/2513'), ('INVOCATION_ID', '046ab86eab5f415aa50d51e791c411a3'), ('XDG_MENU_PREFIX', 'gnome-'), ('GNOME_SETUP_DISPLAY', ':1'), ('XDG_RUNTIME_DIR', '/run/user/1000'), ('DISPLAY', ':0'), ('TERMINATOR_DBUS_PATH', '/net/tenshu/Terminator2'), ('LANG', 'en_US.UTF-8'), ('XDG_CURRENT_DESKTOP', 'ubuntu:GNOME'), ('IBUS_DISABLE_SNOOPER', '1'), ('XMODIFIERS', '@im=ibus'), ('XDG_SESSION_DESKTOP', 'ubuntu'), ('XAUTHORITY', '/run/user/1000/.mutter-Xwaylandauth.L3IAW3'), ('LS_COLORS', 'rs=0:di=01;34:ln=01;36:mh=00:pi=40;33:so=01;35:do=01;35:bd=40;33;01:cd=40;33;01:or=40;31;01:mi=00:su=37;41:sg=30;43:ca=30;41:tw=30;42:ow=34;42:st=37;44:ex=01;32:*.tar=01;31:*.tgz=01;31:*.arc=01;31:*.arj=01;31:*.taz=01;31:*.lha=01;31:*.lz4=01;31:*.lzh=01;31:*.lzma=01;31:*.tlz=01;31:*.txz=01;31:*.tzo=01;31:*.t7z=01;31:*.zip=01;31:*.z=01;31:*.dz=01;31:*.gz=01;31:*.lrz=01;31:*.lz=01;31:*.lzo=01;31:*.xz=01;31:*.zst=01;31:*.tzst=01;31:*.bz2=01;31:*.bz=01;31:*.tbz=01;31:*.tbz2=01;31:*.tz=01;31:*.deb=01;31:*.rpm=01;31:*.jar=01;31:*.war=01;31:*.ear=01;31:*.sar=01;31:*.rar=01;31:*.alz=01;31:*.ace=01;31:*.zoo=01;31:*.cpio=01;31:*.7z=01;31:*.rz=01;31:*.cab=01;31:*.wim=01;31:*.swm=01;31:*.dwm=01;31:*.esd=01;31:*.jpg=01;35:*.jpeg=01;35:*.mjpg=01;35:*.mjpeg=01;35:*.gif=01;35:*.bmp=01;35:*.pbm=01;35:*.pgm=01;35:*.ppm=01;35:*.tga=01;35:*.xbm=01;35:*.xpm=01;35:*.tif=01;35:*.tiff=01;35:*.png=01;35:*.svg=01;35:*.svgz=01;35:*.mng=01;35:*.pcx=01;35:*.mov=01;35:*.mpg=01;35:*.mpeg=01;35:*.m2v=01;35:*.mkv=01;35:*.webm=01;35:*.webp=01;35:*.ogm=01;35:*.mp4=01;35:*.m4v=01;35:*.mp4v=01;35:*.vob=01;35:*.qt=01;35:*.nuv=01;35:*.wmv=01;35:*.asf=01;35:*.rm=01;35:*.rmvb=01;35:*.flc=01;35:*.avi=01;35:*.fli=01;35:*.flv=01;35:*.gl=01;35:*.dl=01;35:*.xcf=01;35:*.xwd=01;35:*.yuv=01;35:*.cgm=01;35:*.emf=01;35:*.ogv=01;35:*.ogx=01;35:*.aac=00;36:*.au=00;36:*.flac=00;36:*.m4a=00;36:*.mid=00;36:*.midi=00;36:*.mka=00;36:*.mp3=00;36:*.mpc=00;36:*.ogg=00;36:*.ra=00;36:*.wav=00;36:*.oga=00;36:*.opus=00;36:*.spx=00;36:*.xspf=00;36:'), ('SSH_AGENT_LAUNCHER', 'gnome-keyring'), ('SSH_AUTH_SOCK', '/run/user/1000/keyring/ssh'), ('ROS_DOMAIN_ID', '0'), ('AMENT_PREFIX_PATH', '/media/subham/85dce0f4-2e29-4540-9a32-801850cfcef6/subham/LidarMapping2.5D/install/segmentation_lidar:/media/subham/85dce0f4-2e29-4540-9a32-801850cfcef6/subham/LidarMapping2.5D/install/velodyne_simulator:/media/subham/85dce0f4-2e29-4540-9a32-801850cfcef6/subham/LidarMapping2.5D/install/velodyne_description:/media/subham/85dce0f4-2e29-4540-9a32-801850cfcef6/subham/LidarMapping2.5D/install/velodyne_gazebo_plugins:/media/subham/85dce0f4-2e29-4540-9a32-801850cfcef6/subham/LidarMapping2.5D/install/salsanext_ros2:/media/subham/85dce0f4-2e29-4540-9a32-801850cfcef6/subham/LidarMapping2.5D/install/patchwork_plusplus:/media/subham/85dce0f4-2e29-4540-9a32-801850cfcef6/subham/LidarMapping2.5D/install/lid_simulation:/media/subham/85dce0f4-2e29-4540-9a32-801850cfcef6/subham/LidarMapping2.5D/install/lid_description:/media/subham/85dce0f4-2e29-4540-9a32-801850cfcef6/subham/LidarMapping2.5D/install/jsk_recognition_msgs:/media/subham/85dce0f4-2e29-4540-9a32-801850cfcef6/subham/LidarMapping2.5D/install/height_mapping_ros2:/media/subham/85dce0f4-2e29-4540-9a32-801850cfcef6/subham/LidarMapping2.5D/install/height_mapping_core:/media/subham/85dce0f4-2e29-4540-9a32-801850cfcef6/subham/LidarMapping2.5D/install/fastdem_ros2:/home/subham/omokai_ws/install/llm_simulation:/home/subham/omokai_ws/install/llm_prompt:/home/subham/omokai_ws/install/llm_navigation:/home/subham/omokai_ws/install/llm_description:/home/subham/Edge_AI_for_ADAS_and_Autonomous_Systems/install/adas_simulation:/home/subham/Edge_AI_for_ADAS_and_Autonomous_Systems/install/adas_perception:/home/subham/Edge_AI_for_ADAS_and_Autonomous_Systems/install/adas_navigation:/home/subham/Edge_AI_for_ADAS_and_Autonomous_Systems/install/adas_description:/home/subham/rover_ws/install/rover_navigation:/home/subham/rover_ws/install/rover_gazebo:/home/subham/rover_ws/install/rover_description:/home/subham/rover_ws/install/rf2o_laser_odometry:/home/subham/anvrit_ws/install/rplidar_ros:/home/subham/anvrit_ws/install/astra_camera:/home/subham/anvrit_ws/install/astra_camera_msgs:/home/subham/anvrit_ws/install/anvrit_perception:/home/subham/anvrit_ws/install/anvrit_odometry:/home/subham/anvrit_ws/install/anvrit_nav2:/home/subham/anvrit_ws/install/anvrit_description:/home/subham/igvc/install/velodyne_simulator:/home/subham/igvc/install/velodyne_description:/home/subham/igvc/install/velodyne_gazebo_plugins:/home/subham/igvc/install/igvc_simulation:/home/subham/igvc/install/igvc_perception:/home/subham/igvc/install/igvc_navigation:/home/subham/igvc/install/igvc_description:/home/subham/colcon_ws/install/ur_simulation_gz:/home/subham/colcon_ws/install/ur_description:/home/subham/colcon_ws/install/ur5_control_2481:/home/subham/colcon_ws/install/s2481_ebot_description:/home/subham/colcon_ws/install/ros2ai:/home/subham/colcon_ws/install/linkattacher_msgs:/home/subham/colcon_ws/install/eyantra_warehouse:/home/subham/colcon_ws/install/ackerman_description:/opt/ros/humble'), ('SHELL', '/bin/bash'), ('TERMINATOR_UUID', 'urn:uuid:577dd51d-23b3-4139-a8c6-d610a5169a81'), ('QT_ACCESSIBILITY', '1'), ('GDMSESSION', 'ubuntu'), ('LESSCLOSE', '/usr/bin/lesspipe %s %s'), ('IGN_GAZEBO_RESOURCE_PATH', '/media/subham/85dce0f4-2e29-4540-9a32-801850cfcef6/subham/subt_ws/src/subt_cave_sim/models:/home/subham/subt_ws/src/subt_cave_sim/models:'), ('QT_IM_MODULE', 'ibus'), ('PWD', '/media/subham/85dce0f4-2e29-4540-9a32-801850cfcef6/subham/LidarMapping2.5D/build/segmentation_lidar'), ('TURTLEBOT3_MODEL', 'burger'), ('LC_ALL', 'en_US.UTF-8'), ('XDG_CONFIG_DIRS', '/etc/xdg/xdg-ubuntu:/etc/xdg'), ('NVM_CD_FLAGS', ''), ('XDG_DATA_DIRS', '/usr/share/ubuntu:/usr/local/share/:/usr/share/:/var/lib/snapd/desktop'), ('PYTHONPATH', '/media/subham/85dce0f4-2e29-4540-9a32-801850cfcef6/subham/LidarMapping2.5D/install/jsk_recognition_msgs/local/lib/python3.10/dist-packages:/media/subham/85dce0f4-2e29-4540-9a32-801850cfcef6/subham/LidarMapping2.5D/install/height_mapping_ros2/local/lib/python3.10/dist-packages:/home/subham/omokai_ws/build/llm_navigation:/home/subham/omokai_ws/install/llm_navigation/lib/python3.10/site-packages:/home/subham/Edge_AI_for_ADAS_and_Autonomous_Systems/build/adas_perception:/home/subham/Edge_AI_for_ADAS_and_Autonomous_Systems/install/adas_perception/lib/python3.10/site-packages:/home/subham/Edge_AI_for_ADAS_and_Autonomous_Systems/build/adas_navigation:/home/subham/Edge_AI_for_ADAS_and_Autonomous_Systems/install/adas_navigation/lib/python3.10/site-packages:/home/subham/rover_ws/build/rover_navigation:/home/subham/rover_ws/install/rover_navigation/lib/python3.10/site-packages:/home/subham/anvrit_ws/install/astra_camera_msgs/local/lib/python3.10/dist-packages:/home/subham/anvrit_ws/install/anvrit_perception/lib/python3.10/site-packages:/home/subham/anvrit_ws/install/anvrit_odometry/lib/python3.10/site-packages:/home/subham/anvrit_ws/install/anvrit_nav2/lib/python3.10/site-packages:/home/subham/igvc/build/igvc_perception:/home/subham/igvc/install/igvc_perception/lib/python3.10/site-packages:/home/subham/igvc/build/igvc_navigation:/home/subham/igvc/install/igvc_navigation/lib/python3.10/site-packages:/home/subham/colcon_ws/build/ros2ai:/home/subham/colcon_ws/install/ros2ai/lib/python3.10/site-packages:/home/subham/colcon_ws/install/linkattacher_msgs/local/lib/python3.10/dist-packages:/opt/ros/humble/lib/python3.10/site-packages:/opt/ros/humble/local/lib/python3.10/dist-packages'), ('COLCON', '1'), ('VTE_VERSION', '6800'), ('CMAKE_PREFIX_PATH', '/media/subham/85dce0f4-2e29-4540-9a32-801850cfcef6/subham/LidarMapping2.5D/install/segmentation_lidar:/media/subham/85dce0f4-2e29-4540-9a32-801850cfcef6/subham/LidarMapping2.5D/install/velodyne_simulator:/media/subham/85dce0f4-2e29-4540-9a32-801850cfcef6/subham/LidarMapping2.5D/install/velodyne_description:/media/subham/85dce0f4-2e29-4540-9a32-801850cfcef6/subham/LidarMapping2.5D/install/velodyne_gazebo_plugins:/media/subham/85dce0f4-2e29-4540-9a32-801850cfcef6/subham/LidarMapping2.5D/install/salsanext_ros2:/media/subham/85dce0f4-2e29-4540-9a32-801850cfcef6/subham/LidarMapping2.5D/install/patchwork_plusplus:/media/subham/85dce0f4-2e29-4540-9a32-801850cfcef6/subham/LidarMapping2.5D/install/lid_simulation:/media/subham/85dce0f4-2e29-4540-9a32-801850cfcef6/subham/LidarMapping2.5D/install/lid_description:/media/subham/85dce0f4-2e29-4540-9a32-801850cfcef6/subham/LidarMapping2.5D/install/jsk_recognition_msgs:/media/subham/85dce0f4-2e29-4540-9a32-801850cfcef6/subham/LidarMapping2.5D/install/height_mapping_ros2:/media/subham/85dce0f4-2e29-4540-9a32-801850cfcef6/subham/LidarMapping2.5D/install/height_mapping_core:/media/subham/85dce0f4-2e29-4540-9a32-801850cfcef6/subham/LidarMapping2.5D/install/fastdem_ros2:/media/subham/85dce0f4-2e29-4540-9a32-801850cfcef6/subham/LidarMapping2.5D/install/fastdem:/home/subham/omokai_ws/install/llm_simulation:/home/subham/omokai_ws/install/llm_prompt:/home/subham/omokai_ws/install/llm_description:/home/subham/Edge_AI_for_ADAS_and_Autonomous_Systems/install/adas_simulation:/home/subham/Edge_AI_for_ADAS_and_Autonomous_Systems/install/adas_description:/home/subham/rover_ws/install/rover_gazebo:/home/subham/rover_ws/install/rover_description:/home/subham/rover_ws/install/rf2o_laser_odometry:/home/subham/anvrit_ws/install/rplidar_ros:/home/subham/anvrit_ws/install/astra_camera:/home/subham/anvrit_ws/install/astra_camera_msgs:/home/subham/anvrit_ws/install/anvrit_description:/home/subham/igvc/install/velodyne_simulator:/home/subham/igvc/install/velodyne_description:/home/subham/igvc/install/velodyne_gazebo_plugins:/home/subham/igvc/install/igvc_simulation:/home/subham/igvc/install/igvc_description:/home/subham/colcon_ws/install/ur_simulation_gz:/home/subham/colcon_ws/install/ur_description:/home/subham/colcon_ws/install/ur5_control_2481:/home/subham/colcon_ws/install/s2481_ebot_description:/home/subham/colcon_ws/install/linkattacher_msgs:/home/subham/colcon_ws/install/eyantra_warehouse:/home/subham/colcon_ws/install/ackerman_description:/home/subham/omokai_ws/install/llm_navigation:/home/subham/Edge_AI_for_ADAS_and_Autonomous_Systems/install/adas_perception:/home/subham/Edge_AI_for_ADAS_and_Autonomous_Systems/install/adas_navigation:/home/subham/rover_ws/install/rover_navigation:/home/subham/anvrit_ws/install/anvrit_perception:/home/subham/anvrit_ws/install/anvrit_odometry:/home/subham/anvrit_ws/install/anvrit_nav2:/home/subham/igvc/install/igvc_perception:/home/subham/igvc/install/igvc_navigation:/home/subham/colcon_ws/install/ros2ai:/opt/ros/humble')]), 'shell': False}
[69.364001] (segmentation_lidar) StdoutLine: {'line': b'-- Found ament_cmake: 1.3.14 (/opt/ros/humble/share/ament_cmake/cmake)\n'}
[69.395509] (-) TimerEvent: {}
[69.495860] (-) TimerEvent: {}
[69.541798] (segmentation_lidar) StdoutLine: {'line': b'-- Override CMake install command with custom implementation using symlinks instead of copying resources\n'}
[69.549565] (segmentation_lidar) StdoutLine: {'line': b'-- Found rclcpp: 16.0.19 (/opt/ros/humble/share/rclcpp/cmake)\n'}
[69.581721] (segmentation_lidar) StdoutLine: {'line': b'-- Found rosidl_generator_c: 3.1.9 (/opt/ros/humble/share/rosidl_generator_c/cmake)\n'}
[69.583791] (segmentation_lidar) StdoutLine: {'line': b'-- Found rosidl_adapter: 3.1.9 (/opt/ros/humble/share/rosidl_adapter/cmake)\n'}
[69.589531] (segmentation_lidar) StdoutLine: {'line': b'-- Found rosidl_generator_cpp: 3.1.9 (/opt/ros/humble/share/rosidl_generator_cpp/cmake)\n'}
[69.595974] (-) TimerEvent: {}
[69.599970] (segmentation_lidar) StdoutLine: {'line': b'-- Using all available rosidl_typesupport_c: rosidl_typesupport_fastrtps_c;rosidl_typesupport_introspection_c\n'}
[69.613197] (segmentation_lidar) StdoutLine: {'line': b'-- Using all available rosidl_typesupport_cpp: rosidl_typesupport_fastrtps_cpp;rosidl_typesupport_introspection_cpp\n'}
[69.654136] (segmentation_lidar) StdoutLine: {'line': b'-- Found rmw_implementation_cmake: 6.1.2 (/opt/ros/humble/share/rmw_implementation_cmake/cmake)\n'}
[69.658076] (segmentation_lidar) StdoutLine: {'line': b'-- Found rmw_fastrtps_cpp: 6.2.10 (/opt/ros/humble/share/rmw_fastrtps_cpp/cmake)\n'}
[69.696126] (-) TimerEvent: {}
[69.796540] (-) TimerEvent: {}
[69.823197] (segmentation_lidar) StdoutLine: {'line': b"-- Using RMW implementation 'rmw_fastrtps_cpp' as default\n"}
[69.888026] (segmentation_lidar) StdoutLine: {'line': b'-- Found sensor_msgs: 4.9.1 (/opt/ros/humble/share/sensor_msgs/cmake)\n'}
[69.896663] (-) TimerEvent: {}
[69.919914] (segmentation_lidar) StdoutLine: {'line': b'-- Found pcl_conversions: 2.4.5 (/opt/ros/humble/share/pcl_conversions/cmake)\n'}
[69.967971] (segmentation_lidar) StdoutLine: {'line': b'-- Eigen found (include: /usr/include/eigen3, version: 3.4.0)\n'}
[69.996812] (-) TimerEvent: {}
[70.019739] (segmentation_lidar) StdoutLine: {'line': b'-- FLANN found (include: /usr/include, lib: /usr/lib/x86_64-linux-gnu/libflann_cpp.so)\n'}
[70.096975] (-) TimerEvent: {}
[70.197578] (-) TimerEvent: {}
[70.298010] (-) TimerEvent: {}
[70.398449] (-) TimerEvent: {}
[70.426371] (segmentation_lidar) StdoutLine: {'line': b'-- OpenNI found (version: 1.5.4.0, include: /usr/include/ni, lib: /usr/lib/libOpenNI.so;libusb::libusb)\n'}
[70.433634] (segmentation_lidar) StdoutLine: {'line': b'-- OpenNI2 found (version: 2.3.0.85, include: /home/subham/anvrit_ws/install/astra_camera/include/openni2, lib: /home/subham/anvrit_ws/install/astra_camera/lib/libOpenNI2.so;libusb::libusb)\n'}
[70.498559] (-) TimerEvent: {}
[70.598939] (-) TimerEvent: {}
[70.607827] (segmentation_lidar) StdoutLine: {'line': b'-- Eigen found (include: /usr/include/eigen3, version: 3.4.0)\n'}
[70.617476] (segmentation_lidar) StdoutLine: {'line': b'-- OpenNI found (version: 1.5.4.0, include: /usr/include/ni, lib: /usr/lib/libOpenNI.so;libusb::libusb)\n'}
[70.626790] (segmentation_lidar) StdoutLine: {'line': b'-- OpenNI2 found (version: 2.3.0.85, include: /home/subham/anvrit_ws/install/astra_camera/include/openni2, lib: /home/subham/anvrit_ws/install/astra_camera/lib/libOpenNI2.so;libusb::libusb)\n'}
[70.699075] (-) TimerEvent: {}
[70.799409] (-) TimerEvent: {}
[70.799658] (segmentation_lidar) StdoutLine: {'line': b'-- Found Qhull version 8.0.2\n'}
[70.899553] (-) TimerEvent: {}
[70.984886] (segmentation_lidar) StdoutLine: {'line': b'-- OpenNI found (version: 1.5.4.0, include: /usr/include/ni, lib: /usr/lib/libOpenNI.so;libusb::libusb)\n'}
[70.999682] (-) TimerEvent: {}
[71.100115] (-) TimerEvent: {}
[71.160387] (segmentation_lidar) StderrLine: {'line': b'\x1b[33mCMake Warning (dev) at CMakeLists.txt:16 (find_package):\n'}
[71.160616] (segmentation_lidar) StderrLine: {'line': b'  Policy CMP0074 is not set: find_package uses <PackageName>_ROOT variables.\n'}
[71.160682] (segmentation_lidar) StderrLine: {'line': b'  Run "cmake --help-policy CMP0074" for policy details.  Use the cmake_policy\n'}
[71.160742] (segmentation_lidar) StderrLine: {'line': b'  command to set the policy and suppress this warning.\n'}
[71.160800] (segmentation_lidar) StderrLine: {'line': b'\n'}
[71.160858] (segmentation_lidar) StderrLine: {'line': b'  CMake variable PCL_ROOT is set to:\n'}
[71.160917] (segmentation_lidar) StderrLine: {'line': b'\n'}
[71.160974] (segmentation_lidar) StderrLine: {'line': b'    /usr\n'}
[71.161030] (segmentation_lidar) StderrLine: {'line': b'\n'}
[71.161089] (segmentation_lidar) StderrLine: {'line': b'  For compatibility, CMake is ignoring the variable.\n'}
[71.161150] (segmentation_lidar) StderrLine: {'line': b'This warning is for project developers.  Use -Wno-dev to suppress it.\n'}
[71.161211] (segmentation_lidar) StderrLine: {'line': b'\x1b[0m\n'}
[71.175601] (segmentation_lidar) StdoutLine: {'line': b'-- Found onnxruntime_vendor: 0.1.0 (/opt/ros/humble/share/onnxruntime_vendor/cmake)\n'}
[71.177141] (segmentation_lidar) StdoutLine: {'line': b'-- Found ament_lint_auto: 0.12.15 (/opt/ros/humble/share/ament_lint_auto/cmake)\n'}
[71.200234] (-) TimerEvent: {}
[71.293028] (segmentation_lidar) StdoutLine: {'line': b"-- Added test 'cppcheck' to perform static code analysis on C / C++ code\n"}
[71.293351] (segmentation_lidar) StdoutLine: {'line': b'-- Configured cppcheck include dirs: \n'}
[71.293498] (segmentation_lidar) StdoutLine: {'line': b'-- Configured cppcheck exclude dirs and/or files: \n'}
[71.293764] (segmentation_lidar) StdoutLine: {'line': b"-- Added test 'flake8' to check Python code syntax and style conventions\n"}
[71.294344] (segmentation_lidar) StdoutLine: {'line': b"-- Added test 'lint_cmake' to check CMake code style\n"}
[71.294638] (segmentation_lidar) StdoutLine: {'line': b"-- Added test 'pep257' to check Python code against some of the docstring style conventions in PEP 257\n"}
[71.296202] (segmentation_lidar) StdoutLine: {'line': b"-- Added test 'uncrustify' to check C / C++ code style\n"}
[71.296275] (segmentation_lidar) StdoutLine: {'line': b'-- Configured uncrustify additional arguments: \n'}
[71.296860] (segmentation_lidar) StdoutLine: {'line': b"-- Added test 'xmllint' to check XML markup files\n"}
[71.298024] (segmentation_lidar) StdoutLine: {'line': b'-- Configuring done\n'}
[71.300349] (-) TimerEvent: {}
[71.351115] (segmentation_lidar) StdoutLine: {'line': b'-- Generating done\n'}
[71.364079] (segmentation_lidar) StdoutLine: {'line': b'-- Build files have been written to: /media/subham/85dce0f4-2e29-4540-9a32-801850cfcef6/subham/LidarMapping2.5D/build/segmentation_lidar\n'}
[71.397440] (segmentation_lidar) CommandEnded: {'returncode': 0}
[71.398651] (segmentation_lidar) JobProgress: {'identifier': 'segmentation_lidar', 'progress': 'build'}
[71.399302] (segmentation_lidar) Command: {'cmd': ['/usr/bin/cmake', '--build', '/media/subham/85dce0f4-2e29-4540-9a32-801850cfcef6/subham/LidarMapping2.5D/build/segmentation_lidar'], 'cwd': '/media/subham/85dce0f4-2e29-4540-9a32-801850cfcef6/subham/LidarMapping2.5D/build/segmentation_lidar', 'env': OrderedDict([('LESSOPEN', '| /usr/bin/lesspipe %s'), ('GZ_SIM_RESOURCE_PATH', '/home/subham/subt_ws/src/subt_cave_sim/models:'), ('LANGUAGE', 'en_IN:en'), ('USER', 'subham'), ('XDG_SESSION_TYPE', 'wayland'), ('SHLVL', '1'), ('LD_LIBRARY_PATH', '/media/subham/85dce0f4-2e29-4540-9a32-801850cfcef6/subham/LidarMapping2.5D/install/velodyne_gazebo_plugins/lib:/media/subham/85dce0f4-2e29-4540-9a32-801850cfcef6/subham/LidarMapping2.5D/install/patchwork_plusplus/lib:/media/subham/85dce0f4-2e29-4540-9a32-801850cfcef6/subham/LidarMapping2.5D/install/jsk_recognition_msgs/lib:/media/subham/85dce0f4-2e29-4540-9a32-801850cfcef6/subham/LidarMapping2.5D/install/height_mapping_ros2/lib:/media/subham/85dce0f4-2e29-4540-9a32-801850cfcef6/subham/LidarMapping2.5D/install/height_mapping_core/lib:/home/subham/anvrit_ws/install/astra_camera/lib:/home/subham/anvrit_ws/install/astra_camera_msgs/lib:/home/subham/igvc/install/velodyne_gazebo_plugins/lib:/home/subham/colcon_ws/install/linkattacher_msgs/lib:/opt/ros/humble/opt/rviz_ogre_vendor/lib:/opt/ros/humble/lib/x86_64-linux-gnu:/opt/ros/humble/opt/openvdb_vendor/lib:/opt/ros/humble/lib'), ('HOME', '/home/subham'), ('OLDPWD', '/home/subham'), ('DESKTOP_SESSION', 'ubuntu'), ('NVM_BIN', '/home/subham/.nvm/versions/node/v24.19.0/bin'), ('NVM_INC', '/home/subham/.nvm/versions/node/v24.19.0/include/node'), ('ROS_PYTHON_VERSION', '3'), ('GNOME_SHELL_SESSION_MODE', 'ubuntu'), ('GTK_MODULES', 'gail:atk-bridge'), ('MANAGERPID', '2038'), ('MAKEFLAGS', '-j1'), ('SYSTEMD_EXEC_PID', '3268'), ('DBUS_SESSION_BUS_ADDRESS', 'unix:path=/run/user/1000/bus'), ('COLORTERM', 'truecolor'), ('TERMINATOR_DBUS_NAME', 'net.tenshu.Terminator25ef4b219e3b005583550f2b0f9f990c3'), ('GIO_LAUNCHED_DESKTOP_FILE_PID', '4348'), ('NVM_DIR', '/home/subham/.nvm'), ('IM_CONFIG_PHASE', '1'), ('WAYLAND_DISPLAY', 'wayland-0'), ('COLCON_PREFIX_PATH', '/media/subham/85dce0f4-2e29-4540-9a32-801850cfcef6/subham/LidarMapping2.5D/install:/home/subham/Edge_AI_for_ADAS_and_Autonomous_Systems/install:/home/subham/rover_ws/install:/home/subham/igvc/install:/home/subham/colcon_ws/install:/home/subham/anvrit_ws/install:/home/subham/omokai_ws/install'), ('ROS_DISTRO', 'humble'), ('LOGNAME', 'subham'), ('JOURNAL_STREAM', '8:22697'), ('_', '/usr/bin/colcon'), ('ROS_VERSION', '2'), ('PKG_CONFIG_PATH', '/media/subham/85dce0f4-2e29-4540-9a32-801850cfcef6/subham/LidarMapping2.5D/install/fastdem/lib/x86_64-linux-gnu/pkgconfig:/media/subham/85dce0f4-2e29-4540-9a32-801850cfcef6/subham/LidarMapping2.5D/install/fastdem/lib/pkgconfig'), ('XDG_SESSION_CLASS', 'user'), ('USERNAME', 'subham'), ('TERM', 'xterm-256color'), ('GAZEBO_MODEL_PATH', '/home/subham/gazebo_models:'), ('GNOME_DESKTOP_SESSION_ID', 'this-is-deprecated'), ('ONNXRUNTIME_ROOT', '/opt/ros/humble'), ('ROS_LOCALHOST_ONLY', '0'), ('PATH', '/home/subham/.nvm/versions/node/v24.19.0/bin:/opt/ros/humble/bin:/home/subham/.local/bin:/usr/local/sbin:/usr/local/bin:/usr/sbin:/usr/bin:/sbin:/bin:/usr/games:/usr/local/games:/snap/bin:/snap/bin'), ('SESSION_MANAGER', 'local/thirdly:@/tmp/.ICE-unix/2513,unix/thirdly:/tmp/.ICE-unix/2513'), ('INVOCATION_ID', '046ab86eab5f415aa50d51e791c411a3'), ('XDG_MENU_PREFIX', 'gnome-'), ('GNOME_SETUP_DISPLAY', ':1'), ('XDG_RUNTIME_DIR', '/run/user/1000'), ('DISPLAY', ':0'), ('TERMINATOR_DBUS_PATH', '/net/tenshu/Terminator2'), ('LANG', 'en_US.UTF-8'), ('XDG_CURRENT_DESKTOP', 'ubuntu:GNOME'), ('IBUS_DISABLE_SNOOPER', '1'), ('XMODIFIERS', '@im=ibus'), ('XDG_SESSION_DESKTOP', 'ubuntu'), ('XAUTHORITY', '/run/user/1000/.mutter-Xwaylandauth.L3IAW3'), ('LS_COLORS', 'rs=0:di=01;34:ln=01;36:mh=00:pi=40;33:so=01;35:do=01;35:bd=40;33;01:cd=40;33;01:or=40;31;01:mi=00:su=37;41:sg=30;43:ca=30;41:tw=30;42:ow=34;42:st=37;44:ex=01;32:*.tar=01;31:*.tgz=01;31:*.arc=01;31:*.arj=01;31:*.taz=01;31:*.lha=01;31:*.lz4=01;31:*.lzh=01;31:*.lzma=01;31:*.tlz=01;31:*.txz=01;31:*.tzo=01;31:*.t7z=01;31:*.zip=01;31:*.z=01;31:*.dz=01;31:*.gz=01;31:*.lrz=01;31:*.lz=01;31:*.lzo=01;31:*.xz=01;31:*.zst=01;31:*.tzst=01;31:*.bz2=01;31:*.bz=01;31:*.tbz=01;31:*.tbz2=01;31:*.tz=01;31:*.deb=01;31:*.rpm=01;31:*.jar=01;31:*.war=01;31:*.ear=01;31:*.sar=01;31:*.rar=01;31:*.alz=01;31:*.ace=01;31:*.zoo=01;31:*.cpio=01;31:*.7z=01;31:*.rz=01;31:*.cab=01;31:*.wim=01;31:*.swm=01;31:*.dwm=01;31:*.esd=01;31:*.jpg=01;35:*.jpeg=01;35:*.mjpg=01;35:*.mjpeg=01;35:*.gif=01;35:*.bmp=01;35:*.pbm=01;35:*.pgm=01;35:*.ppm=01;35:*.tga=01;35:*.xbm=01;35:*.xpm=01;35:*.tif=01;35:*.tiff=01;35:*.png=01;35:*.svg=01;35:*.svgz=01;35:*.mng=01;35:*.pcx=01;35:*.mov=01;35:*.mpg=01;35:*.mpeg=01;35:*.m2v=01;35:*.mkv=01;35:*.webm=01;35:*.webp=01;35:*.ogm=01;35:*.mp4=01;35:*.m4v=01;35:*.mp4v=01;35:*.vob=01;35:*.qt=01;35:*.nuv=01;35:*.wmv=01;35:*.asf=01;35:*.rm=01;35:*.rmvb=01;35:*.flc=01;35:*.avi=01;35:*.fli=01;35:*.flv=01;35:*.gl=01;35:*.dl=01;35:*.xcf=01;35:*.xwd=01;35:*.yuv=01;35:*.cgm=01;35:*.emf=01;35:*.ogv=01;35:*.ogx=01;35:*.aac=00;36:*.au=00;36:*.flac=00;36:*.m4a=00;36:*.mid=00;36:*.midi=00;36:*.mka=00;36:*.mp3=00;36:*.mpc=00;36:*.ogg=00;36:*.ra=00;36:*.wav=00;36:*.oga=00;36:*.opus=00;36:*.spx=00;36:*.xspf=00;36:'), ('SSH_AGENT_LAUNCHER', 'gnome-keyring'), ('SSH_AUTH_SOCK', '/run/user/1000/keyring/ssh'), ('ROS_DOMAIN_ID', '0'), ('AMENT_PREFIX_PATH', '/media/subham/85dce0f4-2e29-4540-9a32-801850cfcef6/subham/LidarMapping2.5D/install/segmentation_lidar:/media/subham/85dce0f4-2e29-4540-9a32-801850cfcef6/subham/LidarMapping2.5D/install/velodyne_simulator:/media/subham/85dce0f4-2e29-4540-9a32-801850cfcef6/subham/LidarMapping2.5D/install/velodyne_description:/media/subham/85dce0f4-2e29-4540-9a32-801850cfcef6/subham/LidarMapping2.5D/install/velodyne_gazebo_plugins:/media/subham/85dce0f4-2e29-4540-9a32-801850cfcef6/subham/LidarMapping2.5D/install/salsanext_ros2:/media/subham/85dce0f4-2e29-4540-9a32-801850cfcef6/subham/LidarMapping2.5D/install/patchwork_plusplus:/media/subham/85dce0f4-2e29-4540-9a32-801850cfcef6/subham/LidarMapping2.5D/install/lid_simulation:/media/subham/85dce0f4-2e29-4540-9a32-801850cfcef6/subham/LidarMapping2.5D/install/lid_description:/media/subham/85dce0f4-2e29-4540-9a32-801850cfcef6/subham/LidarMapping2.5D/install/jsk_recognition_msgs:/media/subham/85dce0f4-2e29-4540-9a32-801850cfcef6/subham/LidarMapping2.5D/install/height_mapping_ros2:/media/subham/85dce0f4-2e29-4540-9a32-801850cfcef6/subham/LidarMapping2.5D/install/height_mapping_core:/media/subham/85dce0f4-2e29-4540-9a32-801850cfcef6/subham/LidarMapping2.5D/install/fastdem_ros2:/home/subham/omokai_ws/install/llm_simulation:/home/subham/omokai_ws/install/llm_prompt:/home/subham/omokai_ws/install/llm_navigation:/home/subham/omokai_ws/install/llm_description:/home/subham/Edge_AI_for_ADAS_and_Autonomous_Systems/install/adas_simulation:/home/subham/Edge_AI_for_ADAS_and_Autonomous_Systems/install/adas_perception:/home/subham/Edge_AI_for_ADAS_and_Autonomous_Systems/install/adas_navigation:/home/subham/Edge_AI_for_ADAS_and_Autonomous_Systems/install/adas_description:/home/subham/rover_ws/install/rover_navigation:/home/subham/rover_ws/install/rover_gazebo:/home/subham/rover_ws/install/rover_description:/home/subham/rover_ws/install/rf2o_laser_odometry:/home/subham/anvrit_ws/install/rplidar_ros:/home/subham/anvrit_ws/install/astra_camera:/home/subham/anvrit_ws/install/astra_camera_msgs:/home/subham/anvrit_ws/install/anvrit_perception:/home/subham/anvrit_ws/install/anvrit_odometry:/home/subham/anvrit_ws/install/anvrit_nav2:/home/subham/anvrit_ws/install/anvrit_description:/home/subham/igvc/install/velodyne_simulator:/home/subham/igvc/install/velodyne_description:/home/subham/igvc/install/velodyne_gazebo_plugins:/home/subham/igvc/install/igvc_simulation:/home/subham/igvc/install/igvc_perception:/home/subham/igvc/install/igvc_navigation:/home/subham/igvc/install/igvc_description:/home/subham/colcon_ws/install/ur_simulation_gz:/home/subham/colcon_ws/install/ur_description:/home/subham/colcon_ws/install/ur5_control_2481:/home/subham/colcon_ws/install/s2481_ebot_description:/home/subham/colcon_ws/install/ros2ai:/home/subham/colcon_ws/install/linkattacher_msgs:/home/subham/colcon_ws/install/eyantra_warehouse:/home/subham/colcon_ws/install/ackerman_description:/opt/ros/humble'), ('SHELL', '/bin/bash'), ('TERMINATOR_UUID', 'urn:uuid:577dd51d-23b3-4139-a8c6-d610a5169a81'), ('QT_ACCESSIBILITY', '1'), ('GDMSESSION', 'ubuntu'), ('LESSCLOSE', '/usr/bin/lesspipe %s %s'), ('IGN_GAZEBO_RESOURCE_PATH', '/media/subham/85dce0f4-2e29-4540-9a32-801850cfcef6/subham/subt_ws/src/subt_cave_sim/models:/home/subham/subt_ws/src/subt_cave_sim/models:'), ('QT_IM_MODULE', 'ibus'), ('PWD', '/media/subham/85dce0f4-2e29-4540-9a32-801850cfcef6/subham/LidarMapping2.5D/build/segmentation_lidar'), ('TURTLEBOT3_MODEL', 'burger'), ('LC_ALL', 'en_US.UTF-8'), ('XDG_CONFIG_DIRS', '/etc/xdg/xdg-ubuntu:/etc/xdg'), ('NVM_CD_FLAGS', ''), ('XDG_DATA_DIRS', '/usr/share/ubuntu:/usr/local/share/:/usr/share/:/var/lib/snapd/desktop'), ('PYTHONPATH', '/media/subham/85dce0f4-2e29-4540-9a32-801850cfcef6/subham/LidarMapping2.5D/install/jsk_recognition_msgs/local/lib/python3.10/dist-packages:/media/subham/85dce0f4-2e29-4540-9a32-801850cfcef6/subham/LidarMapping2.5D/install/height_mapping_ros2/local/lib/python3.10/dist-packages:/home/subham/omokai_ws/build/llm_navigation:/home/subham/omokai_ws/install/llm_navigation/lib/python3.10/site-packages:/home/subham/Edge_AI_for_ADAS_and_Autonomous_Systems/build/adas_perception:/home/subham/Edge_AI_for_ADAS_and_Autonomous_Systems/install/adas_perception/lib/python3.10/site-packages:/home/subham/Edge_AI_for_ADAS_and_Autonomous_Systems/build/adas_navigation:/home/subham/Edge_AI_for_ADAS_and_Autonomous_Systems/install/adas_navigation/lib/python3.10/site-packages:/home/subham/rover_ws/build/rover_navigation:/home/subham/rover_ws/install/rover_navigation/lib/python3.10/site-packages:/home/subham/anvrit_ws/install/astra_camera_msgs/local/lib/python3.10/dist-packages:/home/subham/anvrit_ws/install/anvrit_perception/lib/python3.10/site-packages:/home/subham/anvrit_ws/install/anvrit_odometry/lib/python3.10/site-packages:/home/subham/anvrit_ws/install/anvrit_nav2/lib/python3.10/site-packages:/home/subham/igvc/build/igvc_perception:/home/subham/igvc/install/igvc_perception/lib/python3.10/site-packages:/home/subham/igvc/build/igvc_navigation:/home/subham/igvc/install/igvc_navigation/lib/python3.10/site-packages:/home/subham/colcon_ws/build/ros2ai:/home/subham/colcon_ws/install/ros2ai/lib/python3.10/site-packages:/home/subham/colcon_ws/install/linkattacher_msgs/local/lib/python3.10/dist-packages:/opt/ros/humble/lib/python3.10/site-packages:/opt/ros/humble/local/lib/python3.10/dist-packages'), ('COLCON', '1'), ('VTE_VERSION', '6800'), ('CMAKE_PREFIX_PATH', '/media/subham/85dce0f4-2e29-4540-9a32-801850cfcef6/subham/LidarMapping2.5D/install/segmentation_lidar:/media/subham/85dce0f4-2e29-4540-9a32-801850cfcef6/subham/LidarMapping2.5D/install/velodyne_simulator:/media/subham/85dce0f4-2e29-4540-9a32-801850cfcef6/subham/LidarMapping2.5D/install/velodyne_description:/media/subham/85dce0f4-2e29-4540-9a32-801850cfcef6/subham/LidarMapping2.5D/install/velodyne_gazebo_plugins:/media/subham/85dce0f4-2e29-4540-9a32-801850cfcef6/subham/LidarMapping2.5D/install/salsanext_ros2:/media/subham/85dce0f4-2e29-4540-9a32-801850cfcef6/subham/LidarMapping2.5D/install/patchwork_plusplus:/media/subham/85dce0f4-2e29-4540-9a32-801850cfcef6/subham/LidarMapping2.5D/install/lid_simulation:/media/subham/85dce0f4-2e29-4540-9a32-801850cfcef6/subham/LidarMapping2.5D/install/lid_description:/media/subham/85dce0f4-2e29-4540-9a32-801850cfcef6/subham/LidarMapping2.5D/install/jsk_recognition_msgs:/media/subham/85dce0f4-2e29-4540-9a32-801850cfcef6/subham/LidarMapping2.5D/install/height_mapping_ros2:/media/subham/85dce0f4-2e29-4540-9a32-801850cfcef6/subham/LidarMapping2.5D/install/height_mapping_core:/media/subham/85dce0f4-2e29-4540-9a32-801850cfcef6/subham/LidarMapping2.5D/install/fastdem_ros2:/media/subham/85dce0f4-2e29-4540-9a32-801850cfcef6/subham/LidarMapping2.5D/install/fastdem:/home/subham/omokai_ws/install/llm_simulation:/home/subham/omokai_ws/install/llm_prompt:/home/subham/omokai_ws/install/llm_description:/home/subham/Edge_AI_for_ADAS_and_Autonomous_Systems/install/adas_simulation:/home/subham/Edge_AI_for_ADAS_and_Autonomous_Systems/install/adas_description:/home/subham/rover_ws/install/rover_gazebo:/home/subham/rover_ws/install/rover_description:/home/subham/rover_ws/install/rf2o_laser_odometry:/home/subham/anvrit_ws/install/rplidar_ros:/home/subham/anvrit_ws/install/astra_camera:/home/subham/anvrit_ws/install/astra_camera_msgs:/home/subham/anvrit_ws/install/anvrit_description:/home/subham/igvc/install/velodyne_simulator:/home/subham/igvc/install/velodyne_description:/home/subham/igvc/install/velodyne_gazebo_plugins:/home/subham/igvc/install/igvc_simulation:/home/subham/igvc/install/igvc_description:/home/subham/colcon_ws/install/ur_simulation_gz:/home/subham/colcon_ws/install/ur_description:/home/subham/colcon_ws/install/ur5_control_2481:/home/subham/colcon_ws/install/s2481_ebot_description:/home/subham/colcon_ws/install/linkattacher_msgs:/home/subham/colcon_ws/install/eyantra_warehouse:/home/subham/colcon_ws/install/ackerman_description:/home/subham/omokai_ws/install/llm_navigation:/home/subham/Edge_AI_for_ADAS_and_Autonomous_Systems/install/adas_perception:/home/subham/Edge_AI_for_ADAS_and_Autonomous_Systems/install/adas_navigation:/home/subham/rover_ws/install/rover_navigation:/home/subham/anvrit_ws/install/anvrit_perception:/home/subham/anvrit_ws/install/anvrit_odometry:/home/subham/anvrit_ws/install/anvrit_nav2:/home/subham/igvc/install/igvc_perception:/home/subham/igvc/install/igvc_navigation:/home/subham/colcon_ws/install/ros2ai:/opt/ros/humble')]), 'shell': False}
[71.400620] (-) TimerEvent: {}
[71.464684] (segmentation_lidar) StdoutLine: {'line': b'\x1b[35m\x1b[1mConsolidate compiler generated dependencies of target segmentation_node\x1b[0m\n'}
[71.496008] (segmentation_lidar) StdoutLine: {'line': b'[ 50%] \x1b[32m\x1b[1mLinking CXX executable segmentation_node\x1b[0m\n'}
[71.500756] (-) TimerEvent: {}
[71.603574] (-) TimerEvent: {}
[71.704086] (-) TimerEvent: {}
[71.804490] (-) TimerEvent: {}
[71.904866] (-) TimerEvent: {}
[72.005358] (-) TimerEvent: {}
[72.105878] (-) TimerEvent: {}
[72.130724] (segmentation_lidar) StdoutLine: {'line': b'[100%] Built target segmentation_node\n'}
[72.146867] (segmentation_lidar) CommandEnded: {'returncode': 0}
[72.147728] (segmentation_lidar) JobProgress: {'identifier': 'segmentation_lidar', 'progress': 'install'}
[72.149128] (segmentation_lidar) Command: {'cmd': ['/usr/bin/cmake', '--install', '/media/subham/85dce0f4-2e29-4540-9a32-801850cfcef6/subham/LidarMapping2.5D/build/segmentation_lidar'], 'cwd': '/media/subham/85dce0f4-2e29-4540-9a32-801850cfcef6/subham/LidarMapping2.5D/build/segmentation_lidar', 'env': OrderedDict([('LESSOPEN', '| /usr/bin/lesspipe %s'), ('GZ_SIM_RESOURCE_PATH', '/home/subham/subt_ws/src/subt_cave_sim/models:'), ('LANGUAGE', 'en_IN:en'), ('USER', 'subham'), ('XDG_SESSION_TYPE', 'wayland'), ('SHLVL', '1'), ('LD_LIBRARY_PATH', '/media/subham/85dce0f4-2e29-4540-9a32-801850cfcef6/subham/LidarMapping2.5D/install/velodyne_gazebo_plugins/lib:/media/subham/85dce0f4-2e29-4540-9a32-801850cfcef6/subham/LidarMapping2.5D/install/patchwork_plusplus/lib:/media/subham/85dce0f4-2e29-4540-9a32-801850cfcef6/subham/LidarMapping2.5D/install/jsk_recognition_msgs/lib:/media/subham/85dce0f4-2e29-4540-9a32-801850cfcef6/subham/LidarMapping2.5D/install/height_mapping_ros2/lib:/media/subham/85dce0f4-2e29-4540-9a32-801850cfcef6/subham/LidarMapping2.5D/install/height_mapping_core/lib:/home/subham/anvrit_ws/install/astra_camera/lib:/home/subham/anvrit_ws/install/astra_camera_msgs/lib:/home/subham/igvc/install/velodyne_gazebo_plugins/lib:/home/subham/colcon_ws/install/linkattacher_msgs/lib:/opt/ros/humble/opt/rviz_ogre_vendor/lib:/opt/ros/humble/lib/x86_64-linux-gnu:/opt/ros/humble/opt/openvdb_vendor/lib:/opt/ros/humble/lib'), ('HOME', '/home/subham'), ('OLDPWD', '/home/subham'), ('DESKTOP_SESSION', 'ubuntu'), ('NVM_BIN', '/home/subham/.nvm/versions/node/v24.19.0/bin'), ('NVM_INC', '/home/subham/.nvm/versions/node/v24.19.0/include/node'), ('ROS_PYTHON_VERSION', '3'), ('GNOME_SHELL_SESSION_MODE', 'ubuntu'), ('GTK_MODULES', 'gail:atk-bridge'), ('MANAGERPID', '2038'), ('MAKEFLAGS', '-j1'), ('SYSTEMD_EXEC_PID', '3268'), ('DBUS_SESSION_BUS_ADDRESS', 'unix:path=/run/user/1000/bus'), ('COLORTERM', 'truecolor'), ('TERMINATOR_DBUS_NAME', 'net.tenshu.Terminator25ef4b219e3b005583550f2b0f9f990c3'), ('GIO_LAUNCHED_DESKTOP_FILE_PID', '4348'), ('NVM_DIR', '/home/subham/.nvm'), ('IM_CONFIG_PHASE', '1'), ('WAYLAND_DISPLAY', 'wayland-0'), ('COLCON_PREFIX_PATH', '/media/subham/85dce0f4-2e29-4540-9a32-801850cfcef6/subham/LidarMapping2.5D/install:/home/subham/Edge_AI_for_ADAS_and_Autonomous_Systems/install:/home/subham/rover_ws/install:/home/subham/igvc/install:/home/subham/colcon_ws/install:/home/subham/anvrit_ws/install:/home/subham/omokai_ws/install'), ('ROS_DISTRO', 'humble'), ('LOGNAME', 'subham'), ('JOURNAL_STREAM', '8:22697'), ('_', '/usr/bin/colcon'), ('ROS_VERSION', '2'), ('PKG_CONFIG_PATH', '/media/subham/85dce0f4-2e29-4540-9a32-801850cfcef6/subham/LidarMapping2.5D/install/fastdem/lib/x86_64-linux-gnu/pkgconfig:/media/subham/85dce0f4-2e29-4540-9a32-801850cfcef6/subham/LidarMapping2.5D/install/fastdem/lib/pkgconfig'), ('XDG_SESSION_CLASS', 'user'), ('USERNAME', 'subham'), ('TERM', 'xterm-256color'), ('GAZEBO_MODEL_PATH', '/home/subham/gazebo_models:'), ('GNOME_DESKTOP_SESSION_ID', 'this-is-deprecated'), ('ONNXRUNTIME_ROOT', '/opt/ros/humble'), ('ROS_LOCALHOST_ONLY', '0'), ('PATH', '/home/subham/.nvm/versions/node/v24.19.0/bin:/opt/ros/humble/bin:/home/subham/.local/bin:/usr/local/sbin:/usr/local/bin:/usr/sbin:/usr/bin:/sbin:/bin:/usr/games:/usr/local/games:/snap/bin:/snap/bin'), ('SESSION_MANAGER', 'local/thirdly:@/tmp/.ICE-unix/2513,unix/thirdly:/tmp/.ICE-unix/2513'), ('INVOCATION_ID', '046ab86eab5f415aa50d51e791c411a3'), ('XDG_MENU_PREFIX', 'gnome-'), ('GNOME_SETUP_DISPLAY', ':1'), ('XDG_RUNTIME_DIR', '/run/user/1000'), ('DISPLAY', ':0'), ('TERMINATOR_DBUS_PATH', '/net/tenshu/Terminator2'), ('LANG', 'en_US.UTF-8'), ('XDG_CURRENT_DESKTOP', 'ubuntu:GNOME'), ('IBUS_DISABLE_SNOOPER', '1'), ('XMODIFIERS', '@im=ibus'), ('XDG_SESSION_DESKTOP', 'ubuntu'), ('XAUTHORITY', '/run/user/1000/.mutter-Xwaylandauth.L3IAW3'), ('LS_COLORS', 'rs=0:di=01;34:ln=01;36:mh=00:pi=40;33:so=01;35:do=01;35:bd=40;33;01:cd=40;33;01:or=40;31;01:mi=00:su=37;41:sg=30;43:ca=30;41:tw=30;42:ow=34;42:st=37;44:ex=01;32:*.tar=01;31:*.tgz=01;31:*.arc=01;31:*.arj=01;31:*.taz=01;31:*.lha=01;31:*.lz4=01;31:*.lzh=01;31:*.lzma=01;31:*.tlz=01;31:*.txz=01;31:*.tzo=01;31:*.t7z=01;31:*.zip=01;31:*.z=01;31:*.dz=01;31:*.gz=01;31:*.lrz=01;31:*.lz=01;31:*.lzo=01;31:*.xz=01;31:*.zst=01;31:*.tzst=01;31:*.bz2=01;31:*.bz=01;31:*.tbz=01;31:*.tbz2=01;31:*.tz=01;31:*.deb=01;31:*.rpm=01;31:*.jar=01;31:*.war=01;31:*.ear=01;31:*.sar=01;31:*.rar=01;31:*.alz=01;31:*.ace=01;31:*.zoo=01;31:*.cpio=01;31:*.7z=01;31:*.rz=01;31:*.cab=01;31:*.wim=01;31:*.swm=01;31:*.dwm=01;31:*.esd=01;31:*.jpg=01;35:*.jpeg=01;35:*.mjpg=01;35:*.mjpeg=01;35:*.gif=01;35:*.bmp=01;35:*.pbm=01;35:*.pgm=01;35:*.ppm=01;35:*.tga=01;35:*.xbm=01;35:*.xpm=01;35:*.tif=01;35:*.tiff=01;35:*.png=01;35:*.svg=01;35:*.svgz=01;35:*.mng=01;35:*.pcx=01;35:*.mov=01;35:*.mpg=01;35:*.mpeg=01;35:*.m2v=01;35:*.mkv=01;35:*.webm=01;35:*.webp=01;35:*.ogm=01;35:*.mp4=01;35:*.m4v=01;35:*.mp4v=01;35:*.vob=01;35:*.qt=01;35:*.nuv=01;35:*.wmv=01;35:*.asf=01;35:*.rm=01;35:*.rmvb=01;35:*.flc=01;35:*.avi=01;35:*.fli=01;35:*.flv=01;35:*.gl=01;35:*.dl=01;35:*.xcf=01;35:*.xwd=01;35:*.yuv=01;35:*.cgm=01;35:*.emf=01;35:*.ogv=01;35:*.ogx=01;35:*.aac=00;36:*.au=00;36:*.flac=00;36:*.m4a=00;36:*.mid=00;36:*.midi=00;36:*.mka=00;36:*.mp3=00;36:*.mpc=00;36:*.ogg=00;36:*.ra=00;36:*.wav=00;36:*.oga=00;36:*.opus=00;36:*.spx=00;36:*.xspf=00;36:'), ('SSH_AGENT_LAUNCHER', 'gnome-keyring'), ('SSH_AUTH_SOCK', '/run/user/1000/keyring/ssh'), ('ROS_DOMAIN_ID', '0'), ('AMENT_PREFIX_PATH', '/media/subham/85dce0f4-2e29-4540-9a32-801850cfcef6/subham/LidarMapping2.5D/install/segmentation_lidar:/media/subham/85dce0f4-2e29-4540-9a32-801850cfcef6/subham/LidarMapping2.5D/install/velodyne_simulator:/media/subham/85dce0f4-2e29-4540-9a32-801850cfcef6/subham/LidarMapping2.5D/install/velodyne_description:/media/subham/85dce0f4-2e29-4540-9a32-801850cfcef6/subham/LidarMapping2.5D/install/velodyne_gazebo_plugins:/media/subham/85dce0f4-2e29-4540-9a32-801850cfcef6/subham/LidarMapping2.5D/install/salsanext_ros2:/media/subham/85dce0f4-2e29-4540-9a32-801850cfcef6/subham/LidarMapping2.5D/install/patchwork_plusplus:/media/subham/85dce0f4-2e29-4540-9a32-801850cfcef6/subham/LidarMapping2.5D/install/lid_simulation:/media/subham/85dce0f4-2e29-4540-9a32-801850cfcef6/subham/LidarMapping2.5D/install/lid_description:/media/subham/85dce0f4-2e29-4540-9a32-801850cfcef6/subham/LidarMapping2.5D/install/jsk_recognition_msgs:/media/subham/85dce0f4-2e29-4540-9a32-801850cfcef6/subham/LidarMapping2.5D/install/height_mapping_ros2:/media/subham/85dce0f4-2e29-4540-9a32-801850cfcef6/subham/LidarMapping2.5D/install/height_mapping_core:/media/subham/85dce0f4-2e29-4540-9a32-801850cfcef6/subham/LidarMapping2.5D/install/fastdem_ros2:/home/subham/omokai_ws/install/llm_simulation:/home/subham/omokai_ws/install/llm_prompt:/home/subham/omokai_ws/install/llm_navigation:/home/subham/omokai_ws/install/llm_description:/home/subham/Edge_AI_for_ADAS_and_Autonomous_Systems/install/adas_simulation:/home/subham/Edge_AI_for_ADAS_and_Autonomous_Systems/install/adas_perception:/home/subham/Edge_AI_for_ADAS_and_Autonomous_Systems/install/adas_navigation:/home/subham/Edge_AI_for_ADAS_and_Autonomous_Systems/install/adas_description:/home/subham/rover_ws/install/rover_navigation:/home/subham/rover_ws/install/rover_gazebo:/home/subham/rover_ws/install/rover_description:/home/subham/rover_ws/install/rf2o_laser_odometry:/home/subham/anvrit_ws/install/rplidar_ros:/home/subham/anvrit_ws/install/astra_camera:/home/subham/anvrit_ws/install/astra_camera_msgs:/home/subham/anvrit_ws/install/anvrit_perception:/home/subham/anvrit_ws/install/anvrit_odometry:/home/subham/anvrit_ws/install/anvrit_nav2:/home/subham/anvrit_ws/install/anvrit_description:/home/subham/igvc/install/velodyne_simulator:/home/subham/igvc/install/velodyne_description:/home/subham/igvc/install/velodyne_gazebo_plugins:/home/subham/igvc/install/igvc_simulation:/home/subham/igvc/install/igvc_perception:/home/subham/igvc/install/igvc_navigation:/home/subham/igvc/install/igvc_description:/home/subham/colcon_ws/install/ur_simulation_gz:/home/subham/colcon_ws/install/ur_description:/home/subham/colcon_ws/install/ur5_control_2481:/home/subham/colcon_ws/install/s2481_ebot_description:/home/subham/colcon_ws/install/ros2ai:/home/subham/colcon_ws/install/linkattacher_msgs:/home/subham/colcon_ws/install/eyantra_warehouse:/home/subham/colcon_ws/install/ackerman_description:/opt/ros/humble'), ('SHELL', '/bin/bash'), ('TERMINATOR_UUID', 'urn:uuid:577dd51d-23b3-4139-a8c6-d610a5169a81'), ('QT_ACCESSIBILITY', '1'), ('GDMSESSION', 'ubuntu'), ('LESSCLOSE', '/usr/bin/lesspipe %s %s'), ('IGN_GAZEBO_RESOURCE_PATH', '/media/subham/85dce0f4-2e29-4540-9a32-801850cfcef6/subham/subt_ws/src/subt_cave_sim/models:/home/subham/subt_ws/src/subt_cave_sim/models:'), ('QT_IM_MODULE', 'ibus'), ('PWD', '/media/subham/85dce0f4-2e29-4540-9a32-801850cfcef6/subham/LidarMapping2.5D/build/segmentation_lidar'), ('TURTLEBOT3_MODEL', 'burger'), ('LC_ALL', 'en_US.UTF-8'), ('XDG_CONFIG_DIRS', '/etc/xdg/xdg-ubuntu:/etc/xdg'), ('NVM_CD_FLAGS', ''), ('XDG_DATA_DIRS', '/usr/share/ubuntu:/usr/local/share/:/usr/share/:/var/lib/snapd/desktop'), ('PYTHONPATH', '/media/subham/85dce0f4-2e29-4540-9a32-801850cfcef6/subham/LidarMapping2.5D/install/jsk_recognition_msgs/local/lib/python3.10/dist-packages:/media/subham/85dce0f4-2e29-4540-9a32-801850cfcef6/subham/LidarMapping2.5D/install/height_mapping_ros2/local/lib/python3.10/dist-packages:/home/subham/omokai_ws/build/llm_navigation:/home/subham/omokai_ws/install/llm_navigation/lib/python3.10/site-packages:/home/subham/Edge_AI_for_ADAS_and_Autonomous_Systems/build/adas_perception:/home/subham/Edge_AI_for_ADAS_and_Autonomous_Systems/install/adas_perception/lib/python3.10/site-packages:/home/subham/Edge_AI_for_ADAS_and_Autonomous_Systems/build/adas_navigation:/home/subham/Edge_AI_for_ADAS_and_Autonomous_Systems/install/adas_navigation/lib/python3.10/site-packages:/home/subham/rover_ws/build/rover_navigation:/home/subham/rover_ws/install/rover_navigation/lib/python3.10/site-packages:/home/subham/anvrit_ws/install/astra_camera_msgs/local/lib/python3.10/dist-packages:/home/subham/anvrit_ws/install/anvrit_perception/lib/python3.10/site-packages:/home/subham/anvrit_ws/install/anvrit_odometry/lib/python3.10/site-packages:/home/subham/anvrit_ws/install/anvrit_nav2/lib/python3.10/site-packages:/home/subham/igvc/build/igvc_perception:/home/subham/igvc/install/igvc_perception/lib/python3.10/site-packages:/home/subham/igvc/build/igvc_navigation:/home/subham/igvc/install/igvc_navigation/lib/python3.10/site-packages:/home/subham/colcon_ws/build/ros2ai:/home/subham/colcon_ws/install/ros2ai/lib/python3.10/site-packages:/home/subham/colcon_ws/install/linkattacher_msgs/local/lib/python3.10/dist-packages:/opt/ros/humble/lib/python3.10/site-packages:/opt/ros/humble/local/lib/python3.10/dist-packages'), ('COLCON', '1'), ('VTE_VERSION', '6800'), ('CMAKE_PREFIX_PATH', '/media/subham/85dce0f4-2e29-4540-9a32-801850cfcef6/subham/LidarMapping2.5D/install/segmentation_lidar:/media/subham/85dce0f4-2e29-4540-9a32-801850cfcef6/subham/LidarMapping2.5D/install/velodyne_simulator:/media/subham/85dce0f4-2e29-4540-9a32-801850cfcef6/subham/LidarMapping2.5D/install/velodyne_description:/media/subham/85dce0f4-2e29-4540-9a32-801850cfcef6/subham/LidarMapping2.5D/install/velodyne_gazebo_plugins:/media/subham/85dce0f4-2e29-4540-9a32-801850cfcef6/subham/LidarMapping2.5D/install/salsanext_ros2:/media/subham/85dce0f4-2e29-4540-9a32-801850cfcef6/subham/LidarMapping2.5D/install/patchwork_plusplus:/media/subham/85dce0f4-2e29-4540-9a32-801850cfcef6/subham/LidarMapping2.5D/install/lid_simulation:/media/subham/85dce0f4-2e29-4540-9a32-801850cfcef6/subham/LidarMapping2.5D/install/lid_description:/media/subham/85dce0f4-2e29-4540-9a32-801850cfcef6/subham/LidarMapping2.5D/install/jsk_recognition_msgs:/media/subham/85dce0f4-2e29-4540-9a32-801850cfcef6/subham/LidarMapping2.5D/install/height_mapping_ros2:/media/subham/85dce0f4-2e29-4540-9a32-801850cfcef6/subham/LidarMapping2.5D/install/height_mapping_core:/media/subham/85dce0f4-2e29-4540-9a32-801850cfcef6/subham/LidarMapping2.5D/install/fastdem_ros2:/media/subham/85dce0f4-2e29-4540-9a32-801850cfcef6/subham/LidarMapping2.5D/install/fastdem:/home/subham/omokai_ws/install/llm_simulation:/home/subham/omokai_ws/install/llm_prompt:/home/subham/omokai_ws/install/llm_description:/home/subham/Edge_AI_for_ADAS_and_Autonomous_Systems/install/adas_simulation:/home/subham/Edge_AI_for_ADAS_and_Autonomous_Systems/install/adas_description:/home/subham/rover_ws/install/rover_gazebo:/home/subham/rover_ws/install/rover_description:/home/subham/rover_ws/install/rf2o_laser_odometry:/home/subham/anvrit_ws/install/rplidar_ros:/home/subham/anvrit_ws/install/astra_camera:/home/subham/anvrit_ws/install/astra_camera_msgs:/home/subham/anvrit_ws/install/anvrit_description:/home/subham/igvc/install/velodyne_simulator:/home/subham/igvc/install/velodyne_description:/home/subham/igvc/install/velodyne_gazebo_plugins:/home/subham/igvc/install/igvc_simulation:/home/subham/igvc/install/igvc_description:/home/subham/colcon_ws/install/ur_simulation_gz:/home/subham/colcon_ws/install/ur_description:/home/subham/colcon_ws/install/ur5_control_2481:/home/subham/colcon_ws/install/s2481_ebot_description:/home/subham/colcon_ws/install/linkattacher_msgs:/home/subham/colcon_ws/install/eyantra_warehouse:/home/subham/colcon_ws/install/ackerman_description:/home/subham/omokai_ws/install/llm_navigation:/home/subham/Edge_AI_for_ADAS_and_Autonomous_Systems/install/adas_perception:/home/subham/Edge_AI_for_ADAS_and_Autonomous_Systems/install/adas_navigation:/home/subham/rover_ws/install/rover_navigation:/home/subham/anvrit_ws/install/anvrit_perception:/home/subham/anvrit_ws/install/anvrit_odometry:/home/subham/anvrit_ws/install/anvrit_nav2:/home/subham/igvc/install/igvc_perception:/home/subham/igvc/install/igvc_navigation:/home/subham/colcon_ws/install/ros2ai:/opt/ros/humble')]), 'shell': False}
[72.158070] (segmentation_lidar) StdoutLine: {'line': b'-- Install configuration: "Release"\n'}
[72.158439] (segmentation_lidar) StdoutLine: {'line': b'-- Execute custom install script\n'}
[72.158743] (segmentation_lidar) StdoutLine: {'line': b'-- Symlinking: /media/subham/85dce0f4-2e29-4540-9a32-801850cfcef6/subham/LidarMapping2.5D/install/segmentation_lidar/share/segmentation_lidar//launch/segmentation.launch.py\n'}
[72.169843] (segmentation_lidar) StdoutLine: {'line': b'-- Symlinking: /media/subham/85dce0f4-2e29-4540-9a32-801850cfcef6/subham/LidarMapping2.5D/install/segmentation_lidar/share/segmentation_lidar//models/rangenet_int8.onnx\n'}
[72.196968] (segmentation_lidar) StdoutLine: {'line': b'-- Symlinking: /media/subham/85dce0f4-2e29-4540-9a32-801850cfcef6/subham/LidarMapping2.5D/install/segmentation_lidar/share/segmentation_lidar//pretrained/darknet53.tar.gz\n'}
[72.206008] (-) TimerEvent: {}
[72.293585] (segmentation_lidar) StdoutLine: {'line': b'-- Symlinking: /media/subham/85dce0f4-2e29-4540-9a32-801850cfcef6/subham/LidarMapping2.5D/install/segmentation_lidar/share/segmentation_lidar//pretrained/darknet53/arch_cfg.yaml\n'}
[72.306359] (segmentation_lidar) StdoutLine: {'line': b'-- Symlinking: /media/subham/85dce0f4-2e29-4540-9a32-801850cfcef6/subham/LidarMapping2.5D/install/segmentation_lidar/share/segmentation_lidar//pretrained/darknet53/backbone\n'}
[72.306749] (-) TimerEvent: {}
[72.356593] (segmentation_lidar) StdoutLine: {'line': b'-- Symlinking: /media/subham/85dce0f4-2e29-4540-9a32-801850cfcef6/subham/LidarMapping2.5D/install/segmentation_lidar/share/segmentation_lidar//pretrained/darknet53/data_cfg.yaml\n'}
[72.368315] (segmentation_lidar) StdoutLine: {'line': b'-- Symlinking: /media/subham/85dce0f4-2e29-4540-9a32-801850cfcef6/subham/LidarMapping2.5D/install/segmentation_lidar/share/segmentation_lidar//pretrained/darknet53/model.onnx\n'}
[72.407035] (-) TimerEvent: {}
[72.428474] (segmentation_lidar) StdoutLine: {'line': b'-- Symlinking: /media/subham/85dce0f4-2e29-4540-9a32-801850cfcef6/subham/LidarMapping2.5D/install/segmentation_lidar/share/segmentation_lidar//pretrained/darknet53/segmentation_decoder\n'}
[72.450374] (segmentation_lidar) StdoutLine: {'line': b'-- Symlinking: /media/subham/85dce0f4-2e29-4540-9a32-801850cfcef6/subham/LidarMapping2.5D/install/segmentation_lidar/share/segmentation_lidar//pretrained/darknet53/segmentation_head\n'}
[72.463193] (segmentation_lidar) StdoutLine: {'line': b'-- Symlinking: /media/subham/85dce0f4-2e29-4540-9a32-801850cfcef6/subham/LidarMapping2.5D/install/segmentation_lidar/share/segmentation_lidar//pretrained/quantize.py\n'}
[72.479002] (segmentation_lidar) StdoutLine: {'line': b'-- Symlinking: /media/subham/85dce0f4-2e29-4540-9a32-801850cfcef6/subham/LidarMapping2.5D/install/segmentation_lidar/lib/segmentation_lidar/segmentation_node\n'}
[72.491742] (segmentation_lidar) StdoutLine: {'line': b'-- Symlinking: /media/subham/85dce0f4-2e29-4540-9a32-801850cfcef6/subham/LidarMapping2.5D/install/segmentation_lidar/share/ament_index/resource_index/package_run_dependencies/segmentation_lidar\n'}
[72.502721] (segmentation_lidar) StdoutLine: {'line': b'-- Symlinking: /media/subham/85dce0f4-2e29-4540-9a32-801850cfcef6/subham/LidarMapping2.5D/install/segmentation_lidar/share/ament_index/resource_index/parent_prefix_path/segmentation_lidar\n'}
[72.507105] (-) TimerEvent: {}
[72.516261] (segmentation_lidar) StdoutLine: {'line': b'-- Symlinking: /media/subham/85dce0f4-2e29-4540-9a32-801850cfcef6/subham/LidarMapping2.5D/install/segmentation_lidar/share/segmentation_lidar/environment/ament_prefix_path.sh\n'}
[72.528774] (segmentation_lidar) StdoutLine: {'line': b'-- Symlinking: /media/subham/85dce0f4-2e29-4540-9a32-801850cfcef6/subham/LidarMapping2.5D/install/segmentation_lidar/share/segmentation_lidar/environment/ament_prefix_path.dsv\n'}
[72.541247] (segmentation_lidar) StdoutLine: {'line': b'-- Symlinking: /media/subham/85dce0f4-2e29-4540-9a32-801850cfcef6/subham/LidarMapping2.5D/install/segmentation_lidar/share/segmentation_lidar/environment/path.sh\n'}
[72.552917] (segmentation_lidar) StdoutLine: {'line': b'-- Symlinking: /media/subham/85dce0f4-2e29-4540-9a32-801850cfcef6/subham/LidarMapping2.5D/install/segmentation_lidar/share/segmentation_lidar/environment/path.dsv\n'}
[72.566566] (segmentation_lidar) StdoutLine: {'line': b'-- Symlinking: /media/subham/85dce0f4-2e29-4540-9a32-801850cfcef6/subham/LidarMapping2.5D/install/segmentation_lidar/share/segmentation_lidar/local_setup.bash\n'}
[72.581117] (segmentation_lidar) StdoutLine: {'line': b'-- Symlinking: /media/subham/85dce0f4-2e29-4540-9a32-801850cfcef6/subham/LidarMapping2.5D/install/segmentation_lidar/share/segmentation_lidar/local_setup.sh\n'}
[72.593095] (segmentation_lidar) StdoutLine: {'line': b'-- Symlinking: /media/subham/85dce0f4-2e29-4540-9a32-801850cfcef6/subham/LidarMapping2.5D/install/segmentation_lidar/share/segmentation_lidar/local_setup.zsh\n'}
[72.604083] (segmentation_lidar) StdoutLine: {'line': b'-- Symlinking: /media/subham/85dce0f4-2e29-4540-9a32-801850cfcef6/subham/LidarMapping2.5D/install/segmentation_lidar/share/segmentation_lidar/local_setup.dsv\n'}
[72.607287] (-) TimerEvent: {}
[72.617285] (segmentation_lidar) StdoutLine: {'line': b'-- Symlinking: /media/subham/85dce0f4-2e29-4540-9a32-801850cfcef6/subham/LidarMapping2.5D/install/segmentation_lidar/share/segmentation_lidar/package.dsv\n'}
[72.629238] (segmentation_lidar) StdoutLine: {'line': b'-- Symlinking: /media/subham/85dce0f4-2e29-4540-9a32-801850cfcef6/subham/LidarMapping2.5D/install/segmentation_lidar/share/ament_index/resource_index/packages/segmentation_lidar\n'}
[72.642095] (segmentation_lidar) StdoutLine: {'line': b'-- Symlinking: /media/subham/85dce0f4-2e29-4540-9a32-801850cfcef6/subham/LidarMapping2.5D/install/segmentation_lidar/share/segmentation_lidar/cmake/segmentation_lidarConfig.cmake\n'}
[72.654438] (segmentation_lidar) StdoutLine: {'line': b'-- Symlinking: /media/subham/85dce0f4-2e29-4540-9a32-801850cfcef6/subham/LidarMapping2.5D/install/segmentation_lidar/share/segmentation_lidar/cmake/segmentation_lidarConfig-version.cmake\n'}
[72.665974] (segmentation_lidar) StdoutLine: {'line': b'-- Symlinking: /media/subham/85dce0f4-2e29-4540-9a32-801850cfcef6/subham/LidarMapping2.5D/install/segmentation_lidar/share/segmentation_lidar/package.xml\n'}
[72.681532] (segmentation_lidar) CommandEnded: {'returncode': 0}
[72.693385] (segmentation_lidar) JobEnded: {'identifier': 'segmentation_lidar', 'rc': 0}
[72.694884] (velodyne_gazebo_plugins) JobStarted: {'identifier': 'velodyne_gazebo_plugins'}
[72.705953] (velodyne_gazebo_plugins) JobProgress: {'identifier': 'velodyne_gazebo_plugins', 'progress': 'cmake'}
[72.707159] (velodyne_gazebo_plugins) Command: {'cmd': ['/usr/bin/cmake', '/media/subham/85dce0f4-2e29-4540-9a32-801850cfcef6/subham/LidarMapping2.5D/src/velodyne/velodyne_gazebo_plugins', '-DAMENT_CMAKE_SYMLINK_INSTALL=1', '-DCMAKE_INSTALL_PREFIX=/media/subham/85dce0f4-2e29-4540-9a32-801850cfcef6/subham/LidarMapping2.5D/install/velodyne_gazebo_plugins'], 'cwd': '/media/subham/85dce0f4-2e29-4540-9a32-801850cfcef6/subham/LidarMapping2.5D/build/velodyne_gazebo_plugins', 'env': OrderedDict([('LESSOPEN', '| /usr/bin/lesspipe %s'), ('GZ_SIM_RESOURCE_PATH', '/home/subham/subt_ws/src/subt_cave_sim/models:'), ('LANGUAGE', 'en_IN:en'), ('USER', 'subham'), ('XDG_SESSION_TYPE', 'wayland'), ('SHLVL', '1'), ('LD_LIBRARY_PATH', '/media/subham/85dce0f4-2e29-4540-9a32-801850cfcef6/subham/LidarMapping2.5D/install/velodyne_gazebo_plugins/lib:/media/subham/85dce0f4-2e29-4540-9a32-801850cfcef6/subham/LidarMapping2.5D/install/patchwork_plusplus/lib:/media/subham/85dce0f4-2e29-4540-9a32-801850cfcef6/subham/LidarMapping2.5D/install/jsk_recognition_msgs/lib:/media/subham/85dce0f4-2e29-4540-9a32-801850cfcef6/subham/LidarMapping2.5D/install/height_mapping_ros2/lib:/media/subham/85dce0f4-2e29-4540-9a32-801850cfcef6/subham/LidarMapping2.5D/install/height_mapping_core/lib:/home/subham/anvrit_ws/install/astra_camera/lib:/home/subham/anvrit_ws/install/astra_camera_msgs/lib:/home/subham/igvc/install/velodyne_gazebo_plugins/lib:/home/subham/colcon_ws/install/linkattacher_msgs/lib:/opt/ros/humble/opt/rviz_ogre_vendor/lib:/opt/ros/humble/lib/x86_64-linux-gnu:/opt/ros/humble/opt/openvdb_vendor/lib:/opt/ros/humble/lib'), ('HOME', '/home/subham'), ('OLDPWD', '/home/subham'), ('DESKTOP_SESSION', 'ubuntu'), ('NVM_BIN', '/home/subham/.nvm/versions/node/v24.19.0/bin'), ('NVM_INC', '/home/subham/.nvm/versions/node/v24.19.0/include/node'), ('ROS_PYTHON_VERSION', '3'), ('GNOME_SHELL_SESSION_MODE', 'ubuntu'), ('GTK_MODULES', 'gail:atk-bridge'), ('MANAGERPID', '2038'), ('MAKEFLAGS', '-j1'), ('SYSTEMD_EXEC_PID', '3268'), ('DBUS_SESSION_BUS_ADDRESS', 'unix:path=/run/user/1000/bus'), ('COLORTERM', 'truecolor'), ('TERMINATOR_DBUS_NAME', 'net.tenshu.Terminator25ef4b219e3b005583550f2b0f9f990c3'), ('GIO_LAUNCHED_DESKTOP_FILE_PID', '4348'), ('NVM_DIR', '/home/subham/.nvm'), ('IM_CONFIG_PHASE', '1'), ('WAYLAND_DISPLAY', 'wayland-0'), ('COLCON_PREFIX_PATH', '/media/subham/85dce0f4-2e29-4540-9a32-801850cfcef6/subham/LidarMapping2.5D/install:/home/subham/Edge_AI_for_ADAS_and_Autonomous_Systems/install:/home/subham/rover_ws/install:/home/subham/igvc/install:/home/subham/colcon_ws/install:/home/subham/anvrit_ws/install:/home/subham/omokai_ws/install'), ('ROS_DISTRO', 'humble'), ('LOGNAME', 'subham'), ('JOURNAL_STREAM', '8:22697'), ('_', '/usr/bin/colcon'), ('ROS_VERSION', '2'), ('PKG_CONFIG_PATH', '/media/subham/85dce0f4-2e29-4540-9a32-801850cfcef6/subham/LidarMapping2.5D/install/fastdem/lib/x86_64-linux-gnu/pkgconfig:/media/subham/85dce0f4-2e29-4540-9a32-801850cfcef6/subham/LidarMapping2.5D/install/fastdem/lib/pkgconfig'), ('XDG_SESSION_CLASS', 'user'), ('USERNAME', 'subham'), ('TERM', 'xterm-256color'), ('GAZEBO_MODEL_PATH', '/home/subham/gazebo_models:'), ('GNOME_DESKTOP_SESSION_ID', 'this-is-deprecated'), ('ONNXRUNTIME_ROOT', '/opt/ros/humble'), ('ROS_LOCALHOST_ONLY', '0'), ('PATH', '/home/subham/.nvm/versions/node/v24.19.0/bin:/opt/ros/humble/bin:/home/subham/.local/bin:/usr/local/sbin:/usr/local/bin:/usr/sbin:/usr/bin:/sbin:/bin:/usr/games:/usr/local/games:/snap/bin:/snap/bin'), ('SESSION_MANAGER', 'local/thirdly:@/tmp/.ICE-unix/2513,unix/thirdly:/tmp/.ICE-unix/2513'), ('INVOCATION_ID', '046ab86eab5f415aa50d51e791c411a3'), ('XDG_MENU_PREFIX', 'gnome-'), ('GNOME_SETUP_DISPLAY', ':1'), ('XDG_RUNTIME_DIR', '/run/user/1000'), ('DISPLAY', ':0'), ('TERMINATOR_DBUS_PATH', '/net/tenshu/Terminator2'), ('LANG', 'en_US.UTF-8'), ('XDG_CURRENT_DESKTOP', 'ubuntu:GNOME'), ('IBUS_DISABLE_SNOOPER', '1'), ('XMODIFIERS', '@im=ibus'), ('XDG_SESSION_DESKTOP', 'ubuntu'), ('XAUTHORITY', '/run/user/1000/.mutter-Xwaylandauth.L3IAW3'), ('LS_COLORS', 'rs=0:di=01;34:ln=01;36:mh=00:pi=40;33:so=01;35:do=01;35:bd=40;33;01:cd=40;33;01:or=40;31;01:mi=00:su=37;41:sg=30;43:ca=30;41:tw=30;42:ow=34;42:st=37;44:ex=01;32:*.tar=01;31:*.tgz=01;31:*.arc=01;31:*.arj=01;31:*.taz=01;31:*.lha=01;31:*.lz4=01;31:*.lzh=01;31:*.lzma=01;31:*.tlz=01;31:*.txz=01;31:*.tzo=01;31:*.t7z=01;31:*.zip=01;31:*.z=01;31:*.dz=01;31:*.gz=01;31:*.lrz=01;31:*.lz=01;31:*.lzo=01;31:*.xz=01;31:*.zst=01;31:*.tzst=01;31:*.bz2=01;31:*.bz=01;31:*.tbz=01;31:*.tbz2=01;31:*.tz=01;31:*.deb=01;31:*.rpm=01;31:*.jar=01;31:*.war=01;31:*.ear=01;31:*.sar=01;31:*.rar=01;31:*.alz=01;31:*.ace=01;31:*.zoo=01;31:*.cpio=01;31:*.7z=01;31:*.rz=01;31:*.cab=01;31:*.wim=01;31:*.swm=01;31:*.dwm=01;31:*.esd=01;31:*.jpg=01;35:*.jpeg=01;35:*.mjpg=01;35:*.mjpeg=01;35:*.gif=01;35:*.bmp=01;35:*.pbm=01;35:*.pgm=01;35:*.ppm=01;35:*.tga=01;35:*.xbm=01;35:*.xpm=01;35:*.tif=01;35:*.tiff=01;35:*.png=01;35:*.svg=01;35:*.svgz=01;35:*.mng=01;35:*.pcx=01;35:*.mov=01;35:*.mpg=01;35:*.mpeg=01;35:*.m2v=01;35:*.mkv=01;35:*.webm=01;35:*.webp=01;35:*.ogm=01;35:*.mp4=01;35:*.m4v=01;35:*.mp4v=01;35:*.vob=01;35:*.qt=01;35:*.nuv=01;35:*.wmv=01;35:*.asf=01;35:*.rm=01;35:*.rmvb=01;35:*.flc=01;35:*.avi=01;35:*.fli=01;35:*.flv=01;35:*.gl=01;35:*.dl=01;35:*.xcf=01;35:*.xwd=01;35:*.yuv=01;35:*.cgm=01;35:*.emf=01;35:*.ogv=01;35:*.ogx=01;35:*.aac=00;36:*.au=00;36:*.flac=00;36:*.m4a=00;36:*.mid=00;36:*.midi=00;36:*.mka=00;36:*.mp3=00;36:*.mpc=00;36:*.ogg=00;36:*.ra=00;36:*.wav=00;36:*.oga=00;36:*.opus=00;36:*.spx=00;36:*.xspf=00;36:'), ('SSH_AGENT_LAUNCHER', 'gnome-keyring'), ('SSH_AUTH_SOCK', '/run/user/1000/keyring/ssh'), ('ROS_DOMAIN_ID', '0'), ('AMENT_PREFIX_PATH', '/media/subham/85dce0f4-2e29-4540-9a32-801850cfcef6/subham/LidarMapping2.5D/install/segmentation_lidar:/media/subham/85dce0f4-2e29-4540-9a32-801850cfcef6/subham/LidarMapping2.5D/install/velodyne_simulator:/media/subham/85dce0f4-2e29-4540-9a32-801850cfcef6/subham/LidarMapping2.5D/install/velodyne_description:/media/subham/85dce0f4-2e29-4540-9a32-801850cfcef6/subham/LidarMapping2.5D/install/velodyne_gazebo_plugins:/media/subham/85dce0f4-2e29-4540-9a32-801850cfcef6/subham/LidarMapping2.5D/install/salsanext_ros2:/media/subham/85dce0f4-2e29-4540-9a32-801850cfcef6/subham/LidarMapping2.5D/install/patchwork_plusplus:/media/subham/85dce0f4-2e29-4540-9a32-801850cfcef6/subham/LidarMapping2.5D/install/lid_simulation:/media/subham/85dce0f4-2e29-4540-9a32-801850cfcef6/subham/LidarMapping2.5D/install/lid_description:/media/subham/85dce0f4-2e29-4540-9a32-801850cfcef6/subham/LidarMapping2.5D/install/jsk_recognition_msgs:/media/subham/85dce0f4-2e29-4540-9a32-801850cfcef6/subham/LidarMapping2.5D/install/height_mapping_ros2:/media/subham/85dce0f4-2e29-4540-9a32-801850cfcef6/subham/LidarMapping2.5D/install/height_mapping_core:/media/subham/85dce0f4-2e29-4540-9a32-801850cfcef6/subham/LidarMapping2.5D/install/fastdem_ros2:/home/subham/omokai_ws/install/llm_simulation:/home/subham/omokai_ws/install/llm_prompt:/home/subham/omokai_ws/install/llm_navigation:/home/subham/omokai_ws/install/llm_description:/home/subham/Edge_AI_for_ADAS_and_Autonomous_Systems/install/adas_simulation:/home/subham/Edge_AI_for_ADAS_and_Autonomous_Systems/install/adas_perception:/home/subham/Edge_AI_for_ADAS_and_Autonomous_Systems/install/adas_navigation:/home/subham/Edge_AI_for_ADAS_and_Autonomous_Systems/install/adas_description:/home/subham/rover_ws/install/rover_navigation:/home/subham/rover_ws/install/rover_gazebo:/home/subham/rover_ws/install/rover_description:/home/subham/rover_ws/install/rf2o_laser_odometry:/home/subham/anvrit_ws/install/rplidar_ros:/home/subham/anvrit_ws/install/astra_camera:/home/subham/anvrit_ws/install/astra_camera_msgs:/home/subham/anvrit_ws/install/anvrit_perception:/home/subham/anvrit_ws/install/anvrit_odometry:/home/subham/anvrit_ws/install/anvrit_nav2:/home/subham/anvrit_ws/install/anvrit_description:/home/subham/igvc/install/velodyne_simulator:/home/subham/igvc/install/velodyne_description:/home/subham/igvc/install/velodyne_gazebo_plugins:/home/subham/igvc/install/igvc_simulation:/home/subham/igvc/install/igvc_perception:/home/subham/igvc/install/igvc_navigation:/home/subham/igvc/install/igvc_description:/home/subham/colcon_ws/install/ur_simulation_gz:/home/subham/colcon_ws/install/ur_description:/home/subham/colcon_ws/install/ur5_control_2481:/home/subham/colcon_ws/install/s2481_ebot_description:/home/subham/colcon_ws/install/ros2ai:/home/subham/colcon_ws/install/linkattacher_msgs:/home/subham/colcon_ws/install/eyantra_warehouse:/home/subham/colcon_ws/install/ackerman_description:/opt/ros/humble'), ('SHELL', '/bin/bash'), ('TERMINATOR_UUID', 'urn:uuid:577dd51d-23b3-4139-a8c6-d610a5169a81'), ('QT_ACCESSIBILITY', '1'), ('GDMSESSION', 'ubuntu'), ('LESSCLOSE', '/usr/bin/lesspipe %s %s'), ('IGN_GAZEBO_RESOURCE_PATH', '/media/subham/85dce0f4-2e29-4540-9a32-801850cfcef6/subham/subt_ws/src/subt_cave_sim/models:/home/subham/subt_ws/src/subt_cave_sim/models:'), ('QT_IM_MODULE', 'ibus'), ('PWD', '/media/subham/85dce0f4-2e29-4540-9a32-801850cfcef6/subham/LidarMapping2.5D/build/velodyne_gazebo_plugins'), ('TURTLEBOT3_MODEL', 'burger'), ('LC_ALL', 'en_US.UTF-8'), ('XDG_CONFIG_DIRS', '/etc/xdg/xdg-ubuntu:/etc/xdg'), ('NVM_CD_FLAGS', ''), ('XDG_DATA_DIRS', '/usr/share/ubuntu:/usr/local/share/:/usr/share/:/var/lib/snapd/desktop'), ('PYTHONPATH', '/media/subham/85dce0f4-2e29-4540-9a32-801850cfcef6/subham/LidarMapping2.5D/install/jsk_recognition_msgs/local/lib/python3.10/dist-packages:/media/subham/85dce0f4-2e29-4540-9a32-801850cfcef6/subham/LidarMapping2.5D/install/height_mapping_ros2/local/lib/python3.10/dist-packages:/home/subham/omokai_ws/build/llm_navigation:/home/subham/omokai_ws/install/llm_navigation/lib/python3.10/site-packages:/home/subham/Edge_AI_for_ADAS_and_Autonomous_Systems/build/adas_perception:/home/subham/Edge_AI_for_ADAS_and_Autonomous_Systems/install/adas_perception/lib/python3.10/site-packages:/home/subham/Edge_AI_for_ADAS_and_Autonomous_Systems/build/adas_navigation:/home/subham/Edge_AI_for_ADAS_and_Autonomous_Systems/install/adas_navigation/lib/python3.10/site-packages:/home/subham/rover_ws/build/rover_navigation:/home/subham/rover_ws/install/rover_navigation/lib/python3.10/site-packages:/home/subham/anvrit_ws/install/astra_camera_msgs/local/lib/python3.10/dist-packages:/home/subham/anvrit_ws/install/anvrit_perception/lib/python3.10/site-packages:/home/subham/anvrit_ws/install/anvrit_odometry/lib/python3.10/site-packages:/home/subham/anvrit_ws/install/anvrit_nav2/lib/python3.10/site-packages:/home/subham/igvc/build/igvc_perception:/home/subham/igvc/install/igvc_perception/lib/python3.10/site-packages:/home/subham/igvc/build/igvc_navigation:/home/subham/igvc/install/igvc_navigation/lib/python3.10/site-packages:/home/subham/colcon_ws/build/ros2ai:/home/subham/colcon_ws/install/ros2ai/lib/python3.10/site-packages:/home/subham/colcon_ws/install/linkattacher_msgs/local/lib/python3.10/dist-packages:/opt/ros/humble/lib/python3.10/site-packages:/opt/ros/humble/local/lib/python3.10/dist-packages'), ('COLCON', '1'), ('VTE_VERSION', '6800'), ('CMAKE_PREFIX_PATH', '/media/subham/85dce0f4-2e29-4540-9a32-801850cfcef6/subham/LidarMapping2.5D/install/segmentation_lidar:/media/subham/85dce0f4-2e29-4540-9a32-801850cfcef6/subham/LidarMapping2.5D/install/velodyne_simulator:/media/subham/85dce0f4-2e29-4540-9a32-801850cfcef6/subham/LidarMapping2.5D/install/velodyne_description:/media/subham/85dce0f4-2e29-4540-9a32-801850cfcef6/subham/LidarMapping2.5D/install/velodyne_gazebo_plugins:/media/subham/85dce0f4-2e29-4540-9a32-801850cfcef6/subham/LidarMapping2.5D/install/salsanext_ros2:/media/subham/85dce0f4-2e29-4540-9a32-801850cfcef6/subham/LidarMapping2.5D/install/patchwork_plusplus:/media/subham/85dce0f4-2e29-4540-9a32-801850cfcef6/subham/LidarMapping2.5D/install/lid_simulation:/media/subham/85dce0f4-2e29-4540-9a32-801850cfcef6/subham/LidarMapping2.5D/install/lid_description:/media/subham/85dce0f4-2e29-4540-9a32-801850cfcef6/subham/LidarMapping2.5D/install/jsk_recognition_msgs:/media/subham/85dce0f4-2e29-4540-9a32-801850cfcef6/subham/LidarMapping2.5D/install/height_mapping_ros2:/media/subham/85dce0f4-2e29-4540-9a32-801850cfcef6/subham/LidarMapping2.5D/install/height_mapping_core:/media/subham/85dce0f4-2e29-4540-9a32-801850cfcef6/subham/LidarMapping2.5D/install/fastdem_ros2:/media/subham/85dce0f4-2e29-4540-9a32-801850cfcef6/subham/LidarMapping2.5D/install/fastdem:/home/subham/omokai_ws/install/llm_simulation:/home/subham/omokai_ws/install/llm_prompt:/home/subham/omokai_ws/install/llm_description:/home/subham/Edge_AI_for_ADAS_and_Autonomous_Systems/install/adas_simulation:/home/subham/Edge_AI_for_ADAS_and_Autonomous_Systems/install/adas_description:/home/subham/rover_ws/install/rover_gazebo:/home/subham/rover_ws/install/rover_description:/home/subham/rover_ws/install/rf2o_laser_odometry:/home/subham/anvrit_ws/install/rplidar_ros:/home/subham/anvrit_ws/install/astra_camera:/home/subham/anvrit_ws/install/astra_camera_msgs:/home/subham/anvrit_ws/install/anvrit_description:/home/subham/igvc/install/velodyne_simulator:/home/subham/igvc/install/velodyne_description:/home/subham/igvc/install/velodyne_gazebo_plugins:/home/subham/igvc/install/igvc_simulation:/home/subham/igvc/install/igvc_description:/home/subham/colcon_ws/install/ur_simulation_gz:/home/subham/colcon_ws/install/ur_description:/home/subham/colcon_ws/install/ur5_control_2481:/home/subham/colcon_ws/install/s2481_ebot_description:/home/subham/colcon_ws/install/linkattacher_msgs:/home/subham/colcon_ws/install/eyantra_warehouse:/home/subham/colcon_ws/install/ackerman_description:/home/subham/omokai_ws/install/llm_navigation:/home/subham/Edge_AI_for_ADAS_and_Autonomous_Systems/install/adas_perception:/home/subham/Edge_AI_for_ADAS_and_Autonomous_Systems/install/adas_navigation:/home/subham/rover_ws/install/rover_navigation:/home/subham/anvrit_ws/install/anvrit_perception:/home/subham/anvrit_ws/install/anvrit_odometry:/home/subham/anvrit_ws/install/anvrit_nav2:/home/subham/igvc/install/igvc_perception:/home/subham/igvc/install/igvc_navigation:/home/subham/colcon_ws/install/ros2ai:/opt/ros/humble')]), 'shell': False}
[72.709279] (-) TimerEvent: {}
[72.778039] (velodyne_gazebo_plugins) StdoutLine: {'line': b'-- The C compiler identification is GNU 11.4.0\n'}
[72.809488] (-) TimerEvent: {}
[72.841177] (velodyne_gazebo_plugins) StdoutLine: {'line': b'-- The CXX compiler identification is GNU 11.4.0\n'}
[72.849550] (velodyne_gazebo_plugins) StdoutLine: {'line': b'-- Detecting C compiler ABI info\n'}
[72.909627] (-) TimerEvent: {}
[72.937278] (velodyne_gazebo_plugins) StdoutLine: {'line': b'-- Detecting C compiler ABI info - done\n'}
[72.944236] (velodyne_gazebo_plugins) StdoutLine: {'line': b'-- Check for working C compiler: /usr/bin/cc - skipped\n'}
[72.944609] (velodyne_gazebo_plugins) StdoutLine: {'line': b'-- Detecting C compile features\n'}
[72.944753] (velodyne_gazebo_plugins) StdoutLine: {'line': b'-- Detecting C compile features - done\n'}
[72.947665] (velodyne_gazebo_plugins) StdoutLine: {'line': b'-- Detecting CXX compiler ABI info\n'}
[73.009751] (-) TimerEvent: {}
[73.052714] (velodyne_gazebo_plugins) StdoutLine: {'line': b'-- Detecting CXX compiler ABI info - done\n'}
[73.060259] (velodyne_gazebo_plugins) StdoutLine: {'line': b'-- Check for working CXX compiler: /usr/bin/c++ - skipped\n'}
[73.060566] (velodyne_gazebo_plugins) StdoutLine: {'line': b'-- Detecting CXX compile features\n'}
[73.060865] (velodyne_gazebo_plugins) StdoutLine: {'line': b'-- Detecting CXX compile features - done\n'}
[73.068687] (velodyne_gazebo_plugins) StdoutLine: {'line': b'-- Found ament_cmake: 1.3.14 (/opt/ros/humble/share/ament_cmake/cmake)\n'}
[73.109863] (-) TimerEvent: {}
[73.210352] (-) TimerEvent: {}
[73.311038] (-) TimerEvent: {}
[73.411444] (-) TimerEvent: {}
[73.511759] (-) TimerEvent: {}
[73.529019] (velodyne_gazebo_plugins) StdoutLine: {'line': b'-- Found Python3: /usr/bin/python3 (found version "3.10.12") found components: Interpreter \n'}
[73.611870] (-) TimerEvent: {}
[73.614515] (velodyne_gazebo_plugins) StdoutLine: {'line': b'-- Override CMake install command with custom implementation using symlinks instead of copying resources\n'}
[73.711997] (-) TimerEvent: {}
[73.717595] (velodyne_gazebo_plugins) StdoutLine: {'line': b'-- Found rclcpp: 16.0.19 (/opt/ros/humble/share/rclcpp/cmake)\n'}
[73.812130] (-) TimerEvent: {}
[73.817800] (velodyne_gazebo_plugins) StdoutLine: {'line': b'-- Found rosidl_generator_c: 3.1.9 (/opt/ros/humble/share/rosidl_generator_c/cmake)\n'}
[73.832781] (velodyne_gazebo_plugins) StdoutLine: {'line': b'-- Found rosidl_adapter: 3.1.9 (/opt/ros/humble/share/rosidl_adapter/cmake)\n'}
[73.851610] (velodyne_gazebo_plugins) StdoutLine: {'line': b'-- Found rosidl_generator_cpp: 3.1.9 (/opt/ros/humble/share/rosidl_generator_cpp/cmake)\n'}
[73.875335] (velodyne_gazebo_plugins) StdoutLine: {'line': b'-- Using all available rosidl_typesupport_c: rosidl_typesupport_fastrtps_c;rosidl_typesupport_introspection_c\n'}
[73.908278] (velodyne_gazebo_plugins) StdoutLine: {'line': b'-- Using all available rosidl_typesupport_cpp: rosidl_typesupport_fastrtps_cpp;rosidl_typesupport_introspection_cpp\n'}
[73.912243] (-) TimerEvent: {}
[74.006949] (velodyne_gazebo_plugins) StdoutLine: {'line': b'-- Found rmw_implementation_cmake: 6.1.2 (/opt/ros/humble/share/rmw_implementation_cmake/cmake)\n'}
[74.012395] (-) TimerEvent: {}
[74.016861] (velodyne_gazebo_plugins) StdoutLine: {'line': b'-- Found rmw_fastrtps_cpp: 6.2.10 (/opt/ros/humble/share/rmw_fastrtps_cpp/cmake)\n'}
[74.112489] (-) TimerEvent: {}
[74.200210] (velodyne_gazebo_plugins) StdoutLine: {'line': b'-- Found OpenSSL: /usr/lib/x86_64-linux-gnu/libcrypto.so (found version "3.0.2")  \n'}
[74.212654] (-) TimerEvent: {}
[74.244931] (velodyne_gazebo_plugins) StdoutLine: {'line': b'-- Found FastRTPS: /opt/ros/humble/include  \n'}
[74.312763] (-) TimerEvent: {}
[74.314312] (velodyne_gazebo_plugins) StdoutLine: {'line': b"-- Using RMW implementation 'rmw_fastrtps_cpp' as default\n"}
[74.338726] (velodyne_gazebo_plugins) StdoutLine: {'line': b'-- Looking for pthread.h\n'}
[74.412904] (-) TimerEvent: {}
[74.429594] (velodyne_gazebo_plugins) StdoutLine: {'line': b'-- Looking for pthread.h - found\n'}
[74.429973] (velodyne_gazebo_plugins) StdoutLine: {'line': b'-- Performing Test CMAKE_HAVE_LIBC_PTHREAD\n'}
[74.513082] (-) TimerEvent: {}
[74.524074] (velodyne_gazebo_plugins) StdoutLine: {'line': b'-- Performing Test CMAKE_HAVE_LIBC_PTHREAD - Success\n'}
[74.525100] (velodyne_gazebo_plugins) StdoutLine: {'line': b'-- Found Threads: TRUE  \n'}
[74.603098] (velodyne_gazebo_plugins) StdoutLine: {'line': b'-- Found sensor_msgs: 4.9.1 (/opt/ros/humble/share/sensor_msgs/cmake)\n'}
[74.613184] (-) TimerEvent: {}
[74.646498] (velodyne_gazebo_plugins) StdoutLine: {'line': b'-- Found tf2: 0.25.20 (/opt/ros/humble/share/tf2/cmake)\n'}
[74.672021] (velodyne_gazebo_plugins) StdoutLine: {'line': b'-- Found tf2_ros: 0.25.20 (/opt/ros/humble/share/tf2_ros/cmake)\n'}
[74.713358] (-) TimerEvent: {}
[74.813833] (-) TimerEvent: {}
[74.842942] (velodyne_gazebo_plugins) StdoutLine: {'line': b'-- Looking for ignition-gazebo6 -- found version 6.18.0\n'}
[74.856924] (velodyne_gazebo_plugins) StdoutLine: {'line': b'-- Searching for dependencies of ignition-gazebo6\n'}
[74.865297] (velodyne_gazebo_plugins) StdoutLine: {'line': b'-- Looking for sdformat12 -- found version 12.9.0\n'}
[74.865701] (velodyne_gazebo_plugins) StdoutLine: {'line': b'-- Searching for dependencies of sdformat12\n'}
[74.872881] (velodyne_gazebo_plugins) StdoutLine: {'line': b"-- Checking for module 'tinyxml2'\n"}
[74.904655] (velodyne_gazebo_plugins) StdoutLine: {'line': b'--   Found tinyxml2, version 9.0.0\n'}
[74.913961] (-) TimerEvent: {}
[74.985376] (velodyne_gazebo_plugins) StdoutLine: {'line': b'-- Looking for ignition-math6 -- found version 6.16.0\n'}
[74.985846] (velodyne_gazebo_plugins) StdoutLine: {'line': b'-- Searching for dependencies of ignition-math6\n'}
[74.995451] (velodyne_gazebo_plugins) StdoutLine: {'line': b'-- Looking for ignition-utils1 -- found version 1.5.1\n'}
[74.995802] (velodyne_gazebo_plugins) StdoutLine: {'line': b'-- Searching for dependencies of ignition-utils1\n'}
[75.006793] (velodyne_gazebo_plugins) StdoutLine: {'line': b'-- Looking for ignition-plugin1 -- found version 1.4.0\n'}
[75.007291] (velodyne_gazebo_plugins) StdoutLine: {'line': b'-- Searching for dependencies of ignition-plugin1\n'}
[75.008512] (velodyne_gazebo_plugins) StdoutLine: {'line': b'-- Searching for <ignition-plugin1> component [loader]\n'}
[75.014054] (-) TimerEvent: {}
[75.016778] (velodyne_gazebo_plugins) StdoutLine: {'line': b'-- Looking for ignition-plugin1-loader -- found version 1.4.0\n'}
[75.017364] (velodyne_gazebo_plugins) StdoutLine: {'line': b'-- Searching for dependencies of ignition-plugin1-loader\n'}
[75.018116] (velodyne_gazebo_plugins) StdoutLine: {'line': b'-- Searching for <ignition-plugin1> component [register]\n'}
[75.026346] (velodyne_gazebo_plugins) StdoutLine: {'line': b'-- Looking for ignition-plugin1-register -- found version 1.4.0\n'}
[75.026736] (velodyne_gazebo_plugins) StdoutLine: {'line': b'-- Searching for dependencies of ignition-plugin1-register\n'}
[75.036206] (velodyne_gazebo_plugins) StdoutLine: {'line': b'-- Looking for ignition-transport11 -- found version 11.4.2\n'}
[75.036740] (velodyne_gazebo_plugins) StdoutLine: {'line': b'-- Searching for dependencies of ignition-transport11\n'}
[75.088515] (velodyne_gazebo_plugins) StdoutLine: {'line': b'-- Found Protobuf: /usr/lib/x86_64-linux-gnu/libprotobuf.so (found version "3.12.4") \n'}
[75.108661] (velodyne_gazebo_plugins) StdoutLine: {'line': b'-- Config-file not installed for ZeroMQ -- checking for pkg-config\n'}
[75.114194] (-) TimerEvent: {}
[75.116061] (velodyne_gazebo_plugins) StdoutLine: {'line': b"-- Checking for module 'libzmq >= 4'\n"}
[75.151666] (velodyne_gazebo_plugins) StdoutLine: {'line': b'--   Found libzmq , version 4.3.4\n'}
[75.214319] (-) TimerEvent: {}
[75.228714] (velodyne_gazebo_plugins) StdoutLine: {'line': b'-- Found ZeroMQ: TRUE (Required is at least version "4") \n'}
[75.240255] (velodyne_gazebo_plugins) StdoutLine: {'line': b"-- Checking for module 'uuid'\n"}
[75.268396] (velodyne_gazebo_plugins) StdoutLine: {'line': b'--   Found uuid, version 2.37.2\n'}
[75.314502] (-) TimerEvent: {}
[75.338202] (velodyne_gazebo_plugins) StdoutLine: {'line': b'-- Found UUID: TRUE  \n'}
[75.338718] (velodyne_gazebo_plugins) StdoutLine: {'line': b'-- Looking for ignition-utils1 -- found version 1.5.1\n'}
[75.339489] (velodyne_gazebo_plugins) StdoutLine: {'line': b'-- Searching for dependencies of ignition-utils1\n'}
[75.339654] (velodyne_gazebo_plugins) StdoutLine: {'line': b'-- Searching for <ignition-utils1> component [cli]\n'}
[75.349705] (velodyne_gazebo_plugins) StdoutLine: {'line': b'-- Looking for ignition-utils1-cli -- found version 1.5.1\n'}
[75.350131] (velodyne_gazebo_plugins) StdoutLine: {'line': b'-- Searching for dependencies of ignition-utils1-cli\n'}
[75.359921] (velodyne_gazebo_plugins) StdoutLine: {'line': b'-- Looking for ignition-msgs8 -- found version 8.7.1\n'}
[75.360215] (velodyne_gazebo_plugins) StdoutLine: {'line': b'-- Searching for dependencies of ignition-msgs8\n'}
[75.390057] (velodyne_gazebo_plugins) StdoutLine: {'line': b'-- Looking for ignition-math6 -- found version 6.16.0\n'}
[75.404690] (velodyne_gazebo_plugins) StdoutLine: {'line': b'-- Searching for <ignition-transport11> component [log]\n'}
[75.413968] (velodyne_gazebo_plugins) StdoutLine: {'line': b'-- Looking for ignition-transport11-log -- found version 11.4.2\n'}
[75.414337] (velodyne_gazebo_plugins) StdoutLine: {'line': b'-- Searching for dependencies of ignition-transport11-log\n'}
[75.414556] (-) TimerEvent: {}
[75.415033] (velodyne_gazebo_plugins) StdoutLine: {'line': b'-- Searching for <ignition-transport11> component [parameters]\n'}
[75.423257] (velodyne_gazebo_plugins) StdoutLine: {'line': b'-- Looking for ignition-transport11-parameters -- found version 11.4.2\n'}
[75.423770] (velodyne_gazebo_plugins) StdoutLine: {'line': b'-- Searching for dependencies of ignition-transport11-parameters\n'}
[75.425652] (velodyne_gazebo_plugins) StdoutLine: {'line': b'-- Looking for ignition-msgs8 -- found version 8.7.1\n'}
[75.434666] (velodyne_gazebo_plugins) StdoutLine: {'line': b'-- Looking for ignition-common4 -- found version 4.8.1\n'}
[75.435017] (velodyne_gazebo_plugins) StdoutLine: {'line': b'-- Searching for dependencies of ignition-common4\n'}
[75.436045] (velodyne_gazebo_plugins) StdoutLine: {'line': b'-- Looking for dlfcn.h - found\n'}
[75.438748] (velodyne_gazebo_plugins) StdoutLine: {'line': b'-- Looking for libdl - found\n'}
[75.440262] (velodyne_gazebo_plugins) StdoutLine: {'line': b'-- Found DL: TRUE  \n'}
[75.454403] (velodyne_gazebo_plugins) StdoutLine: {'line': b'-- Searching for <ignition-common4> component [profiler]\n'}
[75.462670] (velodyne_gazebo_plugins) StdoutLine: {'line': b'-- Looking for ignition-common4-profiler -- found version 4.8.1\n'}
[75.463053] (velodyne_gazebo_plugins) StdoutLine: {'line': b'-- Searching for dependencies of ignition-common4-profiler\n'}
[75.463781] (velodyne_gazebo_plugins) StdoutLine: {'line': b'-- Searching for <ignition-common4> component [events]\n'}
[75.472578] (velodyne_gazebo_plugins) StdoutLine: {'line': b'-- Looking for ignition-common4-events -- found version 4.8.1\n'}
[75.473101] (velodyne_gazebo_plugins) StdoutLine: {'line': b'-- Searching for dependencies of ignition-common4-events\n'}
[75.473479] (velodyne_gazebo_plugins) StdoutLine: {'line': b'-- Looking for ignition-math6 -- found version 6.16.0\n'}
[75.474551] (velodyne_gazebo_plugins) StdoutLine: {'line': b'-- Searching for <ignition-common4> component [av]\n'}
[75.482812] (velodyne_gazebo_plugins) StdoutLine: {'line': b'-- Looking for ignition-common4-av -- found version 4.8.1\n'}
[75.483286] (velodyne_gazebo_plugins) StdoutLine: {'line': b'-- Searching for dependencies of ignition-common4-av\n'}
[75.490526] (velodyne_gazebo_plugins) StdoutLine: {'line': b"-- Checking for module 'libswscale'\n"}
[75.514762] (-) TimerEvent: {}
[75.522250] (velodyne_gazebo_plugins) StdoutLine: {'line': b'--   Found libswscale, version 5.9.100\n'}
[75.594430] (velodyne_gazebo_plugins) StdoutLine: {'line': b'-- Found SWSCALE: TRUE  \n'}
[75.604061] (velodyne_gazebo_plugins) StdoutLine: {'line': b"-- Checking for module 'libavdevice >= 56.4.100'\n"}
[75.614902] (-) TimerEvent: {}
[75.640998] (velodyne_gazebo_plugins) StdoutLine: {'line': b'--   Found libavdevice , version 58.13.100\n'}
[75.715060] (-) TimerEvent: {}
[75.718528] (velodyne_gazebo_plugins) StdoutLine: {'line': b'-- Found AVDEVICE: TRUE (Required is at least version "56.4.100") \n'}
[75.728047] (velodyne_gazebo_plugins) StdoutLine: {'line': b"-- Checking for module 'libavformat'\n"}
[75.758791] (velodyne_gazebo_plugins) StdoutLine: {'line': b'--   Found libavformat, version 58.76.100\n'}
[75.815215] (-) TimerEvent: {}
[75.834031] (velodyne_gazebo_plugins) StdoutLine: {'line': b'-- Found AVFORMAT: TRUE  \n'}
[75.842543] (velodyne_gazebo_plugins) StdoutLine: {'line': b"-- Checking for module 'libavcodec'\n"}
[75.871755] (velodyne_gazebo_plugins) StdoutLine: {'line': b'--   Found libavcodec, version 58.134.100\n'}
[75.915614] (-) TimerEvent: {}
[75.946074] (velodyne_gazebo_plugins) StdoutLine: {'line': b'-- Found AVCODEC: TRUE  \n'}
[75.955356] (velodyne_gazebo_plugins) StdoutLine: {'line': b"-- Checking for module 'libavutil'\n"}
[75.984252] (velodyne_gazebo_plugins) StdoutLine: {'line': b'--   Found libavutil, version 56.70.100\n'}
[76.015725] (-) TimerEvent: {}
[76.051592] (velodyne_gazebo_plugins) StdoutLine: {'line': b'-- Found AVUTIL: TRUE  \n'}
[76.063247] (velodyne_gazebo_plugins) StdoutLine: {'line': b'-- Looking for ignition-fuel_tools7 -- found version 7.3.1\n'}
[76.063691] (velodyne_gazebo_plugins) StdoutLine: {'line': b'-- Searching for dependencies of ignition-fuel_tools7\n'}
[76.115889] (-) TimerEvent: {}
[76.216274] (-) TimerEvent: {}
[76.224581] (velodyne_gazebo_plugins) StdoutLine: {'line': b'-- Found CURL: /usr/lib/x86_64-linux-gnu/libcurl.so (found version "7.81.0")  \n'}
[76.243291] (velodyne_gazebo_plugins) StdoutLine: {'line': b"-- Checking for module 'jsoncpp'\n"}
[76.274656] (velodyne_gazebo_plugins) StdoutLine: {'line': b'--   Found jsoncpp, version 1.9.5\n'}
[76.316503] (-) TimerEvent: {}
[76.343259] (velodyne_gazebo_plugins) StdoutLine: {'line': b'-- Found JSONCPP: TRUE  \n'}
[76.352308] (velodyne_gazebo_plugins) StdoutLine: {'line': b"-- Checking for module 'libzip'\n"}
[76.384043] (velodyne_gazebo_plugins) StdoutLine: {'line': b'--   Found libzip, version 1.7.3\n'}
[76.416606] (-) TimerEvent: {}
[76.450139] (velodyne_gazebo_plugins) StdoutLine: {'line': b'-- Found ZIP: TRUE  \n'}
[76.450547] (velodyne_gazebo_plugins) StdoutLine: {'line': b'-- Looking for ignition-common4 -- found version 4.8.1\n'}
[76.450912] (velodyne_gazebo_plugins) StdoutLine: {'line': b'-- Looking for ignition-math6 -- found version 6.16.0\n'}
[76.451357] (velodyne_gazebo_plugins) StdoutLine: {'line': b'-- Looking for ignition-msgs8 -- found version 8.7.1\n'}
[76.462331] (velodyne_gazebo_plugins) StdoutLine: {'line': b'-- Looking for ignition-gui6 -- found version 6.9.0\n'}
[76.462758] (velodyne_gazebo_plugins) StdoutLine: {'line': b'-- Searching for dependencies of ignition-gui6\n'}
[76.506162] (velodyne_gazebo_plugins) StdoutLine: {'line': b'-- Looking for ignition-math6 -- found version 6.16.0\n'}
[76.507342] (velodyne_gazebo_plugins) StdoutLine: {'line': b'-- Looking for ignition-common4 -- found version 4.8.1\n'}
[76.507802] (velodyne_gazebo_plugins) StdoutLine: {'line': b'-- Looking for ignition-plugin1 -- found version 1.4.0\n'}
[76.508340] (velodyne_gazebo_plugins) StdoutLine: {'line': b'-- Looking for ignition-transport11 -- found version 11.4.2\n'}
[76.516733] (-) TimerEvent: {}
[76.517173] (velodyne_gazebo_plugins) StdoutLine: {'line': b'-- Looking for ignition-rendering6 -- found version 6.6.4\n'}
[76.517695] (velodyne_gazebo_plugins) StdoutLine: {'line': b'-- Searching for dependencies of ignition-rendering6\n'}
[76.518072] (velodyne_gazebo_plugins) StdoutLine: {'line': b'-- Looking for ignition-math6 -- found version 6.16.0\n'}
[76.518602] (velodyne_gazebo_plugins) StdoutLine: {'line': b'-- Searching for dependencies of ignition-math6\n'}
[76.518770] (velodyne_gazebo_plugins) StdoutLine: {'line': b'-- Searching for <ignition-math6> component [eigen3]\n'}
[76.527243] (velodyne_gazebo_plugins) StdoutLine: {'line': b'-- Looking for ignition-math6-eigen3 -- found version 6.16.0\n'}
[76.527709] (velodyne_gazebo_plugins) StdoutLine: {'line': b'-- Searching for dependencies of ignition-math6-eigen3\n'}
[76.543161] (velodyne_gazebo_plugins) StdoutLine: {'line': b'-- Looking for ignition-common4 -- found version 4.8.1\n'}
[76.543499] (velodyne_gazebo_plugins) StdoutLine: {'line': b'-- Searching for dependencies of ignition-common4\n'}
[76.543615] (velodyne_gazebo_plugins) StdoutLine: {'line': b'-- Looking for dlfcn.h - found\n'}
[76.543667] (velodyne_gazebo_plugins) StdoutLine: {'line': b'-- Looking for libdl - found\n'}
[76.558956] (velodyne_gazebo_plugins) StdoutLine: {'line': b'-- Searching for <ignition-common4> component [graphics]\n'}
[76.567211] (velodyne_gazebo_plugins) StdoutLine: {'line': b'-- Looking for ignition-common4-graphics -- found version 4.8.1\n'}
[76.567702] (velodyne_gazebo_plugins) StdoutLine: {'line': b'-- Searching for dependencies of ignition-common4-graphics\n'}
[76.568138] (velodyne_gazebo_plugins) StdoutLine: {'line': b'-- Looking for ignition-math6 -- found version 6.16.0\n'}
[76.568800] (velodyne_gazebo_plugins) StdoutLine: {'line': b'-- Looking for ignition-utils1 -- found version 1.5.1\n'}
[76.570039] (velodyne_gazebo_plugins) StdoutLine: {'line': b'-- Searching for <ignition-common4> component [events]\n'}
[76.570891] (velodyne_gazebo_plugins) StdoutLine: {'line': b'-- Looking for ignition-plugin1 -- found version 1.4.0\n'}
[76.571348] (velodyne_gazebo_plugins) StdoutLine: {'line': b'-- Searching for dependencies of ignition-plugin1\n'}
[76.571520] (velodyne_gazebo_plugins) StdoutLine: {'line': b'-- Searching for <ignition-plugin1> component [all]\n'}
[76.580075] (velodyne_gazebo_plugins) StdoutLine: {'line': b'-- Looking for all libraries of ignition-plugin1 -- found version 1.4.0\n'}
[76.580544] (velodyne_gazebo_plugins) StdoutLine: {'line': b'-- Looking for ignition-plugin1 -- found version 1.4.0\n'}
[76.583110] (velodyne_gazebo_plugins) StdoutLine: {'line': b'-- Looking for ignition-msgs8 -- found version 8.7.1\n'}
[76.616866] (-) TimerEvent: {}
[76.650190] (velodyne_gazebo_plugins) StdoutLine: {'line': b'-- Looking for ignition-physics5 -- found version 5.4.0\n'}
[76.650941] (velodyne_gazebo_plugins) StdoutLine: {'line': b'-- Searching for dependencies of ignition-physics5\n'}
[76.651471] (velodyne_gazebo_plugins) StdoutLine: {'line': b'-- Looking for ignition-math6 -- found version 6.16.0\n'}
[76.652109] (velodyne_gazebo_plugins) StdoutLine: {'line': b'-- Looking for ignition-plugin1 -- found version 1.4.0\n'}
[76.652591] (velodyne_gazebo_plugins) StdoutLine: {'line': b'-- Looking for ignition-utils1 -- found version 1.5.1\n'}
[76.654875] (velodyne_gazebo_plugins) StdoutLine: {'line': b'-- Searching for <ignition-physics5> component [heightmap]\n'}
[76.666550] (velodyne_gazebo_plugins) StdoutLine: {'line': b'-- Looking for ignition-physics5-heightmap -- found version 5.4.0\n'}
[76.667467] (velodyne_gazebo_plugins) StdoutLine: {'line': b'-- Searching for dependencies of ignition-physics5-heightmap\n'}
[76.668492] (velodyne_gazebo_plugins) StdoutLine: {'line': b'-- Looking for ignition-common4 -- found version 4.8.1\n'}
[76.669743] (velodyne_gazebo_plugins) StdoutLine: {'line': b'-- Searching for <ignition-physics5> component [mesh]\n'}
[76.680681] (velodyne_gazebo_plugins) StdoutLine: {'line': b'-- Looking for ignition-physics5-mesh -- found version 5.4.0\n'}
[76.681330] (velodyne_gazebo_plugins) StdoutLine: {'line': b'-- Searching for dependencies of ignition-physics5-mesh\n'}
[76.681786] (velodyne_gazebo_plugins) StdoutLine: {'line': b'-- Looking for ignition-common4 -- found version 4.8.1\n'}
[76.682897] (velodyne_gazebo_plugins) StdoutLine: {'line': b'-- Searching for <ignition-physics5> component [sdf]\n'}
[76.692472] (velodyne_gazebo_plugins) StdoutLine: {'line': b'-- Looking for ignition-physics5-sdf -- found version 5.4.0\n'}
[76.692933] (velodyne_gazebo_plugins) StdoutLine: {'line': b'-- Searching for dependencies of ignition-physics5-sdf\n'}
[76.693400] (velodyne_gazebo_plugins) StdoutLine: {'line': b'-- Looking for sdformat12 -- found version 12.9.0\n'}
[76.710182] (velodyne_gazebo_plugins) StdoutLine: {'line': b'-- Looking for ignition-sensors6 -- found version 6.9.0\n'}
[76.710969] (velodyne_gazebo_plugins) StdoutLine: {'line': b'-- Searching for dependencies of ignition-sensors6\n'}
[76.717046] (-) TimerEvent: {}
[76.750307] (velodyne_gazebo_plugins) StdoutLine: {'line': b'-- Looking for ignition-math6 -- found version 6.16.0\n'}
[76.750740] (velodyne_gazebo_plugins) StdoutLine: {'line': b'-- Looking for ignition-common4 -- found version 4.8.1\n'}
[76.751058] (velodyne_gazebo_plugins) StdoutLine: {'line': b'-- Looking for ignition-transport11 -- found version 11.4.2\n'}
[76.751538] (velodyne_gazebo_plugins) StdoutLine: {'line': b'-- Looking for ignition-rendering6 -- found version 6.6.4\n'}
[76.751902] (velodyne_gazebo_plugins) StdoutLine: {'line': b'-- Looking for ignition-msgs8 -- found version 8.7.1\n'}
[76.752237] (velodyne_gazebo_plugins) StdoutLine: {'line': b'-- Looking for sdformat12 -- found version 12.9.0\n'}
[76.753222] (velodyne_gazebo_plugins) StdoutLine: {'line': b'-- Searching for <ignition-sensors6> component [air_pressure]\n'}
[76.762360] (velodyne_gazebo_plugins) StdoutLine: {'line': b'-- Looking for ignition-sensors6-air_pressure -- found version 6.9.0\n'}
[76.762968] (velodyne_gazebo_plugins) StdoutLine: {'line': b'-- Searching for dependencies of ignition-sensors6-air_pressure\n'}
[76.763951] (velodyne_gazebo_plugins) StdoutLine: {'line': b'-- Searching for <ignition-sensors6> component [altimeter]\n'}
[76.772475] (velodyne_gazebo_plugins) StdoutLine: {'line': b'-- Looking for ignition-sensors6-altimeter -- found version 6.9.0\n'}
[76.772914] (velodyne_gazebo_plugins) StdoutLine: {'line': b'-- Searching for dependencies of ignition-sensors6-altimeter\n'}
[76.773960] (velodyne_gazebo_plugins) StdoutLine: {'line': b'-- Searching for <ignition-sensors6> component [imu]\n'}
[76.783350] (velodyne_gazebo_plugins) StdoutLine: {'line': b'-- Looking for ignition-sensors6-imu -- found version 6.9.0\n'}
[76.783825] (velodyne_gazebo_plugins) StdoutLine: {'line': b'-- Searching for dependencies of ignition-sensors6-imu\n'}
[76.784812] (velodyne_gazebo_plugins) StdoutLine: {'line': b'-- Searching for <ignition-sensors6> component [force_torque]\n'}
[76.794028] (velodyne_gazebo_plugins) StdoutLine: {'line': b'-- Looking for ignition-sensors6-force_torque -- found version 6.9.0\n'}
[76.794470] (velodyne_gazebo_plugins) StdoutLine: {'line': b'-- Searching for dependencies of ignition-sensors6-force_torque\n'}
[76.795341] (velodyne_gazebo_plugins) StdoutLine: {'line': b'-- Searching for <ignition-sensors6> component [logical_camera]\n'}
[76.804209] (velodyne_gazebo_plugins) StdoutLine: {'line': b'-- Looking for ignition-sensors6-logical_camera -- found version 6.9.0\n'}
[76.804744] (velodyne_gazebo_plugins) StdoutLine: {'line': b'-- Searching for dependencies of ignition-sensors6-logical_camera\n'}
[76.805829] (velodyne_gazebo_plugins) StdoutLine: {'line': b'-- Searching for <ignition-sensors6> component [magnetometer]\n'}
[76.815021] (velodyne_gazebo_plugins) StdoutLine: {'line': b'-- Looking for ignition-sensors6-magnetometer -- found version 6.9.0\n'}
[76.815493] (velodyne_gazebo_plugins) StdoutLine: {'line': b'-- Searching for dependencies of ignition-sensors6-magnetometer\n'}
[76.816543] (velodyne_gazebo_plugins) StdoutLine: {'line': b'-- Searching for <ignition-sensors6> component [navsat]\n'}
[76.817097] (-) TimerEvent: {}
[76.825372] (velodyne_gazebo_plugins) StdoutLine: {'line': b'-- Looking for ignition-sensors6-navsat -- found version 6.9.0\n'}
[76.825794] (velodyne_gazebo_plugins) StdoutLine: {'line': b'-- Searching for dependencies of ignition-sensors6-navsat\n'}
[76.826571] (velodyne_gazebo_plugins) StdoutLine: {'line': b'-- Searching for <ignition-sensors6> component [rendering]\n'}
[76.838347] (velodyne_gazebo_plugins) StdoutLine: {'line': b'-- Looking for ignition-sensors6-rendering -- found version 6.9.0\n'}
[76.838880] (velodyne_gazebo_plugins) StdoutLine: {'line': b'-- Searching for dependencies of ignition-sensors6-rendering\n'}
[76.839983] (velodyne_gazebo_plugins) StdoutLine: {'line': b'-- Searching for <ignition-sensors6> component [lidar]\n'}
[76.852476] (velodyne_gazebo_plugins) StdoutLine: {'line': b'-- Looking for ignition-sensors6-lidar -- found version 6.9.0\n'}
[76.853559] (velodyne_gazebo_plugins) StdoutLine: {'line': b'-- Searching for dependencies of ignition-sensors6-lidar\n'}
[76.854446] (velodyne_gazebo_plugins) StdoutLine: {'line': b'-- Looking for ignition-sensors6 -- found version 6.9.0\n'}
[76.856649] (velodyne_gazebo_plugins) StdoutLine: {'line': b'-- Searching for <ignition-sensors6> component [gpu_lidar]\n'}
[76.868978] (velodyne_gazebo_plugins) StdoutLine: {'line': b'-- Looking for ignition-sensors6-gpu_lidar -- found version 6.9.0\n'}
[76.869457] (velodyne_gazebo_plugins) StdoutLine: {'line': b'-- Searching for dependencies of ignition-sensors6-gpu_lidar\n'}
[76.869804] (velodyne_gazebo_plugins) StdoutLine: {'line': b'-- Looking for ignition-sensors6 -- found version 6.9.0\n'}
[76.871194] (velodyne_gazebo_plugins) StdoutLine: {'line': b'-- Searching for <ignition-sensors6> component [camera]\n'}
[76.881228] (velodyne_gazebo_plugins) StdoutLine: {'line': b'-- Looking for ignition-sensors6-camera -- found version 6.9.0\n'}
[76.881842] (velodyne_gazebo_plugins) StdoutLine: {'line': b'-- Searching for dependencies of ignition-sensors6-camera\n'}
[76.882230] (velodyne_gazebo_plugins) StdoutLine: {'line': b'-- Looking for ignition-sensors6 -- found version 6.9.0\n'}
[76.883403] (velodyne_gazebo_plugins) StdoutLine: {'line': b'-- Searching for <ignition-sensors6> component [boundingbox_camera]\n'}
[76.892033] (velodyne_gazebo_plugins) StdoutLine: {'line': b'-- Looking for ignition-sensors6-boundingbox_camera -- found version 6.9.0\n'}
[76.892462] (velodyne_gazebo_plugins) StdoutLine: {'line': b'-- Searching for dependencies of ignition-sensors6-boundingbox_camera\n'}
[76.893229] (velodyne_gazebo_plugins) StdoutLine: {'line': b'-- Searching for <ignition-sensors6> component [segmentation_camera]\n'}
[76.902189] (velodyne_gazebo_plugins) StdoutLine: {'line': b'-- Looking for ignition-sensors6-segmentation_camera -- found version 6.9.0\n'}
[76.902711] (velodyne_gazebo_plugins) StdoutLine: {'line': b'-- Searching for dependencies of ignition-sensors6-segmentation_camera\n'}
[76.903705] (velodyne_gazebo_plugins) StdoutLine: {'line': b'-- Searching for <ignition-sensors6> component [depth_camera]\n'}
[76.912866] (velodyne_gazebo_plugins) StdoutLine: {'line': b'-- Looking for ignition-sensors6-depth_camera -- found version 6.9.0\n'}
[76.913490] (velodyne_gazebo_plugins) StdoutLine: {'line': b'-- Searching for dependencies of ignition-sensors6-depth_camera\n'}
[76.913932] (velodyne_gazebo_plugins) StdoutLine: {'line': b'-- Looking for ignition-sensors6 -- found version 6.9.0\n'}
[76.914776] (velodyne_gazebo_plugins) StdoutLine: {'line': b'-- Searching for <ignition-sensors6> component [rgbd_camera]\n'}
[76.917209] (-) TimerEvent: {}
[76.923082] (velodyne_gazebo_plugins) StdoutLine: {'line': b'-- Looking for ignition-sensors6-rgbd_camera -- found version 6.9.0\n'}
[76.923534] (velodyne_gazebo_plugins) StdoutLine: {'line': b'-- Searching for dependencies of ignition-sensors6-rgbd_camera\n'}
[76.923905] (velodyne_gazebo_plugins) StdoutLine: {'line': b'-- Looking for ignition-sensors6 -- found version 6.9.0\n'}
[76.924746] (velodyne_gazebo_plugins) StdoutLine: {'line': b'-- Searching for <ignition-sensors6> component [thermal_camera]\n'}
[76.932996] (velodyne_gazebo_plugins) StdoutLine: {'line': b'-- Looking for ignition-sensors6-thermal_camera -- found version 6.9.0\n'}
[76.933407] (velodyne_gazebo_plugins) StdoutLine: {'line': b'-- Searching for dependencies of ignition-sensors6-thermal_camera\n'}
[76.933763] (velodyne_gazebo_plugins) StdoutLine: {'line': b'-- Looking for ignition-sensors6 -- found version 6.9.0\n'}
[76.935321] (velodyne_gazebo_plugins) StdoutLine: {'line': b'-- Looking for ignition-rendering6 -- found version 6.6.4\n'}
[76.935741] (velodyne_gazebo_plugins) StdoutLine: {'line': b'-- Looking for ignition-math6 -- found version 6.16.0\n'}
[76.944049] (velodyne_gazebo_plugins) StdoutLine: {'line': b'-- Looking for ignition-utils1 -- found version 1.5.1\n'}
[76.977799] (velodyne_gazebo_plugins) StdoutLine: {'line': b'-- Looking for ignition-plugin1 -- found version 1.4.0\n'}
[76.978102] (velodyne_gazebo_plugins) StdoutLine: {'line': b'-- Looking for ignition-sensors6 -- found version 6.9.0\n'}
[76.978480] (velodyne_gazebo_plugins) StdoutLine: {'line': b'-- Looking for ignition-transport11 -- found version 11.4.2\n'}
[76.978885] (velodyne_gazebo_plugins) StdoutLine: {'line': b'-- Looking for ignition-msgs8 -- found version 8.7.1\n'}
[76.992362] (velodyne_gazebo_plugins) StdoutLine: {'line': b'-- Found ament_lint_auto: 0.12.15 (/opt/ros/humble/share/ament_lint_auto/cmake)\n'}
[77.017411] (-) TimerEvent: {}
[77.117881] (-) TimerEvent: {}
[77.161854] (velodyne_gazebo_plugins) StdoutLine: {'line': b"-- Added test 'copyright' to check source files copyright and LICENSE\n"}
[77.164481] (velodyne_gazebo_plugins) StdoutLine: {'line': b"-- Added test 'cppcheck' to perform static code analysis on C / C++ code\n"}
[77.164638] (velodyne_gazebo_plugins) StdoutLine: {'line': b'-- Configured cppcheck include dirs: $<BUILD_INTERFACE:/media/subham/85dce0f4-2e29-4540-9a32-801850cfcef6/subham/LidarMapping2.5D/src/velodyne/velodyne_gazebo_plugins/include>\n'}
[77.164700] (velodyne_gazebo_plugins) StdoutLine: {'line': b'-- Configured cppcheck exclude dirs and/or files: \n'}
[77.167160] (velodyne_gazebo_plugins) StdoutLine: {'line': b"-- Added test 'cpplint' to check C / C++ code against the Google style\n"}
[77.167273] (velodyne_gazebo_plugins) StdoutLine: {'line': b'-- Configured cpplint exclude dirs and/or files: \n'}
[77.168837] (velodyne_gazebo_plugins) StdoutLine: {'line': b"-- Added test 'flake8' to check Python code syntax and style conventions\n"}
[77.170312] (velodyne_gazebo_plugins) StdoutLine: {'line': b"-- Added test 'lint_cmake' to check CMake code style\n"}
[77.171618] (velodyne_gazebo_plugins) StdoutLine: {'line': b"-- Added test 'pep257' to check Python code against some of the docstring style conventions in PEP 257\n"}
[77.173839] (velodyne_gazebo_plugins) StdoutLine: {'line': b"-- Added test 'uncrustify' to check C / C++ code style\n"}
[77.173951] (velodyne_gazebo_plugins) StdoutLine: {'line': b'-- Configured uncrustify additional arguments: \n'}
[77.175356] (velodyne_gazebo_plugins) StdoutLine: {'line': b"-- Added test 'xmllint' to check XML markup files\n"}
[77.180404] (velodyne_gazebo_plugins) StdoutLine: {'line': b'-- Configuring done\n'}
[77.207133] (velodyne_gazebo_plugins) StdoutLine: {'line': b'-- Generating done\n'}
[77.214977] (velodyne_gazebo_plugins) StdoutLine: {'line': b'-- Build files have been written to: /media/subham/85dce0f4-2e29-4540-9a32-801850cfcef6/subham/LidarMapping2.5D/build/velodyne_gazebo_plugins\n'}
[77.218073] (-) TimerEvent: {}
[77.263626] (velodyne_gazebo_plugins) CommandEnded: {'returncode': 0}
[77.265238] (velodyne_gazebo_plugins) JobProgress: {'identifier': 'velodyne_gazebo_plugins', 'progress': 'build'}
[77.265668] (velodyne_gazebo_plugins) Command: {'cmd': ['/usr/bin/cmake', '--build', '/media/subham/85dce0f4-2e29-4540-9a32-801850cfcef6/subham/LidarMapping2.5D/build/velodyne_gazebo_plugins'], 'cwd': '/media/subham/85dce0f4-2e29-4540-9a32-801850cfcef6/subham/LidarMapping2.5D/build/velodyne_gazebo_plugins', 'env': OrderedDict([('LESSOPEN', '| /usr/bin/lesspipe %s'), ('GZ_SIM_RESOURCE_PATH', '/home/subham/subt_ws/src/subt_cave_sim/models:'), ('LANGUAGE', 'en_IN:en'), ('USER', 'subham'), ('XDG_SESSION_TYPE', 'wayland'), ('SHLVL', '1'), ('LD_LIBRARY_PATH', '/media/subham/85dce0f4-2e29-4540-9a32-801850cfcef6/subham/LidarMapping2.5D/install/velodyne_gazebo_plugins/lib:/media/subham/85dce0f4-2e29-4540-9a32-801850cfcef6/subham/LidarMapping2.5D/install/patchwork_plusplus/lib:/media/subham/85dce0f4-2e29-4540-9a32-801850cfcef6/subham/LidarMapping2.5D/install/jsk_recognition_msgs/lib:/media/subham/85dce0f4-2e29-4540-9a32-801850cfcef6/subham/LidarMapping2.5D/install/height_mapping_ros2/lib:/media/subham/85dce0f4-2e29-4540-9a32-801850cfcef6/subham/LidarMapping2.5D/install/height_mapping_core/lib:/home/subham/anvrit_ws/install/astra_camera/lib:/home/subham/anvrit_ws/install/astra_camera_msgs/lib:/home/subham/igvc/install/velodyne_gazebo_plugins/lib:/home/subham/colcon_ws/install/linkattacher_msgs/lib:/opt/ros/humble/opt/rviz_ogre_vendor/lib:/opt/ros/humble/lib/x86_64-linux-gnu:/opt/ros/humble/opt/openvdb_vendor/lib:/opt/ros/humble/lib'), ('HOME', '/home/subham'), ('OLDPWD', '/home/subham'), ('DESKTOP_SESSION', 'ubuntu'), ('NVM_BIN', '/home/subham/.nvm/versions/node/v24.19.0/bin'), ('NVM_INC', '/home/subham/.nvm/versions/node/v24.19.0/include/node'), ('ROS_PYTHON_VERSION', '3'), ('GNOME_SHELL_SESSION_MODE', 'ubuntu'), ('GTK_MODULES', 'gail:atk-bridge'), ('MANAGERPID', '2038'), ('MAKEFLAGS', '-j1'), ('SYSTEMD_EXEC_PID', '3268'), ('DBUS_SESSION_BUS_ADDRESS', 'unix:path=/run/user/1000/bus'), ('COLORTERM', 'truecolor'), ('TERMINATOR_DBUS_NAME', 'net.tenshu.Terminator25ef4b219e3b005583550f2b0f9f990c3'), ('GIO_LAUNCHED_DESKTOP_FILE_PID', '4348'), ('NVM_DIR', '/home/subham/.nvm'), ('IM_CONFIG_PHASE', '1'), ('WAYLAND_DISPLAY', 'wayland-0'), ('COLCON_PREFIX_PATH', '/media/subham/85dce0f4-2e29-4540-9a32-801850cfcef6/subham/LidarMapping2.5D/install:/home/subham/Edge_AI_for_ADAS_and_Autonomous_Systems/install:/home/subham/rover_ws/install:/home/subham/igvc/install:/home/subham/colcon_ws/install:/home/subham/anvrit_ws/install:/home/subham/omokai_ws/install'), ('ROS_DISTRO', 'humble'), ('LOGNAME', 'subham'), ('JOURNAL_STREAM', '8:22697'), ('_', '/usr/bin/colcon'), ('ROS_VERSION', '2'), ('PKG_CONFIG_PATH', '/media/subham/85dce0f4-2e29-4540-9a32-801850cfcef6/subham/LidarMapping2.5D/install/fastdem/lib/x86_64-linux-gnu/pkgconfig:/media/subham/85dce0f4-2e29-4540-9a32-801850cfcef6/subham/LidarMapping2.5D/install/fastdem/lib/pkgconfig'), ('XDG_SESSION_CLASS', 'user'), ('USERNAME', 'subham'), ('TERM', 'xterm-256color'), ('GAZEBO_MODEL_PATH', '/home/subham/gazebo_models:'), ('GNOME_DESKTOP_SESSION_ID', 'this-is-deprecated'), ('ONNXRUNTIME_ROOT', '/opt/ros/humble'), ('ROS_LOCALHOST_ONLY', '0'), ('PATH', '/home/subham/.nvm/versions/node/v24.19.0/bin:/opt/ros/humble/bin:/home/subham/.local/bin:/usr/local/sbin:/usr/local/bin:/usr/sbin:/usr/bin:/sbin:/bin:/usr/games:/usr/local/games:/snap/bin:/snap/bin'), ('SESSION_MANAGER', 'local/thirdly:@/tmp/.ICE-unix/2513,unix/thirdly:/tmp/.ICE-unix/2513'), ('INVOCATION_ID', '046ab86eab5f415aa50d51e791c411a3'), ('XDG_MENU_PREFIX', 'gnome-'), ('GNOME_SETUP_DISPLAY', ':1'), ('XDG_RUNTIME_DIR', '/run/user/1000'), ('DISPLAY', ':0'), ('TERMINATOR_DBUS_PATH', '/net/tenshu/Terminator2'), ('LANG', 'en_US.UTF-8'), ('XDG_CURRENT_DESKTOP', 'ubuntu:GNOME'), ('IBUS_DISABLE_SNOOPER', '1'), ('XMODIFIERS', '@im=ibus'), ('XDG_SESSION_DESKTOP', 'ubuntu'), ('XAUTHORITY', '/run/user/1000/.mutter-Xwaylandauth.L3IAW3'), ('LS_COLORS', 'rs=0:di=01;34:ln=01;36:mh=00:pi=40;33:so=01;35:do=01;35:bd=40;33;01:cd=40;33;01:or=40;31;01:mi=00:su=37;41:sg=30;43:ca=30;41:tw=30;42:ow=34;42:st=37;44:ex=01;32:*.tar=01;31:*.tgz=01;31:*.arc=01;31:*.arj=01;31:*.taz=01;31:*.lha=01;31:*.lz4=01;31:*.lzh=01;31:*.lzma=01;31:*.tlz=01;31:*.txz=01;31:*.tzo=01;31:*.t7z=01;31:*.zip=01;31:*.z=01;31:*.dz=01;31:*.gz=01;31:*.lrz=01;31:*.lz=01;31:*.lzo=01;31:*.xz=01;31:*.zst=01;31:*.tzst=01;31:*.bz2=01;31:*.bz=01;31:*.tbz=01;31:*.tbz2=01;31:*.tz=01;31:*.deb=01;31:*.rpm=01;31:*.jar=01;31:*.war=01;31:*.ear=01;31:*.sar=01;31:*.rar=01;31:*.alz=01;31:*.ace=01;31:*.zoo=01;31:*.cpio=01;31:*.7z=01;31:*.rz=01;31:*.cab=01;31:*.wim=01;31:*.swm=01;31:*.dwm=01;31:*.esd=01;31:*.jpg=01;35:*.jpeg=01;35:*.mjpg=01;35:*.mjpeg=01;35:*.gif=01;35:*.bmp=01;35:*.pbm=01;35:*.pgm=01;35:*.ppm=01;35:*.tga=01;35:*.xbm=01;35:*.xpm=01;35:*.tif=01;35:*.tiff=01;35:*.png=01;35:*.svg=01;35:*.svgz=01;35:*.mng=01;35:*.pcx=01;35:*.mov=01;35:*.mpg=01;35:*.mpeg=01;35:*.m2v=01;35:*.mkv=01;35:*.webm=01;35:*.webp=01;35:*.ogm=01;35:*.mp4=01;35:*.m4v=01;35:*.mp4v=01;35:*.vob=01;35:*.qt=01;35:*.nuv=01;35:*.wmv=01;35:*.asf=01;35:*.rm=01;35:*.rmvb=01;35:*.flc=01;35:*.avi=01;35:*.fli=01;35:*.flv=01;35:*.gl=01;35:*.dl=01;35:*.xcf=01;35:*.xwd=01;35:*.yuv=01;35:*.cgm=01;35:*.emf=01;35:*.ogv=01;35:*.ogx=01;35:*.aac=00;36:*.au=00;36:*.flac=00;36:*.m4a=00;36:*.mid=00;36:*.midi=00;36:*.mka=00;36:*.mp3=00;36:*.mpc=00;36:*.ogg=00;36:*.ra=00;36:*.wav=00;36:*.oga=00;36:*.opus=00;36:*.spx=00;36:*.xspf=00;36:'), ('SSH_AGENT_LAUNCHER', 'gnome-keyring'), ('SSH_AUTH_SOCK', '/run/user/1000/keyring/ssh'), ('ROS_DOMAIN_ID', '0'), ('AMENT_PREFIX_PATH', '/media/subham/85dce0f4-2e29-4540-9a32-801850cfcef6/subham/LidarMapping2.5D/install/segmentation_lidar:/media/subham/85dce0f4-2e29-4540-9a32-801850cfcef6/subham/LidarMapping2.5D/install/velodyne_simulator:/media/subham/85dce0f4-2e29-4540-9a32-801850cfcef6/subham/LidarMapping2.5D/install/velodyne_description:/media/subham/85dce0f4-2e29-4540-9a32-801850cfcef6/subham/LidarMapping2.5D/install/velodyne_gazebo_plugins:/media/subham/85dce0f4-2e29-4540-9a32-801850cfcef6/subham/LidarMapping2.5D/install/salsanext_ros2:/media/subham/85dce0f4-2e29-4540-9a32-801850cfcef6/subham/LidarMapping2.5D/install/patchwork_plusplus:/media/subham/85dce0f4-2e29-4540-9a32-801850cfcef6/subham/LidarMapping2.5D/install/lid_simulation:/media/subham/85dce0f4-2e29-4540-9a32-801850cfcef6/subham/LidarMapping2.5D/install/lid_description:/media/subham/85dce0f4-2e29-4540-9a32-801850cfcef6/subham/LidarMapping2.5D/install/jsk_recognition_msgs:/media/subham/85dce0f4-2e29-4540-9a32-801850cfcef6/subham/LidarMapping2.5D/install/height_mapping_ros2:/media/subham/85dce0f4-2e29-4540-9a32-801850cfcef6/subham/LidarMapping2.5D/install/height_mapping_core:/media/subham/85dce0f4-2e29-4540-9a32-801850cfcef6/subham/LidarMapping2.5D/install/fastdem_ros2:/home/subham/omokai_ws/install/llm_simulation:/home/subham/omokai_ws/install/llm_prompt:/home/subham/omokai_ws/install/llm_navigation:/home/subham/omokai_ws/install/llm_description:/home/subham/Edge_AI_for_ADAS_and_Autonomous_Systems/install/adas_simulation:/home/subham/Edge_AI_for_ADAS_and_Autonomous_Systems/install/adas_perception:/home/subham/Edge_AI_for_ADAS_and_Autonomous_Systems/install/adas_navigation:/home/subham/Edge_AI_for_ADAS_and_Autonomous_Systems/install/adas_description:/home/subham/rover_ws/install/rover_navigation:/home/subham/rover_ws/install/rover_gazebo:/home/subham/rover_ws/install/rover_description:/home/subham/rover_ws/install/rf2o_laser_odometry:/home/subham/anvrit_ws/install/rplidar_ros:/home/subham/anvrit_ws/install/astra_camera:/home/subham/anvrit_ws/install/astra_camera_msgs:/home/subham/anvrit_ws/install/anvrit_perception:/home/subham/anvrit_ws/install/anvrit_odometry:/home/subham/anvrit_ws/install/anvrit_nav2:/home/subham/anvrit_ws/install/anvrit_description:/home/subham/igvc/install/velodyne_simulator:/home/subham/igvc/install/velodyne_description:/home/subham/igvc/install/velodyne_gazebo_plugins:/home/subham/igvc/install/igvc_simulation:/home/subham/igvc/install/igvc_perception:/home/subham/igvc/install/igvc_navigation:/home/subham/igvc/install/igvc_description:/home/subham/colcon_ws/install/ur_simulation_gz:/home/subham/colcon_ws/install/ur_description:/home/subham/colcon_ws/install/ur5_control_2481:/home/subham/colcon_ws/install/s2481_ebot_description:/home/subham/colcon_ws/install/ros2ai:/home/subham/colcon_ws/install/linkattacher_msgs:/home/subham/colcon_ws/install/eyantra_warehouse:/home/subham/colcon_ws/install/ackerman_description:/opt/ros/humble'), ('SHELL', '/bin/bash'), ('TERMINATOR_UUID', 'urn:uuid:577dd51d-23b3-4139-a8c6-d610a5169a81'), ('QT_ACCESSIBILITY', '1'), ('GDMSESSION', 'ubuntu'), ('LESSCLOSE', '/usr/bin/lesspipe %s %s'), ('IGN_GAZEBO_RESOURCE_PATH', '/media/subham/85dce0f4-2e29-4540-9a32-801850cfcef6/subham/subt_ws/src/subt_cave_sim/models:/home/subham/subt_ws/src/subt_cave_sim/models:'), ('QT_IM_MODULE', 'ibus'), ('PWD', '/media/subham/85dce0f4-2e29-4540-9a32-801850cfcef6/subham/LidarMapping2.5D/build/velodyne_gazebo_plugins'), ('TURTLEBOT3_MODEL', 'burger'), ('LC_ALL', 'en_US.UTF-8'), ('XDG_CONFIG_DIRS', '/etc/xdg/xdg-ubuntu:/etc/xdg'), ('NVM_CD_FLAGS', ''), ('XDG_DATA_DIRS', '/usr/share/ubuntu:/usr/local/share/:/usr/share/:/var/lib/snapd/desktop'), ('PYTHONPATH', '/media/subham/85dce0f4-2e29-4540-9a32-801850cfcef6/subham/LidarMapping2.5D/install/jsk_recognition_msgs/local/lib/python3.10/dist-packages:/media/subham/85dce0f4-2e29-4540-9a32-801850cfcef6/subham/LidarMapping2.5D/install/height_mapping_ros2/local/lib/python3.10/dist-packages:/home/subham/omokai_ws/build/llm_navigation:/home/subham/omokai_ws/install/llm_navigation/lib/python3.10/site-packages:/home/subham/Edge_AI_for_ADAS_and_Autonomous_Systems/build/adas_perception:/home/subham/Edge_AI_for_ADAS_and_Autonomous_Systems/install/adas_perception/lib/python3.10/site-packages:/home/subham/Edge_AI_for_ADAS_and_Autonomous_Systems/build/adas_navigation:/home/subham/Edge_AI_for_ADAS_and_Autonomous_Systems/install/adas_navigation/lib/python3.10/site-packages:/home/subham/rover_ws/build/rover_navigation:/home/subham/rover_ws/install/rover_navigation/lib/python3.10/site-packages:/home/subham/anvrit_ws/install/astra_camera_msgs/local/lib/python3.10/dist-packages:/home/subham/anvrit_ws/install/anvrit_perception/lib/python3.10/site-packages:/home/subham/anvrit_ws/install/anvrit_odometry/lib/python3.10/site-packages:/home/subham/anvrit_ws/install/anvrit_nav2/lib/python3.10/site-packages:/home/subham/igvc/build/igvc_perception:/home/subham/igvc/install/igvc_perception/lib/python3.10/site-packages:/home/subham/igvc/build/igvc_navigation:/home/subham/igvc/install/igvc_navigation/lib/python3.10/site-packages:/home/subham/colcon_ws/build/ros2ai:/home/subham/colcon_ws/install/ros2ai/lib/python3.10/site-packages:/home/subham/colcon_ws/install/linkattacher_msgs/local/lib/python3.10/dist-packages:/opt/ros/humble/lib/python3.10/site-packages:/opt/ros/humble/local/lib/python3.10/dist-packages'), ('COLCON', '1'), ('VTE_VERSION', '6800'), ('CMAKE_PREFIX_PATH', '/media/subham/85dce0f4-2e29-4540-9a32-801850cfcef6/subham/LidarMapping2.5D/install/segmentation_lidar:/media/subham/85dce0f4-2e29-4540-9a32-801850cfcef6/subham/LidarMapping2.5D/install/velodyne_simulator:/media/subham/85dce0f4-2e29-4540-9a32-801850cfcef6/subham/LidarMapping2.5D/install/velodyne_description:/media/subham/85dce0f4-2e29-4540-9a32-801850cfcef6/subham/LidarMapping2.5D/install/velodyne_gazebo_plugins:/media/subham/85dce0f4-2e29-4540-9a32-801850cfcef6/subham/LidarMapping2.5D/install/salsanext_ros2:/media/subham/85dce0f4-2e29-4540-9a32-801850cfcef6/subham/LidarMapping2.5D/install/patchwork_plusplus:/media/subham/85dce0f4-2e29-4540-9a32-801850cfcef6/subham/LidarMapping2.5D/install/lid_simulation:/media/subham/85dce0f4-2e29-4540-9a32-801850cfcef6/subham/LidarMapping2.5D/install/lid_description:/media/subham/85dce0f4-2e29-4540-9a32-801850cfcef6/subham/LidarMapping2.5D/install/jsk_recognition_msgs:/media/subham/85dce0f4-2e29-4540-9a32-801850cfcef6/subham/LidarMapping2.5D/install/height_mapping_ros2:/media/subham/85dce0f4-2e29-4540-9a32-801850cfcef6/subham/LidarMapping2.5D/install/height_mapping_core:/media/subham/85dce0f4-2e29-4540-9a32-801850cfcef6/subham/LidarMapping2.5D/install/fastdem_ros2:/media/subham/85dce0f4-2e29-4540-9a32-801850cfcef6/subham/LidarMapping2.5D/install/fastdem:/home/subham/omokai_ws/install/llm_simulation:/home/subham/omokai_ws/install/llm_prompt:/home/subham/omokai_ws/install/llm_description:/home/subham/Edge_AI_for_ADAS_and_Autonomous_Systems/install/adas_simulation:/home/subham/Edge_AI_for_ADAS_and_Autonomous_Systems/install/adas_description:/home/subham/rover_ws/install/rover_gazebo:/home/subham/rover_ws/install/rover_description:/home/subham/rover_ws/install/rf2o_laser_odometry:/home/subham/anvrit_ws/install/rplidar_ros:/home/subham/anvrit_ws/install/astra_camera:/home/subham/anvrit_ws/install/astra_camera_msgs:/home/subham/anvrit_ws/install/anvrit_description:/home/subham/igvc/install/velodyne_simulator:/home/subham/igvc/install/velodyne_description:/home/subham/igvc/install/velodyne_gazebo_plugins:/home/subham/igvc/install/igvc_simulation:/home/subham/igvc/install/igvc_description:/home/subham/colcon_ws/install/ur_simulation_gz:/home/subham/colcon_ws/install/ur_description:/home/subham/colcon_ws/install/ur5_control_2481:/home/subham/colcon_ws/install/s2481_ebot_description:/home/subham/colcon_ws/install/linkattacher_msgs:/home/subham/colcon_ws/install/eyantra_warehouse:/home/subham/colcon_ws/install/ackerman_description:/home/subham/omokai_ws/install/llm_navigation:/home/subham/Edge_AI_for_ADAS_and_Autonomous_Systems/install/adas_perception:/home/subham/Edge_AI_for_ADAS_and_Autonomous_Systems/install/adas_navigation:/home/subham/rover_ws/install/rover_navigation:/home/subham/anvrit_ws/install/anvrit_perception:/home/subham/anvrit_ws/install/anvrit_odometry:/home/subham/anvrit_ws/install/anvrit_nav2:/home/subham/igvc/install/igvc_perception:/home/subham/igvc/install/igvc_navigation:/home/subham/colcon_ws/install/ros2ai:/opt/ros/humble')]), 'shell': False}
[77.318221] (-) TimerEvent: {}
[77.380660] (velodyne_gazebo_plugins) StdoutLine: {'line': b'[ 50%] \x1b[32mBuilding CXX object CMakeFiles/VelodyneLidarSystem.dir/src/VelodyneLidarSystem.cpp.o\x1b[0m\n'}
[77.418333] (-) TimerEvent: {}
[77.518778] (-) TimerEvent: {}
[77.619248] (-) TimerEvent: {}
[77.719664] (-) TimerEvent: {}
[77.820396] (-) TimerEvent: {}
[77.920750] (-) TimerEvent: {}
[78.021065] (-) TimerEvent: {}
[78.121503] (-) TimerEvent: {}
[78.221969] (-) TimerEvent: {}
[78.322495] (-) TimerEvent: {}
[78.422976] (-) TimerEvent: {}
[78.523396] (-) TimerEvent: {}
[78.623806] (-) TimerEvent: {}
[78.724216] (-) TimerEvent: {}
[78.824657] (-) TimerEvent: {}
[78.925131] (-) TimerEvent: {}
[79.025524] (-) TimerEvent: {}
[79.125926] (-) TimerEvent: {}
[79.226339] (-) TimerEvent: {}
[79.326754] (-) TimerEvent: {}
[79.427185] (-) TimerEvent: {}
[79.527760] (-) TimerEvent: {}
[79.628210] (-) TimerEvent: {}
[79.728577] (-) TimerEvent: {}
[79.828970] (-) TimerEvent: {}
[79.929426] (-) TimerEvent: {}
[80.029828] (-) TimerEvent: {}
[80.130242] (-) TimerEvent: {}
[80.230649] (-) TimerEvent: {}
[80.331015] (-) TimerEvent: {}
[80.431533] (-) TimerEvent: {}
[80.532025] (-) TimerEvent: {}
[80.632514] (-) TimerEvent: {}
[80.732977] (-) TimerEvent: {}
[80.833532] (-) TimerEvent: {}
[80.934808] (-) TimerEvent: {}
[81.035565] (-) TimerEvent: {}
[81.136061] (-) TimerEvent: {}
[81.236518] (-) TimerEvent: {}
[81.336916] (-) TimerEvent: {}
[81.437259] (-) TimerEvent: {}
[81.537592] (-) TimerEvent: {}
[81.638040] (-) TimerEvent: {}
[81.738390] (-) TimerEvent: {}
[81.838910] (-) TimerEvent: {}
[81.939309] (-) TimerEvent: {}
[82.039675] (-) TimerEvent: {}
[82.140114] (-) TimerEvent: {}
[82.240482] (-) TimerEvent: {}
[82.340807] (-) TimerEvent: {}
[82.441214] (-) TimerEvent: {}
[82.541647] (-) TimerEvent: {}
[82.642109] (-) TimerEvent: {}
[82.742526] (-) TimerEvent: {}
[82.842922] (-) TimerEvent: {}
[82.943335] (-) TimerEvent: {}
[83.043865] (-) TimerEvent: {}
[83.144313] (-) TimerEvent: {}
[83.244717] (-) TimerEvent: {}
[83.345124] (-) TimerEvent: {}
[83.445528] (-) TimerEvent: {}
[83.545915] (-) TimerEvent: {}
[83.646310] (-) TimerEvent: {}
[83.746732] (-) TimerEvent: {}
[83.847108] (-) TimerEvent: {}
[83.947517] (-) TimerEvent: {}
[84.048329] (-) TimerEvent: {}
[84.148808] (-) TimerEvent: {}
[84.249524] (-) TimerEvent: {}
[84.349932] (-) TimerEvent: {}
[84.450321] (-) TimerEvent: {}
[84.550752] (-) TimerEvent: {}
[84.651147] (-) TimerEvent: {}
[84.751533] (-) TimerEvent: {}
[84.851933] (-) TimerEvent: {}
[84.952332] (-) TimerEvent: {}
[85.052780] (-) TimerEvent: {}
[85.153161] (-) TimerEvent: {}
[85.253549] (-) TimerEvent: {}
[85.353946] (-) TimerEvent: {}
[85.454341] (-) TimerEvent: {}
[85.554791] (-) TimerEvent: {}
[85.655225] (-) TimerEvent: {}
[85.755763] (-) TimerEvent: {}
[85.856225] (-) TimerEvent: {}
[85.956631] (-) TimerEvent: {}
[86.057040] (-) TimerEvent: {}
[86.157447] (-) TimerEvent: {}
[86.257851] (-) TimerEvent: {}
[86.358267] (-) TimerEvent: {}
[86.458730] (-) TimerEvent: {}
[86.559197] (-) TimerEvent: {}
[86.659672] (-) TimerEvent: {}
[86.760144] (-) TimerEvent: {}
[86.860670] (-) TimerEvent: {}
[86.961092] (-) TimerEvent: {}
[87.061510] (-) TimerEvent: {}
[87.161978] (-) TimerEvent: {}
[87.262528] (-) TimerEvent: {}
[87.362943] (-) TimerEvent: {}
[87.463323] (-) TimerEvent: {}
[87.563694] (-) TimerEvent: {}
[87.664066] (-) TimerEvent: {}
[87.764466] (-) TimerEvent: {}
[87.864850] (-) TimerEvent: {}
[87.965230] (-) TimerEvent: {}
[88.065682] (-) TimerEvent: {}
[88.166070] (-) TimerEvent: {}
[88.266514] (-) TimerEvent: {}
[88.366947] (-) TimerEvent: {}
[88.467331] (-) TimerEvent: {}
[88.567717] (-) TimerEvent: {}
[88.668094] (-) TimerEvent: {}
[88.768485] (-) TimerEvent: {}
[88.868876] (-) TimerEvent: {}
[88.969287] (-) TimerEvent: {}
[89.069791] (-) TimerEvent: {}
[89.170245] (-) TimerEvent: {}
[89.270723] (-) TimerEvent: {}
[89.371168] (-) TimerEvent: {}
[89.383877] (velodyne_gazebo_plugins) StdoutLine: {'line': b'[100%] \x1b[32m\x1b[1mLinking CXX shared library libVelodyneLidarSystem.so\x1b[0m\n'}
[89.471377] (-) TimerEvent: {}
[89.572010] (-) TimerEvent: {}
[89.672478] (-) TimerEvent: {}
[89.773062] (-) TimerEvent: {}
[89.873670] (-) TimerEvent: {}
[89.974821] (-) TimerEvent: {}
[90.075732] (-) TimerEvent: {}
[90.176281] (-) TimerEvent: {}
[90.277011] (-) TimerEvent: {}
[90.377705] (-) TimerEvent: {}
[90.478275] (-) TimerEvent: {}
[90.579096] (-) TimerEvent: {}
[90.679900] (-) TimerEvent: {}
[90.780705] (-) TimerEvent: {}
[90.881314] (-) TimerEvent: {}
[90.981645] (-) TimerEvent: {}
[91.026810] (velodyne_gazebo_plugins) StdoutLine: {'line': b'[100%] Built target VelodyneLidarSystem\n'}
[91.042909] (velodyne_gazebo_plugins) CommandEnded: {'returncode': 0}
[91.044160] (velodyne_gazebo_plugins) JobProgress: {'identifier': 'velodyne_gazebo_plugins', 'progress': 'install'}
[91.045559] (velodyne_gazebo_plugins) Command: {'cmd': ['/usr/bin/cmake', '--install', '/media/subham/85dce0f4-2e29-4540-9a32-801850cfcef6/subham/LidarMapping2.5D/build/velodyne_gazebo_plugins'], 'cwd': '/media/subham/85dce0f4-2e29-4540-9a32-801850cfcef6/subham/LidarMapping2.5D/build/velodyne_gazebo_plugins', 'env': OrderedDict([('LESSOPEN', '| /usr/bin/lesspipe %s'), ('GZ_SIM_RESOURCE_PATH', '/home/subham/subt_ws/src/subt_cave_sim/models:'), ('LANGUAGE', 'en_IN:en'), ('USER', 'subham'), ('XDG_SESSION_TYPE', 'wayland'), ('SHLVL', '1'), ('LD_LIBRARY_PATH', '/media/subham/85dce0f4-2e29-4540-9a32-801850cfcef6/subham/LidarMapping2.5D/install/velodyne_gazebo_plugins/lib:/media/subham/85dce0f4-2e29-4540-9a32-801850cfcef6/subham/LidarMapping2.5D/install/patchwork_plusplus/lib:/media/subham/85dce0f4-2e29-4540-9a32-801850cfcef6/subham/LidarMapping2.5D/install/jsk_recognition_msgs/lib:/media/subham/85dce0f4-2e29-4540-9a32-801850cfcef6/subham/LidarMapping2.5D/install/height_mapping_ros2/lib:/media/subham/85dce0f4-2e29-4540-9a32-801850cfcef6/subham/LidarMapping2.5D/install/height_mapping_core/lib:/home/subham/anvrit_ws/install/astra_camera/lib:/home/subham/anvrit_ws/install/astra_camera_msgs/lib:/home/subham/igvc/install/velodyne_gazebo_plugins/lib:/home/subham/colcon_ws/install/linkattacher_msgs/lib:/opt/ros/humble/opt/rviz_ogre_vendor/lib:/opt/ros/humble/lib/x86_64-linux-gnu:/opt/ros/humble/opt/openvdb_vendor/lib:/opt/ros/humble/lib'), ('HOME', '/home/subham'), ('OLDPWD', '/home/subham'), ('DESKTOP_SESSION', 'ubuntu'), ('NVM_BIN', '/home/subham/.nvm/versions/node/v24.19.0/bin'), ('NVM_INC', '/home/subham/.nvm/versions/node/v24.19.0/include/node'), ('ROS_PYTHON_VERSION', '3'), ('GNOME_SHELL_SESSION_MODE', 'ubuntu'), ('GTK_MODULES', 'gail:atk-bridge'), ('MANAGERPID', '2038'), ('MAKEFLAGS', '-j1'), ('SYSTEMD_EXEC_PID', '3268'), ('DBUS_SESSION_BUS_ADDRESS', 'unix:path=/run/user/1000/bus'), ('COLORTERM', 'truecolor'), ('TERMINATOR_DBUS_NAME', 'net.tenshu.Terminator25ef4b219e3b005583550f2b0f9f990c3'), ('GIO_LAUNCHED_DESKTOP_FILE_PID', '4348'), ('NVM_DIR', '/home/subham/.nvm'), ('IM_CONFIG_PHASE', '1'), ('WAYLAND_DISPLAY', 'wayland-0'), ('COLCON_PREFIX_PATH', '/media/subham/85dce0f4-2e29-4540-9a32-801850cfcef6/subham/LidarMapping2.5D/install:/home/subham/Edge_AI_for_ADAS_and_Autonomous_Systems/install:/home/subham/rover_ws/install:/home/subham/igvc/install:/home/subham/colcon_ws/install:/home/subham/anvrit_ws/install:/home/subham/omokai_ws/install'), ('ROS_DISTRO', 'humble'), ('LOGNAME', 'subham'), ('JOURNAL_STREAM', '8:22697'), ('_', '/usr/bin/colcon'), ('ROS_VERSION', '2'), ('PKG_CONFIG_PATH', '/media/subham/85dce0f4-2e29-4540-9a32-801850cfcef6/subham/LidarMapping2.5D/install/fastdem/lib/x86_64-linux-gnu/pkgconfig:/media/subham/85dce0f4-2e29-4540-9a32-801850cfcef6/subham/LidarMapping2.5D/install/fastdem/lib/pkgconfig'), ('XDG_SESSION_CLASS', 'user'), ('USERNAME', 'subham'), ('TERM', 'xterm-256color'), ('GAZEBO_MODEL_PATH', '/home/subham/gazebo_models:'), ('GNOME_DESKTOP_SESSION_ID', 'this-is-deprecated'), ('ONNXRUNTIME_ROOT', '/opt/ros/humble'), ('ROS_LOCALHOST_ONLY', '0'), ('PATH', '/home/subham/.nvm/versions/node/v24.19.0/bin:/opt/ros/humble/bin:/home/subham/.local/bin:/usr/local/sbin:/usr/local/bin:/usr/sbin:/usr/bin:/sbin:/bin:/usr/games:/usr/local/games:/snap/bin:/snap/bin'), ('SESSION_MANAGER', 'local/thirdly:@/tmp/.ICE-unix/2513,unix/thirdly:/tmp/.ICE-unix/2513'), ('INVOCATION_ID', '046ab86eab5f415aa50d51e791c411a3'), ('XDG_MENU_PREFIX', 'gnome-'), ('GNOME_SETUP_DISPLAY', ':1'), ('XDG_RUNTIME_DIR', '/run/user/1000'), ('DISPLAY', ':0'), ('TERMINATOR_DBUS_PATH', '/net/tenshu/Terminator2'), ('LANG', 'en_US.UTF-8'), ('XDG_CURRENT_DESKTOP', 'ubuntu:GNOME'), ('IBUS_DISABLE_SNOOPER', '1'), ('XMODIFIERS', '@im=ibus'), ('XDG_SESSION_DESKTOP', 'ubuntu'), ('XAUTHORITY', '/run/user/1000/.mutter-Xwaylandauth.L3IAW3'), ('LS_COLORS', 'rs=0:di=01;34:ln=01;36:mh=00:pi=40;33:so=01;35:do=01;35:bd=40;33;01:cd=40;33;01:or=40;31;01:mi=00:su=37;41:sg=30;43:ca=30;41:tw=30;42:ow=34;42:st=37;44:ex=01;32:*.tar=01;31:*.tgz=01;31:*.arc=01;31:*.arj=01;31:*.taz=01;31:*.lha=01;31:*.lz4=01;31:*.lzh=01;31:*.lzma=01;31:*.tlz=01;31:*.txz=01;31:*.tzo=01;31:*.t7z=01;31:*.zip=01;31:*.z=01;31:*.dz=01;31:*.gz=01;31:*.lrz=01;31:*.lz=01;31:*.lzo=01;31:*.xz=01;31:*.zst=01;31:*.tzst=01;31:*.bz2=01;31:*.bz=01;31:*.tbz=01;31:*.tbz2=01;31:*.tz=01;31:*.deb=01;31:*.rpm=01;31:*.jar=01;31:*.war=01;31:*.ear=01;31:*.sar=01;31:*.rar=01;31:*.alz=01;31:*.ace=01;31:*.zoo=01;31:*.cpio=01;31:*.7z=01;31:*.rz=01;31:*.cab=01;31:*.wim=01;31:*.swm=01;31:*.dwm=01;31:*.esd=01;31:*.jpg=01;35:*.jpeg=01;35:*.mjpg=01;35:*.mjpeg=01;35:*.gif=01;35:*.bmp=01;35:*.pbm=01;35:*.pgm=01;35:*.ppm=01;35:*.tga=01;35:*.xbm=01;35:*.xpm=01;35:*.tif=01;35:*.tiff=01;35:*.png=01;35:*.svg=01;35:*.svgz=01;35:*.mng=01;35:*.pcx=01;35:*.mov=01;35:*.mpg=01;35:*.mpeg=01;35:*.m2v=01;35:*.mkv=01;35:*.webm=01;35:*.webp=01;35:*.ogm=01;35:*.mp4=01;35:*.m4v=01;35:*.mp4v=01;35:*.vob=01;35:*.qt=01;35:*.nuv=01;35:*.wmv=01;35:*.asf=01;35:*.rm=01;35:*.rmvb=01;35:*.flc=01;35:*.avi=01;35:*.fli=01;35:*.flv=01;35:*.gl=01;35:*.dl=01;35:*.xcf=01;35:*.xwd=01;35:*.yuv=01;35:*.cgm=01;35:*.emf=01;35:*.ogv=01;35:*.ogx=01;35:*.aac=00;36:*.au=00;36:*.flac=00;36:*.m4a=00;36:*.mid=00;36:*.midi=00;36:*.mka=00;36:*.mp3=00;36:*.mpc=00;36:*.ogg=00;36:*.ra=00;36:*.wav=00;36:*.oga=00;36:*.opus=00;36:*.spx=00;36:*.xspf=00;36:'), ('SSH_AGENT_LAUNCHER', 'gnome-keyring'), ('SSH_AUTH_SOCK', '/run/user/1000/keyring/ssh'), ('ROS_DOMAIN_ID', '0'), ('AMENT_PREFIX_PATH', '/media/subham/85dce0f4-2e29-4540-9a32-801850cfcef6/subham/LidarMapping2.5D/install/segmentation_lidar:/media/subham/85dce0f4-2e29-4540-9a32-801850cfcef6/subham/LidarMapping2.5D/install/velodyne_simulator:/media/subham/85dce0f4-2e29-4540-9a32-801850cfcef6/subham/LidarMapping2.5D/install/velodyne_description:/media/subham/85dce0f4-2e29-4540-9a32-801850cfcef6/subham/LidarMapping2.5D/install/velodyne_gazebo_plugins:/media/subham/85dce0f4-2e29-4540-9a32-801850cfcef6/subham/LidarMapping2.5D/install/salsanext_ros2:/media/subham/85dce0f4-2e29-4540-9a32-801850cfcef6/subham/LidarMapping2.5D/install/patchwork_plusplus:/media/subham/85dce0f4-2e29-4540-9a32-801850cfcef6/subham/LidarMapping2.5D/install/lid_simulation:/media/subham/85dce0f4-2e29-4540-9a32-801850cfcef6/subham/LidarMapping2.5D/install/lid_description:/media/subham/85dce0f4-2e29-4540-9a32-801850cfcef6/subham/LidarMapping2.5D/install/jsk_recognition_msgs:/media/subham/85dce0f4-2e29-4540-9a32-801850cfcef6/subham/LidarMapping2.5D/install/height_mapping_ros2:/media/subham/85dce0f4-2e29-4540-9a32-801850cfcef6/subham/LidarMapping2.5D/install/height_mapping_core:/media/subham/85dce0f4-2e29-4540-9a32-801850cfcef6/subham/LidarMapping2.5D/install/fastdem_ros2:/home/subham/omokai_ws/install/llm_simulation:/home/subham/omokai_ws/install/llm_prompt:/home/subham/omokai_ws/install/llm_navigation:/home/subham/omokai_ws/install/llm_description:/home/subham/Edge_AI_for_ADAS_and_Autonomous_Systems/install/adas_simulation:/home/subham/Edge_AI_for_ADAS_and_Autonomous_Systems/install/adas_perception:/home/subham/Edge_AI_for_ADAS_and_Autonomous_Systems/install/adas_navigation:/home/subham/Edge_AI_for_ADAS_and_Autonomous_Systems/install/adas_description:/home/subham/rover_ws/install/rover_navigation:/home/subham/rover_ws/install/rover_gazebo:/home/subham/rover_ws/install/rover_description:/home/subham/rover_ws/install/rf2o_laser_odometry:/home/subham/anvrit_ws/install/rplidar_ros:/home/subham/anvrit_ws/install/astra_camera:/home/subham/anvrit_ws/install/astra_camera_msgs:/home/subham/anvrit_ws/install/anvrit_perception:/home/subham/anvrit_ws/install/anvrit_odometry:/home/subham/anvrit_ws/install/anvrit_nav2:/home/subham/anvrit_ws/install/anvrit_description:/home/subham/igvc/install/velodyne_simulator:/home/subham/igvc/install/velodyne_description:/home/subham/igvc/install/velodyne_gazebo_plugins:/home/subham/igvc/install/igvc_simulation:/home/subham/igvc/install/igvc_perception:/home/subham/igvc/install/igvc_navigation:/home/subham/igvc/install/igvc_description:/home/subham/colcon_ws/install/ur_simulation_gz:/home/subham/colcon_ws/install/ur_description:/home/subham/colcon_ws/install/ur5_control_2481:/home/subham/colcon_ws/install/s2481_ebot_description:/home/subham/colcon_ws/install/ros2ai:/home/subham/colcon_ws/install/linkattacher_msgs:/home/subham/colcon_ws/install/eyantra_warehouse:/home/subham/colcon_ws/install/ackerman_description:/opt/ros/humble'), ('SHELL', '/bin/bash'), ('TERMINATOR_UUID', 'urn:uuid:577dd51d-23b3-4139-a8c6-d610a5169a81'), ('QT_ACCESSIBILITY', '1'), ('GDMSESSION', 'ubuntu'), ('LESSCLOSE', '/usr/bin/lesspipe %s %s'), ('IGN_GAZEBO_RESOURCE_PATH', '/media/subham/85dce0f4-2e29-4540-9a32-801850cfcef6/subham/subt_ws/src/subt_cave_sim/models:/home/subham/subt_ws/src/subt_cave_sim/models:'), ('QT_IM_MODULE', 'ibus'), ('PWD', '/media/subham/85dce0f4-2e29-4540-9a32-801850cfcef6/subham/LidarMapping2.5D/build/velodyne_gazebo_plugins'), ('TURTLEBOT3_MODEL', 'burger'), ('LC_ALL', 'en_US.UTF-8'), ('XDG_CONFIG_DIRS', '/etc/xdg/xdg-ubuntu:/etc/xdg'), ('NVM_CD_FLAGS', ''), ('XDG_DATA_DIRS', '/usr/share/ubuntu:/usr/local/share/:/usr/share/:/var/lib/snapd/desktop'), ('PYTHONPATH', '/media/subham/85dce0f4-2e29-4540-9a32-801850cfcef6/subham/LidarMapping2.5D/install/jsk_recognition_msgs/local/lib/python3.10/dist-packages:/media/subham/85dce0f4-2e29-4540-9a32-801850cfcef6/subham/LidarMapping2.5D/install/height_mapping_ros2/local/lib/python3.10/dist-packages:/home/subham/omokai_ws/build/llm_navigation:/home/subham/omokai_ws/install/llm_navigation/lib/python3.10/site-packages:/home/subham/Edge_AI_for_ADAS_and_Autonomous_Systems/build/adas_perception:/home/subham/Edge_AI_for_ADAS_and_Autonomous_Systems/install/adas_perception/lib/python3.10/site-packages:/home/subham/Edge_AI_for_ADAS_and_Autonomous_Systems/build/adas_navigation:/home/subham/Edge_AI_for_ADAS_and_Autonomous_Systems/install/adas_navigation/lib/python3.10/site-packages:/home/subham/rover_ws/build/rover_navigation:/home/subham/rover_ws/install/rover_navigation/lib/python3.10/site-packages:/home/subham/anvrit_ws/install/astra_camera_msgs/local/lib/python3.10/dist-packages:/home/subham/anvrit_ws/install/anvrit_perception/lib/python3.10/site-packages:/home/subham/anvrit_ws/install/anvrit_odometry/lib/python3.10/site-packages:/home/subham/anvrit_ws/install/anvrit_nav2/lib/python3.10/site-packages:/home/subham/igvc/build/igvc_perception:/home/subham/igvc/install/igvc_perception/lib/python3.10/site-packages:/home/subham/igvc/build/igvc_navigation:/home/subham/igvc/install/igvc_navigation/lib/python3.10/site-packages:/home/subham/colcon_ws/build/ros2ai:/home/subham/colcon_ws/install/ros2ai/lib/python3.10/site-packages:/home/subham/colcon_ws/install/linkattacher_msgs/local/lib/python3.10/dist-packages:/opt/ros/humble/lib/python3.10/site-packages:/opt/ros/humble/local/lib/python3.10/dist-packages'), ('COLCON', '1'), ('VTE_VERSION', '6800'), ('CMAKE_PREFIX_PATH', '/media/subham/85dce0f4-2e29-4540-9a32-801850cfcef6/subham/LidarMapping2.5D/install/segmentation_lidar:/media/subham/85dce0f4-2e29-4540-9a32-801850cfcef6/subham/LidarMapping2.5D/install/velodyne_simulator:/media/subham/85dce0f4-2e29-4540-9a32-801850cfcef6/subham/LidarMapping2.5D/install/velodyne_description:/media/subham/85dce0f4-2e29-4540-9a32-801850cfcef6/subham/LidarMapping2.5D/install/velodyne_gazebo_plugins:/media/subham/85dce0f4-2e29-4540-9a32-801850cfcef6/subham/LidarMapping2.5D/install/salsanext_ros2:/media/subham/85dce0f4-2e29-4540-9a32-801850cfcef6/subham/LidarMapping2.5D/install/patchwork_plusplus:/media/subham/85dce0f4-2e29-4540-9a32-801850cfcef6/subham/LidarMapping2.5D/install/lid_simulation:/media/subham/85dce0f4-2e29-4540-9a32-801850cfcef6/subham/LidarMapping2.5D/install/lid_description:/media/subham/85dce0f4-2e29-4540-9a32-801850cfcef6/subham/LidarMapping2.5D/install/jsk_recognition_msgs:/media/subham/85dce0f4-2e29-4540-9a32-801850cfcef6/subham/LidarMapping2.5D/install/height_mapping_ros2:/media/subham/85dce0f4-2e29-4540-9a32-801850cfcef6/subham/LidarMapping2.5D/install/height_mapping_core:/media/subham/85dce0f4-2e29-4540-9a32-801850cfcef6/subham/LidarMapping2.5D/install/fastdem_ros2:/media/subham/85dce0f4-2e29-4540-9a32-801850cfcef6/subham/LidarMapping2.5D/install/fastdem:/home/subham/omokai_ws/install/llm_simulation:/home/subham/omokai_ws/install/llm_prompt:/home/subham/omokai_ws/install/llm_description:/home/subham/Edge_AI_for_ADAS_and_Autonomous_Systems/install/adas_simulation:/home/subham/Edge_AI_for_ADAS_and_Autonomous_Systems/install/adas_description:/home/subham/rover_ws/install/rover_gazebo:/home/subham/rover_ws/install/rover_description:/home/subham/rover_ws/install/rf2o_laser_odometry:/home/subham/anvrit_ws/install/rplidar_ros:/home/subham/anvrit_ws/install/astra_camera:/home/subham/anvrit_ws/install/astra_camera_msgs:/home/subham/anvrit_ws/install/anvrit_description:/home/subham/igvc/install/velodyne_simulator:/home/subham/igvc/install/velodyne_description:/home/subham/igvc/install/velodyne_gazebo_plugins:/home/subham/igvc/install/igvc_simulation:/home/subham/igvc/install/igvc_description:/home/subham/colcon_ws/install/ur_simulation_gz:/home/subham/colcon_ws/install/ur_description:/home/subham/colcon_ws/install/ur5_control_2481:/home/subham/colcon_ws/install/s2481_ebot_description:/home/subham/colcon_ws/install/linkattacher_msgs:/home/subham/colcon_ws/install/eyantra_warehouse:/home/subham/colcon_ws/install/ackerman_description:/home/subham/omokai_ws/install/llm_navigation:/home/subham/Edge_AI_for_ADAS_and_Autonomous_Systems/install/adas_perception:/home/subham/Edge_AI_for_ADAS_and_Autonomous_Systems/install/adas_navigation:/home/subham/rover_ws/install/rover_navigation:/home/subham/anvrit_ws/install/anvrit_perception:/home/subham/anvrit_ws/install/anvrit_odometry:/home/subham/anvrit_ws/install/anvrit_nav2:/home/subham/igvc/install/igvc_perception:/home/subham/igvc/install/igvc_navigation:/home/subham/colcon_ws/install/ros2ai:/opt/ros/humble')]), 'shell': False}
[91.054107] (velodyne_gazebo_plugins) StdoutLine: {'line': b'-- Install configuration: ""\n'}
[91.054572] (velodyne_gazebo_plugins) StdoutLine: {'line': b'-- Execute custom install script\n'}
[91.054905] (velodyne_gazebo_plugins) StdoutLine: {'line': b'-- Symlinking: /media/subham/85dce0f4-2e29-4540-9a32-801850cfcef6/subham/LidarMapping2.5D/install/velodyne_gazebo_plugins/lib/libVelodyneLidarSystem.so\n'}
[91.067713] (velodyne_gazebo_plugins) StdoutLine: {'line': b'-- Symlinking: /media/subham/85dce0f4-2e29-4540-9a32-801850cfcef6/subham/LidarMapping2.5D/install/velodyne_gazebo_plugins/include/velodyne_gazebo_plugins/GazeboRosVelodyneLaser.h\n'}
[91.080589] (velodyne_gazebo_plugins) StdoutLine: {'line': b'-- Symlinking: /media/subham/85dce0f4-2e29-4540-9a32-801850cfcef6/subham/LidarMapping2.5D/install/velodyne_gazebo_plugins/include/velodyne_gazebo_plugins/VelodyneLidarSystem.hpp\n'}
[91.081761] (-) TimerEvent: {}
[91.094318] (velodyne_gazebo_plugins) StdoutLine: {'line': b'-- Symlinking: /media/subham/85dce0f4-2e29-4540-9a32-801850cfcef6/subham/LidarMapping2.5D/install/velodyne_gazebo_plugins/share/velodyne_gazebo_plugins/config/velodyne_controller.yaml\n'}
[91.106826] (velodyne_gazebo_plugins) StdoutLine: {'line': b'-- Symlinking: /media/subham/85dce0f4-2e29-4540-9a32-801850cfcef6/subham/LidarMapping2.5D/install/velodyne_gazebo_plugins/share/velodyne_gazebo_plugins/config/velodyne_controller_ros2.yaml\n'}
[91.119615] (velodyne_gazebo_plugins) StdoutLine: {'line': b'-- Symlinking: /media/subham/85dce0f4-2e29-4540-9a32-801850cfcef6/subham/LidarMapping2.5D/install/velodyne_gazebo_plugins/share/velodyne_gazebo_plugins/launch/velodyne_controller.launch\n'}
[91.131746] (velodyne_gazebo_plugins) StdoutLine: {'line': b'-- Symlinking: /media/subham/85dce0f4-2e29-4540-9a32-801850cfcef6/subham/LidarMapping2.5D/install/velodyne_gazebo_plugins/share/velodyne_gazebo_plugins/environment/library_path.sh\n'}
[91.143574] (velodyne_gazebo_plugins) StdoutLine: {'line': b'-- Symlinking: /media/subham/85dce0f4-2e29-4540-9a32-801850cfcef6/subham/LidarMapping2.5D/install/velodyne_gazebo_plugins/share/velodyne_gazebo_plugins/environment/library_path.dsv\n'}
[91.156767] (velodyne_gazebo_plugins) StdoutLine: {'line': b'-- Symlinking: /media/subham/85dce0f4-2e29-4540-9a32-801850cfcef6/subham/LidarMapping2.5D/install/velodyne_gazebo_plugins/share/ament_index/resource_index/package_run_dependencies/velodyne_gazebo_plugins\n'}
[91.168676] (velodyne_gazebo_plugins) StdoutLine: {'line': b'-- Symlinking: /media/subham/85dce0f4-2e29-4540-9a32-801850cfcef6/subham/LidarMapping2.5D/install/velodyne_gazebo_plugins/share/ament_index/resource_index/parent_prefix_path/velodyne_gazebo_plugins\n'}
[91.180356] (velodyne_gazebo_plugins) StdoutLine: {'line': b'-- Symlinking: /media/subham/85dce0f4-2e29-4540-9a32-801850cfcef6/subham/LidarMapping2.5D/install/velodyne_gazebo_plugins/share/velodyne_gazebo_plugins/environment/ament_prefix_path.sh\n'}
[91.181885] (-) TimerEvent: {}
[91.192626] (velodyne_gazebo_plugins) StdoutLine: {'line': b'-- Symlinking: /media/subham/85dce0f4-2e29-4540-9a32-801850cfcef6/subham/LidarMapping2.5D/install/velodyne_gazebo_plugins/share/velodyne_gazebo_plugins/environment/ament_prefix_path.dsv\n'}
[91.204502] (velodyne_gazebo_plugins) StdoutLine: {'line': b'-- Symlinking: /media/subham/85dce0f4-2e29-4540-9a32-801850cfcef6/subham/LidarMapping2.5D/install/velodyne_gazebo_plugins/share/velodyne_gazebo_plugins/environment/path.sh\n'}
[91.216805] (velodyne_gazebo_plugins) StdoutLine: {'line': b'-- Symlinking: /media/subham/85dce0f4-2e29-4540-9a32-801850cfcef6/subham/LidarMapping2.5D/install/velodyne_gazebo_plugins/share/velodyne_gazebo_plugins/environment/path.dsv\n'}
[91.228442] (velodyne_gazebo_plugins) StdoutLine: {'line': b'-- Symlinking: /media/subham/85dce0f4-2e29-4540-9a32-801850cfcef6/subham/LidarMapping2.5D/install/velodyne_gazebo_plugins/share/velodyne_gazebo_plugins/local_setup.bash\n'}
[91.241140] (velodyne_gazebo_plugins) StdoutLine: {'line': b'-- Symlinking: /media/subham/85dce0f4-2e29-4540-9a32-801850cfcef6/subham/LidarMapping2.5D/install/velodyne_gazebo_plugins/share/velodyne_gazebo_plugins/local_setup.sh\n'}
[91.254665] (velodyne_gazebo_plugins) StdoutLine: {'line': b'-- Symlinking: /media/subham/85dce0f4-2e29-4540-9a32-801850cfcef6/subham/LidarMapping2.5D/install/velodyne_gazebo_plugins/share/velodyne_gazebo_plugins/local_setup.zsh\n'}
[91.267309] (velodyne_gazebo_plugins) StdoutLine: {'line': b'-- Symlinking: /media/subham/85dce0f4-2e29-4540-9a32-801850cfcef6/subham/LidarMapping2.5D/install/velodyne_gazebo_plugins/share/velodyne_gazebo_plugins/local_setup.dsv\n'}
[91.279105] (velodyne_gazebo_plugins) StdoutLine: {'line': b'-- Symlinking: /media/subham/85dce0f4-2e29-4540-9a32-801850cfcef6/subham/LidarMapping2.5D/install/velodyne_gazebo_plugins/share/velodyne_gazebo_plugins/package.dsv\n'}
[91.282000] (-) TimerEvent: {}
[91.291328] (velodyne_gazebo_plugins) StdoutLine: {'line': b'-- Symlinking: /media/subham/85dce0f4-2e29-4540-9a32-801850cfcef6/subham/LidarMapping2.5D/install/velodyne_gazebo_plugins/share/ament_index/resource_index/packages/velodyne_gazebo_plugins\n'}
[91.304227] (velodyne_gazebo_plugins) StdoutLine: {'line': b'-- Symlinking: /media/subham/85dce0f4-2e29-4540-9a32-801850cfcef6/subham/LidarMapping2.5D/install/velodyne_gazebo_plugins/share/velodyne_gazebo_plugins/cmake/ament_cmake_export_include_directories-extras.cmake\n'}
[91.315979] (velodyne_gazebo_plugins) StdoutLine: {'line': b'-- Symlinking: /media/subham/85dce0f4-2e29-4540-9a32-801850cfcef6/subham/LidarMapping2.5D/install/velodyne_gazebo_plugins/share/velodyne_gazebo_plugins/cmake/ament_cmake_export_libraries-extras.cmake\n'}
[91.327647] (velodyne_gazebo_plugins) StdoutLine: {'line': b'-- Symlinking: /media/subham/85dce0f4-2e29-4540-9a32-801850cfcef6/subham/LidarMapping2.5D/install/velodyne_gazebo_plugins/share/velodyne_gazebo_plugins/cmake/ament_cmake_export_dependencies-extras.cmake\n'}
[91.338785] (velodyne_gazebo_plugins) StdoutLine: {'line': b'-- Symlinking: /media/subham/85dce0f4-2e29-4540-9a32-801850cfcef6/subham/LidarMapping2.5D/install/velodyne_gazebo_plugins/share/velodyne_gazebo_plugins/cmake/velodyne_gazebo_pluginsConfig.cmake\n'}
[91.350364] (velodyne_gazebo_plugins) StdoutLine: {'line': b'-- Symlinking: /media/subham/85dce0f4-2e29-4540-9a32-801850cfcef6/subham/LidarMapping2.5D/install/velodyne_gazebo_plugins/share/velodyne_gazebo_plugins/cmake/velodyne_gazebo_pluginsConfig-version.cmake\n'}
[91.361757] (velodyne_gazebo_plugins) StdoutLine: {'line': b'-- Symlinking: /media/subham/85dce0f4-2e29-4540-9a32-801850cfcef6/subham/LidarMapping2.5D/install/velodyne_gazebo_plugins/share/velodyne_gazebo_plugins/package.xml\n'}
[91.377723] (velodyne_gazebo_plugins) CommandEnded: {'returncode': 0}
[91.382390] (-) TimerEvent: {}
[91.391513] (velodyne_gazebo_plugins) JobEnded: {'identifier': 'velodyne_gazebo_plugins', 'rc': 0}
[91.391977] (fastdem_ros) JobStarted: {'identifier': 'fastdem_ros'}
[91.406133] (fastdem_ros) JobProgress: {'identifier': 'fastdem_ros', 'progress': 'cmake'}
[91.407007] (fastdem_ros) Command: {'cmd': ['/usr/bin/cmake', '/media/subham/85dce0f4-2e29-4540-9a32-801850cfcef6/subham/LidarMapping2.5D/src/FastDEM/ros1', '-DCATKIN_INSTALL_INTO_PREFIX_ROOT=0', '-DCATKIN_SYMLINK_INSTALL=ON', '-DCMAKE_INSTALL_PREFIX=/media/subham/85dce0f4-2e29-4540-9a32-801850cfcef6/subham/LidarMapping2.5D/install/fastdem_ros'], 'cwd': '/media/subham/85dce0f4-2e29-4540-9a32-801850cfcef6/subham/LidarMapping2.5D/build/fastdem_ros', 'env': OrderedDict([('LESSOPEN', '| /usr/bin/lesspipe %s'), ('GZ_SIM_RESOURCE_PATH', '/home/subham/subt_ws/src/subt_cave_sim/models:'), ('LANGUAGE', 'en_IN:en'), ('USER', 'subham'), ('XDG_SESSION_TYPE', 'wayland'), ('SHLVL', '1'), ('LD_LIBRARY_PATH', '/media/subham/85dce0f4-2e29-4540-9a32-801850cfcef6/subham/LidarMapping2.5D/install/velodyne_gazebo_plugins/lib:/media/subham/85dce0f4-2e29-4540-9a32-801850cfcef6/subham/LidarMapping2.5D/install/patchwork_plusplus/lib:/media/subham/85dce0f4-2e29-4540-9a32-801850cfcef6/subham/LidarMapping2.5D/install/jsk_recognition_msgs/lib:/media/subham/85dce0f4-2e29-4540-9a32-801850cfcef6/subham/LidarMapping2.5D/install/height_mapping_ros2/lib:/media/subham/85dce0f4-2e29-4540-9a32-801850cfcef6/subham/LidarMapping2.5D/install/height_mapping_core/lib:/home/subham/anvrit_ws/install/astra_camera/lib:/home/subham/anvrit_ws/install/astra_camera_msgs/lib:/home/subham/igvc/install/velodyne_gazebo_plugins/lib:/home/subham/colcon_ws/install/linkattacher_msgs/lib:/opt/ros/humble/opt/rviz_ogre_vendor/lib:/opt/ros/humble/lib/x86_64-linux-gnu:/opt/ros/humble/opt/openvdb_vendor/lib:/opt/ros/humble/lib'), ('HOME', '/home/subham'), ('OLDPWD', '/home/subham'), ('DESKTOP_SESSION', 'ubuntu'), ('NVM_BIN', '/home/subham/.nvm/versions/node/v24.19.0/bin'), ('NVM_INC', '/home/subham/.nvm/versions/node/v24.19.0/include/node'), ('ROS_PYTHON_VERSION', '3'), ('GNOME_SHELL_SESSION_MODE', 'ubuntu'), ('GTK_MODULES', 'gail:atk-bridge'), ('MANAGERPID', '2038'), ('MAKEFLAGS', '-j1'), ('SYSTEMD_EXEC_PID', '3268'), ('DBUS_SESSION_BUS_ADDRESS', 'unix:path=/run/user/1000/bus'), ('COLORTERM', 'truecolor'), ('TERMINATOR_DBUS_NAME', 'net.tenshu.Terminator25ef4b219e3b005583550f2b0f9f990c3'), ('GIO_LAUNCHED_DESKTOP_FILE_PID', '4348'), ('NVM_DIR', '/home/subham/.nvm'), ('IM_CONFIG_PHASE', '1'), ('WAYLAND_DISPLAY', 'wayland-0'), ('COLCON_PREFIX_PATH', '/media/subham/85dce0f4-2e29-4540-9a32-801850cfcef6/subham/LidarMapping2.5D/install:/home/subham/Edge_AI_for_ADAS_and_Autonomous_Systems/install:/home/subham/rover_ws/install:/home/subham/igvc/install:/home/subham/colcon_ws/install:/home/subham/anvrit_ws/install:/home/subham/omokai_ws/install'), ('ROS_DISTRO', 'humble'), ('LOGNAME', 'subham'), ('JOURNAL_STREAM', '8:22697'), ('_', '/usr/bin/colcon'), ('ROS_VERSION', '2'), ('PKG_CONFIG_PATH', '/media/subham/85dce0f4-2e29-4540-9a32-801850cfcef6/subham/LidarMapping2.5D/install/fastdem/lib/x86_64-linux-gnu/pkgconfig:/media/subham/85dce0f4-2e29-4540-9a32-801850cfcef6/subham/LidarMapping2.5D/install/fastdem/lib/pkgconfig'), ('XDG_SESSION_CLASS', 'user'), ('USERNAME', 'subham'), ('TERM', 'xterm-256color'), ('GAZEBO_MODEL_PATH', '/home/subham/gazebo_models:'), ('GNOME_DESKTOP_SESSION_ID', 'this-is-deprecated'), ('ONNXRUNTIME_ROOT', '/opt/ros/humble'), ('ROS_LOCALHOST_ONLY', '0'), ('PATH', '/home/subham/.nvm/versions/node/v24.19.0/bin:/opt/ros/humble/bin:/home/subham/.local/bin:/usr/local/sbin:/usr/local/bin:/usr/sbin:/usr/bin:/sbin:/bin:/usr/games:/usr/local/games:/snap/bin:/snap/bin'), ('SESSION_MANAGER', 'local/thirdly:@/tmp/.ICE-unix/2513,unix/thirdly:/tmp/.ICE-unix/2513'), ('INVOCATION_ID', '046ab86eab5f415aa50d51e791c411a3'), ('XDG_MENU_PREFIX', 'gnome-'), ('GNOME_SETUP_DISPLAY', ':1'), ('XDG_RUNTIME_DIR', '/run/user/1000'), ('DISPLAY', ':0'), ('TERMINATOR_DBUS_PATH', '/net/tenshu/Terminator2'), ('LANG', 'en_US.UTF-8'), ('XDG_CURRENT_DESKTOP', 'ubuntu:GNOME'), ('IBUS_DISABLE_SNOOPER', '1'), ('XMODIFIERS', '@im=ibus'), ('XDG_SESSION_DESKTOP', 'ubuntu'), ('XAUTHORITY', '/run/user/1000/.mutter-Xwaylandauth.L3IAW3'), ('LS_COLORS', 'rs=0:di=01;34:ln=01;36:mh=00:pi=40;33:so=01;35:do=01;35:bd=40;33;01:cd=40;33;01:or=40;31;01:mi=00:su=37;41:sg=30;43:ca=30;41:tw=30;42:ow=34;42:st=37;44:ex=01;32:*.tar=01;31:*.tgz=01;31:*.arc=01;31:*.arj=01;31:*.taz=01;31:*.lha=01;31:*.lz4=01;31:*.lzh=01;31:*.lzma=01;31:*.tlz=01;31:*.txz=01;31:*.tzo=01;31:*.t7z=01;31:*.zip=01;31:*.z=01;31:*.dz=01;31:*.gz=01;31:*.lrz=01;31:*.lz=01;31:*.lzo=01;31:*.xz=01;31:*.zst=01;31:*.tzst=01;31:*.bz2=01;31:*.bz=01;31:*.tbz=01;31:*.tbz2=01;31:*.tz=01;31:*.deb=01;31:*.rpm=01;31:*.jar=01;31:*.war=01;31:*.ear=01;31:*.sar=01;31:*.rar=01;31:*.alz=01;31:*.ace=01;31:*.zoo=01;31:*.cpio=01;31:*.7z=01;31:*.rz=01;31:*.cab=01;31:*.wim=01;31:*.swm=01;31:*.dwm=01;31:*.esd=01;31:*.jpg=01;35:*.jpeg=01;35:*.mjpg=01;35:*.mjpeg=01;35:*.gif=01;35:*.bmp=01;35:*.pbm=01;35:*.pgm=01;35:*.ppm=01;35:*.tga=01;35:*.xbm=01;35:*.xpm=01;35:*.tif=01;35:*.tiff=01;35:*.png=01;35:*.svg=01;35:*.svgz=01;35:*.mng=01;35:*.pcx=01;35:*.mov=01;35:*.mpg=01;35:*.mpeg=01;35:*.m2v=01;35:*.mkv=01;35:*.webm=01;35:*.webp=01;35:*.ogm=01;35:*.mp4=01;35:*.m4v=01;35:*.mp4v=01;35:*.vob=01;35:*.qt=01;35:*.nuv=01;35:*.wmv=01;35:*.asf=01;35:*.rm=01;35:*.rmvb=01;35:*.flc=01;35:*.avi=01;35:*.fli=01;35:*.flv=01;35:*.gl=01;35:*.dl=01;35:*.xcf=01;35:*.xwd=01;35:*.yuv=01;35:*.cgm=01;35:*.emf=01;35:*.ogv=01;35:*.ogx=01;35:*.aac=00;36:*.au=00;36:*.flac=00;36:*.m4a=00;36:*.mid=00;36:*.midi=00;36:*.mka=00;36:*.mp3=00;36:*.mpc=00;36:*.ogg=00;36:*.ra=00;36:*.wav=00;36:*.oga=00;36:*.opus=00;36:*.spx=00;36:*.xspf=00;36:'), ('SSH_AGENT_LAUNCHER', 'gnome-keyring'), ('SSH_AUTH_SOCK', '/run/user/1000/keyring/ssh'), ('ROS_DOMAIN_ID', '0'), ('AMENT_PREFIX_PATH', '/media/subham/85dce0f4-2e29-4540-9a32-801850cfcef6/subham/LidarMapping2.5D/install/segmentation_lidar:/media/subham/85dce0f4-2e29-4540-9a32-801850cfcef6/subham/LidarMapping2.5D/install/velodyne_simulator:/media/subham/85dce0f4-2e29-4540-9a32-801850cfcef6/subham/LidarMapping2.5D/install/velodyne_description:/media/subham/85dce0f4-2e29-4540-9a32-801850cfcef6/subham/LidarMapping2.5D/install/velodyne_gazebo_plugins:/media/subham/85dce0f4-2e29-4540-9a32-801850cfcef6/subham/LidarMapping2.5D/install/salsanext_ros2:/media/subham/85dce0f4-2e29-4540-9a32-801850cfcef6/subham/LidarMapping2.5D/install/patchwork_plusplus:/media/subham/85dce0f4-2e29-4540-9a32-801850cfcef6/subham/LidarMapping2.5D/install/lid_simulation:/media/subham/85dce0f4-2e29-4540-9a32-801850cfcef6/subham/LidarMapping2.5D/install/lid_description:/media/subham/85dce0f4-2e29-4540-9a32-801850cfcef6/subham/LidarMapping2.5D/install/jsk_recognition_msgs:/media/subham/85dce0f4-2e29-4540-9a32-801850cfcef6/subham/LidarMapping2.5D/install/height_mapping_ros2:/media/subham/85dce0f4-2e29-4540-9a32-801850cfcef6/subham/LidarMapping2.5D/install/height_mapping_core:/media/subham/85dce0f4-2e29-4540-9a32-801850cfcef6/subham/LidarMapping2.5D/install/fastdem_ros2:/home/subham/omokai_ws/install/llm_simulation:/home/subham/omokai_ws/install/llm_prompt:/home/subham/omokai_ws/install/llm_navigation:/home/subham/omokai_ws/install/llm_description:/home/subham/Edge_AI_for_ADAS_and_Autonomous_Systems/install/adas_simulation:/home/subham/Edge_AI_for_ADAS_and_Autonomous_Systems/install/adas_perception:/home/subham/Edge_AI_for_ADAS_and_Autonomous_Systems/install/adas_navigation:/home/subham/Edge_AI_for_ADAS_and_Autonomous_Systems/install/adas_description:/home/subham/rover_ws/install/rover_navigation:/home/subham/rover_ws/install/rover_gazebo:/home/subham/rover_ws/install/rover_description:/home/subham/rover_ws/install/rf2o_laser_odometry:/home/subham/anvrit_ws/install/rplidar_ros:/home/subham/anvrit_ws/install/astra_camera:/home/subham/anvrit_ws/install/astra_camera_msgs:/home/subham/anvrit_ws/install/anvrit_perception:/home/subham/anvrit_ws/install/anvrit_odometry:/home/subham/anvrit_ws/install/anvrit_nav2:/home/subham/anvrit_ws/install/anvrit_description:/home/subham/igvc/install/velodyne_simulator:/home/subham/igvc/install/velodyne_description:/home/subham/igvc/install/velodyne_gazebo_plugins:/home/subham/igvc/install/igvc_simulation:/home/subham/igvc/install/igvc_perception:/home/subham/igvc/install/igvc_navigation:/home/subham/igvc/install/igvc_description:/home/subham/colcon_ws/install/ur_simulation_gz:/home/subham/colcon_ws/install/ur_description:/home/subham/colcon_ws/install/ur5_control_2481:/home/subham/colcon_ws/install/s2481_ebot_description:/home/subham/colcon_ws/install/ros2ai:/home/subham/colcon_ws/install/linkattacher_msgs:/home/subham/colcon_ws/install/eyantra_warehouse:/home/subham/colcon_ws/install/ackerman_description:/opt/ros/humble'), ('SHELL', '/bin/bash'), ('TERMINATOR_UUID', 'urn:uuid:577dd51d-23b3-4139-a8c6-d610a5169a81'), ('QT_ACCESSIBILITY', '1'), ('GDMSESSION', 'ubuntu'), ('LESSCLOSE', '/usr/bin/lesspipe %s %s'), ('IGN_GAZEBO_RESOURCE_PATH', '/media/subham/85dce0f4-2e29-4540-9a32-801850cfcef6/subham/subt_ws/src/subt_cave_sim/models:/home/subham/subt_ws/src/subt_cave_sim/models:'), ('QT_IM_MODULE', 'ibus'), ('PWD', '/media/subham/85dce0f4-2e29-4540-9a32-801850cfcef6/subham/LidarMapping2.5D/build/fastdem_ros'), ('TURTLEBOT3_MODEL', 'burger'), ('LC_ALL', 'en_US.UTF-8'), ('XDG_CONFIG_DIRS', '/etc/xdg/xdg-ubuntu:/etc/xdg'), ('NVM_CD_FLAGS', ''), ('XDG_DATA_DIRS', '/usr/share/ubuntu:/usr/local/share/:/usr/share/:/var/lib/snapd/desktop'), ('PYTHONPATH', '/media/subham/85dce0f4-2e29-4540-9a32-801850cfcef6/subham/LidarMapping2.5D/install/jsk_recognition_msgs/local/lib/python3.10/dist-packages:/media/subham/85dce0f4-2e29-4540-9a32-801850cfcef6/subham/LidarMapping2.5D/install/height_mapping_ros2/local/lib/python3.10/dist-packages:/home/subham/omokai_ws/build/llm_navigation:/home/subham/omokai_ws/install/llm_navigation/lib/python3.10/site-packages:/home/subham/Edge_AI_for_ADAS_and_Autonomous_Systems/build/adas_perception:/home/subham/Edge_AI_for_ADAS_and_Autonomous_Systems/install/adas_perception/lib/python3.10/site-packages:/home/subham/Edge_AI_for_ADAS_and_Autonomous_Systems/build/adas_navigation:/home/subham/Edge_AI_for_ADAS_and_Autonomous_Systems/install/adas_navigation/lib/python3.10/site-packages:/home/subham/rover_ws/build/rover_navigation:/home/subham/rover_ws/install/rover_navigation/lib/python3.10/site-packages:/home/subham/anvrit_ws/install/astra_camera_msgs/local/lib/python3.10/dist-packages:/home/subham/anvrit_ws/install/anvrit_perception/lib/python3.10/site-packages:/home/subham/anvrit_ws/install/anvrit_odometry/lib/python3.10/site-packages:/home/subham/anvrit_ws/install/anvrit_nav2/lib/python3.10/site-packages:/home/subham/igvc/build/igvc_perception:/home/subham/igvc/install/igvc_perception/lib/python3.10/site-packages:/home/subham/igvc/build/igvc_navigation:/home/subham/igvc/install/igvc_navigation/lib/python3.10/site-packages:/home/subham/colcon_ws/build/ros2ai:/home/subham/colcon_ws/install/ros2ai/lib/python3.10/site-packages:/home/subham/colcon_ws/install/linkattacher_msgs/local/lib/python3.10/dist-packages:/opt/ros/humble/lib/python3.10/site-packages:/opt/ros/humble/local/lib/python3.10/dist-packages'), ('COLCON', '1'), ('VTE_VERSION', '6800'), ('CMAKE_PREFIX_PATH', '/media/subham/85dce0f4-2e29-4540-9a32-801850cfcef6/subham/LidarMapping2.5D/install/fastdem:/media/subham/85dce0f4-2e29-4540-9a32-801850cfcef6/subham/LidarMapping2.5D/install/segmentation_lidar:/media/subham/85dce0f4-2e29-4540-9a32-801850cfcef6/subham/LidarMapping2.5D/install/velodyne_simulator:/media/subham/85dce0f4-2e29-4540-9a32-801850cfcef6/subham/LidarMapping2.5D/install/velodyne_description:/media/subham/85dce0f4-2e29-4540-9a32-801850cfcef6/subham/LidarMapping2.5D/install/velodyne_gazebo_plugins:/media/subham/85dce0f4-2e29-4540-9a32-801850cfcef6/subham/LidarMapping2.5D/install/salsanext_ros2:/media/subham/85dce0f4-2e29-4540-9a32-801850cfcef6/subham/LidarMapping2.5D/install/patchwork_plusplus:/media/subham/85dce0f4-2e29-4540-9a32-801850cfcef6/subham/LidarMapping2.5D/install/lid_simulation:/media/subham/85dce0f4-2e29-4540-9a32-801850cfcef6/subham/LidarMapping2.5D/install/lid_description:/media/subham/85dce0f4-2e29-4540-9a32-801850cfcef6/subham/LidarMapping2.5D/install/jsk_recognition_msgs:/media/subham/85dce0f4-2e29-4540-9a32-801850cfcef6/subham/LidarMapping2.5D/install/height_mapping_ros2:/media/subham/85dce0f4-2e29-4540-9a32-801850cfcef6/subham/LidarMapping2.5D/install/height_mapping_core:/media/subham/85dce0f4-2e29-4540-9a32-801850cfcef6/subham/LidarMapping2.5D/install/fastdem_ros2:/home/subham/omokai_ws/install/llm_simulation:/home/subham/omokai_ws/install/llm_prompt:/home/subham/omokai_ws/install/llm_description:/home/subham/Edge_AI_for_ADAS_and_Autonomous_Systems/install/adas_simulation:/home/subham/Edge_AI_for_ADAS_and_Autonomous_Systems/install/adas_description:/home/subham/rover_ws/install/rover_gazebo:/home/subham/rover_ws/install/rover_description:/home/subham/rover_ws/install/rf2o_laser_odometry:/home/subham/anvrit_ws/install/rplidar_ros:/home/subham/anvrit_ws/install/astra_camera:/home/subham/anvrit_ws/install/astra_camera_msgs:/home/subham/anvrit_ws/install/anvrit_description:/home/subham/igvc/install/velodyne_simulator:/home/subham/igvc/install/velodyne_description:/home/subham/igvc/install/velodyne_gazebo_plugins:/home/subham/igvc/install/igvc_simulation:/home/subham/igvc/install/igvc_description:/home/subham/colcon_ws/install/ur_simulation_gz:/home/subham/colcon_ws/install/ur_description:/home/subham/colcon_ws/install/ur5_control_2481:/home/subham/colcon_ws/install/s2481_ebot_description:/home/subham/colcon_ws/install/linkattacher_msgs:/home/subham/colcon_ws/install/eyantra_warehouse:/home/subham/colcon_ws/install/ackerman_description')]), 'shell': False}
[91.479346] (fastdem_ros) StdoutLine: {'line': b'-- The C compiler identification is GNU 11.4.0\n'}
[91.482504] (-) TimerEvent: {}
[91.542792] (fastdem_ros) StdoutLine: {'line': b'-- The CXX compiler identification is GNU 11.4.0\n'}
[91.552337] (fastdem_ros) StdoutLine: {'line': b'-- Detecting C compiler ABI info\n'}
[91.582669] (-) TimerEvent: {}
[91.643599] (fastdem_ros) StdoutLine: {'line': b'-- Detecting C compiler ABI info - done\n'}
[91.650075] (fastdem_ros) StdoutLine: {'line': b'-- Check for working C compiler: /usr/bin/cc - skipped\n'}
[91.650356] (fastdem_ros) StdoutLine: {'line': b'-- Detecting C compile features\n'}
[91.650669] (fastdem_ros) StdoutLine: {'line': b'-- Detecting C compile features - done\n'}
[91.653251] (fastdem_ros) StdoutLine: {'line': b'-- Detecting CXX compiler ABI info\n'}
[91.682910] (-) TimerEvent: {}
[91.761157] (fastdem_ros) StdoutLine: {'line': b'-- Detecting CXX compiler ABI info - done\n'}
[91.767906] (fastdem_ros) StdoutLine: {'line': b'-- Check for working CXX compiler: /usr/bin/c++ - skipped\n'}
[91.768219] (fastdem_ros) StdoutLine: {'line': b'-- Detecting CXX compile features\n'}
[91.768569] (fastdem_ros) StdoutLine: {'line': b'-- Detecting CXX compile features - done\n'}
[91.783005] (-) TimerEvent: {}
[91.787026] (fastdem_ros) StderrLine: {'line': b'\x1b[31mCMake Error at CMakeLists.txt:12 (find_package):\n'}
[91.787477] (fastdem_ros) StderrLine: {'line': b'  By not providing "Findcatkin.cmake" in CMAKE_MODULE_PATH this project has\n'}
[91.787609] (fastdem_ros) StderrLine: {'line': b'  asked CMake to find a package configuration file provided by "catkin", but\n'}
[91.787653] (fastdem_ros) StderrLine: {'line': b'  CMake did not find one.\n'}
[91.787694] (fastdem_ros) StderrLine: {'line': b'\n'}
[91.787735] (fastdem_ros) StderrLine: {'line': b'  Could not find a package configuration file provided by "catkin" with any\n'}
[91.787777] (fastdem_ros) StderrLine: {'line': b'  of the following names:\n'}
[91.787818] (fastdem_ros) StderrLine: {'line': b'\n'}
[91.787858] (fastdem_ros) StderrLine: {'line': b'    catkinConfig.cmake\n'}
[91.787898] (fastdem_ros) StderrLine: {'line': b'    catkin-config.cmake\n'}
[91.787937] (fastdem_ros) StderrLine: {'line': b'\n'}
[91.787977] (fastdem_ros) StderrLine: {'line': b'  Add the installation prefix of "catkin" to CMAKE_PREFIX_PATH or set\n'}
[91.788026] (fastdem_ros) StderrLine: {'line': b'  "catkin_DIR" to a directory containing one of the above files.  If "catkin"\n'}
[91.788066] (fastdem_ros) StderrLine: {'line': b'  provides a separate development package or SDK, be sure it has been\n'}
[91.788106] (fastdem_ros) StderrLine: {'line': b'  installed.\n'}
[91.788146] (fastdem_ros) StderrLine: {'line': b'\n'}
[91.788185] (fastdem_ros) StderrLine: {'line': b'\x1b[0m\n'}
[91.788226] (fastdem_ros) StdoutLine: {'line': b'-- Configuring incomplete, errors occurred!\n'}
[91.788274] (fastdem_ros) StdoutLine: {'line': b'See also "/media/subham/85dce0f4-2e29-4540-9a32-801850cfcef6/subham/LidarMapping2.5D/build/fastdem_ros/CMakeFiles/CMakeOutput.log".\n'}
[91.791503] (fastdem_ros) CommandEnded: {'returncode': 1}
[91.813198] (fastdem_ros) JobEnded: {'identifier': 'fastdem_ros', 'rc': 1}
[91.814404] (fastdem_ros2) JobSkipped: {'identifier': 'fastdem_ros2'}
[91.814486] (patchwork_plusplus) JobSkipped: {'identifier': 'patchwork_plusplus'}
[91.814525] (velodyne_description) JobSkipped: {'identifier': 'velodyne_description'}
[91.814557] (velodyne_simulator) JobSkipped: {'identifier': 'velodyne_simulator'}
[91.814588] (-) EventReactorShutdown: {}
