[0.420s] [34mcolcon[0m [1;30mDEBUG[0m [32mCommand line arguments: ['/usr/bin/colcon', 'build', '--executor', 'sequential', '--symlink-install'][0m
[0.420s] [34mcolcon[0m [1;30mDEBUG[0m [32mParsed command line arguments: Namespace(log_base=None, log_level=None, verb_name='build', build_base='build', install_base='install', merge_install=False, symlink_install=True, test_result_base=None, continue_on_error=False, executor='sequential', parallel_workers=12, event_handlers=None, ignore_user_meta=False, metas=['./colcon.meta'], base_paths=['.'], packages_ignore=None, packages_ignore_regex=None, paths=None, packages_up_to=None, packages_up_to_regex=None, packages_above=None, packages_above_and_dependencies=None, packages_above_depth=None, packages_select_by_dep=None, packages_skip_by_dep=None, packages_skip_up_to=None, packages_select_build_failed=False, packages_skip_build_finished=False, packages_select_test_failures=False, packages_skip_test_passed=False, packages_select=None, packages_skip=None, packages_select_regex=None, packages_skip_regex=None, packages_start=None, packages_end=None, allow_overriding=[], cmake_args=None, cmake_target=None, cmake_target_skip_unavailable=False, cmake_clean_cache=False, cmake_clean_first=False, cmake_force_configure=False, ament_cmake_args=None, catkin_cmake_args=None, catkin_skip_building_tests=False, mixin_files=None, mixin=None, verb_parser=<colcon_mixin.mixin.mixin_argument.MixinArgumentDecorator object at 0x7671e93a1c60>, verb_extension=<colcon_core.verb.build.BuildVerb object at 0x7671e93a1780>, main=<bound method BuildVerb.main of <colcon_core.verb.build.BuildVerb object at 0x7671e93a1780>>, mixin_verb=('build',))[0m
[0.546s] [34mcolcon.colcon_core.package_discovery[0m [1;30mLevel 1[0m discover_packages(colcon_meta) check parameters
[0.546s] [34mcolcon.colcon_core.package_discovery[0m [1;30mLevel 1[0m discover_packages(recursive) check parameters
[0.546s] [34mcolcon.colcon_core.package_discovery[0m [1;30mLevel 1[0m discover_packages(ignore) check parameters
[0.547s] [34mcolcon.colcon_core.package_discovery[0m [1;30mLevel 1[0m discover_packages(path) check parameters
[0.547s] [34mcolcon.colcon_core.package_discovery[0m [1;30mLevel 1[0m discover_packages(colcon_meta) discover
[0.547s] [34mcolcon.colcon_core.package_discovery[0m [1;30mLevel 1[0m discover_packages(recursive) discover
[0.547s] [34mcolcon.colcon_core.package_discovery[0m [1;30mINFO[0m Crawling recursively for packages in '/media/subham/85dce0f4-2e29-4540-9a32-801850cfcef6/subham/LidarMapping2.5D'
[0.547s] [34mcolcon.colcon_core.package_identification[0m [1;30mLevel 1[0m _identify(.) by extensions ['ignore', 'ignore_ament_install']
[0.547s] [34mcolcon.colcon_core.package_identification[0m [1;30mLevel 1[0m _identify(.) by extension 'ignore'
[0.547s] [34mcolcon.colcon_core.package_identification[0m [1;30mLevel 1[0m _identify(.) by extension 'ignore_ament_install'
[0.548s] [34mcolcon.colcon_core.package_identification[0m [1;30mLevel 1[0m _identify(.) by extensions ['colcon_pkg']
[0.548s] [34mcolcon.colcon_core.package_identification[0m [1;30mLevel 1[0m _identify(.) by extension 'colcon_pkg'
[0.548s] [34mcolcon.colcon_core.package_identification[0m [1;30mLevel 1[0m _identify(.) by extensions ['colcon_meta']
[0.548s] [34mcolcon.colcon_core.package_identification[0m [1;30mLevel 1[0m _identify(.) by extension 'colcon_meta'
[0.548s] [34mcolcon.colcon_core.package_identification[0m [1;30mLevel 1[0m _identify(.) by extensions ['ros']
[0.548s] [34mcolcon.colcon_core.package_identification[0m [1;30mLevel 1[0m _identify(.) by extension 'ros'
[0.589s] [34mcolcon.colcon_core.package_identification[0m [1;30mLevel 1[0m _identify(.) by extensions ['cmake', 'python']
[0.589s] [34mcolcon.colcon_core.package_identification[0m [1;30mLevel 1[0m _identify(.) by extension 'cmake'
[0.589s] [34mcolcon.colcon_core.package_identification[0m [1;30mLevel 1[0m _identify(.) by extension 'python'
[0.589s] [34mcolcon.colcon_core.package_identification[0m [1;30mLevel 1[0m _identify(.) by extensions ['python_setup_py']
[0.589s] [34mcolcon.colcon_core.package_identification[0m [1;30mLevel 1[0m _identify(.) by extension 'python_setup_py'
[0.589s] [34mcolcon.colcon_core.package_identification[0m [1;30mLevel 1[0m _identify(build) by extensions ['ignore', 'ignore_ament_install']
[0.590s] [34mcolcon.colcon_core.package_identification[0m [1;30mLevel 1[0m _identify(build) by extension 'ignore'
[0.590s] [34mcolcon.colcon_core.package_identification[0m [1;30mLevel 1[0m _identify(build) ignored
[0.590s] [34mcolcon.colcon_core.package_identification[0m [1;30mLevel 1[0m _identify(install) by extensions ['ignore', 'ignore_ament_install']
[0.590s] [34mcolcon.colcon_core.package_identification[0m [1;30mLevel 1[0m _identify(install) by extension 'ignore'
[0.590s] [34mcolcon.colcon_core.package_identification[0m [1;30mLevel 1[0m _identify(install) ignored
[0.591s] [34mcolcon.colcon_core.package_identification[0m [1;30mLevel 1[0m _identify(log) by extensions ['ignore', 'ignore_ament_install']
[0.591s] [34mcolcon.colcon_core.package_identification[0m [1;30mLevel 1[0m _identify(log) by extension 'ignore'
[0.591s] [34mcolcon.colcon_core.package_identification[0m [1;30mLevel 1[0m _identify(log) ignored
[0.591s] [34mcolcon.colcon_core.package_identification[0m [1;30mLevel 1[0m _identify(src) by extensions ['ignore', 'ignore_ament_install']
[0.591s] [34mcolcon.colcon_core.package_identification[0m [1;30mLevel 1[0m _identify(src) by extension 'ignore'
[0.591s] [34mcolcon.colcon_core.package_identification[0m [1;30mLevel 1[0m _identify(src) by extension 'ignore_ament_install'
[0.591s] [34mcolcon.colcon_core.package_identification[0m [1;30mLevel 1[0m _identify(src) by extensions ['colcon_pkg']
[0.591s] [34mcolcon.colcon_core.package_identification[0m [1;30mLevel 1[0m _identify(src) by extension 'colcon_pkg'
[0.592s] [34mcolcon.colcon_core.package_identification[0m [1;30mLevel 1[0m _identify(src) by extensions ['colcon_meta']
[0.592s] [34mcolcon.colcon_core.package_identification[0m [1;30mLevel 1[0m _identify(src) by extension 'colcon_meta'
[0.592s] [34mcolcon.colcon_core.package_identification[0m [1;30mLevel 1[0m _identify(src) by extensions ['ros']
[0.592s] [34mcolcon.colcon_core.package_identification[0m [1;30mLevel 1[0m _identify(src) by extension 'ros'
[0.592s] [34mcolcon.colcon_core.package_identification[0m [1;30mLevel 1[0m _identify(src) by extensions ['cmake', 'python']
[0.592s] [34mcolcon.colcon_core.package_identification[0m [1;30mLevel 1[0m _identify(src) by extension 'cmake'
[0.592s] [34mcolcon.colcon_core.package_identification[0m [1;30mLevel 1[0m _identify(src) by extension 'python'
[0.592s] [34mcolcon.colcon_core.package_identification[0m [1;30mLevel 1[0m _identify(src) by extensions ['python_setup_py']
[0.592s] [34mcolcon.colcon_core.package_identification[0m [1;30mLevel 1[0m _identify(src) by extension 'python_setup_py'
[0.593s] [34mcolcon.colcon_core.package_identification[0m [1;30mLevel 1[0m _identify(src/FastDEM) by extensions ['ignore', 'ignore_ament_install']
[0.593s] [34mcolcon.colcon_core.package_identification[0m [1;30mLevel 1[0m _identify(src/FastDEM) by extension 'ignore'
[0.593s] [34mcolcon.colcon_core.package_identification[0m [1;30mLevel 1[0m _identify(src/FastDEM) by extension 'ignore_ament_install'
[0.593s] [34mcolcon.colcon_core.package_identification[0m [1;30mLevel 1[0m _identify(src/FastDEM) by extensions ['colcon_pkg']
[0.593s] [34mcolcon.colcon_core.package_identification[0m [1;30mLevel 1[0m _identify(src/FastDEM) by extension 'colcon_pkg'
[0.593s] [34mcolcon.colcon_core.package_identification[0m [1;30mLevel 1[0m _identify(src/FastDEM) by extensions ['colcon_meta']
[0.593s] [34mcolcon.colcon_core.package_identification[0m [1;30mLevel 1[0m _identify(src/FastDEM) by extension 'colcon_meta'
[0.593s] [34mcolcon.colcon_core.package_identification[0m [1;30mLevel 1[0m _identify(src/FastDEM) by extensions ['ros']
[0.593s] [34mcolcon.colcon_core.package_identification[0m [1;30mLevel 1[0m _identify(src/FastDEM) by extension 'ros'
[0.594s] [34mcolcon.colcon_core.package_identification[0m [1;30mLevel 1[0m _identify(src/FastDEM) by extensions ['cmake', 'python']
[0.594s] [34mcolcon.colcon_core.package_identification[0m [1;30mLevel 1[0m _identify(src/FastDEM) by extension 'cmake'
[0.594s] [34mcolcon.colcon_core.package_identification[0m [1;30mLevel 1[0m _identify(src/FastDEM) by extension 'python'
[0.594s] [34mcolcon.colcon_core.package_identification[0m [1;30mLevel 1[0m _identify(src/FastDEM) by extensions ['python_setup_py']
[0.594s] [34mcolcon.colcon_core.package_identification[0m [1;30mLevel 1[0m _identify(src/FastDEM) by extension 'python_setup_py'
[0.595s] [34mcolcon.colcon_core.package_identification[0m [1;30mLevel 1[0m _identify(src/FastDEM/assets) by extensions ['ignore', 'ignore_ament_install']
[0.595s] [34mcolcon.colcon_core.package_identification[0m [1;30mLevel 1[0m _identify(src/FastDEM/assets) by extension 'ignore'
[0.595s] [34mcolcon.colcon_core.package_identification[0m [1;30mLevel 1[0m _identify(src/FastDEM/assets) by extension 'ignore_ament_install'
[0.595s] [34mcolcon.colcon_core.package_identification[0m [1;30mLevel 1[0m _identify(src/FastDEM/assets) by extensions ['colcon_pkg']
[0.595s] [34mcolcon.colcon_core.package_identification[0m [1;30mLevel 1[0m _identify(src/FastDEM/assets) by extension 'colcon_pkg'
[0.595s] [34mcolcon.colcon_core.package_identification[0m [1;30mLevel 1[0m _identify(src/FastDEM/assets) by extensions ['colcon_meta']
[0.595s] [34mcolcon.colcon_core.package_identification[0m [1;30mLevel 1[0m _identify(src/FastDEM/assets) by extension 'colcon_meta'
[0.595s] [34mcolcon.colcon_core.package_identification[0m [1;30mLevel 1[0m _identify(src/FastDEM/assets) by extensions ['ros']
[0.596s] [34mcolcon.colcon_core.package_identification[0m [1;30mLevel 1[0m _identify(src/FastDEM/assets) by extension 'ros'
[0.596s] [34mcolcon.colcon_core.package_identification[0m [1;30mLevel 1[0m _identify(src/FastDEM/assets) by extensions ['cmake', 'python']
[0.596s] [34mcolcon.colcon_core.package_identification[0m [1;30mLevel 1[0m _identify(src/FastDEM/assets) by extension 'cmake'
[0.596s] [34mcolcon.colcon_core.package_identification[0m [1;30mLevel 1[0m _identify(src/FastDEM/assets) by extension 'python'
[0.596s] [34mcolcon.colcon_core.package_identification[0m [1;30mLevel 1[0m _identify(src/FastDEM/assets) by extensions ['python_setup_py']
[0.596s] [34mcolcon.colcon_core.package_identification[0m [1;30mLevel 1[0m _identify(src/FastDEM/assets) by extension 'python_setup_py'
[0.596s] [34mcolcon.colcon_core.package_identification[0m [1;30mLevel 1[0m _identify(src/FastDEM/fastdem) by extensions ['ignore', 'ignore_ament_install']
[0.597s] [34mcolcon.colcon_core.package_identification[0m [1;30mLevel 1[0m _identify(src/FastDEM/fastdem) by extension 'ignore'
[0.597s] [34mcolcon.colcon_core.package_identification[0m [1;30mLevel 1[0m _identify(src/FastDEM/fastdem) by extension 'ignore_ament_install'
[0.597s] [34mcolcon.colcon_core.package_identification[0m [1;30mLevel 1[0m _identify(src/FastDEM/fastdem) by extensions ['colcon_pkg']
[0.597s] [34mcolcon.colcon_core.package_identification[0m [1;30mLevel 1[0m _identify(src/FastDEM/fastdem) by extension 'colcon_pkg'
[0.597s] [34mcolcon.colcon_core.package_identification[0m [1;30mLevel 1[0m _identify(src/FastDEM/fastdem) by extensions ['colcon_meta']
[0.597s] [34mcolcon.colcon_core.package_identification[0m [1;30mLevel 1[0m _identify(src/FastDEM/fastdem) by extension 'colcon_meta'
[0.597s] [34mcolcon.colcon_core.package_identification[0m [1;30mLevel 1[0m _identify(src/FastDEM/fastdem) by extensions ['ros']
[0.597s] [34mcolcon.colcon_core.package_identification[0m [1;30mLevel 1[0m _identify(src/FastDEM/fastdem) by extension 'ros'
[0.605s] [34mcolcon.colcon_core.package_identification[0m [1;30mDEBUG[0m [32mPackage 'src/FastDEM/fastdem' with type 'ros.cmake' and name 'fastdem'[0m
[0.606s] [34mcolcon.colcon_core.package_identification[0m [1;30mLevel 1[0m _identify(src/FastDEM/ros1) by extensions ['ignore', 'ignore_ament_install']
[0.606s] [34mcolcon.colcon_core.package_identification[0m [1;30mLevel 1[0m _identify(src/FastDEM/ros1) by extension 'ignore'
[0.606s] [34mcolcon.colcon_core.package_identification[0m [1;30mLevel 1[0m _identify(src/FastDEM/ros1) by extension 'ignore_ament_install'
[0.606s] [34mcolcon.colcon_core.package_identification[0m [1;30mLevel 1[0m _identify(src/FastDEM/ros1) by extensions ['colcon_pkg']
[0.606s] [34mcolcon.colcon_core.package_identification[0m [1;30mLevel 1[0m _identify(src/FastDEM/ros1) by extension 'colcon_pkg'
[0.606s] [34mcolcon.colcon_core.package_identification[0m [1;30mLevel 1[0m _identify(src/FastDEM/ros1) by extensions ['colcon_meta']
[0.606s] [34mcolcon.colcon_core.package_identification[0m [1;30mLevel 1[0m _identify(src/FastDEM/ros1) by extension 'colcon_meta'
[0.606s] [34mcolcon.colcon_core.package_identification[0m [1;30mLevel 1[0m _identify(src/FastDEM/ros1) by extensions ['ros']
[0.607s] [34mcolcon.colcon_core.package_identification[0m [1;30mLevel 1[0m _identify(src/FastDEM/ros1) by extension 'ros'
[0.609s] [34mcolcon.colcon_core.package_identification[0m [1;30mDEBUG[0m [32mPackage 'src/FastDEM/ros1' with type 'ros.catkin' and name 'fastdem_ros'[0m
[0.610s] [34mcolcon.colcon_core.package_identification[0m [1;30mLevel 1[0m _identify(src/FastDEM/ros2) by extensions ['ignore', 'ignore_ament_install']
[0.610s] [34mcolcon.colcon_core.package_identification[0m [1;30mLevel 1[0m _identify(src/FastDEM/ros2) by extension 'ignore'
[0.610s] [34mcolcon.colcon_core.package_identification[0m [1;30mLevel 1[0m _identify(src/FastDEM/ros2) by extension 'ignore_ament_install'
[0.610s] [34mcolcon.colcon_core.package_identification[0m [1;30mLevel 1[0m _identify(src/FastDEM/ros2) by extensions ['colcon_pkg']
[0.610s] [34mcolcon.colcon_core.package_identification[0m [1;30mLevel 1[0m _identify(src/FastDEM/ros2) by extension 'colcon_pkg'
[0.610s] [34mcolcon.colcon_core.package_identification[0m [1;30mLevel 1[0m _identify(src/FastDEM/ros2) by extensions ['colcon_meta']
[0.610s] [34mcolcon.colcon_core.package_identification[0m [1;30mLevel 1[0m _identify(src/FastDEM/ros2) by extension 'colcon_meta'
[0.610s] [34mcolcon.colcon_core.package_identification[0m [1;30mLevel 1[0m _identify(src/FastDEM/ros2) by extensions ['ros']
[0.611s] [34mcolcon.colcon_core.package_identification[0m [1;30mLevel 1[0m _identify(src/FastDEM/ros2) by extension 'ros'
[0.613s] [34mcolcon.colcon_core.package_identification[0m [1;30mDEBUG[0m [32mPackage 'src/FastDEM/ros2' with type 'ros.ament_cmake' and name 'fastdem_ros2'[0m
[0.613s] [34mcolcon.colcon_core.package_identification[0m [1;30mLevel 1[0m _identify(src/SalsaNext) by extensions ['ignore', 'ignore_ament_install']
[0.614s] [34mcolcon.colcon_core.package_identification[0m [1;30mLevel 1[0m _identify(src/SalsaNext) by extension 'ignore'
[0.614s] [34mcolcon.colcon_core.package_identification[0m [1;30mLevel 1[0m _identify(src/SalsaNext) by extension 'ignore_ament_install'
[0.614s] [34mcolcon.colcon_core.package_identification[0m [1;30mLevel 1[0m _identify(src/SalsaNext) by extensions ['colcon_pkg']
[0.614s] [34mcolcon.colcon_core.package_identification[0m [1;30mLevel 1[0m _identify(src/SalsaNext) by extension 'colcon_pkg'
[0.614s] [34mcolcon.colcon_core.package_identification[0m [1;30mLevel 1[0m _identify(src/SalsaNext) by extensions ['colcon_meta']
[0.614s] [34mcolcon.colcon_core.package_identification[0m [1;30mLevel 1[0m _identify(src/SalsaNext) by extension 'colcon_meta'
[0.614s] [34mcolcon.colcon_core.package_identification[0m [1;30mLevel 1[0m _identify(src/SalsaNext) by extensions ['ros']
[0.614s] [34mcolcon.colcon_core.package_identification[0m [1;30mLevel 1[0m _identify(src/SalsaNext) by extension 'ros'
[0.615s] [34mcolcon.colcon_core.package_identification[0m [1;30mLevel 1[0m _identify(src/SalsaNext) by extensions ['cmake', 'python']
[0.615s] [34mcolcon.colcon_core.package_identification[0m [1;30mLevel 1[0m _identify(src/SalsaNext) by extension 'cmake'
[0.615s] [34mcolcon.colcon_core.package_identification[0m [1;30mLevel 1[0m _identify(src/SalsaNext) by extension 'python'
[0.615s] [34mcolcon.colcon_core.package_identification[0m [1;30mLevel 1[0m _identify(src/SalsaNext) by extensions ['python_setup_py']
[0.615s] [34mcolcon.colcon_core.package_identification[0m [1;30mLevel 1[0m _identify(src/SalsaNext) by extension 'python_setup_py'
[0.615s] [34mcolcon.colcon_core.package_identification[0m [1;30mLevel 1[0m _identify(src/SalsaNext/__pycache__) by extensions ['ignore', 'ignore_ament_install']
[0.616s] [34mcolcon.colcon_core.package_identification[0m [1;30mLevel 1[0m _identify(src/SalsaNext/__pycache__) by extension 'ignore'
[0.616s] [34mcolcon.colcon_core.package_identification[0m [1;30mLevel 1[0m _identify(src/SalsaNext/__pycache__) by extension 'ignore_ament_install'
[0.616s] [34mcolcon.colcon_core.package_identification[0m [1;30mLevel 1[0m _identify(src/SalsaNext/__pycache__) by extensions ['colcon_pkg']
[0.616s] [34mcolcon.colcon_core.package_identification[0m [1;30mLevel 1[0m _identify(src/SalsaNext/__pycache__) by extension 'colcon_pkg'
[0.616s] [34mcolcon.colcon_core.package_identification[0m [1;30mLevel 1[0m _identify(src/SalsaNext/__pycache__) by extensions ['colcon_meta']
[0.616s] [34mcolcon.colcon_core.package_identification[0m [1;30mLevel 1[0m _identify(src/SalsaNext/__pycache__) by extension 'colcon_meta'
[0.616s] [34mcolcon.colcon_core.package_identification[0m [1;30mLevel 1[0m _identify(src/SalsaNext/__pycache__) by extensions ['ros']
[0.616s] [34mcolcon.colcon_core.package_identification[0m [1;30mLevel 1[0m _identify(src/SalsaNext/__pycache__) by extension 'ros'
[0.616s] [34mcolcon.colcon_core.package_identification[0m [1;30mLevel 1[0m _identify(src/SalsaNext/__pycache__) by extensions ['cmake', 'python']
[0.617s] [34mcolcon.colcon_core.package_identification[0m [1;30mLevel 1[0m _identify(src/SalsaNext/__pycache__) by extension 'cmake'
[0.617s] [34mcolcon.colcon_core.package_identification[0m [1;30mLevel 1[0m _identify(src/SalsaNext/__pycache__) by extension 'python'
[0.617s] [34mcolcon.colcon_core.package_identification[0m [1;30mLevel 1[0m _identify(src/SalsaNext/__pycache__) by extensions ['python_setup_py']
[0.617s] [34mcolcon.colcon_core.package_identification[0m [1;30mLevel 1[0m _identify(src/SalsaNext/__pycache__) by extension 'python_setup_py'
[0.617s] [34mcolcon.colcon_core.package_identification[0m [1;30mLevel 1[0m _identify(src/SalsaNext/images) by extensions ['ignore', 'ignore_ament_install']
[0.617s] [34mcolcon.colcon_core.package_identification[0m [1;30mLevel 1[0m _identify(src/SalsaNext/images) by extension 'ignore'
[0.618s] [34mcolcon.colcon_core.package_identification[0m [1;30mLevel 1[0m _identify(src/SalsaNext/images) by extension 'ignore_ament_install'
[0.618s] [34mcolcon.colcon_core.package_identification[0m [1;30mLevel 1[0m _identify(src/SalsaNext/images) by extensions ['colcon_pkg']
[0.618s] [34mcolcon.colcon_core.package_identification[0m [1;30mLevel 1[0m _identify(src/SalsaNext/images) by extension 'colcon_pkg'
[0.618s] [34mcolcon.colcon_core.package_identification[0m [1;30mLevel 1[0m _identify(src/SalsaNext/images) by extensions ['colcon_meta']
[0.618s] [34mcolcon.colcon_core.package_identification[0m [1;30mLevel 1[0m _identify(src/SalsaNext/images) by extension 'colcon_meta'
[0.618s] [34mcolcon.colcon_core.package_identification[0m [1;30mLevel 1[0m _identify(src/SalsaNext/images) by extensions ['ros']
[0.618s] [34mcolcon.colcon_core.package_identification[0m [1;30mLevel 1[0m _identify(src/SalsaNext/images) by extension 'ros'
[0.618s] [34mcolcon.colcon_core.package_identification[0m [1;30mLevel 1[0m _identify(src/SalsaNext/images) by extensions ['cmake', 'python']
[0.618s] [34mcolcon.colcon_core.package_identification[0m [1;30mLevel 1[0m _identify(src/SalsaNext/images) by extension 'cmake'
[0.618s] [34mcolcon.colcon_core.package_identification[0m [1;30mLevel 1[0m _identify(src/SalsaNext/images) by extension 'python'
[0.619s] [34mcolcon.colcon_core.package_identification[0m [1;30mLevel 1[0m _identify(src/SalsaNext/images) by extensions ['python_setup_py']
[0.619s] [34mcolcon.colcon_core.package_identification[0m [1;30mLevel 1[0m _identify(src/SalsaNext/images) by extension 'python_setup_py'
[0.619s] [34mcolcon.colcon_core.package_identification[0m [1;30mLevel 1[0m _identify(src/SalsaNext/pretrained_weights) by extensions ['ignore', 'ignore_ament_install']
[0.619s] [34mcolcon.colcon_core.package_identification[0m [1;30mLevel 1[0m _identify(src/SalsaNext/pretrained_weights) by extension 'ignore'
[0.619s] [34mcolcon.colcon_core.package_identification[0m [1;30mLevel 1[0m _identify(src/SalsaNext/pretrained_weights) by extension 'ignore_ament_install'
[0.619s] [34mcolcon.colcon_core.package_identification[0m [1;30mLevel 1[0m _identify(src/SalsaNext/pretrained_weights) by extensions ['colcon_pkg']
[0.620s] [34mcolcon.colcon_core.package_identification[0m [1;30mLevel 1[0m _identify(src/SalsaNext/pretrained_weights) by extension 'colcon_pkg'
[0.620s] [34mcolcon.colcon_core.package_identification[0m [1;30mLevel 1[0m _identify(src/SalsaNext/pretrained_weights) by extensions ['colcon_meta']
[0.620s] [34mcolcon.colcon_core.package_identification[0m [1;30mLevel 1[0m _identify(src/SalsaNext/pretrained_weights) by extension 'colcon_meta'
[0.620s] [34mcolcon.colcon_core.package_identification[0m [1;30mLevel 1[0m _identify(src/SalsaNext/pretrained_weights) by extensions ['ros']
[0.620s] [34mcolcon.colcon_core.package_identification[0m [1;30mLevel 1[0m _identify(src/SalsaNext/pretrained_weights) by extension 'ros'
[0.620s] [34mcolcon.colcon_core.package_identification[0m [1;30mLevel 1[0m _identify(src/SalsaNext/pretrained_weights) by extensions ['cmake', 'python']
[0.620s] [34mcolcon.colcon_core.package_identification[0m [1;30mLevel 1[0m _identify(src/SalsaNext/pretrained_weights) by extension 'cmake'
[0.620s] [34mcolcon.colcon_core.package_identification[0m [1;30mLevel 1[0m _identify(src/SalsaNext/pretrained_weights) by extension 'python'
[0.620s] [34mcolcon.colcon_core.package_identification[0m [1;30mLevel 1[0m _identify(src/SalsaNext/pretrained_weights) by extensions ['python_setup_py']
[0.620s] [34mcolcon.colcon_core.package_identification[0m [1;30mLevel 1[0m _identify(src/SalsaNext/pretrained_weights) by extension 'python_setup_py'
[0.621s] [34mcolcon.colcon_core.package_identification[0m [1;30mLevel 1[0m _identify(src/SalsaNext/pretrained_weights/pretrained) by extensions ['ignore', 'ignore_ament_install']
[0.621s] [34mcolcon.colcon_core.package_identification[0m [1;30mLevel 1[0m _identify(src/SalsaNext/pretrained_weights/pretrained) by extension 'ignore'
[0.621s] [34mcolcon.colcon_core.package_identification[0m [1;30mLevel 1[0m _identify(src/SalsaNext/pretrained_weights/pretrained) by extension 'ignore_ament_install'
[0.621s] [34mcolcon.colcon_core.package_identification[0m [1;30mLevel 1[0m _identify(src/SalsaNext/pretrained_weights/pretrained) by extensions ['colcon_pkg']
[0.621s] [34mcolcon.colcon_core.package_identification[0m [1;30mLevel 1[0m _identify(src/SalsaNext/pretrained_weights/pretrained) by extension 'colcon_pkg'
[0.621s] [34mcolcon.colcon_core.package_identification[0m [1;30mLevel 1[0m _identify(src/SalsaNext/pretrained_weights/pretrained) by extensions ['colcon_meta']
[0.622s] [34mcolcon.colcon_core.package_identification[0m [1;30mLevel 1[0m _identify(src/SalsaNext/pretrained_weights/pretrained) by extension 'colcon_meta'
[0.622s] [34mcolcon.colcon_core.package_identification[0m [1;30mLevel 1[0m _identify(src/SalsaNext/pretrained_weights/pretrained) by extensions ['ros']
[0.622s] [34mcolcon.colcon_core.package_identification[0m [1;30mLevel 1[0m _identify(src/SalsaNext/pretrained_weights/pretrained) by extension 'ros'
[0.622s] [34mcolcon.colcon_core.package_identification[0m [1;30mLevel 1[0m _identify(src/SalsaNext/pretrained_weights/pretrained) by extensions ['cmake', 'python']
[0.622s] [34mcolcon.colcon_core.package_identification[0m [1;30mLevel 1[0m _identify(src/SalsaNext/pretrained_weights/pretrained) by extension 'cmake'
[0.622s] [34mcolcon.colcon_core.package_identification[0m [1;30mLevel 1[0m _identify(src/SalsaNext/pretrained_weights/pretrained) by extension 'python'
[0.622s] [34mcolcon.colcon_core.package_identification[0m [1;30mLevel 1[0m _identify(src/SalsaNext/pretrained_weights/pretrained) by extensions ['python_setup_py']
[0.622s] [34mcolcon.colcon_core.package_identification[0m [1;30mLevel 1[0m _identify(src/SalsaNext/pretrained_weights/pretrained) by extension 'python_setup_py'
[0.623s] [34mcolcon.colcon_core.package_identification[0m [1;30mLevel 1[0m _identify(src/SalsaNext/pretrained_weights/pretrained/__MACOSX) by extensions ['ignore', 'ignore_ament_install']
[0.623s] [34mcolcon.colcon_core.package_identification[0m [1;30mLevel 1[0m _identify(src/SalsaNext/pretrained_weights/pretrained/__MACOSX) by extension 'ignore'
[0.623s] [34mcolcon.colcon_core.package_identification[0m [1;30mLevel 1[0m _identify(src/SalsaNext/pretrained_weights/pretrained/__MACOSX) by extension 'ignore_ament_install'
[0.623s] [34mcolcon.colcon_core.package_identification[0m [1;30mLevel 1[0m _identify(src/SalsaNext/pretrained_weights/pretrained/__MACOSX) by extensions ['colcon_pkg']
[0.624s] [34mcolcon.colcon_core.package_identification[0m [1;30mLevel 1[0m _identify(src/SalsaNext/pretrained_weights/pretrained/__MACOSX) by extension 'colcon_pkg'
[0.624s] [34mcolcon.colcon_core.package_identification[0m [1;30mLevel 1[0m _identify(src/SalsaNext/pretrained_weights/pretrained/__MACOSX) by extensions ['colcon_meta']
[0.624s] [34mcolcon.colcon_core.package_identification[0m [1;30mLevel 1[0m _identify(src/SalsaNext/pretrained_weights/pretrained/__MACOSX) by extension 'colcon_meta'
[0.624s] [34mcolcon.colcon_core.package_identification[0m [1;30mLevel 1[0m _identify(src/SalsaNext/pretrained_weights/pretrained/__MACOSX) by extensions ['ros']
[0.624s] [34mcolcon.colcon_core.package_identification[0m [1;30mLevel 1[0m _identify(src/SalsaNext/pretrained_weights/pretrained/__MACOSX) by extension 'ros'
[0.624s] [34mcolcon.colcon_core.package_identification[0m [1;30mLevel 1[0m _identify(src/SalsaNext/pretrained_weights/pretrained/__MACOSX) by extensions ['cmake', 'python']
[0.624s] [34mcolcon.colcon_core.package_identification[0m [1;30mLevel 1[0m _identify(src/SalsaNext/pretrained_weights/pretrained/__MACOSX) by extension 'cmake'
[0.624s] [34mcolcon.colcon_core.package_identification[0m [1;30mLevel 1[0m _identify(src/SalsaNext/pretrained_weights/pretrained/__MACOSX) by extension 'python'
[0.624s] [34mcolcon.colcon_core.package_identification[0m [1;30mLevel 1[0m _identify(src/SalsaNext/pretrained_weights/pretrained/__MACOSX) by extensions ['python_setup_py']
[0.624s] [34mcolcon.colcon_core.package_identification[0m [1;30mLevel 1[0m _identify(src/SalsaNext/pretrained_weights/pretrained/__MACOSX) by extension 'python_setup_py'
[0.625s] [34mcolcon.colcon_core.package_identification[0m [1;30mLevel 1[0m _identify(src/SalsaNext/pretrained_weights/pretrained/__MACOSX/pretrained) by extensions ['ignore', 'ignore_ament_install']
[0.625s] [34mcolcon.colcon_core.package_identification[0m [1;30mLevel 1[0m _identify(src/SalsaNext/pretrained_weights/pretrained/__MACOSX/pretrained) by extension 'ignore'
[0.625s] [34mcolcon.colcon_core.package_identification[0m [1;30mLevel 1[0m _identify(src/SalsaNext/pretrained_weights/pretrained/__MACOSX/pretrained) by extension 'ignore_ament_install'
[0.625s] [34mcolcon.colcon_core.package_identification[0m [1;30mLevel 1[0m _identify(src/SalsaNext/pretrained_weights/pretrained/__MACOSX/pretrained) by extensions ['colcon_pkg']
[0.625s] [34mcolcon.colcon_core.package_identification[0m [1;30mLevel 1[0m _identify(src/SalsaNext/pretrained_weights/pretrained/__MACOSX/pretrained) by extension 'colcon_pkg'
[0.626s] [34mcolcon.colcon_core.package_identification[0m [1;30mLevel 1[0m _identify(src/SalsaNext/pretrained_weights/pretrained/__MACOSX/pretrained) by extensions ['colcon_meta']
[0.626s] [34mcolcon.colcon_core.package_identification[0m [1;30mLevel 1[0m _identify(src/SalsaNext/pretrained_weights/pretrained/__MACOSX/pretrained) by extension 'colcon_meta'
[0.626s] [34mcolcon.colcon_core.package_identification[0m [1;30mLevel 1[0m _identify(src/SalsaNext/pretrained_weights/pretrained/__MACOSX/pretrained) by extensions ['ros']
[0.626s] [34mcolcon.colcon_core.package_identification[0m [1;30mLevel 1[0m _identify(src/SalsaNext/pretrained_weights/pretrained/__MACOSX/pretrained) by extension 'ros'
[0.626s] [34mcolcon.colcon_core.package_identification[0m [1;30mLevel 1[0m _identify(src/SalsaNext/pretrained_weights/pretrained/__MACOSX/pretrained) by extensions ['cmake', 'python']
[0.626s] [34mcolcon.colcon_core.package_identification[0m [1;30mLevel 1[0m _identify(src/SalsaNext/pretrained_weights/pretrained/__MACOSX/pretrained) by extension 'cmake'
[0.626s] [34mcolcon.colcon_core.package_identification[0m [1;30mLevel 1[0m _identify(src/SalsaNext/pretrained_weights/pretrained/__MACOSX/pretrained) by extension 'python'
[0.626s] [34mcolcon.colcon_core.package_identification[0m [1;30mLevel 1[0m _identify(src/SalsaNext/pretrained_weights/pretrained/__MACOSX/pretrained) by extensions ['python_setup_py']
[0.626s] [34mcolcon.colcon_core.package_identification[0m [1;30mLevel 1[0m _identify(src/SalsaNext/pretrained_weights/pretrained/__MACOSX/pretrained) by extension 'python_setup_py'
[0.627s] [34mcolcon.colcon_core.package_identification[0m [1;30mLevel 1[0m _identify(src/SalsaNext/pretrained_weights/pretrained/pretrained) by extensions ['ignore', 'ignore_ament_install']
[0.627s] [34mcolcon.colcon_core.package_identification[0m [1;30mLevel 1[0m _identify(src/SalsaNext/pretrained_weights/pretrained/pretrained) by extension 'ignore'
[0.627s] [34mcolcon.colcon_core.package_identification[0m [1;30mLevel 1[0m _identify(src/SalsaNext/pretrained_weights/pretrained/pretrained) by extension 'ignore_ament_install'
[0.627s] [34mcolcon.colcon_core.package_identification[0m [1;30mLevel 1[0m _identify(src/SalsaNext/pretrained_weights/pretrained/pretrained) by extensions ['colcon_pkg']
[0.627s] [34mcolcon.colcon_core.package_identification[0m [1;30mLevel 1[0m _identify(src/SalsaNext/pretrained_weights/pretrained/pretrained) by extension 'colcon_pkg'
[0.628s] [34mcolcon.colcon_core.package_identification[0m [1;30mLevel 1[0m _identify(src/SalsaNext/pretrained_weights/pretrained/pretrained) by extensions ['colcon_meta']
[0.628s] [34mcolcon.colcon_core.package_identification[0m [1;30mLevel 1[0m _identify(src/SalsaNext/pretrained_weights/pretrained/pretrained) by extension 'colcon_meta'
[0.628s] [34mcolcon.colcon_core.package_identification[0m [1;30mLevel 1[0m _identify(src/SalsaNext/pretrained_weights/pretrained/pretrained) by extensions ['ros']
[0.628s] [34mcolcon.colcon_core.package_identification[0m [1;30mLevel 1[0m _identify(src/SalsaNext/pretrained_weights/pretrained/pretrained) by extension 'ros'
[0.628s] [34mcolcon.colcon_core.package_identification[0m [1;30mLevel 1[0m _identify(src/SalsaNext/pretrained_weights/pretrained/pretrained) by extensions ['cmake', 'python']
[0.628s] [34mcolcon.colcon_core.package_identification[0m [1;30mLevel 1[0m _identify(src/SalsaNext/pretrained_weights/pretrained/pretrained) by extension 'cmake'
[0.628s] [34mcolcon.colcon_core.package_identification[0m [1;30mLevel 1[0m _identify(src/SalsaNext/pretrained_weights/pretrained/pretrained) by extension 'python'
[0.628s] [34mcolcon.colcon_core.package_identification[0m [1;30mLevel 1[0m _identify(src/SalsaNext/pretrained_weights/pretrained/pretrained) by extensions ['python_setup_py']
[0.628s] [34mcolcon.colcon_core.package_identification[0m [1;30mLevel 1[0m _identify(src/SalsaNext/pretrained_weights/pretrained/pretrained) by extension 'python_setup_py'
[0.629s] [34mcolcon.colcon_core.package_identification[0m [1;30mLevel 1[0m _identify(src/SalsaNext/train) by extensions ['ignore', 'ignore_ament_install']
[0.629s] [34mcolcon.colcon_core.package_identification[0m [1;30mLevel 1[0m _identify(src/SalsaNext/train) by extension 'ignore'
[0.629s] [34mcolcon.colcon_core.package_identification[0m [1;30mLevel 1[0m _identify(src/SalsaNext/train) by extension 'ignore_ament_install'
[0.629s] [34mcolcon.colcon_core.package_identification[0m [1;30mLevel 1[0m _identify(src/SalsaNext/train) by extensions ['colcon_pkg']
[0.629s] [34mcolcon.colcon_core.package_identification[0m [1;30mLevel 1[0m _identify(src/SalsaNext/train) by extension 'colcon_pkg'
[0.630s] [34mcolcon.colcon_core.package_identification[0m [1;30mLevel 1[0m _identify(src/SalsaNext/train) by extensions ['colcon_meta']
[0.630s] [34mcolcon.colcon_core.package_identification[0m [1;30mLevel 1[0m _identify(src/SalsaNext/train) by extension 'colcon_meta'
[0.630s] [34mcolcon.colcon_core.package_identification[0m [1;30mLevel 1[0m _identify(src/SalsaNext/train) by extensions ['ros']
[0.630s] [34mcolcon.colcon_core.package_identification[0m [1;30mLevel 1[0m _identify(src/SalsaNext/train) by extension 'ros'
[0.630s] [34mcolcon.colcon_core.package_identification[0m [1;30mLevel 1[0m _identify(src/SalsaNext/train) by extensions ['cmake', 'python']
[0.630s] [34mcolcon.colcon_core.package_identification[0m [1;30mLevel 1[0m _identify(src/SalsaNext/train) by extension 'cmake'
[0.630s] [34mcolcon.colcon_core.package_identification[0m [1;30mLevel 1[0m _identify(src/SalsaNext/train) by extension 'python'
[0.630s] [34mcolcon.colcon_core.package_identification[0m [1;30mLevel 1[0m _identify(src/SalsaNext/train) by extensions ['python_setup_py']
[0.630s] [34mcolcon.colcon_core.package_identification[0m [1;30mLevel 1[0m _identify(src/SalsaNext/train) by extension 'python_setup_py'
[0.631s] [34mcolcon.colcon_core.package_identification[0m [1;30mLevel 1[0m _identify(src/SalsaNext/train/__pycache__) by extensions ['ignore', 'ignore_ament_install']
[0.631s] [34mcolcon.colcon_core.package_identification[0m [1;30mLevel 1[0m _identify(src/SalsaNext/train/__pycache__) by extension 'ignore'
[0.631s] [34mcolcon.colcon_core.package_identification[0m [1;30mLevel 1[0m _identify(src/SalsaNext/train/__pycache__) by extension 'ignore_ament_install'
[0.631s] [34mcolcon.colcon_core.package_identification[0m [1;30mLevel 1[0m _identify(src/SalsaNext/train/__pycache__) by extensions ['colcon_pkg']
[0.631s] [34mcolcon.colcon_core.package_identification[0m [1;30mLevel 1[0m _identify(src/SalsaNext/train/__pycache__) by extension 'colcon_pkg'
[0.631s] [34mcolcon.colcon_core.package_identification[0m [1;30mLevel 1[0m _identify(src/SalsaNext/train/__pycache__) by extensions ['colcon_meta']
[0.631s] [34mcolcon.colcon_core.package_identification[0m [1;30mLevel 1[0m _identify(src/SalsaNext/train/__pycache__) by extension 'colcon_meta'
[0.631s] [34mcolcon.colcon_core.package_identification[0m [1;30mLevel 1[0m _identify(src/SalsaNext/train/__pycache__) by extensions ['ros']
[0.631s] [34mcolcon.colcon_core.package_identification[0m [1;30mLevel 1[0m _identify(src/SalsaNext/train/__pycache__) by extension 'ros'
[0.632s] [34mcolcon.colcon_core.package_identification[0m [1;30mLevel 1[0m _identify(src/SalsaNext/train/__pycache__) by extensions ['cmake', 'python']
[0.632s] [34mcolcon.colcon_core.package_identification[0m [1;30mLevel 1[0m _identify(src/SalsaNext/train/__pycache__) by extension 'cmake'
[0.632s] [34mcolcon.colcon_core.package_identification[0m [1;30mLevel 1[0m _identify(src/SalsaNext/train/__pycache__) by extension 'python'
[0.632s] [34mcolcon.colcon_core.package_identification[0m [1;30mLevel 1[0m _identify(src/SalsaNext/train/__pycache__) by extensions ['python_setup_py']
[0.632s] [34mcolcon.colcon_core.package_identification[0m [1;30mLevel 1[0m _identify(src/SalsaNext/train/__pycache__) by extension 'python_setup_py'
[0.632s] [34mcolcon.colcon_core.package_identification[0m [1;30mLevel 1[0m _identify(src/SalsaNext/train/common) by extensions ['ignore', 'ignore_ament_install']
[0.632s] [34mcolcon.colcon_core.package_identification[0m [1;30mLevel 1[0m _identify(src/SalsaNext/train/common) by extension 'ignore'
[0.632s] [34mcolcon.colcon_core.package_identification[0m [1;30mLevel 1[0m _identify(src/SalsaNext/train/common) by extension 'ignore_ament_install'
[0.633s] [34mcolcon.colcon_core.package_identification[0m [1;30mLevel 1[0m _identify(src/SalsaNext/train/common) by extensions ['colcon_pkg']
[0.633s] [34mcolcon.colcon_core.package_identification[0m [1;30mLevel 1[0m _identify(src/SalsaNext/train/common) by extension 'colcon_pkg'
[0.633s] [34mcolcon.colcon_core.package_identification[0m [1;30mLevel 1[0m _identify(src/SalsaNext/train/common) by extensions ['colcon_meta']
[0.633s] [34mcolcon.colcon_core.package_identification[0m [1;30mLevel 1[0m _identify(src/SalsaNext/train/common) by extension 'colcon_meta'
[0.633s] [34mcolcon.colcon_core.package_identification[0m [1;30mLevel 1[0m _identify(src/SalsaNext/train/common) by extensions ['ros']
[0.633s] [34mcolcon.colcon_core.package_identification[0m [1;30mLevel 1[0m _identify(src/SalsaNext/train/common) by extension 'ros'
[0.633s] [34mcolcon.colcon_core.package_identification[0m [1;30mLevel 1[0m _identify(src/SalsaNext/train/common) by extensions ['cmake', 'python']
[0.633s] [34mcolcon.colcon_core.package_identification[0m [1;30mLevel 1[0m _identify(src/SalsaNext/train/common) by extension 'cmake'
[0.633s] [34mcolcon.colcon_core.package_identification[0m [1;30mLevel 1[0m _identify(src/SalsaNext/train/common) by extension 'python'
[0.633s] [34mcolcon.colcon_core.package_identification[0m [1;30mLevel 1[0m _identify(src/SalsaNext/train/common) by extensions ['python_setup_py']
[0.633s] [34mcolcon.colcon_core.package_identification[0m [1;30mLevel 1[0m _identify(src/SalsaNext/train/common) by extension 'python_setup_py'
[0.634s] [34mcolcon.colcon_core.package_identification[0m [1;30mLevel 1[0m _identify(src/SalsaNext/train/common/sync_batchnorm) by extensions ['ignore', 'ignore_ament_install']
[0.634s] [34mcolcon.colcon_core.package_identification[0m [1;30mLevel 1[0m _identify(src/SalsaNext/train/common/sync_batchnorm) by extension 'ignore'
[0.634s] [34mcolcon.colcon_core.package_identification[0m [1;30mLevel 1[0m _identify(src/SalsaNext/train/common/sync_batchnorm) by extension 'ignore_ament_install'
[0.634s] [34mcolcon.colcon_core.package_identification[0m [1;30mLevel 1[0m _identify(src/SalsaNext/train/common/sync_batchnorm) by extensions ['colcon_pkg']
[0.635s] [34mcolcon.colcon_core.package_identification[0m [1;30mLevel 1[0m _identify(src/SalsaNext/train/common/sync_batchnorm) by extension 'colcon_pkg'
[0.635s] [34mcolcon.colcon_core.package_identification[0m [1;30mLevel 1[0m _identify(src/SalsaNext/train/common/sync_batchnorm) by extensions ['colcon_meta']
[0.635s] [34mcolcon.colcon_core.package_identification[0m [1;30mLevel 1[0m _identify(src/SalsaNext/train/common/sync_batchnorm) by extension 'colcon_meta'
[0.635s] [34mcolcon.colcon_core.package_identification[0m [1;30mLevel 1[0m _identify(src/SalsaNext/train/common/sync_batchnorm) by extensions ['ros']
[0.635s] [34mcolcon.colcon_core.package_identification[0m [1;30mLevel 1[0m _identify(src/SalsaNext/train/common/sync_batchnorm) by extension 'ros'
[0.635s] [34mcolcon.colcon_core.package_identification[0m [1;30mLevel 1[0m _identify(src/SalsaNext/train/common/sync_batchnorm) by extensions ['cmake', 'python']
[0.635s] [34mcolcon.colcon_core.package_identification[0m [1;30mLevel 1[0m _identify(src/SalsaNext/train/common/sync_batchnorm) by extension 'cmake'
[0.635s] [34mcolcon.colcon_core.package_identification[0m [1;30mLevel 1[0m _identify(src/SalsaNext/train/common/sync_batchnorm) by extension 'python'
[0.635s] [34mcolcon.colcon_core.package_identification[0m [1;30mLevel 1[0m _identify(src/SalsaNext/train/common/sync_batchnorm) by extensions ['python_setup_py']
[0.635s] [34mcolcon.colcon_core.package_identification[0m [1;30mLevel 1[0m _identify(src/SalsaNext/train/common/sync_batchnorm) by extension 'python_setup_py'
[0.636s] [34mcolcon.colcon_core.package_identification[0m [1;30mLevel 1[0m _identify(src/SalsaNext/train/tasks) by extensions ['ignore', 'ignore_ament_install']
[0.636s] [34mcolcon.colcon_core.package_identification[0m [1;30mLevel 1[0m _identify(src/SalsaNext/train/tasks) by extension 'ignore'
[0.636s] [34mcolcon.colcon_core.package_identification[0m [1;30mLevel 1[0m _identify(src/SalsaNext/train/tasks) by extension 'ignore_ament_install'
[0.636s] [34mcolcon.colcon_core.package_identification[0m [1;30mLevel 1[0m _identify(src/SalsaNext/train/tasks) by extensions ['colcon_pkg']
[0.636s] [34mcolcon.colcon_core.package_identification[0m [1;30mLevel 1[0m _identify(src/SalsaNext/train/tasks) by extension 'colcon_pkg'
[0.637s] [34mcolcon.colcon_core.package_identification[0m [1;30mLevel 1[0m _identify(src/SalsaNext/train/tasks) by extensions ['colcon_meta']
[0.637s] [34mcolcon.colcon_core.package_identification[0m [1;30mLevel 1[0m _identify(src/SalsaNext/train/tasks) by extension 'colcon_meta'
[0.637s] [34mcolcon.colcon_core.package_identification[0m [1;30mLevel 1[0m _identify(src/SalsaNext/train/tasks) by extensions ['ros']
[0.637s] [34mcolcon.colcon_core.package_identification[0m [1;30mLevel 1[0m _identify(src/SalsaNext/train/tasks) by extension 'ros'
[0.637s] [34mcolcon.colcon_core.package_identification[0m [1;30mLevel 1[0m _identify(src/SalsaNext/train/tasks) by extensions ['cmake', 'python']
[0.637s] [34mcolcon.colcon_core.package_identification[0m [1;30mLevel 1[0m _identify(src/SalsaNext/train/tasks) by extension 'cmake'
[0.637s] [34mcolcon.colcon_core.package_identification[0m [1;30mLevel 1[0m _identify(src/SalsaNext/train/tasks) by extension 'python'
[0.637s] [34mcolcon.colcon_core.package_identification[0m [1;30mLevel 1[0m _identify(src/SalsaNext/train/tasks) by extensions ['python_setup_py']
[0.637s] [34mcolcon.colcon_core.package_identification[0m [1;30mLevel 1[0m _identify(src/SalsaNext/train/tasks) by extension 'python_setup_py'
[0.638s] [34mcolcon.colcon_core.package_identification[0m [1;30mLevel 1[0m _identify(src/SalsaNext/train/tasks/__pycache__) by extensions ['ignore', 'ignore_ament_install']
[0.638s] [34mcolcon.colcon_core.package_identification[0m [1;30mLevel 1[0m _identify(src/SalsaNext/train/tasks/__pycache__) by extension 'ignore'
[0.638s] [34mcolcon.colcon_core.package_identification[0m [1;30mLevel 1[0m _identify(src/SalsaNext/train/tasks/__pycache__) by extension 'ignore_ament_install'
[0.638s] [34mcolcon.colcon_core.package_identification[0m [1;30mLevel 1[0m _identify(src/SalsaNext/train/tasks/__pycache__) by extensions ['colcon_pkg']
[0.638s] [34mcolcon.colcon_core.package_identification[0m [1;30mLevel 1[0m _identify(src/SalsaNext/train/tasks/__pycache__) by extension 'colcon_pkg'
[0.638s] [34mcolcon.colcon_core.package_identification[0m [1;30mLevel 1[0m _identify(src/SalsaNext/train/tasks/__pycache__) by extensions ['colcon_meta']
[0.638s] [34mcolcon.colcon_core.package_identification[0m [1;30mLevel 1[0m _identify(src/SalsaNext/train/tasks/__pycache__) by extension 'colcon_meta'
[0.639s] [34mcolcon.colcon_core.package_identification[0m [1;30mLevel 1[0m _identify(src/SalsaNext/train/tasks/__pycache__) by extensions ['ros']
[0.639s] [34mcolcon.colcon_core.package_identification[0m [1;30mLevel 1[0m _identify(src/SalsaNext/train/tasks/__pycache__) by extension 'ros'
[0.639s] [34mcolcon.colcon_core.package_identification[0m [1;30mLevel 1[0m _identify(src/SalsaNext/train/tasks/__pycache__) by extensions ['cmake', 'python']
[0.639s] [34mcolcon.colcon_core.package_identification[0m [1;30mLevel 1[0m _identify(src/SalsaNext/train/tasks/__pycache__) by extension 'cmake'
[0.639s] [34mcolcon.colcon_core.package_identification[0m [1;30mLevel 1[0m _identify(src/SalsaNext/train/tasks/__pycache__) by extension 'python'
[0.639s] [34mcolcon.colcon_core.package_identification[0m [1;30mLevel 1[0m _identify(src/SalsaNext/train/tasks/__pycache__) by extensions ['python_setup_py']
[0.639s] [34mcolcon.colcon_core.package_identification[0m [1;30mLevel 1[0m _identify(src/SalsaNext/train/tasks/__pycache__) by extension 'python_setup_py'
[0.640s] [34mcolcon.colcon_core.package_identification[0m [1;30mLevel 1[0m _identify(src/SalsaNext/train/tasks/semantic) by extensions ['ignore', 'ignore_ament_install']
[0.640s] [34mcolcon.colcon_core.package_identification[0m [1;30mLevel 1[0m _identify(src/SalsaNext/train/tasks/semantic) by extension 'ignore'
[0.640s] [34mcolcon.colcon_core.package_identification[0m [1;30mLevel 1[0m _identify(src/SalsaNext/train/tasks/semantic) by extension 'ignore_ament_install'
[0.640s] [34mcolcon.colcon_core.package_identification[0m [1;30mLevel 1[0m _identify(src/SalsaNext/train/tasks/semantic) by extensions ['colcon_pkg']
[0.640s] [34mcolcon.colcon_core.package_identification[0m [1;30mLevel 1[0m _identify(src/SalsaNext/train/tasks/semantic) by extension 'colcon_pkg'
[0.640s] [34mcolcon.colcon_core.package_identification[0m [1;30mLevel 1[0m _identify(src/SalsaNext/train/tasks/semantic) by extensions ['colcon_meta']
[0.640s] [34mcolcon.colcon_core.package_identification[0m [1;30mLevel 1[0m _identify(src/SalsaNext/train/tasks/semantic) by extension 'colcon_meta'
[0.641s] [34mcolcon.colcon_core.package_identification[0m [1;30mLevel 1[0m _identify(src/SalsaNext/train/tasks/semantic) by extensions ['ros']
[0.641s] [34mcolcon.colcon_core.package_identification[0m [1;30mLevel 1[0m _identify(src/SalsaNext/train/tasks/semantic) by extension 'ros'
[0.641s] [34mcolcon.colcon_core.package_identification[0m [1;30mLevel 1[0m _identify(src/SalsaNext/train/tasks/semantic) by extensions ['cmake', 'python']
[0.641s] [34mcolcon.colcon_core.package_identification[0m [1;30mLevel 1[0m _identify(src/SalsaNext/train/tasks/semantic) by extension 'cmake'
[0.641s] [34mcolcon.colcon_core.package_identification[0m [1;30mLevel 1[0m _identify(src/SalsaNext/train/tasks/semantic) by extension 'python'
[0.641s] [34mcolcon.colcon_core.package_identification[0m [1;30mLevel 1[0m _identify(src/SalsaNext/train/tasks/semantic) by extensions ['python_setup_py']
[0.641s] [34mcolcon.colcon_core.package_identification[0m [1;30mLevel 1[0m _identify(src/SalsaNext/train/tasks/semantic) by extension 'python_setup_py'
[0.642s] [34mcolcon.colcon_core.package_identification[0m [1;30mLevel 1[0m _identify(src/SalsaNext/train/tasks/semantic/__pycache__) by extensions ['ignore', 'ignore_ament_install']
[0.642s] [34mcolcon.colcon_core.package_identification[0m [1;30mLevel 1[0m _identify(src/SalsaNext/train/tasks/semantic/__pycache__) by extension 'ignore'
[0.642s] [34mcolcon.colcon_core.package_identification[0m [1;30mLevel 1[0m _identify(src/SalsaNext/train/tasks/semantic/__pycache__) by extension 'ignore_ament_install'
[0.642s] [34mcolcon.colcon_core.package_identification[0m [1;30mLevel 1[0m _identify(src/SalsaNext/train/tasks/semantic/__pycache__) by extensions ['colcon_pkg']
[0.642s] [34mcolcon.colcon_core.package_identification[0m [1;30mLevel 1[0m _identify(src/SalsaNext/train/tasks/semantic/__pycache__) by extension 'colcon_pkg'
[0.642s] [34mcolcon.colcon_core.package_identification[0m [1;30mLevel 1[0m _identify(src/SalsaNext/train/tasks/semantic/__pycache__) by extensions ['colcon_meta']
[0.642s] [34mcolcon.colcon_core.package_identification[0m [1;30mLevel 1[0m _identify(src/SalsaNext/train/tasks/semantic/__pycache__) by extension 'colcon_meta'
[0.643s] [34mcolcon.colcon_core.package_identification[0m [1;30mLevel 1[0m _identify(src/SalsaNext/train/tasks/semantic/__pycache__) by extensions ['ros']
[0.643s] [34mcolcon.colcon_core.package_identification[0m [1;30mLevel 1[0m _identify(src/SalsaNext/train/tasks/semantic/__pycache__) by extension 'ros'
[0.643s] [34mcolcon.colcon_core.package_identification[0m [1;30mLevel 1[0m _identify(src/SalsaNext/train/tasks/semantic/__pycache__) by extensions ['cmake', 'python']
[0.643s] [34mcolcon.colcon_core.package_identification[0m [1;30mLevel 1[0m _identify(src/SalsaNext/train/tasks/semantic/__pycache__) by extension 'cmake'
[0.643s] [34mcolcon.colcon_core.package_identification[0m [1;30mLevel 1[0m _identify(src/SalsaNext/train/tasks/semantic/__pycache__) by extension 'python'
[0.643s] [34mcolcon.colcon_core.package_identification[0m [1;30mLevel 1[0m _identify(src/SalsaNext/train/tasks/semantic/__pycache__) by extensions ['python_setup_py']
[0.643s] [34mcolcon.colcon_core.package_identification[0m [1;30mLevel 1[0m _identify(src/SalsaNext/train/tasks/semantic/__pycache__) by extension 'python_setup_py'
[0.644s] [34mcolcon.colcon_core.package_identification[0m [1;30mLevel 1[0m _identify(src/SalsaNext/train/tasks/semantic/config) by extensions ['ignore', 'ignore_ament_install']
[0.644s] [34mcolcon.colcon_core.package_identification[0m [1;30mLevel 1[0m _identify(src/SalsaNext/train/tasks/semantic/config) by extension 'ignore'
[0.644s] [34mcolcon.colcon_core.package_identification[0m [1;30mLevel 1[0m _identify(src/SalsaNext/train/tasks/semantic/config) by extension 'ignore_ament_install'
[0.644s] [34mcolcon.colcon_core.package_identification[0m [1;30mLevel 1[0m _identify(src/SalsaNext/train/tasks/semantic/config) by extensions ['colcon_pkg']
[0.644s] [34mcolcon.colcon_core.package_identification[0m [1;30mLevel 1[0m _identify(src/SalsaNext/train/tasks/semantic/config) by extension 'colcon_pkg'
[0.644s] [34mcolcon.colcon_core.package_identification[0m [1;30mLevel 1[0m _identify(src/SalsaNext/train/tasks/semantic/config) by extensions ['colcon_meta']
[0.644s] [34mcolcon.colcon_core.package_identification[0m [1;30mLevel 1[0m _identify(src/SalsaNext/train/tasks/semantic/config) by extension 'colcon_meta'
[0.644s] [34mcolcon.colcon_core.package_identification[0m [1;30mLevel 1[0m _identify(src/SalsaNext/train/tasks/semantic/config) by extensions ['ros']
[0.645s] [34mcolcon.colcon_core.package_identification[0m [1;30mLevel 1[0m _identify(src/SalsaNext/train/tasks/semantic/config) by extension 'ros'
[0.645s] [34mcolcon.colcon_core.package_identification[0m [1;30mLevel 1[0m _identify(src/SalsaNext/train/tasks/semantic/config) by extensions ['cmake', 'python']
[0.645s] [34mcolcon.colcon_core.package_identification[0m [1;30mLevel 1[0m _identify(src/SalsaNext/train/tasks/semantic/config) by extension 'cmake'
[0.645s] [34mcolcon.colcon_core.package_identification[0m [1;30mLevel 1[0m _identify(src/SalsaNext/train/tasks/semantic/config) by extension 'python'
[0.645s] [34mcolcon.colcon_core.package_identification[0m [1;30mLevel 1[0m _identify(src/SalsaNext/train/tasks/semantic/config) by extensions ['python_setup_py']
[0.645s] [34mcolcon.colcon_core.package_identification[0m [1;30mLevel 1[0m _identify(src/SalsaNext/train/tasks/semantic/config) by extension 'python_setup_py'
[0.646s] [34mcolcon.colcon_core.package_identification[0m [1;30mLevel 1[0m _identify(src/SalsaNext/train/tasks/semantic/config/labels) by extensions ['ignore', 'ignore_ament_install']
[0.646s] [34mcolcon.colcon_core.package_identification[0m [1;30mLevel 1[0m _identify(src/SalsaNext/train/tasks/semantic/config/labels) by extension 'ignore'
[0.646s] [34mcolcon.colcon_core.package_identification[0m [1;30mLevel 1[0m _identify(src/SalsaNext/train/tasks/semantic/config/labels) by extension 'ignore_ament_install'
[0.646s] [34mcolcon.colcon_core.package_identification[0m [1;30mLevel 1[0m _identify(src/SalsaNext/train/tasks/semantic/config/labels) by extensions ['colcon_pkg']
[0.646s] [34mcolcon.colcon_core.package_identification[0m [1;30mLevel 1[0m _identify(src/SalsaNext/train/tasks/semantic/config/labels) by extension 'colcon_pkg'
[0.646s] [34mcolcon.colcon_core.package_identification[0m [1;30mLevel 1[0m _identify(src/SalsaNext/train/tasks/semantic/config/labels) by extensions ['colcon_meta']
[0.646s] [34mcolcon.colcon_core.package_identification[0m [1;30mLevel 1[0m _identify(src/SalsaNext/train/tasks/semantic/config/labels) by extension 'colcon_meta'
[0.646s] [34mcolcon.colcon_core.package_identification[0m [1;30mLevel 1[0m _identify(src/SalsaNext/train/tasks/semantic/config/labels) by extensions ['ros']
[0.647s] [34mcolcon.colcon_core.package_identification[0m [1;30mLevel 1[0m _identify(src/SalsaNext/train/tasks/semantic/config/labels) by extension 'ros'
[0.647s] [34mcolcon.colcon_core.package_identification[0m [1;30mLevel 1[0m _identify(src/SalsaNext/train/tasks/semantic/config/labels) by extensions ['cmake', 'python']
[0.647s] [34mcolcon.colcon_core.package_identification[0m [1;30mLevel 1[0m _identify(src/SalsaNext/train/tasks/semantic/config/labels) by extension 'cmake'
[0.647s] [34mcolcon.colcon_core.package_identification[0m [1;30mLevel 1[0m _identify(src/SalsaNext/train/tasks/semantic/config/labels) by extension 'python'
[0.647s] [34mcolcon.colcon_core.package_identification[0m [1;30mLevel 1[0m _identify(src/SalsaNext/train/tasks/semantic/config/labels) by extensions ['python_setup_py']
[0.647s] [34mcolcon.colcon_core.package_identification[0m [1;30mLevel 1[0m _identify(src/SalsaNext/train/tasks/semantic/config/labels) by extension 'python_setup_py'
[0.647s] [34mcolcon.colcon_core.package_identification[0m [1;30mLevel 1[0m _identify(src/SalsaNext/train/tasks/semantic/dataset) by extensions ['ignore', 'ignore_ament_install']
[0.648s] [34mcolcon.colcon_core.package_identification[0m [1;30mLevel 1[0m _identify(src/SalsaNext/train/tasks/semantic/dataset) by extension 'ignore'
[0.648s] [34mcolcon.colcon_core.package_identification[0m [1;30mLevel 1[0m _identify(src/SalsaNext/train/tasks/semantic/dataset) by extension 'ignore_ament_install'
[0.648s] [34mcolcon.colcon_core.package_identification[0m [1;30mLevel 1[0m _identify(src/SalsaNext/train/tasks/semantic/dataset) by extensions ['colcon_pkg']
[0.648s] [34mcolcon.colcon_core.package_identification[0m [1;30mLevel 1[0m _identify(src/SalsaNext/train/tasks/semantic/dataset) by extension 'colcon_pkg'
[0.648s] [34mcolcon.colcon_core.package_identification[0m [1;30mLevel 1[0m _identify(src/SalsaNext/train/tasks/semantic/dataset) by extensions ['colcon_meta']
[0.648s] [34mcolcon.colcon_core.package_identification[0m [1;30mLevel 1[0m _identify(src/SalsaNext/train/tasks/semantic/dataset) by extension 'colcon_meta'
[0.648s] [34mcolcon.colcon_core.package_identification[0m [1;30mLevel 1[0m _identify(src/SalsaNext/train/tasks/semantic/dataset) by extensions ['ros']
[0.648s] [34mcolcon.colcon_core.package_identification[0m [1;30mLevel 1[0m _identify(src/SalsaNext/train/tasks/semantic/dataset) by extension 'ros'
[0.648s] [34mcolcon.colcon_core.package_identification[0m [1;30mLevel 1[0m _identify(src/SalsaNext/train/tasks/semantic/dataset) by extensions ['cmake', 'python']
[0.649s] [34mcolcon.colcon_core.package_identification[0m [1;30mLevel 1[0m _identify(src/SalsaNext/train/tasks/semantic/dataset) by extension 'cmake'
[0.649s] [34mcolcon.colcon_core.package_identification[0m [1;30mLevel 1[0m _identify(src/SalsaNext/train/tasks/semantic/dataset) by extension 'python'
[0.649s] [34mcolcon.colcon_core.package_identification[0m [1;30mLevel 1[0m _identify(src/SalsaNext/train/tasks/semantic/dataset) by extensions ['python_setup_py']
[0.649s] [34mcolcon.colcon_core.package_identification[0m [1;30mLevel 1[0m _identify(src/SalsaNext/train/tasks/semantic/dataset) by extension 'python_setup_py'
[0.649s] [34mcolcon.colcon_core.package_identification[0m [1;30mLevel 1[0m _identify(src/SalsaNext/train/tasks/semantic/dataset/kitti) by extensions ['ignore', 'ignore_ament_install']
[0.649s] [34mcolcon.colcon_core.package_identification[0m [1;30mLevel 1[0m _identify(src/SalsaNext/train/tasks/semantic/dataset/kitti) by extension 'ignore'
[0.649s] [34mcolcon.colcon_core.package_identification[0m [1;30mLevel 1[0m _identify(src/SalsaNext/train/tasks/semantic/dataset/kitti) by extension 'ignore_ament_install'
[0.650s] [34mcolcon.colcon_core.package_identification[0m [1;30mLevel 1[0m _identify(src/SalsaNext/train/tasks/semantic/dataset/kitti) by extensions ['colcon_pkg']
[0.650s] [34mcolcon.colcon_core.package_identification[0m [1;30mLevel 1[0m _identify(src/SalsaNext/train/tasks/semantic/dataset/kitti) by extension 'colcon_pkg'
[0.650s] [34mcolcon.colcon_core.package_identification[0m [1;30mLevel 1[0m _identify(src/SalsaNext/train/tasks/semantic/dataset/kitti) by extensions ['colcon_meta']
[0.650s] [34mcolcon.colcon_core.package_identification[0m [1;30mLevel 1[0m _identify(src/SalsaNext/train/tasks/semantic/dataset/kitti) by extension 'colcon_meta'
[0.650s] [34mcolcon.colcon_core.package_identification[0m [1;30mLevel 1[0m _identify(src/SalsaNext/train/tasks/semantic/dataset/kitti) by extensions ['ros']
[0.650s] [34mcolcon.colcon_core.package_identification[0m [1;30mLevel 1[0m _identify(src/SalsaNext/train/tasks/semantic/dataset/kitti) by extension 'ros'
[0.650s] [34mcolcon.colcon_core.package_identification[0m [1;30mLevel 1[0m _identify(src/SalsaNext/train/tasks/semantic/dataset/kitti) by extensions ['cmake', 'python']
[0.650s] [34mcolcon.colcon_core.package_identification[0m [1;30mLevel 1[0m _identify(src/SalsaNext/train/tasks/semantic/dataset/kitti) by extension 'cmake'
[0.650s] [34mcolcon.colcon_core.package_identification[0m [1;30mLevel 1[0m _identify(src/SalsaNext/train/tasks/semantic/dataset/kitti) by extension 'python'
[0.650s] [34mcolcon.colcon_core.package_identification[0m [1;30mLevel 1[0m _identify(src/SalsaNext/train/tasks/semantic/dataset/kitti) by extensions ['python_setup_py']
[0.651s] [34mcolcon.colcon_core.package_identification[0m [1;30mLevel 1[0m _identify(src/SalsaNext/train/tasks/semantic/dataset/kitti) by extension 'python_setup_py'
[0.651s] [34mcolcon.colcon_core.package_identification[0m [1;30mLevel 1[0m _identify(src/SalsaNext/train/tasks/semantic/modules) by extensions ['ignore', 'ignore_ament_install']
[0.651s] [34mcolcon.colcon_core.package_identification[0m [1;30mLevel 1[0m _identify(src/SalsaNext/train/tasks/semantic/modules) by extension 'ignore'
[0.651s] [34mcolcon.colcon_core.package_identification[0m [1;30mLevel 1[0m _identify(src/SalsaNext/train/tasks/semantic/modules) by extension 'ignore_ament_install'
[0.651s] [34mcolcon.colcon_core.package_identification[0m [1;30mLevel 1[0m _identify(src/SalsaNext/train/tasks/semantic/modules) by extensions ['colcon_pkg']
[0.651s] [34mcolcon.colcon_core.package_identification[0m [1;30mLevel 1[0m _identify(src/SalsaNext/train/tasks/semantic/modules) by extension 'colcon_pkg'
[0.652s] [34mcolcon.colcon_core.package_identification[0m [1;30mLevel 1[0m _identify(src/SalsaNext/train/tasks/semantic/modules) by extensions ['colcon_meta']
[0.652s] [34mcolcon.colcon_core.package_identification[0m [1;30mLevel 1[0m _identify(src/SalsaNext/train/tasks/semantic/modules) by extension 'colcon_meta'
[0.652s] [34mcolcon.colcon_core.package_identification[0m [1;30mLevel 1[0m _identify(src/SalsaNext/train/tasks/semantic/modules) by extensions ['ros']
[0.652s] [34mcolcon.colcon_core.package_identification[0m [1;30mLevel 1[0m _identify(src/SalsaNext/train/tasks/semantic/modules) by extension 'ros'
[0.652s] [34mcolcon.colcon_core.package_identification[0m [1;30mLevel 1[0m _identify(src/SalsaNext/train/tasks/semantic/modules) by extensions ['cmake', 'python']
[0.652s] [34mcolcon.colcon_core.package_identification[0m [1;30mLevel 1[0m _identify(src/SalsaNext/train/tasks/semantic/modules) by extension 'cmake'
[0.652s] [34mcolcon.colcon_core.package_identification[0m [1;30mLevel 1[0m _identify(src/SalsaNext/train/tasks/semantic/modules) by extension 'python'
[0.652s] [34mcolcon.colcon_core.package_identification[0m [1;30mLevel 1[0m _identify(src/SalsaNext/train/tasks/semantic/modules) by extensions ['python_setup_py']
[0.652s] [34mcolcon.colcon_core.package_identification[0m [1;30mLevel 1[0m _identify(src/SalsaNext/train/tasks/semantic/modules) by extension 'python_setup_py'
[0.653s] [34mcolcon.colcon_core.package_identification[0m [1;30mLevel 1[0m _identify(src/SalsaNext/train/tasks/semantic/modules/__pycache__) by extensions ['ignore', 'ignore_ament_install']
[0.653s] [34mcolcon.colcon_core.package_identification[0m [1;30mLevel 1[0m _identify(src/SalsaNext/train/tasks/semantic/modules/__pycache__) by extension 'ignore'
[0.653s] [34mcolcon.colcon_core.package_identification[0m [1;30mLevel 1[0m _identify(src/SalsaNext/train/tasks/semantic/modules/__pycache__) by extension 'ignore_ament_install'
[0.653s] [34mcolcon.colcon_core.package_identification[0m [1;30mLevel 1[0m _identify(src/SalsaNext/train/tasks/semantic/modules/__pycache__) by extensions ['colcon_pkg']
[0.653s] [34mcolcon.colcon_core.package_identification[0m [1;30mLevel 1[0m _identify(src/SalsaNext/train/tasks/semantic/modules/__pycache__) by extension 'colcon_pkg'
[0.653s] [34mcolcon.colcon_core.package_identification[0m [1;30mLevel 1[0m _identify(src/SalsaNext/train/tasks/semantic/modules/__pycache__) by extensions ['colcon_meta']
[0.653s] [34mcolcon.colcon_core.package_identification[0m [1;30mLevel 1[0m _identify(src/SalsaNext/train/tasks/semantic/modules/__pycache__) by extension 'colcon_meta'
[0.654s] [34mcolcon.colcon_core.package_identification[0m [1;30mLevel 1[0m _identify(src/SalsaNext/train/tasks/semantic/modules/__pycache__) by extensions ['ros']
[0.654s] [34mcolcon.colcon_core.package_identification[0m [1;30mLevel 1[0m _identify(src/SalsaNext/train/tasks/semantic/modules/__pycache__) by extension 'ros'
[0.654s] [34mcolcon.colcon_core.package_identification[0m [1;30mLevel 1[0m _identify(src/SalsaNext/train/tasks/semantic/modules/__pycache__) by extensions ['cmake', 'python']
[0.654s] [34mcolcon.colcon_core.package_identification[0m [1;30mLevel 1[0m _identify(src/SalsaNext/train/tasks/semantic/modules/__pycache__) by extension 'cmake'
[0.654s] [34mcolcon.colcon_core.package_identification[0m [1;30mLevel 1[0m _identify(src/SalsaNext/train/tasks/semantic/modules/__pycache__) by extension 'python'
[0.654s] [34mcolcon.colcon_core.package_identification[0m [1;30mLevel 1[0m _identify(src/SalsaNext/train/tasks/semantic/modules/__pycache__) by extensions ['python_setup_py']
[0.654s] [34mcolcon.colcon_core.package_identification[0m [1;30mLevel 1[0m _identify(src/SalsaNext/train/tasks/semantic/modules/__pycache__) by extension 'python_setup_py'
[0.655s] [34mcolcon.colcon_core.package_identification[0m [1;30mLevel 1[0m _identify(src/SalsaNext/train/tasks/semantic/postproc) by extensions ['ignore', 'ignore_ament_install']
[0.655s] [34mcolcon.colcon_core.package_identification[0m [1;30mLevel 1[0m _identify(src/SalsaNext/train/tasks/semantic/postproc) by extension 'ignore'
[0.655s] [34mcolcon.colcon_core.package_identification[0m [1;30mLevel 1[0m _identify(src/SalsaNext/train/tasks/semantic/postproc) by extension 'ignore_ament_install'
[0.655s] [34mcolcon.colcon_core.package_identification[0m [1;30mLevel 1[0m _identify(src/SalsaNext/train/tasks/semantic/postproc) by extensions ['colcon_pkg']
[0.655s] [34mcolcon.colcon_core.package_identification[0m [1;30mLevel 1[0m _identify(src/SalsaNext/train/tasks/semantic/postproc) by extension 'colcon_pkg'
[0.655s] [34mcolcon.colcon_core.package_identification[0m [1;30mLevel 1[0m _identify(src/SalsaNext/train/tasks/semantic/postproc) by extensions ['colcon_meta']
[0.655s] [34mcolcon.colcon_core.package_identification[0m [1;30mLevel 1[0m _identify(src/SalsaNext/train/tasks/semantic/postproc) by extension 'colcon_meta'
[0.655s] [34mcolcon.colcon_core.package_identification[0m [1;30mLevel 1[0m _identify(src/SalsaNext/train/tasks/semantic/postproc) by extensions ['ros']
[0.655s] [34mcolcon.colcon_core.package_identification[0m [1;30mLevel 1[0m _identify(src/SalsaNext/train/tasks/semantic/postproc) by extension 'ros'
[0.656s] [34mcolcon.colcon_core.package_identification[0m [1;30mLevel 1[0m _identify(src/SalsaNext/train/tasks/semantic/postproc) by extensions ['cmake', 'python']
[0.656s] [34mcolcon.colcon_core.package_identification[0m [1;30mLevel 1[0m _identify(src/SalsaNext/train/tasks/semantic/postproc) by extension 'cmake'
[0.656s] [34mcolcon.colcon_core.package_identification[0m [1;30mLevel 1[0m _identify(src/SalsaNext/train/tasks/semantic/postproc) by extension 'python'
[0.656s] [34mcolcon.colcon_core.package_identification[0m [1;30mLevel 1[0m _identify(src/SalsaNext/train/tasks/semantic/postproc) by extensions ['python_setup_py']
[0.656s] [34mcolcon.colcon_core.package_identification[0m [1;30mLevel 1[0m _identify(src/SalsaNext/train/tasks/semantic/postproc) by extension 'python_setup_py'
[0.656s] [34mcolcon.colcon_core.package_identification[0m [1;30mLevel 1[0m _identify(src/build) by extensions ['ignore', 'ignore_ament_install']
[0.656s] [34mcolcon.colcon_core.package_identification[0m [1;30mLevel 1[0m _identify(src/build) by extension 'ignore'
[0.657s] [34mcolcon.colcon_core.package_identification[0m [1;30mLevel 1[0m _identify(src/build) ignored
[0.657s] [34mcolcon.colcon_core.package_identification[0m [1;30mLevel 1[0m _identify(src/install) by extensions ['ignore', 'ignore_ament_install']
[0.657s] [34mcolcon.colcon_core.package_identification[0m [1;30mLevel 1[0m _identify(src/install) by extension 'ignore'
[0.657s] [34mcolcon.colcon_core.package_identification[0m [1;30mLevel 1[0m _identify(src/install) ignored
[0.657s] [34mcolcon.colcon_core.package_identification[0m [1;30mLevel 1[0m _identify(src/lid_description) by extensions ['ignore', 'ignore_ament_install']
[0.657s] [34mcolcon.colcon_core.package_identification[0m [1;30mLevel 1[0m _identify(src/lid_description) by extension 'ignore'
[0.658s] [34mcolcon.colcon_core.package_identification[0m [1;30mLevel 1[0m _identify(src/lid_description) by extension 'ignore_ament_install'
[0.658s] [34mcolcon.colcon_core.package_identification[0m [1;30mLevel 1[0m _identify(src/lid_description) by extensions ['colcon_pkg']
[0.658s] [34mcolcon.colcon_core.package_identification[0m [1;30mLevel 1[0m _identify(src/lid_description) by extension 'colcon_pkg'
[0.658s] [34mcolcon.colcon_core.package_identification[0m [1;30mLevel 1[0m _identify(src/lid_description) by extensions ['colcon_meta']
[0.658s] [34mcolcon.colcon_core.package_identification[0m [1;30mLevel 1[0m _identify(src/lid_description) by extension 'colcon_meta'
[0.658s] [34mcolcon.colcon_core.package_identification[0m [1;30mLevel 1[0m _identify(src/lid_description) by extensions ['ros']
[0.658s] [34mcolcon.colcon_core.package_identification[0m [1;30mLevel 1[0m _identify(src/lid_description) by extension 'ros'
[0.660s] [34mcolcon.colcon_core.package_identification[0m [1;30mDEBUG[0m [32mPackage 'src/lid_description' with type 'ros.ament_cmake' and name 'lid_description'[0m
[0.660s] [34mcolcon.colcon_core.package_identification[0m [1;30mLevel 1[0m _identify(src/lid_simulation) by extensions ['ignore', 'ignore_ament_install']
[0.660s] [34mcolcon.colcon_core.package_identification[0m [1;30mLevel 1[0m _identify(src/lid_simulation) by extension 'ignore'
[0.660s] [34mcolcon.colcon_core.package_identification[0m [1;30mLevel 1[0m _identify(src/lid_simulation) by extension 'ignore_ament_install'
[0.660s] [34mcolcon.colcon_core.package_identification[0m [1;30mLevel 1[0m _identify(src/lid_simulation) by extensions ['colcon_pkg']
[0.660s] [34mcolcon.colcon_core.package_identification[0m [1;30mLevel 1[0m _identify(src/lid_simulation) by extension 'colcon_pkg'
[0.660s] [34mcolcon.colcon_core.package_identification[0m [1;30mLevel 1[0m _identify(src/lid_simulation) by extensions ['colcon_meta']
[0.660s] [34mcolcon.colcon_core.package_identification[0m [1;30mLevel 1[0m _identify(src/lid_simulation) by extension 'colcon_meta'
[0.661s] [34mcolcon.colcon_core.package_identification[0m [1;30mLevel 1[0m _identify(src/lid_simulation) by extensions ['ros']
[0.661s] [34mcolcon.colcon_core.package_identification[0m [1;30mLevel 1[0m _identify(src/lid_simulation) by extension 'ros'
[0.662s] [34mcolcon.colcon_core.package_identification[0m [1;30mDEBUG[0m [32mPackage 'src/lid_simulation' with type 'ros.ament_cmake' and name 'lid_simulation'[0m
[0.663s] [34mcolcon.colcon_core.package_identification[0m [1;30mLevel 1[0m _identify(src/log) by extensions ['ignore', 'ignore_ament_install']
[0.663s] [34mcolcon.colcon_core.package_identification[0m [1;30mLevel 1[0m _identify(src/log) by extension 'ignore'
[0.663s] [34mcolcon.colcon_core.package_identification[0m [1;30mLevel 1[0m _identify(src/log) ignored
[0.663s] [34mcolcon.colcon_core.package_identification[0m [1;30mLevel 1[0m _identify(src/patchwork-plusplus-ros2) by extensions ['ignore', 'ignore_ament_install']
[0.663s] [34mcolcon.colcon_core.package_identification[0m [1;30mLevel 1[0m _identify(src/patchwork-plusplus-ros2) by extension 'ignore'
[0.663s] [34mcolcon.colcon_core.package_identification[0m [1;30mLevel 1[0m _identify(src/patchwork-plusplus-ros2) by extension 'ignore_ament_install'
[0.664s] [34mcolcon.colcon_core.package_identification[0m [1;30mLevel 1[0m _identify(src/patchwork-plusplus-ros2) by extensions ['colcon_pkg']
[0.664s] [34mcolcon.colcon_core.package_identification[0m [1;30mLevel 1[0m _identify(src/patchwork-plusplus-ros2) by extension 'colcon_pkg'
[0.664s] [34mcolcon.colcon_core.package_identification[0m [1;30mLevel 1[0m _identify(src/patchwork-plusplus-ros2) by extensions ['colcon_meta']
[0.664s] [34mcolcon.colcon_core.package_identification[0m [1;30mLevel 1[0m _identify(src/patchwork-plusplus-ros2) by extension 'colcon_meta'
[0.664s] [34mcolcon.colcon_core.package_identification[0m [1;30mLevel 1[0m _identify(src/patchwork-plusplus-ros2) by extensions ['ros']
[0.664s] [34mcolcon.colcon_core.package_identification[0m [1;30mLevel 1[0m _identify(src/patchwork-plusplus-ros2) by extension 'ros'
[0.664s] [34mcolcon.colcon_core.package_identification[0m [1;30mLevel 1[0m _identify(src/patchwork-plusplus-ros2) by extensions ['cmake', 'python']
[0.664s] [34mcolcon.colcon_core.package_identification[0m [1;30mLevel 1[0m _identify(src/patchwork-plusplus-ros2) by extension 'cmake'
[0.664s] [34mcolcon.colcon_core.package_identification[0m [1;30mLevel 1[0m _identify(src/patchwork-plusplus-ros2) by extension 'python'
[0.664s] [34mcolcon.colcon_core.package_identification[0m [1;30mLevel 1[0m _identify(src/patchwork-plusplus-ros2) by extensions ['python_setup_py']
[0.664s] [34mcolcon.colcon_core.package_identification[0m [1;30mLevel 1[0m _identify(src/patchwork-plusplus-ros2) by extension 'python_setup_py'
[0.665s] [34mcolcon.colcon_core.package_identification[0m [1;30mLevel 1[0m _identify(src/patchwork-plusplus-ros2/jsk_recognition_msgs) by extensions ['ignore', 'ignore_ament_install']
[0.665s] [34mcolcon.colcon_core.package_identification[0m [1;30mLevel 1[0m _identify(src/patchwork-plusplus-ros2/jsk_recognition_msgs) by extension 'ignore'
[0.665s] [34mcolcon.colcon_core.package_identification[0m [1;30mLevel 1[0m _identify(src/patchwork-plusplus-ros2/jsk_recognition_msgs) by extension 'ignore_ament_install'
[0.665s] [34mcolcon.colcon_core.package_identification[0m [1;30mLevel 1[0m _identify(src/patchwork-plusplus-ros2/jsk_recognition_msgs) by extensions ['colcon_pkg']
[0.665s] [34mcolcon.colcon_core.package_identification[0m [1;30mLevel 1[0m _identify(src/patchwork-plusplus-ros2/jsk_recognition_msgs) by extension 'colcon_pkg'
[0.665s] [34mcolcon.colcon_core.package_identification[0m [1;30mLevel 1[0m _identify(src/patchwork-plusplus-ros2/jsk_recognition_msgs) by extensions ['colcon_meta']
[0.665s] [34mcolcon.colcon_core.package_identification[0m [1;30mLevel 1[0m _identify(src/patchwork-plusplus-ros2/jsk_recognition_msgs) by extension 'colcon_meta'
[0.665s] [34mcolcon.colcon_core.package_identification[0m [1;30mLevel 1[0m _identify(src/patchwork-plusplus-ros2/jsk_recognition_msgs) by extensions ['ros']
[0.665s] [34mcolcon.colcon_core.package_identification[0m [1;30mLevel 1[0m _identify(src/patchwork-plusplus-ros2/jsk_recognition_msgs) by extension 'ros'
[0.667s] [34mcolcon.colcon_core.package_identification[0m [1;30mDEBUG[0m [32mPackage 'src/patchwork-plusplus-ros2/jsk_recognition_msgs' with type 'ros.ament_cmake' and name 'jsk_recognition_msgs'[0m
[0.668s] [34mcolcon.colcon_core.package_identification[0m [1;30mLevel 1[0m _identify(src/patchwork-plusplus-ros2/patchwork_plusplus) by extensions ['ignore', 'ignore_ament_install']
[0.668s] [34mcolcon.colcon_core.package_identification[0m [1;30mLevel 1[0m _identify(src/patchwork-plusplus-ros2/patchwork_plusplus) by extension 'ignore'
[0.668s] [34mcolcon.colcon_core.package_identification[0m [1;30mLevel 1[0m _identify(src/patchwork-plusplus-ros2/patchwork_plusplus) by extension 'ignore_ament_install'
[0.668s] [34mcolcon.colcon_core.package_identification[0m [1;30mLevel 1[0m _identify(src/patchwork-plusplus-ros2/patchwork_plusplus) by extensions ['colcon_pkg']
[0.668s] [34mcolcon.colcon_core.package_identification[0m [1;30mLevel 1[0m _identify(src/patchwork-plusplus-ros2/patchwork_plusplus) by extension 'colcon_pkg'
[0.668s] [34mcolcon.colcon_core.package_identification[0m [1;30mLevel 1[0m _identify(src/patchwork-plusplus-ros2/patchwork_plusplus) by extensions ['colcon_meta']
[0.668s] [34mcolcon.colcon_core.package_identification[0m [1;30mLevel 1[0m _identify(src/patchwork-plusplus-ros2/patchwork_plusplus) by extension 'colcon_meta'
[0.668s] [34mcolcon.colcon_core.package_identification[0m [1;30mLevel 1[0m _identify(src/patchwork-plusplus-ros2/patchwork_plusplus) by extensions ['ros']
[0.668s] [34mcolcon.colcon_core.package_identification[0m [1;30mLevel 1[0m _identify(src/patchwork-plusplus-ros2/patchwork_plusplus) by extension 'ros'
[0.671s] [34mcolcon.colcon_core.package_identification[0m [1;30mDEBUG[0m [32mPackage 'src/patchwork-plusplus-ros2/patchwork_plusplus' with type 'ros.ament_cmake' and name 'patchwork_plusplus'[0m
[0.671s] [34mcolcon.colcon_core.package_identification[0m [1;30mLevel 1[0m _identify(src/segmentation_lidar) by extensions ['ignore', 'ignore_ament_install']
[0.672s] [34mcolcon.colcon_core.package_identification[0m [1;30mLevel 1[0m _identify(src/segmentation_lidar) by extension 'ignore'
[0.672s] [34mcolcon.colcon_core.package_identification[0m [1;30mLevel 1[0m _identify(src/segmentation_lidar) by extension 'ignore_ament_install'
[0.672s] [34mcolcon.colcon_core.package_identification[0m [1;30mLevel 1[0m _identify(src/segmentation_lidar) by extensions ['colcon_pkg']
[0.672s] [34mcolcon.colcon_core.package_identification[0m [1;30mLevel 1[0m _identify(src/segmentation_lidar) by extension 'colcon_pkg'
[0.672s] [34mcolcon.colcon_core.package_identification[0m [1;30mLevel 1[0m _identify(src/segmentation_lidar) by extensions ['colcon_meta']
[0.672s] [34mcolcon.colcon_core.package_identification[0m [1;30mLevel 1[0m _identify(src/segmentation_lidar) by extension 'colcon_meta'
[0.672s] [34mcolcon.colcon_core.package_identification[0m [1;30mLevel 1[0m _identify(src/segmentation_lidar) by extensions ['ros']
[0.672s] [34mcolcon.colcon_core.package_identification[0m [1;30mLevel 1[0m _identify(src/segmentation_lidar) by extension 'ros'
[0.674s] [34mcolcon.colcon_core.package_identification[0m [1;30mDEBUG[0m [32mPackage 'src/segmentation_lidar' with type 'ros.ament_cmake' and name 'segmentation_lidar'[0m
[0.674s] [34mcolcon.colcon_core.package_identification[0m [1;30mLevel 1[0m _identify(src/velodyne) by extensions ['ignore', 'ignore_ament_install']
[0.675s] [34mcolcon.colcon_core.package_identification[0m [1;30mLevel 1[0m _identify(src/velodyne) by extension 'ignore'
[0.675s] [34mcolcon.colcon_core.package_identification[0m [1;30mLevel 1[0m _identify(src/velodyne) by extension 'ignore_ament_install'
[0.675s] [34mcolcon.colcon_core.package_identification[0m [1;30mLevel 1[0m _identify(src/velodyne) by extensions ['colcon_pkg']
[0.675s] [34mcolcon.colcon_core.package_identification[0m [1;30mLevel 1[0m _identify(src/velodyne) by extension 'colcon_pkg'
[0.675s] [34mcolcon.colcon_core.package_identification[0m [1;30mLevel 1[0m _identify(src/velodyne) by extensions ['colcon_meta']
[0.675s] [34mcolcon.colcon_core.package_identification[0m [1;30mLevel 1[0m _identify(src/velodyne) by extension 'colcon_meta'
[0.675s] [34mcolcon.colcon_core.package_identification[0m [1;30mLevel 1[0m _identify(src/velodyne) by extensions ['ros']
[0.676s] [34mcolcon.colcon_core.package_identification[0m [1;30mLevel 1[0m _identify(src/velodyne) by extension 'ros'
[0.676s] [34mcolcon.colcon_core.package_identification[0m [1;30mLevel 1[0m _identify(src/velodyne) by extensions ['cmake', 'python']
[0.676s] [34mcolcon.colcon_core.package_identification[0m [1;30mLevel 1[0m _identify(src/velodyne) by extension 'cmake'
[0.676s] [34mcolcon.colcon_core.package_identification[0m [1;30mLevel 1[0m _identify(src/velodyne) by extension 'python'
[0.676s] [34mcolcon.colcon_core.package_identification[0m [1;30mLevel 1[0m _identify(src/velodyne) by extensions ['python_setup_py']
[0.676s] [34mcolcon.colcon_core.package_identification[0m [1;30mLevel 1[0m _identify(src/velodyne) by extension 'python_setup_py'
[0.676s] [34mcolcon.colcon_core.package_identification[0m [1;30mLevel 1[0m _identify(src/velodyne/img) by extensions ['ignore', 'ignore_ament_install']
[0.676s] [34mcolcon.colcon_core.package_identification[0m [1;30mLevel 1[0m _identify(src/velodyne/img) by extension 'ignore'
[0.677s] [34mcolcon.colcon_core.package_identification[0m [1;30mLevel 1[0m _identify(src/velodyne/img) by extension 'ignore_ament_install'
[0.677s] [34mcolcon.colcon_core.package_identification[0m [1;30mLevel 1[0m _identify(src/velodyne/img) by extensions ['colcon_pkg']
[0.677s] [34mcolcon.colcon_core.package_identification[0m [1;30mLevel 1[0m _identify(src/velodyne/img) by extension 'colcon_pkg'
[0.677s] [34mcolcon.colcon_core.package_identification[0m [1;30mLevel 1[0m _identify(src/velodyne/img) by extensions ['colcon_meta']
[0.677s] [34mcolcon.colcon_core.package_identification[0m [1;30mLevel 1[0m _identify(src/velodyne/img) by extension 'colcon_meta'
[0.677s] [34mcolcon.colcon_core.package_identification[0m [1;30mLevel 1[0m _identify(src/velodyne/img) by extensions ['ros']
[0.677s] [34mcolcon.colcon_core.package_identification[0m [1;30mLevel 1[0m _identify(src/velodyne/img) by extension 'ros'
[0.677s] [34mcolcon.colcon_core.package_identification[0m [1;30mLevel 1[0m _identify(src/velodyne/img) by extensions ['cmake', 'python']
[0.677s] [34mcolcon.colcon_core.package_identification[0m [1;30mLevel 1[0m _identify(src/velodyne/img) by extension 'cmake'
[0.677s] [34mcolcon.colcon_core.package_identification[0m [1;30mLevel 1[0m _identify(src/velodyne/img) by extension 'python'
[0.678s] [34mcolcon.colcon_core.package_identification[0m [1;30mLevel 1[0m _identify(src/velodyne/img) by extensions ['python_setup_py']
[0.678s] [34mcolcon.colcon_core.package_identification[0m [1;30mLevel 1[0m _identify(src/velodyne/img) by extension 'python_setup_py'
[0.678s] [34mcolcon.colcon_core.package_identification[0m [1;30mLevel 1[0m _identify(src/velodyne/velodyne_description) by extensions ['ignore', 'ignore_ament_install']
[0.678s] [34mcolcon.colcon_core.package_identification[0m [1;30mLevel 1[0m _identify(src/velodyne/velodyne_description) by extension 'ignore'
[0.678s] [34mcolcon.colcon_core.package_identification[0m [1;30mLevel 1[0m _identify(src/velodyne/velodyne_description) by extension 'ignore_ament_install'
[0.678s] [34mcolcon.colcon_core.package_identification[0m [1;30mLevel 1[0m _identify(src/velodyne/velodyne_description) by extensions ['colcon_pkg']
[0.678s] [34mcolcon.colcon_core.package_identification[0m [1;30mLevel 1[0m _identify(src/velodyne/velodyne_description) by extension 'colcon_pkg'
[0.678s] [34mcolcon.colcon_core.package_identification[0m [1;30mLevel 1[0m _identify(src/velodyne/velodyne_description) by extensions ['colcon_meta']
[0.679s] [34mcolcon.colcon_core.package_identification[0m [1;30mLevel 1[0m _identify(src/velodyne/velodyne_description) by extension 'colcon_meta'
[0.679s] [34mcolcon.colcon_core.package_identification[0m [1;30mLevel 1[0m _identify(src/velodyne/velodyne_description) by extensions ['ros']
[0.679s] [34mcolcon.colcon_core.package_identification[0m [1;30mLevel 1[0m _identify(src/velodyne/velodyne_description) by extension 'ros'
[0.681s] [34mcolcon.colcon_core.package_identification[0m [1;30mDEBUG[0m [32mPackage 'src/velodyne/velodyne_description' with type 'ros.ament_cmake' and name 'velodyne_description'[0m
[0.681s] [34mcolcon.colcon_core.package_identification[0m [1;30mLevel 1[0m _identify(src/velodyne/velodyne_gazebo_plugins) by extensions ['ignore', 'ignore_ament_install']
[0.681s] [34mcolcon.colcon_core.package_identification[0m [1;30mLevel 1[0m _identify(src/velodyne/velodyne_gazebo_plugins) by extension 'ignore'
[0.681s] [34mcolcon.colcon_core.package_identification[0m [1;30mLevel 1[0m _identify(src/velodyne/velodyne_gazebo_plugins) by extension 'ignore_ament_install'
[0.681s] [34mcolcon.colcon_core.package_identification[0m [1;30mLevel 1[0m _identify(src/velodyne/velodyne_gazebo_plugins) by extensions ['colcon_pkg']
[0.681s] [34mcolcon.colcon_core.package_identification[0m [1;30mLevel 1[0m _identify(src/velodyne/velodyne_gazebo_plugins) by extension 'colcon_pkg'
[0.681s] [34mcolcon.colcon_core.package_identification[0m [1;30mLevel 1[0m _identify(src/velodyne/velodyne_gazebo_plugins) by extensions ['colcon_meta']
[0.682s] [34mcolcon.colcon_core.package_identification[0m [1;30mLevel 1[0m _identify(src/velodyne/velodyne_gazebo_plugins) by extension 'colcon_meta'
[0.682s] [34mcolcon.colcon_core.package_identification[0m [1;30mLevel 1[0m _identify(src/velodyne/velodyne_gazebo_plugins) by extensions ['ros']
[0.682s] [34mcolcon.colcon_core.package_identification[0m [1;30mLevel 1[0m _identify(src/velodyne/velodyne_gazebo_plugins) by extension 'ros'
[0.685s] [34mcolcon.colcon_core.package_identification[0m [1;30mDEBUG[0m [32mPackage 'src/velodyne/velodyne_gazebo_plugins' with type 'ros.ament_cmake' and name 'velodyne_gazebo_plugins'[0m
[0.685s] [34mcolcon.colcon_core.package_identification[0m [1;30mLevel 1[0m _identify(src/velodyne/velodyne_simulator) by extensions ['ignore', 'ignore_ament_install']
[0.685s] [34mcolcon.colcon_core.package_identification[0m [1;30mLevel 1[0m _identify(src/velodyne/velodyne_simulator) by extension 'ignore'
[0.685s] [34mcolcon.colcon_core.package_identification[0m [1;30mLevel 1[0m _identify(src/velodyne/velodyne_simulator) by extension 'ignore_ament_install'
[0.686s] [34mcolcon.colcon_core.package_identification[0m [1;30mLevel 1[0m _identify(src/velodyne/velodyne_simulator) by extensions ['colcon_pkg']
[0.686s] [34mcolcon.colcon_core.package_identification[0m [1;30mLevel 1[0m _identify(src/velodyne/velodyne_simulator) by extension 'colcon_pkg'
[0.686s] [34mcolcon.colcon_core.package_identification[0m [1;30mLevel 1[0m _identify(src/velodyne/velodyne_simulator) by extensions ['colcon_meta']
[0.686s] [34mcolcon.colcon_core.package_identification[0m [1;30mLevel 1[0m _identify(src/velodyne/velodyne_simulator) by extension 'colcon_meta'
[0.686s] [34mcolcon.colcon_core.package_identification[0m [1;30mLevel 1[0m _identify(src/velodyne/velodyne_simulator) by extensions ['ros']
[0.686s] [34mcolcon.colcon_core.package_identification[0m [1;30mLevel 1[0m _identify(src/velodyne/velodyne_simulator) by extension 'ros'
[0.687s] [34mcolcon.colcon_core.package_identification[0m [1;30mDEBUG[0m [32mPackage 'src/velodyne/velodyne_simulator' with type 'ros.ament_cmake' and name 'velodyne_simulator'[0m
[0.688s] [34mcolcon.colcon_core.package_discovery[0m [1;30mLevel 1[0m discover_packages(recursive) using defaults
[0.688s] [34mcolcon.colcon_core.package_discovery[0m [1;30mLevel 1[0m discover_packages(ignore) discover
[0.688s] [34mcolcon.colcon_core.package_discovery[0m [1;30mLevel 1[0m discover_packages(ignore) using defaults
[0.688s] [34mcolcon.colcon_core.package_discovery[0m [1;30mLevel 1[0m discover_packages(path) discover
[0.688s] [34mcolcon.colcon_core.package_discovery[0m [1;30mLevel 1[0m discover_packages(path) using defaults
[0.743s] [34mcolcon.colcon_core.package_discovery[0m [1;30mLevel 1[0m discover_packages(prefix_path) check parameters
[0.743s] [34mcolcon.colcon_core.package_discovery[0m [1;30mLevel 1[0m discover_packages(prefix_path) discover
[0.746s] [34mcolcon.colcon_ros.prefix_path.ament[0m [1;30mWARNING[0m [33mThe path '/media/subham/85dce0f4-2e29-4540-9a32-801850cfcef6/subham/LidarMapping2.5D/install/velodyne_simulator' in the environment variable AMENT_PREFIX_PATH doesn't exist[0m
[0.746s] [34mcolcon.colcon_ros.prefix_path.ament[0m [1;30mWARNING[0m [33mThe path '/media/subham/85dce0f4-2e29-4540-9a32-801850cfcef6/subham/LidarMapping2.5D/install/velodyne_description' in the environment variable AMENT_PREFIX_PATH doesn't exist[0m
[0.747s] [34mcolcon.colcon_ros.prefix_path.ament[0m [1;30mWARNING[0m [33mThe path '/media/subham/85dce0f4-2e29-4540-9a32-801850cfcef6/subham/LidarMapping2.5D/install/velodyne_gazebo_plugins' in the environment variable AMENT_PREFIX_PATH doesn't exist[0m
[0.747s] [34mcolcon.colcon_ros.prefix_path.ament[0m [1;30mWARNING[0m [33mThe path '/media/subham/85dce0f4-2e29-4540-9a32-801850cfcef6/subham/LidarMapping2.5D/install/salsanext_ros2' in the environment variable AMENT_PREFIX_PATH doesn't exist[0m
[0.747s] [34mcolcon.colcon_ros.prefix_path.ament[0m [1;30mWARNING[0m [33mThe path '/media/subham/85dce0f4-2e29-4540-9a32-801850cfcef6/subham/LidarMapping2.5D/install/patchwork_plusplus' in the environment variable AMENT_PREFIX_PATH doesn't exist[0m
[0.747s] [34mcolcon.colcon_ros.prefix_path.ament[0m [1;30mWARNING[0m [33mThe path '/media/subham/85dce0f4-2e29-4540-9a32-801850cfcef6/subham/LidarMapping2.5D/install/lid_simulation' in the environment variable AMENT_PREFIX_PATH doesn't exist[0m
[0.747s] [34mcolcon.colcon_ros.prefix_path.ament[0m [1;30mWARNING[0m [33mThe path '/media/subham/85dce0f4-2e29-4540-9a32-801850cfcef6/subham/LidarMapping2.5D/install/lid_description' in the environment variable AMENT_PREFIX_PATH doesn't exist[0m
[0.748s] [34mcolcon.colcon_ros.prefix_path.ament[0m [1;30mWARNING[0m [33mThe path '/media/subham/85dce0f4-2e29-4540-9a32-801850cfcef6/subham/LidarMapping2.5D/install/jsk_recognition_msgs' in the environment variable AMENT_PREFIX_PATH doesn't exist[0m
[0.748s] [34mcolcon.colcon_ros.prefix_path.ament[0m [1;30mWARNING[0m [33mThe path '/media/subham/85dce0f4-2e29-4540-9a32-801850cfcef6/subham/LidarMapping2.5D/install/height_mapping_ros2' in the environment variable AMENT_PREFIX_PATH doesn't exist[0m
[0.748s] [34mcolcon.colcon_ros.prefix_path.ament[0m [1;30mWARNING[0m [33mThe path '/media/subham/85dce0f4-2e29-4540-9a32-801850cfcef6/subham/LidarMapping2.5D/install/height_mapping_core' in the environment variable AMENT_PREFIX_PATH doesn't exist[0m
[0.748s] [34mcolcon.colcon_ros.prefix_path.ament[0m [1;30mWARNING[0m [33mThe path '/media/subham/85dce0f4-2e29-4540-9a32-801850cfcef6/subham/LidarMapping2.5D/install/fastdem_ros2' in the environment variable AMENT_PREFIX_PATH doesn't exist[0m
[0.751s] [34mcolcon.colcon_ros.prefix_path.catkin[0m [1;30mWARNING[0m [33mThe path '/media/subham/85dce0f4-2e29-4540-9a32-801850cfcef6/subham/LidarMapping2.5D/install/velodyne_simulator' in the environment variable CMAKE_PREFIX_PATH doesn't exist[0m
[0.751s] [34mcolcon.colcon_ros.prefix_path.catkin[0m [1;30mWARNING[0m [33mThe path '/media/subham/85dce0f4-2e29-4540-9a32-801850cfcef6/subham/LidarMapping2.5D/install/velodyne_description' in the environment variable CMAKE_PREFIX_PATH doesn't exist[0m
[0.751s] [34mcolcon.colcon_ros.prefix_path.catkin[0m [1;30mWARNING[0m [33mThe path '/media/subham/85dce0f4-2e29-4540-9a32-801850cfcef6/subham/LidarMapping2.5D/install/velodyne_gazebo_plugins' in the environment variable CMAKE_PREFIX_PATH doesn't exist[0m
[0.752s] [34mcolcon.colcon_ros.prefix_path.catkin[0m [1;30mWARNING[0m [33mThe path '/media/subham/85dce0f4-2e29-4540-9a32-801850cfcef6/subham/LidarMapping2.5D/install/salsanext_ros2' in the environment variable CMAKE_PREFIX_PATH doesn't exist[0m
[0.752s] [34mcolcon.colcon_ros.prefix_path.catkin[0m [1;30mWARNING[0m [33mThe path '/media/subham/85dce0f4-2e29-4540-9a32-801850cfcef6/subham/LidarMapping2.5D/install/patchwork_plusplus' in the environment variable CMAKE_PREFIX_PATH doesn't exist[0m
[0.752s] [34mcolcon.colcon_ros.prefix_path.catkin[0m [1;30mWARNING[0m [33mThe path '/media/subham/85dce0f4-2e29-4540-9a32-801850cfcef6/subham/LidarMapping2.5D/install/lid_simulation' in the environment variable CMAKE_PREFIX_PATH doesn't exist[0m
[0.752s] [34mcolcon.colcon_ros.prefix_path.catkin[0m [1;30mWARNING[0m [33mThe path '/media/subham/85dce0f4-2e29-4540-9a32-801850cfcef6/subham/LidarMapping2.5D/install/lid_description' in the environment variable CMAKE_PREFIX_PATH doesn't exist[0m
[0.752s] [34mcolcon.colcon_ros.prefix_path.catkin[0m [1;30mWARNING[0m [33mThe path '/media/subham/85dce0f4-2e29-4540-9a32-801850cfcef6/subham/LidarMapping2.5D/install/jsk_recognition_msgs' in the environment variable CMAKE_PREFIX_PATH doesn't exist[0m
[0.752s] [34mcolcon.colcon_ros.prefix_path.catkin[0m [1;30mWARNING[0m [33mThe path '/media/subham/85dce0f4-2e29-4540-9a32-801850cfcef6/subham/LidarMapping2.5D/install/height_mapping_ros2' in the environment variable CMAKE_PREFIX_PATH doesn't exist[0m
[0.752s] [34mcolcon.colcon_ros.prefix_path.catkin[0m [1;30mWARNING[0m [33mThe path '/media/subham/85dce0f4-2e29-4540-9a32-801850cfcef6/subham/LidarMapping2.5D/install/height_mapping_core' in the environment variable CMAKE_PREFIX_PATH doesn't exist[0m
[0.752s] [34mcolcon.colcon_ros.prefix_path.catkin[0m [1;30mWARNING[0m [33mThe path '/media/subham/85dce0f4-2e29-4540-9a32-801850cfcef6/subham/LidarMapping2.5D/install/fastdem_ros2' in the environment variable CMAKE_PREFIX_PATH doesn't exist[0m
[0.753s] [34mcolcon.colcon_ros.prefix_path.catkin[0m [1;30mWARNING[0m [33mThe path '/media/subham/85dce0f4-2e29-4540-9a32-801850cfcef6/subham/LidarMapping2.5D/install/fastdem' in the environment variable CMAKE_PREFIX_PATH doesn't exist[0m
[0.756s] [34mcolcon.colcon_installed_package_information.package_discovery[0m [1;30mDEBUG[0m [32mFound 1 installed packages in /media/subham/85dce0f4-2e29-4540-9a32-801850cfcef6/subham/LidarMapping2.5D/install[0m
[0.758s] [34mcolcon.colcon_installed_package_information.package_discovery[0m [1;30mDEBUG[0m [32mFound 4 installed packages in /home/subham/Edge_AI_for_ADAS_and_Autonomous_Systems/install[0m
[0.760s] [34mcolcon.colcon_installed_package_information.package_discovery[0m [1;30mDEBUG[0m [32mFound 4 installed packages in /home/subham/rover_ws/install[0m
[0.761s] [34mcolcon.colcon_installed_package_information.package_discovery[0m [1;30mDEBUG[0m [32mFound 7 installed packages in /home/subham/igvc/install[0m
[0.762s] [34mcolcon.colcon_installed_package_information.package_discovery[0m [1;30mDEBUG[0m [32mFound 8 installed packages in /home/subham/colcon_ws/install[0m
[0.764s] [34mcolcon.colcon_installed_package_information.package_discovery[0m [1;30mDEBUG[0m [32mFound 7 installed packages in /home/subham/anvrit_ws/install[0m
[0.765s] [34mcolcon.colcon_installed_package_information.package_discovery[0m [1;30mDEBUG[0m [32mFound 4 installed packages in /home/subham/omokai_ws/install[0m
[0.771s] [34mcolcon.colcon_installed_package_information.package_discovery[0m [1;30mDEBUG[0m [32mFound 512 installed packages in /opt/ros/humble[0m
[0.779s] [34mcolcon.colcon_core.package_discovery[0m [1;30mLevel 1[0m discover_packages(prefix_path) using defaults
[0.988s] [34mcolcon.colcon_core.verb[0m [1;30mLevel 5[0m set package 'fastdem' build argument 'cmake_args' from command line to 'None'
[0.988s] [34mcolcon.colcon_core.verb[0m [1;30mLevel 5[0m set package 'fastdem' build argument 'cmake_target' from command line to 'None'
[0.988s] [34mcolcon.colcon_core.verb[0m [1;30mLevel 5[0m set package 'fastdem' build argument 'cmake_target_skip_unavailable' from command line to 'False'
[0.988s] [34mcolcon.colcon_core.verb[0m [1;30mLevel 5[0m set package 'fastdem' build argument 'cmake_clean_cache' from command line to 'False'
[0.988s] [34mcolcon.colcon_core.verb[0m [1;30mLevel 5[0m set package 'fastdem' build argument 'cmake_clean_first' from command line to 'False'
[0.988s] [34mcolcon.colcon_core.verb[0m [1;30mLevel 5[0m set package 'fastdem' build argument 'cmake_force_configure' from command line to 'False'
[0.988s] [34mcolcon.colcon_core.verb[0m [1;30mLevel 5[0m set package 'fastdem' build argument 'ament_cmake_args' from command line to 'None'
[0.988s] [34mcolcon.colcon_core.verb[0m [1;30mLevel 5[0m set package 'fastdem' build argument 'catkin_cmake_args' from command line to 'None'
[0.988s] [34mcolcon.colcon_core.verb[0m [1;30mLevel 5[0m set package 'fastdem' build argument 'catkin_skip_building_tests' from command line to 'False'
[0.988s] [34mcolcon.colcon_core.verb[0m [1;30mDEBUG[0m [32mBuilding package 'fastdem' with the following arguments: {'ament_cmake_args': None, 'build_base': '/media/subham/85dce0f4-2e29-4540-9a32-801850cfcef6/subham/LidarMapping2.5D/build/fastdem', 'catkin_cmake_args': None, 'catkin_skip_building_tests': False, 'cmake_args': None, 'cmake_clean_cache': False, 'cmake_clean_first': False, 'cmake_force_configure': False, 'cmake_target': None, 'cmake_target_skip_unavailable': False, 'install_base': '/media/subham/85dce0f4-2e29-4540-9a32-801850cfcef6/subham/LidarMapping2.5D/install/fastdem', 'merge_install': False, 'path': '/media/subham/85dce0f4-2e29-4540-9a32-801850cfcef6/subham/LidarMapping2.5D/src/FastDEM/fastdem', 'symlink_install': True, 'test_result_base': None}[0m
[0.989s] [34mcolcon.colcon_core.verb[0m [1;30mLevel 5[0m set package 'jsk_recognition_msgs' build argument 'cmake_args' from command line to 'None'
[0.989s] [34mcolcon.colcon_core.verb[0m [1;30mLevel 5[0m set package 'jsk_recognition_msgs' build argument 'cmake_target' from command line to 'None'
[0.989s] [34mcolcon.colcon_core.verb[0m [1;30mLevel 5[0m set package 'jsk_recognition_msgs' build argument 'cmake_target_skip_unavailable' from command line to 'False'
[0.989s] [34mcolcon.colcon_core.verb[0m [1;30mLevel 5[0m set package 'jsk_recognition_msgs' build argument 'cmake_clean_cache' from command line to 'False'
[0.989s] [34mcolcon.colcon_core.verb[0m [1;30mLevel 5[0m set package 'jsk_recognition_msgs' build argument 'cmake_clean_first' from command line to 'False'
[0.990s] [34mcolcon.colcon_core.verb[0m [1;30mLevel 5[0m set package 'jsk_recognition_msgs' build argument 'cmake_force_configure' from command line to 'False'
[0.990s] [34mcolcon.colcon_core.verb[0m [1;30mLevel 5[0m set package 'jsk_recognition_msgs' build argument 'ament_cmake_args' from command line to 'None'
[0.990s] [34mcolcon.colcon_core.verb[0m [1;30mLevel 5[0m set package 'jsk_recognition_msgs' build argument 'catkin_cmake_args' from command line to 'None'
[0.990s] [34mcolcon.colcon_core.verb[0m [1;30mLevel 5[0m set package 'jsk_recognition_msgs' build argument 'catkin_skip_building_tests' from command line to 'False'
[0.990s] [34mcolcon.colcon_core.verb[0m [1;30mDEBUG[0m [32mBuilding package 'jsk_recognition_msgs' with the following arguments: {'ament_cmake_args': None, 'build_base': '/media/subham/85dce0f4-2e29-4540-9a32-801850cfcef6/subham/LidarMapping2.5D/build/jsk_recognition_msgs', 'catkin_cmake_args': None, 'catkin_skip_building_tests': False, 'cmake_args': None, 'cmake_clean_cache': False, 'cmake_clean_first': False, 'cmake_force_configure': False, 'cmake_target': None, 'cmake_target_skip_unavailable': False, 'install_base': '/media/subham/85dce0f4-2e29-4540-9a32-801850cfcef6/subham/LidarMapping2.5D/install/jsk_recognition_msgs', 'merge_install': False, 'path': '/media/subham/85dce0f4-2e29-4540-9a32-801850cfcef6/subham/LidarMapping2.5D/src/patchwork-plusplus-ros2/jsk_recognition_msgs', 'symlink_install': True, 'test_result_base': None}[0m
[0.991s] [34mcolcon.colcon_core.verb[0m [1;30mLevel 5[0m set package 'lid_description' build argument 'cmake_args' from command line to 'None'
[0.991s] [34mcolcon.colcon_core.verb[0m [1;30mLevel 5[0m set package 'lid_description' build argument 'cmake_target' from command line to 'None'
[0.991s] [34mcolcon.colcon_core.verb[0m [1;30mLevel 5[0m set package 'lid_description' build argument 'cmake_target_skip_unavailable' from command line to 'False'
[0.991s] [34mcolcon.colcon_core.verb[0m [1;30mLevel 5[0m set package 'lid_description' build argument 'cmake_clean_cache' from command line to 'False'
[0.991s] [34mcolcon.colcon_core.verb[0m [1;30mLevel 5[0m set package 'lid_description' build argument 'cmake_clean_first' from command line to 'False'
[0.991s] [34mcolcon.colcon_core.verb[0m [1;30mLevel 5[0m set package 'lid_description' build argument 'cmake_force_configure' from command line to 'False'
[0.991s] [34mcolcon.colcon_core.verb[0m [1;30mLevel 5[0m set package 'lid_description' build argument 'ament_cmake_args' from command line to 'None'
[0.991s] [34mcolcon.colcon_core.verb[0m [1;30mLevel 5[0m set package 'lid_description' build argument 'catkin_cmake_args' from command line to 'None'
[0.991s] [34mcolcon.colcon_core.verb[0m [1;30mLevel 5[0m set package 'lid_description' build argument 'catkin_skip_building_tests' from command line to 'False'
[0.991s] [34mcolcon.colcon_core.verb[0m [1;30mDEBUG[0m [32mBuilding package 'lid_description' with the following arguments: {'ament_cmake_args': None, 'build_base': '/media/subham/85dce0f4-2e29-4540-9a32-801850cfcef6/subham/LidarMapping2.5D/build/lid_description', 'catkin_cmake_args': None, 'catkin_skip_building_tests': False, 'cmake_args': None, 'cmake_clean_cache': False, 'cmake_clean_first': False, 'cmake_force_configure': False, 'cmake_target': None, 'cmake_target_skip_unavailable': False, 'install_base': '/media/subham/85dce0f4-2e29-4540-9a32-801850cfcef6/subham/LidarMapping2.5D/install/lid_description', 'merge_install': False, 'path': '/media/subham/85dce0f4-2e29-4540-9a32-801850cfcef6/subham/LidarMapping2.5D/src/lid_description', 'symlink_install': True, 'test_result_base': None}[0m
[0.992s] [34mcolcon.colcon_core.verb[0m [1;30mLevel 5[0m set package 'lid_simulation' build argument 'cmake_args' from command line to 'None'
[0.992s] [34mcolcon.colcon_core.verb[0m [1;30mLevel 5[0m set package 'lid_simulation' build argument 'cmake_target' from command line to 'None'
[0.992s] [34mcolcon.colcon_core.verb[0m [1;30mLevel 5[0m set package 'lid_simulation' build argument 'cmake_target_skip_unavailable' from command line to 'False'
[0.992s] [34mcolcon.colcon_core.verb[0m [1;30mLevel 5[0m set package 'lid_simulation' build argument 'cmake_clean_cache' from command line to 'False'
[0.992s] [34mcolcon.colcon_core.verb[0m [1;30mLevel 5[0m set package 'lid_simulation' build argument 'cmake_clean_first' from command line to 'False'
[0.992s] [34mcolcon.colcon_core.verb[0m [1;30mLevel 5[0m set package 'lid_simulation' build argument 'cmake_force_configure' from command line to 'False'
[0.992s] [34mcolcon.colcon_core.verb[0m [1;30mLevel 5[0m set package 'lid_simulation' build argument 'ament_cmake_args' from command line to 'None'
[0.992s] [34mcolcon.colcon_core.verb[0m [1;30mLevel 5[0m set package 'lid_simulation' build argument 'catkin_cmake_args' from command line to 'None'
[0.992s] [34mcolcon.colcon_core.verb[0m [1;30mLevel 5[0m set package 'lid_simulation' build argument 'catkin_skip_building_tests' from command line to 'False'
[0.992s] [34mcolcon.colcon_core.verb[0m [1;30mDEBUG[0m [32mBuilding package 'lid_simulation' with the following arguments: {'ament_cmake_args': None, 'build_base': '/media/subham/85dce0f4-2e29-4540-9a32-801850cfcef6/subham/LidarMapping2.5D/build/lid_simulation', 'catkin_cmake_args': None, 'catkin_skip_building_tests': False, 'cmake_args': None, 'cmake_clean_cache': False, 'cmake_clean_first': False, 'cmake_force_configure': False, 'cmake_target': None, 'cmake_target_skip_unavailable': False, 'install_base': '/media/subham/85dce0f4-2e29-4540-9a32-801850cfcef6/subham/LidarMapping2.5D/install/lid_simulation', 'merge_install': False, 'path': '/media/subham/85dce0f4-2e29-4540-9a32-801850cfcef6/subham/LidarMapping2.5D/src/lid_simulation', 'symlink_install': True, 'test_result_base': None}[0m
[0.993s] [34mcolcon.colcon_core.verb[0m [1;30mLevel 5[0m set package 'segmentation_lidar' build argument 'cmake_args' from command line to 'None'
[0.993s] [34mcolcon.colcon_core.verb[0m [1;30mLevel 5[0m set package 'segmentation_lidar' build argument 'cmake_target' from command line to 'None'
[0.993s] [34mcolcon.colcon_core.verb[0m [1;30mLevel 5[0m set package 'segmentation_lidar' build argument 'cmake_target_skip_unavailable' from command line to 'False'
[0.993s] [34mcolcon.colcon_core.verb[0m [1;30mLevel 5[0m set package 'segmentation_lidar' build argument 'cmake_clean_cache' from command line to 'False'
[0.993s] [34mcolcon.colcon_core.verb[0m [1;30mLevel 5[0m set package 'segmentation_lidar' build argument 'cmake_clean_first' from command line to 'False'
[0.993s] [34mcolcon.colcon_core.verb[0m [1;30mLevel 5[0m set package 'segmentation_lidar' build argument 'cmake_force_configure' from command line to 'False'
[0.993s] [34mcolcon.colcon_core.verb[0m [1;30mLevel 5[0m set package 'segmentation_lidar' build argument 'ament_cmake_args' from command line to 'None'
[0.993s] [34mcolcon.colcon_core.verb[0m [1;30mLevel 5[0m set package 'segmentation_lidar' build argument 'catkin_cmake_args' from command line to 'None'
[0.994s] [34mcolcon.colcon_core.verb[0m [1;30mLevel 5[0m set package 'segmentation_lidar' build argument 'catkin_skip_building_tests' from command line to 'False'
[0.994s] [34mcolcon.colcon_core.verb[0m [1;30mDEBUG[0m [32mBuilding package 'segmentation_lidar' with the following arguments: {'ament_cmake_args': None, 'build_base': '/media/subham/85dce0f4-2e29-4540-9a32-801850cfcef6/subham/LidarMapping2.5D/build/segmentation_lidar', 'catkin_cmake_args': None, 'catkin_skip_building_tests': False, 'cmake_args': None, 'cmake_clean_cache': False, 'cmake_clean_first': False, 'cmake_force_configure': False, 'cmake_target': None, 'cmake_target_skip_unavailable': False, 'install_base': '/media/subham/85dce0f4-2e29-4540-9a32-801850cfcef6/subham/LidarMapping2.5D/install/segmentation_lidar', 'merge_install': False, 'path': '/media/subham/85dce0f4-2e29-4540-9a32-801850cfcef6/subham/LidarMapping2.5D/src/segmentation_lidar', 'symlink_install': True, 'test_result_base': None}[0m
[0.994s] [34mcolcon.colcon_core.verb[0m [1;30mLevel 5[0m set package 'velodyne_gazebo_plugins' build argument 'cmake_args' from command line to 'None'
[0.995s] [34mcolcon.colcon_core.verb[0m [1;30mLevel 5[0m set package 'velodyne_gazebo_plugins' build argument 'cmake_target' from command line to 'None'
[0.995s] [34mcolcon.colcon_core.verb[0m [1;30mLevel 5[0m set package 'velodyne_gazebo_plugins' build argument 'cmake_target_skip_unavailable' from command line to 'False'
[0.995s] [34mcolcon.colcon_core.verb[0m [1;30mLevel 5[0m set package 'velodyne_gazebo_plugins' build argument 'cmake_clean_cache' from command line to 'False'
[0.995s] [34mcolcon.colcon_core.verb[0m [1;30mLevel 5[0m set package 'velodyne_gazebo_plugins' build argument 'cmake_clean_first' from command line to 'False'
[0.995s] [34mcolcon.colcon_core.verb[0m [1;30mLevel 5[0m set package 'velodyne_gazebo_plugins' build argument 'cmake_force_configure' from command line to 'False'
[0.995s] [34mcolcon.colcon_core.verb[0m [1;30mLevel 5[0m set package 'velodyne_gazebo_plugins' build argument 'ament_cmake_args' from command line to 'None'
[0.995s] [34mcolcon.colcon_core.verb[0m [1;30mLevel 5[0m set package 'velodyne_gazebo_plugins' build argument 'catkin_cmake_args' from command line to 'None'
[0.995s] [34mcolcon.colcon_core.verb[0m [1;30mLevel 5[0m set package 'velodyne_gazebo_plugins' build argument 'catkin_skip_building_tests' from command line to 'False'
[0.995s] [34mcolcon.colcon_core.verb[0m [1;30mDEBUG[0m [32mBuilding package 'velodyne_gazebo_plugins' with the following arguments: {'ament_cmake_args': None, 'build_base': '/media/subham/85dce0f4-2e29-4540-9a32-801850cfcef6/subham/LidarMapping2.5D/build/velodyne_gazebo_plugins', 'catkin_cmake_args': None, 'catkin_skip_building_tests': False, 'cmake_args': None, 'cmake_clean_cache': False, 'cmake_clean_first': False, 'cmake_force_configure': False, 'cmake_target': None, 'cmake_target_skip_unavailable': False, 'install_base': '/media/subham/85dce0f4-2e29-4540-9a32-801850cfcef6/subham/LidarMapping2.5D/install/velodyne_gazebo_plugins', 'merge_install': False, 'path': '/media/subham/85dce0f4-2e29-4540-9a32-801850cfcef6/subham/LidarMapping2.5D/src/velodyne/velodyne_gazebo_plugins', 'symlink_install': True, 'test_result_base': None}[0m
[0.996s] [34mcolcon.colcon_core.verb[0m [1;30mLevel 5[0m set package 'fastdem_ros' build argument 'cmake_args' from command line to 'None'
[0.996s] [34mcolcon.colcon_core.verb[0m [1;30mLevel 5[0m set package 'fastdem_ros' build argument 'cmake_target' from command line to 'None'
[0.996s] [34mcolcon.colcon_core.verb[0m [1;30mLevel 5[0m set package 'fastdem_ros' build argument 'cmake_target_skip_unavailable' from command line to 'False'
[0.996s] [34mcolcon.colcon_core.verb[0m [1;30mLevel 5[0m set package 'fastdem_ros' build argument 'cmake_clean_cache' from command line to 'False'
[0.996s] [34mcolcon.colcon_core.verb[0m [1;30mLevel 5[0m set package 'fastdem_ros' build argument 'cmake_clean_first' from command line to 'False'
[0.996s] [34mcolcon.colcon_core.verb[0m [1;30mLevel 5[0m set package 'fastdem_ros' build argument 'cmake_force_configure' from command line to 'False'
[0.996s] [34mcolcon.colcon_core.verb[0m [1;30mLevel 5[0m set package 'fastdem_ros' build argument 'ament_cmake_args' from command line to 'None'
[0.996s] [34mcolcon.colcon_core.verb[0m [1;30mLevel 5[0m set package 'fastdem_ros' build argument 'catkin_cmake_args' from command line to 'None'
[0.996s] [34mcolcon.colcon_core.verb[0m [1;30mLevel 5[0m set package 'fastdem_ros' build argument 'catkin_skip_building_tests' from command line to 'False'
[0.996s] [34mcolcon.colcon_core.verb[0m [1;30mDEBUG[0m [32mBuilding package 'fastdem_ros' with the following arguments: {'ament_cmake_args': None, 'build_base': '/media/subham/85dce0f4-2e29-4540-9a32-801850cfcef6/subham/LidarMapping2.5D/build/fastdem_ros', 'catkin_cmake_args': None, 'catkin_skip_building_tests': False, 'cmake_args': None, 'cmake_clean_cache': False, 'cmake_clean_first': False, 'cmake_force_configure': False, 'cmake_target': None, 'cmake_target_skip_unavailable': False, 'install_base': '/media/subham/85dce0f4-2e29-4540-9a32-801850cfcef6/subham/LidarMapping2.5D/install/fastdem_ros', 'merge_install': False, 'path': '/media/subham/85dce0f4-2e29-4540-9a32-801850cfcef6/subham/LidarMapping2.5D/src/FastDEM/ros1', 'symlink_install': True, 'test_result_base': None}[0m
[0.997s] [34mcolcon.colcon_core.verb[0m [1;30mLevel 5[0m set package 'fastdem_ros2' build argument 'cmake_args' from command line to 'None'
[0.997s] [34mcolcon.colcon_core.verb[0m [1;30mLevel 5[0m set package 'fastdem_ros2' build argument 'cmake_target' from command line to 'None'
[0.997s] [34mcolcon.colcon_core.verb[0m [1;30mLevel 5[0m set package 'fastdem_ros2' build argument 'cmake_target_skip_unavailable' from command line to 'False'
[0.997s] [34mcolcon.colcon_core.verb[0m [1;30mLevel 5[0m set package 'fastdem_ros2' build argument 'cmake_clean_cache' from command line to 'False'
[0.997s] [34mcolcon.colcon_core.verb[0m [1;30mLevel 5[0m set package 'fastdem_ros2' build argument 'cmake_clean_first' from command line to 'False'
[0.997s] [34mcolcon.colcon_core.verb[0m [1;30mLevel 5[0m set package 'fastdem_ros2' build argument 'cmake_force_configure' from command line to 'False'
[0.997s] [34mcolcon.colcon_core.verb[0m [1;30mLevel 5[0m set package 'fastdem_ros2' build argument 'ament_cmake_args' from command line to 'None'
[0.997s] [34mcolcon.colcon_core.verb[0m [1;30mLevel 5[0m set package 'fastdem_ros2' build argument 'catkin_cmake_args' from command line to 'None'
[0.997s] [34mcolcon.colcon_core.verb[0m [1;30mLevel 5[0m set package 'fastdem_ros2' build argument 'catkin_skip_building_tests' from command line to 'False'
[0.998s] [34mcolcon.colcon_core.verb[0m [1;30mDEBUG[0m [32mBuilding package 'fastdem_ros2' with the following arguments: {'ament_cmake_args': None, 'build_base': '/media/subham/85dce0f4-2e29-4540-9a32-801850cfcef6/subham/LidarMapping2.5D/build/fastdem_ros2', 'catkin_cmake_args': None, 'catkin_skip_building_tests': False, 'cmake_args': None, 'cmake_clean_cache': False, 'cmake_clean_first': False, 'cmake_force_configure': False, 'cmake_target': None, 'cmake_target_skip_unavailable': False, 'install_base': '/media/subham/85dce0f4-2e29-4540-9a32-801850cfcef6/subham/LidarMapping2.5D/install/fastdem_ros2', 'merge_install': False, 'path': '/media/subham/85dce0f4-2e29-4540-9a32-801850cfcef6/subham/LidarMapping2.5D/src/FastDEM/ros2', 'symlink_install': True, 'test_result_base': None}[0m
[0.998s] [34mcolcon.colcon_core.verb[0m [1;30mLevel 5[0m set package 'patchwork_plusplus' build argument 'cmake_args' from command line to 'None'
[0.998s] [34mcolcon.colcon_core.verb[0m [1;30mLevel 5[0m set package 'patchwork_plusplus' build argument 'cmake_target' from command line to 'None'
[0.998s] [34mcolcon.colcon_core.verb[0m [1;30mLevel 5[0m set package 'patchwork_plusplus' build argument 'cmake_target_skip_unavailable' from command line to 'False'
[0.998s] [34mcolcon.colcon_core.verb[0m [1;30mLevel 5[0m set package 'patchwork_plusplus' build argument 'cmake_clean_cache' from command line to 'False'
[0.999s] [34mcolcon.colcon_core.verb[0m [1;30mLevel 5[0m set package 'patchwork_plusplus' build argument 'cmake_clean_first' from command line to 'False'
[0.999s] [34mcolcon.colcon_core.verb[0m [1;30mLevel 5[0m set package 'patchwork_plusplus' build argument 'cmake_force_configure' from command line to 'False'
[0.999s] [34mcolcon.colcon_core.verb[0m [1;30mLevel 5[0m set package 'patchwork_plusplus' build argument 'ament_cmake_args' from command line to 'None'
[0.999s] [34mcolcon.colcon_core.verb[0m [1;30mLevel 5[0m set package 'patchwork_plusplus' build argument 'catkin_cmake_args' from command line to 'None'
[0.999s] [34mcolcon.colcon_core.verb[0m [1;30mLevel 5[0m set package 'patchwork_plusplus' build argument 'catkin_skip_building_tests' from command line to 'False'
[0.999s] [34mcolcon.colcon_core.verb[0m [1;30mDEBUG[0m [32mBuilding package 'patchwork_plusplus' with the following arguments: {'ament_cmake_args': None, 'build_base': '/media/subham/85dce0f4-2e29-4540-9a32-801850cfcef6/subham/LidarMapping2.5D/build/patchwork_plusplus', 'catkin_cmake_args': None, 'catkin_skip_building_tests': False, 'cmake_args': None, 'cmake_clean_cache': False, 'cmake_clean_first': False, 'cmake_force_configure': False, 'cmake_target': None, 'cmake_target_skip_unavailable': False, 'install_base': '/media/subham/85dce0f4-2e29-4540-9a32-801850cfcef6/subham/LidarMapping2.5D/install/patchwork_plusplus', 'merge_install': False, 'path': '/media/subham/85dce0f4-2e29-4540-9a32-801850cfcef6/subham/LidarMapping2.5D/src/patchwork-plusplus-ros2/patchwork_plusplus', 'symlink_install': True, 'test_result_base': None}[0m
[1.000s] [34mcolcon.colcon_core.verb[0m [1;30mLevel 5[0m set package 'velodyne_description' build argument 'cmake_args' from command line to 'None'
[1.000s] [34mcolcon.colcon_core.verb[0m [1;30mLevel 5[0m set package 'velodyne_description' build argument 'cmake_target' from command line to 'None'
[1.000s] [34mcolcon.colcon_core.verb[0m [1;30mLevel 5[0m set package 'velodyne_description' build argument 'cmake_target_skip_unavailable' from command line to 'False'
[1.000s] [34mcolcon.colcon_core.verb[0m [1;30mLevel 5[0m set package 'velodyne_description' build argument 'cmake_clean_cache' from command line to 'False'
[1.000s] [34mcolcon.colcon_core.verb[0m [1;30mLevel 5[0m set package 'velodyne_description' build argument 'cmake_clean_first' from command line to 'False'
[1.000s] [34mcolcon.colcon_core.verb[0m [1;30mLevel 5[0m set package 'velodyne_description' build argument 'cmake_force_configure' from command line to 'False'
[1.000s] [34mcolcon.colcon_core.verb[0m [1;30mLevel 5[0m set package 'velodyne_description' build argument 'ament_cmake_args' from command line to 'None'
[1.000s] [34mcolcon.colcon_core.verb[0m [1;30mLevel 5[0m set package 'velodyne_description' build argument 'catkin_cmake_args' from command line to 'None'
[1.000s] [34mcolcon.colcon_core.verb[0m [1;30mLevel 5[0m set package 'velodyne_description' build argument 'catkin_skip_building_tests' from command line to 'False'
[1.000s] [34mcolcon.colcon_core.verb[0m [1;30mDEBUG[0m [32mBuilding package 'velodyne_description' with the following arguments: {'ament_cmake_args': None, 'build_base': '/media/subham/85dce0f4-2e29-4540-9a32-801850cfcef6/subham/LidarMapping2.5D/build/velodyne_description', 'catkin_cmake_args': None, 'catkin_skip_building_tests': False, 'cmake_args': None, 'cmake_clean_cache': False, 'cmake_clean_first': False, 'cmake_force_configure': False, 'cmake_target': None, 'cmake_target_skip_unavailable': False, 'install_base': '/media/subham/85dce0f4-2e29-4540-9a32-801850cfcef6/subham/LidarMapping2.5D/install/velodyne_description', 'merge_install': False, 'path': '/media/subham/85dce0f4-2e29-4540-9a32-801850cfcef6/subham/LidarMapping2.5D/src/velodyne/velodyne_description', 'symlink_install': True, 'test_result_base': None}[0m
[1.001s] [34mcolcon.colcon_core.verb[0m [1;30mLevel 5[0m set package 'velodyne_simulator' build argument 'cmake_args' from command line to 'None'
[1.001s] [34mcolcon.colcon_core.verb[0m [1;30mLevel 5[0m set package 'velodyne_simulator' build argument 'cmake_target' from command line to 'None'
[1.001s] [34mcolcon.colcon_core.verb[0m [1;30mLevel 5[0m set package 'velodyne_simulator' build argument 'cmake_target_skip_unavailable' from command line to 'False'
[1.001s] [34mcolcon.colcon_core.verb[0m [1;30mLevel 5[0m set package 'velodyne_simulator' build argument 'cmake_clean_cache' from command line to 'False'
[1.001s] [34mcolcon.colcon_core.verb[0m [1;30mLevel 5[0m set package 'velodyne_simulator' build argument 'cmake_clean_first' from command line to 'False'
[1.001s] [34mcolcon.colcon_core.verb[0m [1;30mLevel 5[0m set package 'velodyne_simulator' build argument 'cmake_force_configure' from command line to 'False'
[1.001s] [34mcolcon.colcon_core.verb[0m [1;30mLevel 5[0m set package 'velodyne_simulator' build argument 'ament_cmake_args' from command line to 'None'
[1.001s] [34mcolcon.colcon_core.verb[0m [1;30mLevel 5[0m set package 'velodyne_simulator' build argument 'catkin_cmake_args' from command line to 'None'
[1.001s] [34mcolcon.colcon_core.verb[0m [1;30mLevel 5[0m set package 'velodyne_simulator' build argument 'catkin_skip_building_tests' from command line to 'False'
[1.001s] [34mcolcon.colcon_core.verb[0m [1;30mDEBUG[0m [32mBuilding package 'velodyne_simulator' with the following arguments: {'ament_cmake_args': None, 'build_base': '/media/subham/85dce0f4-2e29-4540-9a32-801850cfcef6/subham/LidarMapping2.5D/build/velodyne_simulator', 'catkin_cmake_args': None, 'catkin_skip_building_tests': False, 'cmake_args': None, 'cmake_clean_cache': False, 'cmake_clean_first': False, 'cmake_force_configure': False, 'cmake_target': None, 'cmake_target_skip_unavailable': False, 'install_base': '/media/subham/85dce0f4-2e29-4540-9a32-801850cfcef6/subham/LidarMapping2.5D/install/velodyne_simulator', 'merge_install': False, 'path': '/media/subham/85dce0f4-2e29-4540-9a32-801850cfcef6/subham/LidarMapping2.5D/src/velodyne/velodyne_simulator', 'symlink_install': True, 'test_result_base': None}[0m
[1.002s] [34mcolcon.colcon_core.executor[0m [1;30mINFO[0m Executing jobs using 'sequential' executor
[1.004s] [34mcolcon.colcon_core.executor.sequential[0m [1;30mDEBUG[0m [32mrun_until_complete 'fastdem'[0m
[1.005s] [34mcolcon.colcon_ros.task.cmake.build[0m [1;30mINFO[0m Building ROS package in '/media/subham/85dce0f4-2e29-4540-9a32-801850cfcef6/subham/LidarMapping2.5D/src/FastDEM/fastdem' with build type 'cmake'
[1.005s] [34mcolcon.colcon_cmake.task.cmake.build[0m [1;30mINFO[0m Building CMake package in '/media/subham/85dce0f4-2e29-4540-9a32-801850cfcef6/subham/LidarMapping2.5D/src/FastDEM/fastdem'
[1.015s] [34mcolcon.colcon_core.plugin_system[0m [1;30mINFO[0m Skipping extension 'colcon_core.shell.bat': Not used on non-Windows systems
[1.015s] [34mcolcon.colcon_core.shell[0m [1;30mINFO[0m Skip shell extension 'powershell' for command environment: Not usable outside of PowerShell
[1.015s] [34mcolcon.colcon_core.shell[0m [1;30mDEBUG[0m [32mSkip shell extension 'dsv' for command environment[0m
[1.054s] [34mcolcon.colcon_core.event_handler.log_command[0m [1;30mDEBUG[0m [32mInvoking command in '/media/subham/85dce0f4-2e29-4540-9a32-801850cfcef6/subham/LidarMapping2.5D/build/fastdem': CMAKE_PREFIX_PATH=${CMAKE_PREFIX_PATH}:/home/subham/omokai_ws/install/llm_navigation:/home/subham/Edge_AI_for_ADAS_and_Autonomous_Systems/install/adas_perception:/home/subham/Edge_AI_for_ADAS_and_Autonomous_Systems/install/adas_navigation:/home/subham/rover_ws/install/rover_navigation:/home/subham/anvrit_ws/install/anvrit_perception:/home/subham/anvrit_ws/install/anvrit_odometry:/home/subham/anvrit_ws/install/anvrit_nav2:/home/subham/igvc/install/igvc_perception:/home/subham/igvc/install/igvc_navigation:/home/subham/colcon_ws/install/ros2ai:/opt/ros/humble /usr/bin/cmake /media/subham/85dce0f4-2e29-4540-9a32-801850cfcef6/subham/LidarMapping2.5D/src/FastDEM/fastdem -DCMAKE_INSTALL_PREFIX=/media/subham/85dce0f4-2e29-4540-9a32-801850cfcef6/subham/LidarMapping2.5D/install/fastdem[0m
[8.157s] [34mcolcon.colcon_core.event_handler.log_command[0m [1;30mDEBUG[0m [32mInvoked command in '/media/subham/85dce0f4-2e29-4540-9a32-801850cfcef6/subham/LidarMapping2.5D/build/fastdem' returned '0': CMAKE_PREFIX_PATH=${CMAKE_PREFIX_PATH}:/home/subham/omokai_ws/install/llm_navigation:/home/subham/Edge_AI_for_ADAS_and_Autonomous_Systems/install/adas_perception:/home/subham/Edge_AI_for_ADAS_and_Autonomous_Systems/install/adas_navigation:/home/subham/rover_ws/install/rover_navigation:/home/subham/anvrit_ws/install/anvrit_perception:/home/subham/anvrit_ws/install/anvrit_odometry:/home/subham/anvrit_ws/install/anvrit_nav2:/home/subham/igvc/install/igvc_perception:/home/subham/igvc/install/igvc_navigation:/home/subham/colcon_ws/install/ros2ai:/opt/ros/humble /usr/bin/cmake /media/subham/85dce0f4-2e29-4540-9a32-801850cfcef6/subham/LidarMapping2.5D/src/FastDEM/fastdem -DCMAKE_INSTALL_PREFIX=/media/subham/85dce0f4-2e29-4540-9a32-801850cfcef6/subham/LidarMapping2.5D/install/fastdem[0m
[8.162s] [34mcolcon.colcon_core.event_handler.log_command[0m [1;30mDEBUG[0m [32mInvoking command in '/media/subham/85dce0f4-2e29-4540-9a32-801850cfcef6/subham/LidarMapping2.5D/build/fastdem': CMAKE_PREFIX_PATH=${CMAKE_PREFIX_PATH}:/home/subham/omokai_ws/install/llm_navigation:/home/subham/Edge_AI_for_ADAS_and_Autonomous_Systems/install/adas_perception:/home/subham/Edge_AI_for_ADAS_and_Autonomous_Systems/install/adas_navigation:/home/subham/rover_ws/install/rover_navigation:/home/subham/anvrit_ws/install/anvrit_perception:/home/subham/anvrit_ws/install/anvrit_odometry:/home/subham/anvrit_ws/install/anvrit_nav2:/home/subham/igvc/install/igvc_perception:/home/subham/igvc/install/igvc_navigation:/home/subham/colcon_ws/install/ros2ai:/opt/ros/humble /usr/bin/cmake --build /media/subham/85dce0f4-2e29-4540-9a32-801850cfcef6/subham/LidarMapping2.5D/build/fastdem[0m
[54.035s] [34mcolcon.colcon_core.event_handler.log_command[0m [1;30mDEBUG[0m [32mInvoked command in '/media/subham/85dce0f4-2e29-4540-9a32-801850cfcef6/subham/LidarMapping2.5D/build/fastdem' returned '0': CMAKE_PREFIX_PATH=${CMAKE_PREFIX_PATH}:/home/subham/omokai_ws/install/llm_navigation:/home/subham/Edge_AI_for_ADAS_and_Autonomous_Systems/install/adas_perception:/home/subham/Edge_AI_for_ADAS_and_Autonomous_Systems/install/adas_navigation:/home/subham/rover_ws/install/rover_navigation:/home/subham/anvrit_ws/install/anvrit_perception:/home/subham/anvrit_ws/install/anvrit_odometry:/home/subham/anvrit_ws/install/anvrit_nav2:/home/subham/igvc/install/igvc_perception:/home/subham/igvc/install/igvc_navigation:/home/subham/colcon_ws/install/ros2ai:/opt/ros/humble /usr/bin/cmake --build /media/subham/85dce0f4-2e29-4540-9a32-801850cfcef6/subham/LidarMapping2.5D/build/fastdem[0m
[54.049s] [34mcolcon.colcon_core.event_handler.log_command[0m [1;30mDEBUG[0m [32mInvoking command in '/media/subham/85dce0f4-2e29-4540-9a32-801850cfcef6/subham/LidarMapping2.5D/build/fastdem': CMAKE_PREFIX_PATH=${CMAKE_PREFIX_PATH}:/home/subham/omokai_ws/install/llm_navigation:/home/subham/Edge_AI_for_ADAS_and_Autonomous_Systems/install/adas_perception:/home/subham/Edge_AI_for_ADAS_and_Autonomous_Systems/install/adas_navigation:/home/subham/rover_ws/install/rover_navigation:/home/subham/anvrit_ws/install/anvrit_perception:/home/subham/anvrit_ws/install/anvrit_odometry:/home/subham/anvrit_ws/install/anvrit_nav2:/home/subham/igvc/install/igvc_perception:/home/subham/igvc/install/igvc_navigation:/home/subham/colcon_ws/install/ros2ai:/opt/ros/humble /usr/bin/cmake --install /media/subham/85dce0f4-2e29-4540-9a32-801850cfcef6/subham/LidarMapping2.5D/build/fastdem[0m
[54.092s] [34mcolcon.colcon_core.event_handler.log_command[0m [1;30mDEBUG[0m [32mInvoked command in '/media/subham/85dce0f4-2e29-4540-9a32-801850cfcef6/subham/LidarMapping2.5D/build/fastdem' returned '0': CMAKE_PREFIX_PATH=${CMAKE_PREFIX_PATH}:/home/subham/omokai_ws/install/llm_navigation:/home/subham/Edge_AI_for_ADAS_and_Autonomous_Systems/install/adas_perception:/home/subham/Edge_AI_for_ADAS_and_Autonomous_Systems/install/adas_navigation:/home/subham/rover_ws/install/rover_navigation:/home/subham/anvrit_ws/install/anvrit_perception:/home/subham/anvrit_ws/install/anvrit_odometry:/home/subham/anvrit_ws/install/anvrit_nav2:/home/subham/igvc/install/igvc_perception:/home/subham/igvc/install/igvc_navigation:/home/subham/colcon_ws/install/ros2ai:/opt/ros/humble /usr/bin/cmake --install /media/subham/85dce0f4-2e29-4540-9a32-801850cfcef6/subham/LidarMapping2.5D/build/fastdem[0m
[54.093s] [34mcolcon.colcon_core.shell[0m [1;30mLevel 1[0m create_environment_hook('fastdem', 'pkg_config_path')
[54.093s] [34mcolcon.colcon_core.shell[0m [1;30mINFO[0m Creating environment hook '/media/subham/85dce0f4-2e29-4540-9a32-801850cfcef6/subham/LidarMapping2.5D/install/fastdem/share/fastdem/hook/pkg_config_path.ps1'
[54.094s] [34mcolcon.colcon_core.shell[0m [1;30mINFO[0m Creating environment descriptor '/media/subham/85dce0f4-2e29-4540-9a32-801850cfcef6/subham/LidarMapping2.5D/install/fastdem/share/fastdem/hook/pkg_config_path.dsv'
[54.095s] [34mcolcon.colcon_core.shell[0m [1;30mINFO[0m Creating environment hook '/media/subham/85dce0f4-2e29-4540-9a32-801850cfcef6/subham/LidarMapping2.5D/install/fastdem/share/fastdem/hook/pkg_config_path.sh'
[54.098s] [34mcolcon.colcon_core.shell[0m [1;30mLevel 1[0m create_environment_hook('fastdem', 'pkg_config_path_multiarch')
[54.098s] [34mcolcon.colcon_core.shell[0m [1;30mINFO[0m Creating environment hook '/media/subham/85dce0f4-2e29-4540-9a32-801850cfcef6/subham/LidarMapping2.5D/install/fastdem/share/fastdem/hook/pkg_config_path_multiarch.ps1'
[54.099s] [34mcolcon.colcon_core.shell[0m [1;30mINFO[0m Creating environment descriptor '/media/subham/85dce0f4-2e29-4540-9a32-801850cfcef6/subham/LidarMapping2.5D/install/fastdem/share/fastdem/hook/pkg_config_path_multiarch.dsv'
[54.099s] [34mcolcon.colcon_core.shell[0m [1;30mINFO[0m Creating environment hook '/media/subham/85dce0f4-2e29-4540-9a32-801850cfcef6/subham/LidarMapping2.5D/install/fastdem/share/fastdem/hook/pkg_config_path_multiarch.sh'
[54.100s] [34mcolcon.colcon_core.environment[0m [1;30mLevel 1[0m create_environment_scripts_only(fastdem)
[54.102s] [34mcolcon.colcon_core.environment[0m [1;30mLevel 1[0m checking '/media/subham/85dce0f4-2e29-4540-9a32-801850cfcef6/subham/LidarMapping2.5D/install/fastdem' for CMake module files
[54.103s] [34mcolcon.colcon_core.environment[0m [1;30mLevel 1[0m checking '/media/subham/85dce0f4-2e29-4540-9a32-801850cfcef6/subham/LidarMapping2.5D/install/fastdem' for CMake config files
[54.103s] [34mcolcon.colcon_core.shell[0m [1;30mLevel 1[0m create_environment_hook('fastdem', 'cmake_prefix_path')
[54.104s] [34mcolcon.colcon_core.shell[0m [1;30mINFO[0m Creating environment hook '/media/subham/85dce0f4-2e29-4540-9a32-801850cfcef6/subham/LidarMapping2.5D/install/fastdem/share/fastdem/hook/cmake_prefix_path.ps1'
[54.104s] [34mcolcon.colcon_core.shell[0m [1;30mINFO[0m Creating environment descriptor '/media/subham/85dce0f4-2e29-4540-9a32-801850cfcef6/subham/LidarMapping2.5D/install/fastdem/share/fastdem/hook/cmake_prefix_path.dsv'
[54.104s] [34mcolcon.colcon_core.shell[0m [1;30mINFO[0m Creating environment hook '/media/subham/85dce0f4-2e29-4540-9a32-801850cfcef6/subham/LidarMapping2.5D/install/fastdem/share/fastdem/hook/cmake_prefix_path.sh'
[54.105s] [34mcolcon.colcon_core.environment[0m [1;30mLevel 1[0m checking '/media/subham/85dce0f4-2e29-4540-9a32-801850cfcef6/subham/LidarMapping2.5D/install/fastdem/lib'
[54.105s] [34mcolcon.colcon_core.environment[0m [1;30mLevel 1[0m checking '/media/subham/85dce0f4-2e29-4540-9a32-801850cfcef6/subham/LidarMapping2.5D/install/fastdem/bin'
[54.105s] [34mcolcon.colcon_core.environment[0m [1;30mLevel 1[0m checking '/media/subham/85dce0f4-2e29-4540-9a32-801850cfcef6/subham/LidarMapping2.5D/install/fastdem/lib/pkgconfig/fastdem.pc'
[54.105s] [34mcolcon.colcon_core.environment[0m [1;30mLevel 1[0m checking '/media/subham/85dce0f4-2e29-4540-9a32-801850cfcef6/subham/LidarMapping2.5D/install/fastdem/lib/python3.10/site-packages'
[54.105s] [34mcolcon.colcon_core.environment[0m [1;30mLevel 1[0m checking '/media/subham/85dce0f4-2e29-4540-9a32-801850cfcef6/subham/LidarMapping2.5D/install/fastdem/bin'
[54.106s] [34mcolcon.colcon_core.shell[0m [1;30mINFO[0m Creating package script '/media/subham/85dce0f4-2e29-4540-9a32-801850cfcef6/subham/LidarMapping2.5D/install/fastdem/share/fastdem/package.ps1'
[54.107s] [34mcolcon.colcon_core.shell[0m [1;30mINFO[0m Creating package descriptor '/media/subham/85dce0f4-2e29-4540-9a32-801850cfcef6/subham/LidarMapping2.5D/install/fastdem/share/fastdem/package.dsv'
[54.107s] [34mcolcon.colcon_core.shell[0m [1;30mINFO[0m Creating package script '/media/subham/85dce0f4-2e29-4540-9a32-801850cfcef6/subham/LidarMapping2.5D/install/fastdem/share/fastdem/package.sh'
[54.108s] [34mcolcon.colcon_core.shell[0m [1;30mINFO[0m Creating package script '/media/subham/85dce0f4-2e29-4540-9a32-801850cfcef6/subham/LidarMapping2.5D/install/fastdem/share/fastdem/package.bash'
[54.109s] [34mcolcon.colcon_core.shell[0m [1;30mINFO[0m Creating package script '/media/subham/85dce0f4-2e29-4540-9a32-801850cfcef6/subham/LidarMapping2.5D/install/fastdem/share/fastdem/package.zsh'
[54.109s] [34mcolcon.colcon_core.environment[0m [1;30mLevel 1[0m create_file_with_runtime_dependencies(/media/subham/85dce0f4-2e29-4540-9a32-801850cfcef6/subham/LidarMapping2.5D/install/fastdem/share/colcon-core/packages/fastdem)
[54.110s] [34mcolcon.colcon_core.executor.sequential[0m [1;30mDEBUG[0m [32mrun_until_complete 'fastdem' finished with '0'[0m
[54.110s] [34mcolcon.colcon_core.executor.sequential[0m [1;30mDEBUG[0m [32mrun_until_complete 'jsk_recognition_msgs'[0m
[54.110s] [34mcolcon.colcon_ros.task.ament_cmake.build[0m [1;30mINFO[0m Building ROS package in '/media/subham/85dce0f4-2e29-4540-9a32-801850cfcef6/subham/LidarMapping2.5D/src/patchwork-plusplus-ros2/jsk_recognition_msgs' with build type 'ament_cmake'
[54.110s] [34mcolcon.colcon_cmake.task.cmake.build[0m [1;30mINFO[0m Building CMake package in '/media/subham/85dce0f4-2e29-4540-9a32-801850cfcef6/subham/LidarMapping2.5D/src/patchwork-plusplus-ros2/jsk_recognition_msgs'
[54.110s] [34mcolcon.colcon_core.shell[0m [1;30mINFO[0m Skip shell extension 'powershell' for command environment: Not usable outside of PowerShell
[54.110s] [34mcolcon.colcon_core.shell[0m [1;30mDEBUG[0m [32mSkip shell extension 'dsv' for command environment[0m
[54.127s] [34mcolcon.colcon_core.event_handler.log_command[0m [1;30mDEBUG[0m [32mInvoking command in '/media/subham/85dce0f4-2e29-4540-9a32-801850cfcef6/subham/LidarMapping2.5D/build/jsk_recognition_msgs': CMAKE_PREFIX_PATH=${CMAKE_PREFIX_PATH}:/home/subham/omokai_ws/install/llm_navigation:/home/subham/Edge_AI_for_ADAS_and_Autonomous_Systems/install/adas_perception:/home/subham/Edge_AI_for_ADAS_and_Autonomous_Systems/install/adas_navigation:/home/subham/rover_ws/install/rover_navigation:/home/subham/anvrit_ws/install/anvrit_perception:/home/subham/anvrit_ws/install/anvrit_odometry:/home/subham/anvrit_ws/install/anvrit_nav2:/home/subham/igvc/install/igvc_perception:/home/subham/igvc/install/igvc_navigation:/home/subham/colcon_ws/install/ros2ai:/opt/ros/humble /usr/bin/cmake /media/subham/85dce0f4-2e29-4540-9a32-801850cfcef6/subham/LidarMapping2.5D/src/patchwork-plusplus-ros2/jsk_recognition_msgs -DAMENT_CMAKE_SYMLINK_INSTALL=1 -DCMAKE_INSTALL_PREFIX=/media/subham/85dce0f4-2e29-4540-9a32-801850cfcef6/subham/LidarMapping2.5D/install/jsk_recognition_msgs[0m
[57.217s] [34mcolcon.colcon_core.event_handler.log_command[0m [1;30mDEBUG[0m [32mInvoked command in '/media/subham/85dce0f4-2e29-4540-9a32-801850cfcef6/subham/LidarMapping2.5D/build/jsk_recognition_msgs' returned '0': CMAKE_PREFIX_PATH=${CMAKE_PREFIX_PATH}:/home/subham/omokai_ws/install/llm_navigation:/home/subham/Edge_AI_for_ADAS_and_Autonomous_Systems/install/adas_perception:/home/subham/Edge_AI_for_ADAS_and_Autonomous_Systems/install/adas_navigation:/home/subham/rover_ws/install/rover_navigation:/home/subham/anvrit_ws/install/anvrit_perception:/home/subham/anvrit_ws/install/anvrit_odometry:/home/subham/anvrit_ws/install/anvrit_nav2:/home/subham/igvc/install/igvc_perception:/home/subham/igvc/install/igvc_navigation:/home/subham/colcon_ws/install/ros2ai:/opt/ros/humble /usr/bin/cmake /media/subham/85dce0f4-2e29-4540-9a32-801850cfcef6/subham/LidarMapping2.5D/src/patchwork-plusplus-ros2/jsk_recognition_msgs -DAMENT_CMAKE_SYMLINK_INSTALL=1 -DCMAKE_INSTALL_PREFIX=/media/subham/85dce0f4-2e29-4540-9a32-801850cfcef6/subham/LidarMapping2.5D/install/jsk_recognition_msgs[0m
[57.219s] [34mcolcon.colcon_core.event_handler.log_command[0m [1;30mDEBUG[0m [32mInvoking command in '/media/subham/85dce0f4-2e29-4540-9a32-801850cfcef6/subham/LidarMapping2.5D/build/jsk_recognition_msgs': CMAKE_PREFIX_PATH=${CMAKE_PREFIX_PATH}:/home/subham/omokai_ws/install/llm_navigation:/home/subham/Edge_AI_for_ADAS_and_Autonomous_Systems/install/adas_perception:/home/subham/Edge_AI_for_ADAS_and_Autonomous_Systems/install/adas_navigation:/home/subham/rover_ws/install/rover_navigation:/home/subham/anvrit_ws/install/anvrit_perception:/home/subham/anvrit_ws/install/anvrit_odometry:/home/subham/anvrit_ws/install/anvrit_nav2:/home/subham/igvc/install/igvc_perception:/home/subham/igvc/install/igvc_navigation:/home/subham/colcon_ws/install/ros2ai:/opt/ros/humble /usr/bin/cmake --build /media/subham/85dce0f4-2e29-4540-9a32-801850cfcef6/subham/LidarMapping2.5D/build/jsk_recognition_msgs[0m
[65.320s] [34mcolcon.colcon_core.event_handler.log_command[0m [1;30mDEBUG[0m [32mInvoked command in '/media/subham/85dce0f4-2e29-4540-9a32-801850cfcef6/subham/LidarMapping2.5D/build/jsk_recognition_msgs' returned '0': CMAKE_PREFIX_PATH=${CMAKE_PREFIX_PATH}:/home/subham/omokai_ws/install/llm_navigation:/home/subham/Edge_AI_for_ADAS_and_Autonomous_Systems/install/adas_perception:/home/subham/Edge_AI_for_ADAS_and_Autonomous_Systems/install/adas_navigation:/home/subham/rover_ws/install/rover_navigation:/home/subham/anvrit_ws/install/anvrit_perception:/home/subham/anvrit_ws/install/anvrit_odometry:/home/subham/anvrit_ws/install/anvrit_nav2:/home/subham/igvc/install/igvc_perception:/home/subham/igvc/install/igvc_navigation:/home/subham/colcon_ws/install/ros2ai:/opt/ros/humble /usr/bin/cmake --build /media/subham/85dce0f4-2e29-4540-9a32-801850cfcef6/subham/LidarMapping2.5D/build/jsk_recognition_msgs[0m
[65.321s] [34mcolcon.colcon_core.event_handler.log_command[0m [1;30mDEBUG[0m [32mInvoking command in '/media/subham/85dce0f4-2e29-4540-9a32-801850cfcef6/subham/LidarMapping2.5D/build/jsk_recognition_msgs': CMAKE_PREFIX_PATH=${CMAKE_PREFIX_PATH}:/home/subham/omokai_ws/install/llm_navigation:/home/subham/Edge_AI_for_ADAS_and_Autonomous_Systems/install/adas_perception:/home/subham/Edge_AI_for_ADAS_and_Autonomous_Systems/install/adas_navigation:/home/subham/rover_ws/install/rover_navigation:/home/subham/anvrit_ws/install/anvrit_perception:/home/subham/anvrit_ws/install/anvrit_odometry:/home/subham/anvrit_ws/install/anvrit_nav2:/home/subham/igvc/install/igvc_perception:/home/subham/igvc/install/igvc_navigation:/home/subham/colcon_ws/install/ros2ai:/opt/ros/humble /usr/bin/cmake --install /media/subham/85dce0f4-2e29-4540-9a32-801850cfcef6/subham/LidarMapping2.5D/build/jsk_recognition_msgs[0m
[66.308s] [34mcolcon.colcon_core.environment[0m [1;30mLevel 1[0m create_environment_scripts_only(jsk_recognition_msgs)
[66.308s] [34mcolcon.colcon_core.environment[0m [1;30mLevel 1[0m checking '/media/subham/85dce0f4-2e29-4540-9a32-801850cfcef6/subham/LidarMapping2.5D/install/jsk_recognition_msgs' for CMake module files
[66.309s] [34mcolcon.colcon_core.event_handler.log_command[0m [1;30mDEBUG[0m [32mInvoked command in '/media/subham/85dce0f4-2e29-4540-9a32-801850cfcef6/subham/LidarMapping2.5D/build/jsk_recognition_msgs' returned '0': CMAKE_PREFIX_PATH=${CMAKE_PREFIX_PATH}:/home/subham/omokai_ws/install/llm_navigation:/home/subham/Edge_AI_for_ADAS_and_Autonomous_Systems/install/adas_perception:/home/subham/Edge_AI_for_ADAS_and_Autonomous_Systems/install/adas_navigation:/home/subham/rover_ws/install/rover_navigation:/home/subham/anvrit_ws/install/anvrit_perception:/home/subham/anvrit_ws/install/anvrit_odometry:/home/subham/anvrit_ws/install/anvrit_nav2:/home/subham/igvc/install/igvc_perception:/home/subham/igvc/install/igvc_navigation:/home/subham/colcon_ws/install/ros2ai:/opt/ros/humble /usr/bin/cmake --install /media/subham/85dce0f4-2e29-4540-9a32-801850cfcef6/subham/LidarMapping2.5D/build/jsk_recognition_msgs[0m
[66.310s] [34mcolcon.colcon_core.environment[0m [1;30mLevel 1[0m checking '/media/subham/85dce0f4-2e29-4540-9a32-801850cfcef6/subham/LidarMapping2.5D/install/jsk_recognition_msgs' for CMake config files
[66.310s] [34mcolcon.colcon_core.shell[0m [1;30mLevel 1[0m create_environment_hook('jsk_recognition_msgs', 'cmake_prefix_path')
[66.311s] [34mcolcon.colcon_core.shell[0m [1;30mINFO[0m Creating environment hook '/media/subham/85dce0f4-2e29-4540-9a32-801850cfcef6/subham/LidarMapping2.5D/install/jsk_recognition_msgs/share/jsk_recognition_msgs/hook/cmake_prefix_path.ps1'
[66.311s] [34mcolcon.colcon_core.shell[0m [1;30mINFO[0m Creating environment descriptor '/media/subham/85dce0f4-2e29-4540-9a32-801850cfcef6/subham/LidarMapping2.5D/install/jsk_recognition_msgs/share/jsk_recognition_msgs/hook/cmake_prefix_path.dsv'
[66.311s] [34mcolcon.colcon_core.shell[0m [1;30mINFO[0m Creating environment hook '/media/subham/85dce0f4-2e29-4540-9a32-801850cfcef6/subham/LidarMapping2.5D/install/jsk_recognition_msgs/share/jsk_recognition_msgs/hook/cmake_prefix_path.sh'
[66.312s] [34mcolcon.colcon_core.environment[0m [1;30mLevel 1[0m checking '/media/subham/85dce0f4-2e29-4540-9a32-801850cfcef6/subham/LidarMapping2.5D/install/jsk_recognition_msgs/lib'
[66.312s] [34mcolcon.colcon_core.shell[0m [1;30mLevel 1[0m create_environment_hook('jsk_recognition_msgs', 'ld_library_path_lib')
[66.312s] [34mcolcon.colcon_core.shell[0m [1;30mINFO[0m Creating environment hook '/media/subham/85dce0f4-2e29-4540-9a32-801850cfcef6/subham/LidarMapping2.5D/install/jsk_recognition_msgs/share/jsk_recognition_msgs/hook/ld_library_path_lib.ps1'
[66.313s] [34mcolcon.colcon_core.shell[0m [1;30mINFO[0m Creating environment descriptor '/media/subham/85dce0f4-2e29-4540-9a32-801850cfcef6/subham/LidarMapping2.5D/install/jsk_recognition_msgs/share/jsk_recognition_msgs/hook/ld_library_path_lib.dsv'
[66.313s] [34mcolcon.colcon_core.shell[0m [1;30mINFO[0m Creating environment hook '/media/subham/85dce0f4-2e29-4540-9a32-801850cfcef6/subham/LidarMapping2.5D/install/jsk_recognition_msgs/share/jsk_recognition_msgs/hook/ld_library_path_lib.sh'
[66.313s] [34mcolcon.colcon_core.environment[0m [1;30mLevel 1[0m checking '/media/subham/85dce0f4-2e29-4540-9a32-801850cfcef6/subham/LidarMapping2.5D/install/jsk_recognition_msgs/bin'
[66.313s] [34mcolcon.colcon_core.environment[0m [1;30mLevel 1[0m checking '/media/subham/85dce0f4-2e29-4540-9a32-801850cfcef6/subham/LidarMapping2.5D/install/jsk_recognition_msgs/lib/pkgconfig/jsk_recognition_msgs.pc'
[66.314s] [34mcolcon.colcon_core.environment[0m [1;30mLevel 1[0m checking '/media/subham/85dce0f4-2e29-4540-9a32-801850cfcef6/subham/LidarMapping2.5D/install/jsk_recognition_msgs/lib/python3.10/site-packages'
[66.314s] [34mcolcon.colcon_core.environment[0m [1;30mLevel 1[0m checking '/media/subham/85dce0f4-2e29-4540-9a32-801850cfcef6/subham/LidarMapping2.5D/install/jsk_recognition_msgs/bin'
[66.314s] [34mcolcon.colcon_core.shell[0m [1;30mINFO[0m Creating package script '/media/subham/85dce0f4-2e29-4540-9a32-801850cfcef6/subham/LidarMapping2.5D/install/jsk_recognition_msgs/share/jsk_recognition_msgs/package.ps1'
[66.315s] [34mcolcon.colcon_core.shell[0m [1;30mINFO[0m Creating package descriptor '/media/subham/85dce0f4-2e29-4540-9a32-801850cfcef6/subham/LidarMapping2.5D/install/jsk_recognition_msgs/share/jsk_recognition_msgs/package.dsv'
[66.315s] [34mcolcon.colcon_core.shell[0m [1;30mINFO[0m Creating package script '/media/subham/85dce0f4-2e29-4540-9a32-801850cfcef6/subham/LidarMapping2.5D/install/jsk_recognition_msgs/share/jsk_recognition_msgs/package.sh'
[66.315s] [34mcolcon.colcon_core.shell[0m [1;30mINFO[0m Creating package script '/media/subham/85dce0f4-2e29-4540-9a32-801850cfcef6/subham/LidarMapping2.5D/install/jsk_recognition_msgs/share/jsk_recognition_msgs/package.bash'
[66.317s] [34mcolcon.colcon_core.shell[0m [1;30mINFO[0m Creating package script '/media/subham/85dce0f4-2e29-4540-9a32-801850cfcef6/subham/LidarMapping2.5D/install/jsk_recognition_msgs/share/jsk_recognition_msgs/package.zsh'
[66.317s] [34mcolcon.colcon_core.environment[0m [1;30mLevel 1[0m create_file_with_runtime_dependencies(/media/subham/85dce0f4-2e29-4540-9a32-801850cfcef6/subham/LidarMapping2.5D/install/jsk_recognition_msgs/share/colcon-core/packages/jsk_recognition_msgs)
[66.318s] [34mcolcon.colcon_core.environment[0m [1;30mLevel 1[0m create_environment_scripts_only(jsk_recognition_msgs)
[66.318s] [34mcolcon.colcon_core.environment[0m [1;30mLevel 1[0m checking '/media/subham/85dce0f4-2e29-4540-9a32-801850cfcef6/subham/LidarMapping2.5D/install/jsk_recognition_msgs' for CMake module files
[66.319s] [34mcolcon.colcon_core.environment[0m [1;30mLevel 1[0m checking '/media/subham/85dce0f4-2e29-4540-9a32-801850cfcef6/subham/LidarMapping2.5D/install/jsk_recognition_msgs' for CMake config files
[66.319s] [34mcolcon.colcon_core.shell[0m [1;30mLevel 1[0m create_environment_hook('jsk_recognition_msgs', 'cmake_prefix_path')
[66.320s] [34mcolcon.colcon_core.shell[0m [1;30mINFO[0m Creating environment hook '/media/subham/85dce0f4-2e29-4540-9a32-801850cfcef6/subham/LidarMapping2.5D/install/jsk_recognition_msgs/share/jsk_recognition_msgs/hook/cmake_prefix_path.ps1'
[66.321s] [34mcolcon.colcon_core.shell[0m [1;30mINFO[0m Creating environment descriptor '/media/subham/85dce0f4-2e29-4540-9a32-801850cfcef6/subham/LidarMapping2.5D/install/jsk_recognition_msgs/share/jsk_recognition_msgs/hook/cmake_prefix_path.dsv'
[66.321s] [34mcolcon.colcon_core.shell[0m [1;30mINFO[0m Creating environment hook '/media/subham/85dce0f4-2e29-4540-9a32-801850cfcef6/subham/LidarMapping2.5D/install/jsk_recognition_msgs/share/jsk_recognition_msgs/hook/cmake_prefix_path.sh'
[66.322s] [34mcolcon.colcon_core.environment[0m [1;30mLevel 1[0m checking '/media/subham/85dce0f4-2e29-4540-9a32-801850cfcef6/subham/LidarMapping2.5D/install/jsk_recognition_msgs/lib'
[66.322s] [34mcolcon.colcon_core.shell[0m [1;30mLevel 1[0m create_environment_hook('jsk_recognition_msgs', 'ld_library_path_lib')
[66.322s] [34mcolcon.colcon_core.shell[0m [1;30mINFO[0m Creating environment hook '/media/subham/85dce0f4-2e29-4540-9a32-801850cfcef6/subham/LidarMapping2.5D/install/jsk_recognition_msgs/share/jsk_recognition_msgs/hook/ld_library_path_lib.ps1'
[66.322s] [34mcolcon.colcon_core.shell[0m [1;30mINFO[0m Creating environment descriptor '/media/subham/85dce0f4-2e29-4540-9a32-801850cfcef6/subham/LidarMapping2.5D/install/jsk_recognition_msgs/share/jsk_recognition_msgs/hook/ld_library_path_lib.dsv'
[66.322s] [34mcolcon.colcon_core.shell[0m [1;30mINFO[0m Creating environment hook '/media/subham/85dce0f4-2e29-4540-9a32-801850cfcef6/subham/LidarMapping2.5D/install/jsk_recognition_msgs/share/jsk_recognition_msgs/hook/ld_library_path_lib.sh'
[66.323s] [34mcolcon.colcon_core.environment[0m [1;30mLevel 1[0m checking '/media/subham/85dce0f4-2e29-4540-9a32-801850cfcef6/subham/LidarMapping2.5D/install/jsk_recognition_msgs/bin'
[66.323s] [34mcolcon.colcon_core.environment[0m [1;30mLevel 1[0m checking '/media/subham/85dce0f4-2e29-4540-9a32-801850cfcef6/subham/LidarMapping2.5D/install/jsk_recognition_msgs/lib/pkgconfig/jsk_recognition_msgs.pc'
[66.323s] [34mcolcon.colcon_core.environment[0m [1;30mLevel 1[0m checking '/media/subham/85dce0f4-2e29-4540-9a32-801850cfcef6/subham/LidarMapping2.5D/install/jsk_recognition_msgs/lib/python3.10/site-packages'
[66.323s] [34mcolcon.colcon_core.environment[0m [1;30mLevel 1[0m checking '/media/subham/85dce0f4-2e29-4540-9a32-801850cfcef6/subham/LidarMapping2.5D/install/jsk_recognition_msgs/bin'
[66.323s] [34mcolcon.colcon_core.shell[0m [1;30mINFO[0m Creating package script '/media/subham/85dce0f4-2e29-4540-9a32-801850cfcef6/subham/LidarMapping2.5D/install/jsk_recognition_msgs/share/jsk_recognition_msgs/package.ps1'
[66.324s] [34mcolcon.colcon_core.shell[0m [1;30mINFO[0m Creating package descriptor '/media/subham/85dce0f4-2e29-4540-9a32-801850cfcef6/subham/LidarMapping2.5D/install/jsk_recognition_msgs/share/jsk_recognition_msgs/package.dsv'
[66.324s] [34mcolcon.colcon_core.shell[0m [1;30mINFO[0m Creating package script '/media/subham/85dce0f4-2e29-4540-9a32-801850cfcef6/subham/LidarMapping2.5D/install/jsk_recognition_msgs/share/jsk_recognition_msgs/package.sh'
[66.325s] [34mcolcon.colcon_core.shell[0m [1;30mINFO[0m Creating package script '/media/subham/85dce0f4-2e29-4540-9a32-801850cfcef6/subham/LidarMapping2.5D/install/jsk_recognition_msgs/share/jsk_recognition_msgs/package.bash'
[66.325s] [34mcolcon.colcon_core.shell[0m [1;30mINFO[0m Creating package script '/media/subham/85dce0f4-2e29-4540-9a32-801850cfcef6/subham/LidarMapping2.5D/install/jsk_recognition_msgs/share/jsk_recognition_msgs/package.zsh'
[66.325s] [34mcolcon.colcon_core.environment[0m [1;30mLevel 1[0m create_file_with_runtime_dependencies(/media/subham/85dce0f4-2e29-4540-9a32-801850cfcef6/subham/LidarMapping2.5D/install/jsk_recognition_msgs/share/colcon-core/packages/jsk_recognition_msgs)
[66.326s] [34mcolcon.colcon_core.executor.sequential[0m [1;30mDEBUG[0m [32mrun_until_complete 'jsk_recognition_msgs' finished with '0'[0m
[66.326s] [34mcolcon.colcon_core.executor.sequential[0m [1;30mDEBUG[0m [32mrun_until_complete 'lid_description'[0m
[66.326s] [34mcolcon.colcon_ros.task.ament_cmake.build[0m [1;30mINFO[0m Building ROS package in '/media/subham/85dce0f4-2e29-4540-9a32-801850cfcef6/subham/LidarMapping2.5D/src/lid_description' with build type 'ament_cmake'
[66.326s] [34mcolcon.colcon_cmake.task.cmake.build[0m [1;30mINFO[0m Building CMake package in '/media/subham/85dce0f4-2e29-4540-9a32-801850cfcef6/subham/LidarMapping2.5D/src/lid_description'
[66.326s] [34mcolcon.colcon_core.shell[0m [1;30mINFO[0m Skip shell extension 'powershell' for command environment: Not usable outside of PowerShell
[66.326s] [34mcolcon.colcon_core.shell[0m [1;30mDEBUG[0m [32mSkip shell extension 'dsv' for command environment[0m
[66.341s] [34mcolcon.colcon_core.event_handler.log_command[0m [1;30mDEBUG[0m [32mInvoking command in '/media/subham/85dce0f4-2e29-4540-9a32-801850cfcef6/subham/LidarMapping2.5D/build/lid_description': CMAKE_PREFIX_PATH=${CMAKE_PREFIX_PATH}:/home/subham/omokai_ws/install/llm_navigation:/home/subham/Edge_AI_for_ADAS_and_Autonomous_Systems/install/adas_perception:/home/subham/Edge_AI_for_ADAS_and_Autonomous_Systems/install/adas_navigation:/home/subham/rover_ws/install/rover_navigation:/home/subham/anvrit_ws/install/anvrit_perception:/home/subham/anvrit_ws/install/anvrit_odometry:/home/subham/anvrit_ws/install/anvrit_nav2:/home/subham/igvc/install/igvc_perception:/home/subham/igvc/install/igvc_navigation:/home/subham/colcon_ws/install/ros2ai:/opt/ros/humble /usr/bin/cmake /media/subham/85dce0f4-2e29-4540-9a32-801850cfcef6/subham/LidarMapping2.5D/src/lid_description -DAMENT_CMAKE_SYMLINK_INSTALL=1 -DCMAKE_INSTALL_PREFIX=/media/subham/85dce0f4-2e29-4540-9a32-801850cfcef6/subham/LidarMapping2.5D/install/lid_description[0m
[67.558s] [34mcolcon.colcon_core.event_handler.log_command[0m [1;30mDEBUG[0m [32mInvoked command in '/media/subham/85dce0f4-2e29-4540-9a32-801850cfcef6/subham/LidarMapping2.5D/build/lid_description' returned '0': CMAKE_PREFIX_PATH=${CMAKE_PREFIX_PATH}:/home/subham/omokai_ws/install/llm_navigation:/home/subham/Edge_AI_for_ADAS_and_Autonomous_Systems/install/adas_perception:/home/subham/Edge_AI_for_ADAS_and_Autonomous_Systems/install/adas_navigation:/home/subham/rover_ws/install/rover_navigation:/home/subham/anvrit_ws/install/anvrit_perception:/home/subham/anvrit_ws/install/anvrit_odometry:/home/subham/anvrit_ws/install/anvrit_nav2:/home/subham/igvc/install/igvc_perception:/home/subham/igvc/install/igvc_navigation:/home/subham/colcon_ws/install/ros2ai:/opt/ros/humble /usr/bin/cmake /media/subham/85dce0f4-2e29-4540-9a32-801850cfcef6/subham/LidarMapping2.5D/src/lid_description -DAMENT_CMAKE_SYMLINK_INSTALL=1 -DCMAKE_INSTALL_PREFIX=/media/subham/85dce0f4-2e29-4540-9a32-801850cfcef6/subham/LidarMapping2.5D/install/lid_description[0m
[67.561s] [34mcolcon.colcon_core.event_handler.log_command[0m [1;30mDEBUG[0m [32mInvoking command in '/media/subham/85dce0f4-2e29-4540-9a32-801850cfcef6/subham/LidarMapping2.5D/build/lid_description': CMAKE_PREFIX_PATH=${CMAKE_PREFIX_PATH}:/home/subham/omokai_ws/install/llm_navigation:/home/subham/Edge_AI_for_ADAS_and_Autonomous_Systems/install/adas_perception:/home/subham/Edge_AI_for_ADAS_and_Autonomous_Systems/install/adas_navigation:/home/subham/rover_ws/install/rover_navigation:/home/subham/anvrit_ws/install/anvrit_perception:/home/subham/anvrit_ws/install/anvrit_odometry:/home/subham/anvrit_ws/install/anvrit_nav2:/home/subham/igvc/install/igvc_perception:/home/subham/igvc/install/igvc_navigation:/home/subham/colcon_ws/install/ros2ai:/opt/ros/humble /usr/bin/cmake --build /media/subham/85dce0f4-2e29-4540-9a32-801850cfcef6/subham/LidarMapping2.5D/build/lid_description[0m
[67.612s] [34mcolcon.colcon_core.event_handler.log_command[0m [1;30mDEBUG[0m [32mInvoked command in '/media/subham/85dce0f4-2e29-4540-9a32-801850cfcef6/subham/LidarMapping2.5D/build/lid_description' returned '0': CMAKE_PREFIX_PATH=${CMAKE_PREFIX_PATH}:/home/subham/omokai_ws/install/llm_navigation:/home/subham/Edge_AI_for_ADAS_and_Autonomous_Systems/install/adas_perception:/home/subham/Edge_AI_for_ADAS_and_Autonomous_Systems/install/adas_navigation:/home/subham/rover_ws/install/rover_navigation:/home/subham/anvrit_ws/install/anvrit_perception:/home/subham/anvrit_ws/install/anvrit_odometry:/home/subham/anvrit_ws/install/anvrit_nav2:/home/subham/igvc/install/igvc_perception:/home/subham/igvc/install/igvc_navigation:/home/subham/colcon_ws/install/ros2ai:/opt/ros/humble /usr/bin/cmake --build /media/subham/85dce0f4-2e29-4540-9a32-801850cfcef6/subham/LidarMapping2.5D/build/lid_description[0m
[67.613s] [34mcolcon.colcon_core.event_handler.log_command[0m [1;30mDEBUG[0m [32mInvoking command in '/media/subham/85dce0f4-2e29-4540-9a32-801850cfcef6/subham/LidarMapping2.5D/build/lid_description': CMAKE_PREFIX_PATH=${CMAKE_PREFIX_PATH}:/home/subham/omokai_ws/install/llm_navigation:/home/subham/Edge_AI_for_ADAS_and_Autonomous_Systems/install/adas_perception:/home/subham/Edge_AI_for_ADAS_and_Autonomous_Systems/install/adas_navigation:/home/subham/rover_ws/install/rover_navigation:/home/subham/anvrit_ws/install/anvrit_perception:/home/subham/anvrit_ws/install/anvrit_odometry:/home/subham/anvrit_ws/install/anvrit_nav2:/home/subham/igvc/install/igvc_perception:/home/subham/igvc/install/igvc_navigation:/home/subham/colcon_ws/install/ros2ai:/opt/ros/humble /usr/bin/cmake --install /media/subham/85dce0f4-2e29-4540-9a32-801850cfcef6/subham/LidarMapping2.5D/build/lid_description[0m
[68.217s] [34mcolcon.colcon_core.environment[0m [1;30mLevel 1[0m create_environment_scripts_only(lid_description)
[68.218s] [34mcolcon.colcon_core.environment[0m [1;30mLevel 1[0m checking '/media/subham/85dce0f4-2e29-4540-9a32-801850cfcef6/subham/LidarMapping2.5D/install/lid_description' for CMake module files
[68.218s] [34mcolcon.colcon_core.event_handler.log_command[0m [1;30mDEBUG[0m [32mInvoked command in '/media/subham/85dce0f4-2e29-4540-9a32-801850cfcef6/subham/LidarMapping2.5D/build/lid_description' returned '0': CMAKE_PREFIX_PATH=${CMAKE_PREFIX_PATH}:/home/subham/omokai_ws/install/llm_navigation:/home/subham/Edge_AI_for_ADAS_and_Autonomous_Systems/install/adas_perception:/home/subham/Edge_AI_for_ADAS_and_Autonomous_Systems/install/adas_navigation:/home/subham/rover_ws/install/rover_navigation:/home/subham/anvrit_ws/install/anvrit_perception:/home/subham/anvrit_ws/install/anvrit_odometry:/home/subham/anvrit_ws/install/anvrit_nav2:/home/subham/igvc/install/igvc_perception:/home/subham/igvc/install/igvc_navigation:/home/subham/colcon_ws/install/ros2ai:/opt/ros/humble /usr/bin/cmake --install /media/subham/85dce0f4-2e29-4540-9a32-801850cfcef6/subham/LidarMapping2.5D/build/lid_description[0m
[68.218s] [34mcolcon.colcon_core.environment[0m [1;30mLevel 1[0m checking '/media/subham/85dce0f4-2e29-4540-9a32-801850cfcef6/subham/LidarMapping2.5D/install/lid_description' for CMake config files
[68.219s] [34mcolcon.colcon_core.shell[0m [1;30mLevel 1[0m create_environment_hook('lid_description', 'cmake_prefix_path')
[68.219s] [34mcolcon.colcon_core.shell[0m [1;30mINFO[0m Creating environment hook '/media/subham/85dce0f4-2e29-4540-9a32-801850cfcef6/subham/LidarMapping2.5D/install/lid_description/share/lid_description/hook/cmake_prefix_path.ps1'
[68.219s] [34mcolcon.colcon_core.shell[0m [1;30mINFO[0m Creating environment descriptor '/media/subham/85dce0f4-2e29-4540-9a32-801850cfcef6/subham/LidarMapping2.5D/install/lid_description/share/lid_description/hook/cmake_prefix_path.dsv'
[68.220s] [34mcolcon.colcon_core.shell[0m [1;30mINFO[0m Creating environment hook '/media/subham/85dce0f4-2e29-4540-9a32-801850cfcef6/subham/LidarMapping2.5D/install/lid_description/share/lid_description/hook/cmake_prefix_path.sh'
[68.220s] [34mcolcon.colcon_core.environment[0m [1;30mLevel 1[0m checking '/media/subham/85dce0f4-2e29-4540-9a32-801850cfcef6/subham/LidarMapping2.5D/install/lid_description/bin'
[68.220s] [34mcolcon.colcon_core.environment[0m [1;30mLevel 1[0m checking '/media/subham/85dce0f4-2e29-4540-9a32-801850cfcef6/subham/LidarMapping2.5D/install/lid_description/lib/pkgconfig/lid_description.pc'
[68.220s] [34mcolcon.colcon_core.environment[0m [1;30mLevel 1[0m checking '/media/subham/85dce0f4-2e29-4540-9a32-801850cfcef6/subham/LidarMapping2.5D/install/lid_description/lib/python3.10/site-packages'
[68.221s] [34mcolcon.colcon_core.environment[0m [1;30mLevel 1[0m checking '/media/subham/85dce0f4-2e29-4540-9a32-801850cfcef6/subham/LidarMapping2.5D/install/lid_description/bin'
[68.221s] [34mcolcon.colcon_core.shell[0m [1;30mINFO[0m Creating package script '/media/subham/85dce0f4-2e29-4540-9a32-801850cfcef6/subham/LidarMapping2.5D/install/lid_description/share/lid_description/package.ps1'
[68.223s] [34mcolcon.colcon_core.shell[0m [1;30mINFO[0m Creating package descriptor '/media/subham/85dce0f4-2e29-4540-9a32-801850cfcef6/subham/LidarMapping2.5D/install/lid_description/share/lid_description/package.dsv'
[68.223s] [34mcolcon.colcon_core.shell[0m [1;30mINFO[0m Creating package script '/media/subham/85dce0f4-2e29-4540-9a32-801850cfcef6/subham/LidarMapping2.5D/install/lid_description/share/lid_description/package.sh'
[68.224s] [34mcolcon.colcon_core.shell[0m [1;30mINFO[0m Creating package script '/media/subham/85dce0f4-2e29-4540-9a32-801850cfcef6/subham/LidarMapping2.5D/install/lid_description/share/lid_description/package.bash'
[68.224s] [34mcolcon.colcon_core.shell[0m [1;30mINFO[0m Creating package script '/media/subham/85dce0f4-2e29-4540-9a32-801850cfcef6/subham/LidarMapping2.5D/install/lid_description/share/lid_description/package.zsh'
[68.224s] [34mcolcon.colcon_core.environment[0m [1;30mLevel 1[0m create_file_with_runtime_dependencies(/media/subham/85dce0f4-2e29-4540-9a32-801850cfcef6/subham/LidarMapping2.5D/install/lid_description/share/colcon-core/packages/lid_description)
[68.225s] [34mcolcon.colcon_core.environment[0m [1;30mLevel 1[0m create_environment_scripts_only(lid_description)
[68.225s] [34mcolcon.colcon_core.environment[0m [1;30mLevel 1[0m checking '/media/subham/85dce0f4-2e29-4540-9a32-801850cfcef6/subham/LidarMapping2.5D/install/lid_description' for CMake module files
[68.226s] [34mcolcon.colcon_core.environment[0m [1;30mLevel 1[0m checking '/media/subham/85dce0f4-2e29-4540-9a32-801850cfcef6/subham/LidarMapping2.5D/install/lid_description' for CMake config files
[68.226s] [34mcolcon.colcon_core.shell[0m [1;30mLevel 1[0m create_environment_hook('lid_description', 'cmake_prefix_path')
[68.226s] [34mcolcon.colcon_core.shell[0m [1;30mINFO[0m Creating environment hook '/media/subham/85dce0f4-2e29-4540-9a32-801850cfcef6/subham/LidarMapping2.5D/install/lid_description/share/lid_description/hook/cmake_prefix_path.ps1'
[68.227s] [34mcolcon.colcon_core.shell[0m [1;30mINFO[0m Creating environment descriptor '/media/subham/85dce0f4-2e29-4540-9a32-801850cfcef6/subham/LidarMapping2.5D/install/lid_description/share/lid_description/hook/cmake_prefix_path.dsv'
[68.228s] [34mcolcon.colcon_core.shell[0m [1;30mINFO[0m Creating environment hook '/media/subham/85dce0f4-2e29-4540-9a32-801850cfcef6/subham/LidarMapping2.5D/install/lid_description/share/lid_description/hook/cmake_prefix_path.sh'
[68.228s] [34mcolcon.colcon_core.environment[0m [1;30mLevel 1[0m checking '/media/subham/85dce0f4-2e29-4540-9a32-801850cfcef6/subham/LidarMapping2.5D/install/lid_description/bin'
[68.228s] [34mcolcon.colcon_core.environment[0m [1;30mLevel 1[0m checking '/media/subham/85dce0f4-2e29-4540-9a32-801850cfcef6/subham/LidarMapping2.5D/install/lid_description/lib/pkgconfig/lid_description.pc'
[68.229s] [34mcolcon.colcon_core.environment[0m [1;30mLevel 1[0m checking '/media/subham/85dce0f4-2e29-4540-9a32-801850cfcef6/subham/LidarMapping2.5D/install/lid_description/lib/python3.10/site-packages'
[68.229s] [34mcolcon.colcon_core.environment[0m [1;30mLevel 1[0m checking '/media/subham/85dce0f4-2e29-4540-9a32-801850cfcef6/subham/LidarMapping2.5D/install/lid_description/bin'
[68.229s] [34mcolcon.colcon_core.shell[0m [1;30mINFO[0m Creating package script '/media/subham/85dce0f4-2e29-4540-9a32-801850cfcef6/subham/LidarMapping2.5D/install/lid_description/share/lid_description/package.ps1'
[68.230s] [34mcolcon.colcon_core.shell[0m [1;30mINFO[0m Creating package descriptor '/media/subham/85dce0f4-2e29-4540-9a32-801850cfcef6/subham/LidarMapping2.5D/install/lid_description/share/lid_description/package.dsv'
[68.230s] [34mcolcon.colcon_core.shell[0m [1;30mINFO[0m Creating package script '/media/subham/85dce0f4-2e29-4540-9a32-801850cfcef6/subham/LidarMapping2.5D/install/lid_description/share/lid_description/package.sh'
[68.230s] [34mcolcon.colcon_core.shell[0m [1;30mINFO[0m Creating package script '/media/subham/85dce0f4-2e29-4540-9a32-801850cfcef6/subham/LidarMapping2.5D/install/lid_description/share/lid_description/package.bash'
[68.231s] [34mcolcon.colcon_core.shell[0m [1;30mINFO[0m Creating package script '/media/subham/85dce0f4-2e29-4540-9a32-801850cfcef6/subham/LidarMapping2.5D/install/lid_description/share/lid_description/package.zsh'
[68.231s] [34mcolcon.colcon_core.environment[0m [1;30mLevel 1[0m create_file_with_runtime_dependencies(/media/subham/85dce0f4-2e29-4540-9a32-801850cfcef6/subham/LidarMapping2.5D/install/lid_description/share/colcon-core/packages/lid_description)
[68.232s] [34mcolcon.colcon_core.executor.sequential[0m [1;30mDEBUG[0m [32mrun_until_complete 'lid_description' finished with '0'[0m
[68.232s] [34mcolcon.colcon_core.executor.sequential[0m [1;30mDEBUG[0m [32mrun_until_complete 'lid_simulation'[0m
[68.232s] [34mcolcon.colcon_ros.task.ament_cmake.build[0m [1;30mINFO[0m Building ROS package in '/media/subham/85dce0f4-2e29-4540-9a32-801850cfcef6/subham/LidarMapping2.5D/src/lid_simulation' with build type 'ament_cmake'
[68.232s] [34mcolcon.colcon_cmake.task.cmake.build[0m [1;30mINFO[0m Building CMake package in '/media/subham/85dce0f4-2e29-4540-9a32-801850cfcef6/subham/LidarMapping2.5D/src/lid_simulation'
[68.232s] [34mcolcon.colcon_core.shell[0m [1;30mINFO[0m Skip shell extension 'powershell' for command environment: Not usable outside of PowerShell
[68.232s] [34mcolcon.colcon_core.shell[0m [1;30mDEBUG[0m [32mSkip shell extension 'dsv' for command environment[0m
[68.247s] [34mcolcon.colcon_core.event_handler.log_command[0m [1;30mDEBUG[0m [32mInvoking command in '/media/subham/85dce0f4-2e29-4540-9a32-801850cfcef6/subham/LidarMapping2.5D/build/lid_simulation': CMAKE_PREFIX_PATH=${CMAKE_PREFIX_PATH}:/home/subham/omokai_ws/install/llm_navigation:/home/subham/Edge_AI_for_ADAS_and_Autonomous_Systems/install/adas_perception:/home/subham/Edge_AI_for_ADAS_and_Autonomous_Systems/install/adas_navigation:/home/subham/rover_ws/install/rover_navigation:/home/subham/anvrit_ws/install/anvrit_perception:/home/subham/anvrit_ws/install/anvrit_odometry:/home/subham/anvrit_ws/install/anvrit_nav2:/home/subham/igvc/install/igvc_perception:/home/subham/igvc/install/igvc_navigation:/home/subham/colcon_ws/install/ros2ai:/opt/ros/humble /usr/bin/cmake /media/subham/85dce0f4-2e29-4540-9a32-801850cfcef6/subham/LidarMapping2.5D/src/lid_simulation -DAMENT_CMAKE_SYMLINK_INSTALL=1 -DCMAKE_INSTALL_PREFIX=/media/subham/85dce0f4-2e29-4540-9a32-801850cfcef6/subham/LidarMapping2.5D/install/lid_simulation[0m
[69.576s] [34mcolcon.colcon_core.event_handler.log_command[0m [1;30mDEBUG[0m [32mInvoked command in '/media/subham/85dce0f4-2e29-4540-9a32-801850cfcef6/subham/LidarMapping2.5D/build/lid_simulation' returned '0': CMAKE_PREFIX_PATH=${CMAKE_PREFIX_PATH}:/home/subham/omokai_ws/install/llm_navigation:/home/subham/Edge_AI_for_ADAS_and_Autonomous_Systems/install/adas_perception:/home/subham/Edge_AI_for_ADAS_and_Autonomous_Systems/install/adas_navigation:/home/subham/rover_ws/install/rover_navigation:/home/subham/anvrit_ws/install/anvrit_perception:/home/subham/anvrit_ws/install/anvrit_odometry:/home/subham/anvrit_ws/install/anvrit_nav2:/home/subham/igvc/install/igvc_perception:/home/subham/igvc/install/igvc_navigation:/home/subham/colcon_ws/install/ros2ai:/opt/ros/humble /usr/bin/cmake /media/subham/85dce0f4-2e29-4540-9a32-801850cfcef6/subham/LidarMapping2.5D/src/lid_simulation -DAMENT_CMAKE_SYMLINK_INSTALL=1 -DCMAKE_INSTALL_PREFIX=/media/subham/85dce0f4-2e29-4540-9a32-801850cfcef6/subham/LidarMapping2.5D/install/lid_simulation[0m
[69.578s] [34mcolcon.colcon_core.event_handler.log_command[0m [1;30mDEBUG[0m [32mInvoking command in '/media/subham/85dce0f4-2e29-4540-9a32-801850cfcef6/subham/LidarMapping2.5D/build/lid_simulation': CMAKE_PREFIX_PATH=${CMAKE_PREFIX_PATH}:/home/subham/omokai_ws/install/llm_navigation:/home/subham/Edge_AI_for_ADAS_and_Autonomous_Systems/install/adas_perception:/home/subham/Edge_AI_for_ADAS_and_Autonomous_Systems/install/adas_navigation:/home/subham/rover_ws/install/rover_navigation:/home/subham/anvrit_ws/install/anvrit_perception:/home/subham/anvrit_ws/install/anvrit_odometry:/home/subham/anvrit_ws/install/anvrit_nav2:/home/subham/igvc/install/igvc_perception:/home/subham/igvc/install/igvc_navigation:/home/subham/colcon_ws/install/ros2ai:/opt/ros/humble /usr/bin/cmake --build /media/subham/85dce0f4-2e29-4540-9a32-801850cfcef6/subham/LidarMapping2.5D/build/lid_simulation[0m
[69.634s] [34mcolcon.colcon_core.event_handler.log_command[0m [1;30mDEBUG[0m [32mInvoked command in '/media/subham/85dce0f4-2e29-4540-9a32-801850cfcef6/subham/LidarMapping2.5D/build/lid_simulation' returned '0': CMAKE_PREFIX_PATH=${CMAKE_PREFIX_PATH}:/home/subham/omokai_ws/install/llm_navigation:/home/subham/Edge_AI_for_ADAS_and_Autonomous_Systems/install/adas_perception:/home/subham/Edge_AI_for_ADAS_and_Autonomous_Systems/install/adas_navigation:/home/subham/rover_ws/install/rover_navigation:/home/subham/anvrit_ws/install/anvrit_perception:/home/subham/anvrit_ws/install/anvrit_odometry:/home/subham/anvrit_ws/install/anvrit_nav2:/home/subham/igvc/install/igvc_perception:/home/subham/igvc/install/igvc_navigation:/home/subham/colcon_ws/install/ros2ai:/opt/ros/humble /usr/bin/cmake --build /media/subham/85dce0f4-2e29-4540-9a32-801850cfcef6/subham/LidarMapping2.5D/build/lid_simulation[0m
[69.636s] [34mcolcon.colcon_core.event_handler.log_command[0m [1;30mDEBUG[0m [32mInvoking command in '/media/subham/85dce0f4-2e29-4540-9a32-801850cfcef6/subham/LidarMapping2.5D/build/lid_simulation': CMAKE_PREFIX_PATH=${CMAKE_PREFIX_PATH}:/home/subham/omokai_ws/install/llm_navigation:/home/subham/Edge_AI_for_ADAS_and_Autonomous_Systems/install/adas_perception:/home/subham/Edge_AI_for_ADAS_and_Autonomous_Systems/install/adas_navigation:/home/subham/rover_ws/install/rover_navigation:/home/subham/anvrit_ws/install/anvrit_perception:/home/subham/anvrit_ws/install/anvrit_odometry:/home/subham/anvrit_ws/install/anvrit_nav2:/home/subham/igvc/install/igvc_perception:/home/subham/igvc/install/igvc_navigation:/home/subham/colcon_ws/install/ros2ai:/opt/ros/humble /usr/bin/cmake --install /media/subham/85dce0f4-2e29-4540-9a32-801850cfcef6/subham/LidarMapping2.5D/build/lid_simulation[0m
[70.321s] [34mcolcon.colcon_core.environment[0m [1;30mLevel 1[0m create_environment_scripts_only(lid_simulation)
[70.322s] [34mcolcon.colcon_core.environment[0m [1;30mLevel 1[0m checking '/media/subham/85dce0f4-2e29-4540-9a32-801850cfcef6/subham/LidarMapping2.5D/install/lid_simulation' for CMake module files
[70.322s] [34mcolcon.colcon_core.event_handler.log_command[0m [1;30mDEBUG[0m [32mInvoked command in '/media/subham/85dce0f4-2e29-4540-9a32-801850cfcef6/subham/LidarMapping2.5D/build/lid_simulation' returned '0': CMAKE_PREFIX_PATH=${CMAKE_PREFIX_PATH}:/home/subham/omokai_ws/install/llm_navigation:/home/subham/Edge_AI_for_ADAS_and_Autonomous_Systems/install/adas_perception:/home/subham/Edge_AI_for_ADAS_and_Autonomous_Systems/install/adas_navigation:/home/subham/rover_ws/install/rover_navigation:/home/subham/anvrit_ws/install/anvrit_perception:/home/subham/anvrit_ws/install/anvrit_odometry:/home/subham/anvrit_ws/install/anvrit_nav2:/home/subham/igvc/install/igvc_perception:/home/subham/igvc/install/igvc_navigation:/home/subham/colcon_ws/install/ros2ai:/opt/ros/humble /usr/bin/cmake --install /media/subham/85dce0f4-2e29-4540-9a32-801850cfcef6/subham/LidarMapping2.5D/build/lid_simulation[0m
[70.323s] [34mcolcon.colcon_core.environment[0m [1;30mLevel 1[0m checking '/media/subham/85dce0f4-2e29-4540-9a32-801850cfcef6/subham/LidarMapping2.5D/install/lid_simulation' for CMake config files
[70.324s] [34mcolcon.colcon_core.shell[0m [1;30mLevel 1[0m create_environment_hook('lid_simulation', 'cmake_prefix_path')
[70.324s] [34mcolcon.colcon_core.shell[0m [1;30mINFO[0m Creating environment hook '/media/subham/85dce0f4-2e29-4540-9a32-801850cfcef6/subham/LidarMapping2.5D/install/lid_simulation/share/lid_simulation/hook/cmake_prefix_path.ps1'
[70.324s] [34mcolcon.colcon_core.shell[0m [1;30mINFO[0m Creating environment descriptor '/media/subham/85dce0f4-2e29-4540-9a32-801850cfcef6/subham/LidarMapping2.5D/install/lid_simulation/share/lid_simulation/hook/cmake_prefix_path.dsv'
[70.325s] [34mcolcon.colcon_core.shell[0m [1;30mINFO[0m Creating environment hook '/media/subham/85dce0f4-2e29-4540-9a32-801850cfcef6/subham/LidarMapping2.5D/install/lid_simulation/share/lid_simulation/hook/cmake_prefix_path.sh'
[70.325s] [34mcolcon.colcon_core.environment[0m [1;30mLevel 1[0m checking '/media/subham/85dce0f4-2e29-4540-9a32-801850cfcef6/subham/LidarMapping2.5D/install/lid_simulation/bin'
[70.325s] [34mcolcon.colcon_core.environment[0m [1;30mLevel 1[0m checking '/media/subham/85dce0f4-2e29-4540-9a32-801850cfcef6/subham/LidarMapping2.5D/install/lid_simulation/lib/pkgconfig/lid_simulation.pc'
[70.325s] [34mcolcon.colcon_core.environment[0m [1;30mLevel 1[0m checking '/media/subham/85dce0f4-2e29-4540-9a32-801850cfcef6/subham/LidarMapping2.5D/install/lid_simulation/lib/python3.10/site-packages'
[70.326s] [34mcolcon.colcon_core.environment[0m [1;30mLevel 1[0m checking '/media/subham/85dce0f4-2e29-4540-9a32-801850cfcef6/subham/LidarMapping2.5D/install/lid_simulation/bin'
[70.326s] [34mcolcon.colcon_core.shell[0m [1;30mINFO[0m Creating package script '/media/subham/85dce0f4-2e29-4540-9a32-801850cfcef6/subham/LidarMapping2.5D/install/lid_simulation/share/lid_simulation/package.ps1'
[70.327s] [34mcolcon.colcon_core.shell[0m [1;30mINFO[0m Creating package descriptor '/media/subham/85dce0f4-2e29-4540-9a32-801850cfcef6/subham/LidarMapping2.5D/install/lid_simulation/share/lid_simulation/package.dsv'
[70.328s] [34mcolcon.colcon_core.shell[0m [1;30mINFO[0m Creating package script '/media/subham/85dce0f4-2e29-4540-9a32-801850cfcef6/subham/LidarMapping2.5D/install/lid_simulation/share/lid_simulation/package.sh'
[70.328s] [34mcolcon.colcon_core.shell[0m [1;30mINFO[0m Creating package script '/media/subham/85dce0f4-2e29-4540-9a32-801850cfcef6/subham/LidarMapping2.5D/install/lid_simulation/share/lid_simulation/package.bash'
[70.328s] [34mcolcon.colcon_core.shell[0m [1;30mINFO[0m Creating package script '/media/subham/85dce0f4-2e29-4540-9a32-801850cfcef6/subham/LidarMapping2.5D/install/lid_simulation/share/lid_simulation/package.zsh'
[70.328s] [34mcolcon.colcon_core.environment[0m [1;30mLevel 1[0m create_file_with_runtime_dependencies(/media/subham/85dce0f4-2e29-4540-9a32-801850cfcef6/subham/LidarMapping2.5D/install/lid_simulation/share/colcon-core/packages/lid_simulation)
[70.329s] [34mcolcon.colcon_core.environment[0m [1;30mLevel 1[0m create_environment_scripts_only(lid_simulation)
[70.329s] [34mcolcon.colcon_core.environment[0m [1;30mLevel 1[0m checking '/media/subham/85dce0f4-2e29-4540-9a32-801850cfcef6/subham/LidarMapping2.5D/install/lid_simulation' for CMake module files
[70.329s] [34mcolcon.colcon_core.environment[0m [1;30mLevel 1[0m checking '/media/subham/85dce0f4-2e29-4540-9a32-801850cfcef6/subham/LidarMapping2.5D/install/lid_simulation' for CMake config files
[70.330s] [34mcolcon.colcon_core.shell[0m [1;30mLevel 1[0m create_environment_hook('lid_simulation', 'cmake_prefix_path')
[70.330s] [34mcolcon.colcon_core.shell[0m [1;30mINFO[0m Creating environment hook '/media/subham/85dce0f4-2e29-4540-9a32-801850cfcef6/subham/LidarMapping2.5D/install/lid_simulation/share/lid_simulation/hook/cmake_prefix_path.ps1'
[70.330s] [34mcolcon.colcon_core.shell[0m [1;30mINFO[0m Creating environment descriptor '/media/subham/85dce0f4-2e29-4540-9a32-801850cfcef6/subham/LidarMapping2.5D/install/lid_simulation/share/lid_simulation/hook/cmake_prefix_path.dsv'
[70.331s] [34mcolcon.colcon_core.shell[0m [1;30mINFO[0m Creating environment hook '/media/subham/85dce0f4-2e29-4540-9a32-801850cfcef6/subham/LidarMapping2.5D/install/lid_simulation/share/lid_simulation/hook/cmake_prefix_path.sh'
[70.331s] [34mcolcon.colcon_core.environment[0m [1;30mLevel 1[0m checking '/media/subham/85dce0f4-2e29-4540-9a32-801850cfcef6/subham/LidarMapping2.5D/install/lid_simulation/bin'
[70.331s] [34mcolcon.colcon_core.environment[0m [1;30mLevel 1[0m checking '/media/subham/85dce0f4-2e29-4540-9a32-801850cfcef6/subham/LidarMapping2.5D/install/lid_simulation/lib/pkgconfig/lid_simulation.pc'
[70.331s] [34mcolcon.colcon_core.environment[0m [1;30mLevel 1[0m checking '/media/subham/85dce0f4-2e29-4540-9a32-801850cfcef6/subham/LidarMapping2.5D/install/lid_simulation/lib/python3.10/site-packages'
[70.331s] [34mcolcon.colcon_core.environment[0m [1;30mLevel 1[0m checking '/media/subham/85dce0f4-2e29-4540-9a32-801850cfcef6/subham/LidarMapping2.5D/install/lid_simulation/bin'
[70.332s] [34mcolcon.colcon_core.shell[0m [1;30mINFO[0m Creating package script '/media/subham/85dce0f4-2e29-4540-9a32-801850cfcef6/subham/LidarMapping2.5D/install/lid_simulation/share/lid_simulation/package.ps1'
[70.332s] [34mcolcon.colcon_core.shell[0m [1;30mINFO[0m Creating package descriptor '/media/subham/85dce0f4-2e29-4540-9a32-801850cfcef6/subham/LidarMapping2.5D/install/lid_simulation/share/lid_simulation/package.dsv'
[70.332s] [34mcolcon.colcon_core.shell[0m [1;30mINFO[0m Creating package script '/media/subham/85dce0f4-2e29-4540-9a32-801850cfcef6/subham/LidarMapping2.5D/install/lid_simulation/share/lid_simulation/package.sh'
[70.333s] [34mcolcon.colcon_core.shell[0m [1;30mINFO[0m Creating package script '/media/subham/85dce0f4-2e29-4540-9a32-801850cfcef6/subham/LidarMapping2.5D/install/lid_simulation/share/lid_simulation/package.bash'
[70.333s] [34mcolcon.colcon_core.shell[0m [1;30mINFO[0m Creating package script '/media/subham/85dce0f4-2e29-4540-9a32-801850cfcef6/subham/LidarMapping2.5D/install/lid_simulation/share/lid_simulation/package.zsh'
[70.333s] [34mcolcon.colcon_core.environment[0m [1;30mLevel 1[0m create_file_with_runtime_dependencies(/media/subham/85dce0f4-2e29-4540-9a32-801850cfcef6/subham/LidarMapping2.5D/install/lid_simulation/share/colcon-core/packages/lid_simulation)
[70.334s] [34mcolcon.colcon_core.executor.sequential[0m [1;30mDEBUG[0m [32mrun_until_complete 'lid_simulation' finished with '0'[0m
[70.334s] [34mcolcon.colcon_core.executor.sequential[0m [1;30mDEBUG[0m [32mrun_until_complete 'segmentation_lidar'[0m
[70.334s] [34mcolcon.colcon_ros.task.ament_cmake.build[0m [1;30mINFO[0m Building ROS package in '/media/subham/85dce0f4-2e29-4540-9a32-801850cfcef6/subham/LidarMapping2.5D/src/segmentation_lidar' with build type 'ament_cmake'
[70.334s] [34mcolcon.colcon_cmake.task.cmake.build[0m [1;30mINFO[0m Building CMake package in '/media/subham/85dce0f4-2e29-4540-9a32-801850cfcef6/subham/LidarMapping2.5D/src/segmentation_lidar'
[70.334s] [34mcolcon.colcon_core.shell[0m [1;30mINFO[0m Skip shell extension 'powershell' for command environment: Not usable outside of PowerShell
[70.334s] [34mcolcon.colcon_core.shell[0m [1;30mDEBUG[0m [32mSkip shell extension 'dsv' for command environment[0m
[70.352s] [34mcolcon.colcon_core.event_handler.log_command[0m [1;30mDEBUG[0m [32mInvoking command in '/media/subham/85dce0f4-2e29-4540-9a32-801850cfcef6/subham/LidarMapping2.5D/build/segmentation_lidar': CMAKE_PREFIX_PATH=${CMAKE_PREFIX_PATH}:/home/subham/omokai_ws/install/llm_navigation:/home/subham/Edge_AI_for_ADAS_and_Autonomous_Systems/install/adas_perception:/home/subham/Edge_AI_for_ADAS_and_Autonomous_Systems/install/adas_navigation:/home/subham/rover_ws/install/rover_navigation:/home/subham/anvrit_ws/install/anvrit_perception:/home/subham/anvrit_ws/install/anvrit_odometry:/home/subham/anvrit_ws/install/anvrit_nav2:/home/subham/igvc/install/igvc_perception:/home/subham/igvc/install/igvc_navigation:/home/subham/colcon_ws/install/ros2ai:/opt/ros/humble /usr/bin/cmake /media/subham/85dce0f4-2e29-4540-9a32-801850cfcef6/subham/LidarMapping2.5D/src/segmentation_lidar -DAMENT_CMAKE_SYMLINK_INSTALL=1 -DCMAKE_INSTALL_PREFIX=/media/subham/85dce0f4-2e29-4540-9a32-801850cfcef6/subham/LidarMapping2.5D/install/segmentation_lidar[0m
[72.402s] [34mcolcon.colcon_core.event_handler.log_command[0m [1;30mDEBUG[0m [32mInvoked command in '/media/subham/85dce0f4-2e29-4540-9a32-801850cfcef6/subham/LidarMapping2.5D/build/segmentation_lidar' returned '0': CMAKE_PREFIX_PATH=${CMAKE_PREFIX_PATH}:/home/subham/omokai_ws/install/llm_navigation:/home/subham/Edge_AI_for_ADAS_and_Autonomous_Systems/install/adas_perception:/home/subham/Edge_AI_for_ADAS_and_Autonomous_Systems/install/adas_navigation:/home/subham/rover_ws/install/rover_navigation:/home/subham/anvrit_ws/install/anvrit_perception:/home/subham/anvrit_ws/install/anvrit_odometry:/home/subham/anvrit_ws/install/anvrit_nav2:/home/subham/igvc/install/igvc_perception:/home/subham/igvc/install/igvc_navigation:/home/subham/colcon_ws/install/ros2ai:/opt/ros/humble /usr/bin/cmake /media/subham/85dce0f4-2e29-4540-9a32-801850cfcef6/subham/LidarMapping2.5D/src/segmentation_lidar -DAMENT_CMAKE_SYMLINK_INSTALL=1 -DCMAKE_INSTALL_PREFIX=/media/subham/85dce0f4-2e29-4540-9a32-801850cfcef6/subham/LidarMapping2.5D/install/segmentation_lidar[0m
[72.404s] [34mcolcon.colcon_core.event_handler.log_command[0m [1;30mDEBUG[0m [32mInvoking command in '/media/subham/85dce0f4-2e29-4540-9a32-801850cfcef6/subham/LidarMapping2.5D/build/segmentation_lidar': CMAKE_PREFIX_PATH=${CMAKE_PREFIX_PATH}:/home/subham/omokai_ws/install/llm_navigation:/home/subham/Edge_AI_for_ADAS_and_Autonomous_Systems/install/adas_perception:/home/subham/Edge_AI_for_ADAS_and_Autonomous_Systems/install/adas_navigation:/home/subham/rover_ws/install/rover_navigation:/home/subham/anvrit_ws/install/anvrit_perception:/home/subham/anvrit_ws/install/anvrit_odometry:/home/subham/anvrit_ws/install/anvrit_nav2:/home/subham/igvc/install/igvc_perception:/home/subham/igvc/install/igvc_navigation:/home/subham/colcon_ws/install/ros2ai:/opt/ros/humble /usr/bin/cmake --build /media/subham/85dce0f4-2e29-4540-9a32-801850cfcef6/subham/LidarMapping2.5D/build/segmentation_lidar[0m
[73.151s] [34mcolcon.colcon_core.event_handler.log_command[0m [1;30mDEBUG[0m [32mInvoked command in '/media/subham/85dce0f4-2e29-4540-9a32-801850cfcef6/subham/LidarMapping2.5D/build/segmentation_lidar' returned '0': CMAKE_PREFIX_PATH=${CMAKE_PREFIX_PATH}:/home/subham/omokai_ws/install/llm_navigation:/home/subham/Edge_AI_for_ADAS_and_Autonomous_Systems/install/adas_perception:/home/subham/Edge_AI_for_ADAS_and_Autonomous_Systems/install/adas_navigation:/home/subham/rover_ws/install/rover_navigation:/home/subham/anvrit_ws/install/anvrit_perception:/home/subham/anvrit_ws/install/anvrit_odometry:/home/subham/anvrit_ws/install/anvrit_nav2:/home/subham/igvc/install/igvc_perception:/home/subham/igvc/install/igvc_navigation:/home/subham/colcon_ws/install/ros2ai:/opt/ros/humble /usr/bin/cmake --build /media/subham/85dce0f4-2e29-4540-9a32-801850cfcef6/subham/LidarMapping2.5D/build/segmentation_lidar[0m
[73.154s] [34mcolcon.colcon_core.event_handler.log_command[0m [1;30mDEBUG[0m [32mInvoking command in '/media/subham/85dce0f4-2e29-4540-9a32-801850cfcef6/subham/LidarMapping2.5D/build/segmentation_lidar': CMAKE_PREFIX_PATH=${CMAKE_PREFIX_PATH}:/home/subham/omokai_ws/install/llm_navigation:/home/subham/Edge_AI_for_ADAS_and_Autonomous_Systems/install/adas_perception:/home/subham/Edge_AI_for_ADAS_and_Autonomous_Systems/install/adas_navigation:/home/subham/rover_ws/install/rover_navigation:/home/subham/anvrit_ws/install/anvrit_perception:/home/subham/anvrit_ws/install/anvrit_odometry:/home/subham/anvrit_ws/install/anvrit_nav2:/home/subham/igvc/install/igvc_perception:/home/subham/igvc/install/igvc_navigation:/home/subham/colcon_ws/install/ros2ai:/opt/ros/humble /usr/bin/cmake --install /media/subham/85dce0f4-2e29-4540-9a32-801850cfcef6/subham/LidarMapping2.5D/build/segmentation_lidar[0m
[73.685s] [34mcolcon.colcon_core.environment[0m [1;30mLevel 1[0m create_environment_scripts_only(segmentation_lidar)
[73.686s] [34mcolcon.colcon_core.environment[0m [1;30mLevel 1[0m checking '/media/subham/85dce0f4-2e29-4540-9a32-801850cfcef6/subham/LidarMapping2.5D/install/segmentation_lidar' for CMake module files
[73.687s] [34mcolcon.colcon_core.event_handler.log_command[0m [1;30mDEBUG[0m [32mInvoked command in '/media/subham/85dce0f4-2e29-4540-9a32-801850cfcef6/subham/LidarMapping2.5D/build/segmentation_lidar' returned '0': CMAKE_PREFIX_PATH=${CMAKE_PREFIX_PATH}:/home/subham/omokai_ws/install/llm_navigation:/home/subham/Edge_AI_for_ADAS_and_Autonomous_Systems/install/adas_perception:/home/subham/Edge_AI_for_ADAS_and_Autonomous_Systems/install/adas_navigation:/home/subham/rover_ws/install/rover_navigation:/home/subham/anvrit_ws/install/anvrit_perception:/home/subham/anvrit_ws/install/anvrit_odometry:/home/subham/anvrit_ws/install/anvrit_nav2:/home/subham/igvc/install/igvc_perception:/home/subham/igvc/install/igvc_navigation:/home/subham/colcon_ws/install/ros2ai:/opt/ros/humble /usr/bin/cmake --install /media/subham/85dce0f4-2e29-4540-9a32-801850cfcef6/subham/LidarMapping2.5D/build/segmentation_lidar[0m
[73.687s] [34mcolcon.colcon_core.environment[0m [1;30mLevel 1[0m checking '/media/subham/85dce0f4-2e29-4540-9a32-801850cfcef6/subham/LidarMapping2.5D/install/segmentation_lidar' for CMake config files
[73.688s] [34mcolcon.colcon_core.shell[0m [1;30mLevel 1[0m create_environment_hook('segmentation_lidar', 'cmake_prefix_path')
[73.688s] [34mcolcon.colcon_core.shell[0m [1;30mINFO[0m Creating environment hook '/media/subham/85dce0f4-2e29-4540-9a32-801850cfcef6/subham/LidarMapping2.5D/install/segmentation_lidar/share/segmentation_lidar/hook/cmake_prefix_path.ps1'
[73.688s] [34mcolcon.colcon_core.shell[0m [1;30mINFO[0m Creating environment descriptor '/media/subham/85dce0f4-2e29-4540-9a32-801850cfcef6/subham/LidarMapping2.5D/install/segmentation_lidar/share/segmentation_lidar/hook/cmake_prefix_path.dsv'
[73.688s] [34mcolcon.colcon_core.shell[0m [1;30mINFO[0m Creating environment hook '/media/subham/85dce0f4-2e29-4540-9a32-801850cfcef6/subham/LidarMapping2.5D/install/segmentation_lidar/share/segmentation_lidar/hook/cmake_prefix_path.sh'
[73.689s] [34mcolcon.colcon_core.environment[0m [1;30mLevel 1[0m checking '/media/subham/85dce0f4-2e29-4540-9a32-801850cfcef6/subham/LidarMapping2.5D/install/segmentation_lidar/lib'
[73.689s] [34mcolcon.colcon_core.environment[0m [1;30mLevel 1[0m checking '/media/subham/85dce0f4-2e29-4540-9a32-801850cfcef6/subham/LidarMapping2.5D/install/segmentation_lidar/bin'
[73.689s] [34mcolcon.colcon_core.environment[0m [1;30mLevel 1[0m checking '/media/subham/85dce0f4-2e29-4540-9a32-801850cfcef6/subham/LidarMapping2.5D/install/segmentation_lidar/lib/pkgconfig/segmentation_lidar.pc'
[73.689s] [34mcolcon.colcon_core.environment[0m [1;30mLevel 1[0m checking '/media/subham/85dce0f4-2e29-4540-9a32-801850cfcef6/subham/LidarMapping2.5D/install/segmentation_lidar/lib/python3.10/site-packages'
[73.689s] [34mcolcon.colcon_core.environment[0m [1;30mLevel 1[0m checking '/media/subham/85dce0f4-2e29-4540-9a32-801850cfcef6/subham/LidarMapping2.5D/install/segmentation_lidar/bin'
[73.690s] [34mcolcon.colcon_core.shell[0m [1;30mINFO[0m Creating package script '/media/subham/85dce0f4-2e29-4540-9a32-801850cfcef6/subham/LidarMapping2.5D/install/segmentation_lidar/share/segmentation_lidar/package.ps1'
[73.690s] [34mcolcon.colcon_core.shell[0m [1;30mINFO[0m Creating package descriptor '/media/subham/85dce0f4-2e29-4540-9a32-801850cfcef6/subham/LidarMapping2.5D/install/segmentation_lidar/share/segmentation_lidar/package.dsv'
[73.691s] [34mcolcon.colcon_core.shell[0m [1;30mINFO[0m Creating package script '/media/subham/85dce0f4-2e29-4540-9a32-801850cfcef6/subham/LidarMapping2.5D/install/segmentation_lidar/share/segmentation_lidar/package.sh'
[73.691s] [34mcolcon.colcon_core.shell[0m [1;30mINFO[0m Creating package script '/media/subham/85dce0f4-2e29-4540-9a32-801850cfcef6/subham/LidarMapping2.5D/install/segmentation_lidar/share/segmentation_lidar/package.bash'
[73.691s] [34mcolcon.colcon_core.shell[0m [1;30mINFO[0m Creating package script '/media/subham/85dce0f4-2e29-4540-9a32-801850cfcef6/subham/LidarMapping2.5D/install/segmentation_lidar/share/segmentation_lidar/package.zsh'
[73.692s] [34mcolcon.colcon_core.environment[0m [1;30mLevel 1[0m create_file_with_runtime_dependencies(/media/subham/85dce0f4-2e29-4540-9a32-801850cfcef6/subham/LidarMapping2.5D/install/segmentation_lidar/share/colcon-core/packages/segmentation_lidar)
[73.692s] [34mcolcon.colcon_core.environment[0m [1;30mLevel 1[0m create_environment_scripts_only(segmentation_lidar)
[73.692s] [34mcolcon.colcon_core.environment[0m [1;30mLevel 1[0m checking '/media/subham/85dce0f4-2e29-4540-9a32-801850cfcef6/subham/LidarMapping2.5D/install/segmentation_lidar' for CMake module files
[73.693s] [34mcolcon.colcon_core.environment[0m [1;30mLevel 1[0m checking '/media/subham/85dce0f4-2e29-4540-9a32-801850cfcef6/subham/LidarMapping2.5D/install/segmentation_lidar' for CMake config files
[73.693s] [34mcolcon.colcon_core.shell[0m [1;30mLevel 1[0m create_environment_hook('segmentation_lidar', 'cmake_prefix_path')
[73.693s] [34mcolcon.colcon_core.shell[0m [1;30mINFO[0m Creating environment hook '/media/subham/85dce0f4-2e29-4540-9a32-801850cfcef6/subham/LidarMapping2.5D/install/segmentation_lidar/share/segmentation_lidar/hook/cmake_prefix_path.ps1'
[73.694s] [34mcolcon.colcon_core.shell[0m [1;30mINFO[0m Creating environment descriptor '/media/subham/85dce0f4-2e29-4540-9a32-801850cfcef6/subham/LidarMapping2.5D/install/segmentation_lidar/share/segmentation_lidar/hook/cmake_prefix_path.dsv'
[73.694s] [34mcolcon.colcon_core.shell[0m [1;30mINFO[0m Creating environment hook '/media/subham/85dce0f4-2e29-4540-9a32-801850cfcef6/subham/LidarMapping2.5D/install/segmentation_lidar/share/segmentation_lidar/hook/cmake_prefix_path.sh'
[73.695s] [34mcolcon.colcon_core.environment[0m [1;30mLevel 1[0m checking '/media/subham/85dce0f4-2e29-4540-9a32-801850cfcef6/subham/LidarMapping2.5D/install/segmentation_lidar/lib'
[73.695s] [34mcolcon.colcon_core.environment[0m [1;30mLevel 1[0m checking '/media/subham/85dce0f4-2e29-4540-9a32-801850cfcef6/subham/LidarMapping2.5D/install/segmentation_lidar/bin'
[73.695s] [34mcolcon.colcon_core.environment[0m [1;30mLevel 1[0m checking '/media/subham/85dce0f4-2e29-4540-9a32-801850cfcef6/subham/LidarMapping2.5D/install/segmentation_lidar/lib/pkgconfig/segmentation_lidar.pc'
[73.695s] [34mcolcon.colcon_core.environment[0m [1;30mLevel 1[0m checking '/media/subham/85dce0f4-2e29-4540-9a32-801850cfcef6/subham/LidarMapping2.5D/install/segmentation_lidar/lib/python3.10/site-packages'
[73.695s] [34mcolcon.colcon_core.environment[0m [1;30mLevel 1[0m checking '/media/subham/85dce0f4-2e29-4540-9a32-801850cfcef6/subham/LidarMapping2.5D/install/segmentation_lidar/bin'
[73.695s] [34mcolcon.colcon_core.shell[0m [1;30mINFO[0m Creating package script '/media/subham/85dce0f4-2e29-4540-9a32-801850cfcef6/subham/LidarMapping2.5D/install/segmentation_lidar/share/segmentation_lidar/package.ps1'
[73.696s] [34mcolcon.colcon_core.shell[0m [1;30mINFO[0m Creating package descriptor '/media/subham/85dce0f4-2e29-4540-9a32-801850cfcef6/subham/LidarMapping2.5D/install/segmentation_lidar/share/segmentation_lidar/package.dsv'
[73.696s] [34mcolcon.colcon_core.shell[0m [1;30mINFO[0m Creating package script '/media/subham/85dce0f4-2e29-4540-9a32-801850cfcef6/subham/LidarMapping2.5D/install/segmentation_lidar/share/segmentation_lidar/package.sh'
[73.697s] [34mcolcon.colcon_core.shell[0m [1;30mINFO[0m Creating package script '/media/subham/85dce0f4-2e29-4540-9a32-801850cfcef6/subham/LidarMapping2.5D/install/segmentation_lidar/share/segmentation_lidar/package.bash'
[73.697s] [34mcolcon.colcon_core.shell[0m [1;30mINFO[0m Creating package script '/media/subham/85dce0f4-2e29-4540-9a32-801850cfcef6/subham/LidarMapping2.5D/install/segmentation_lidar/share/segmentation_lidar/package.zsh'
[73.697s] [34mcolcon.colcon_core.environment[0m [1;30mLevel 1[0m create_file_with_runtime_dependencies(/media/subham/85dce0f4-2e29-4540-9a32-801850cfcef6/subham/LidarMapping2.5D/install/segmentation_lidar/share/colcon-core/packages/segmentation_lidar)
[73.697s] [34mcolcon.colcon_core.executor.sequential[0m [1;30mDEBUG[0m [32mrun_until_complete 'segmentation_lidar' finished with '0'[0m
[73.698s] [34mcolcon.colcon_core.executor.sequential[0m [1;30mDEBUG[0m [32mrun_until_complete 'velodyne_gazebo_plugins'[0m
[73.698s] [34mcolcon.colcon_ros.task.ament_cmake.build[0m [1;30mINFO[0m Building ROS package in '/media/subham/85dce0f4-2e29-4540-9a32-801850cfcef6/subham/LidarMapping2.5D/src/velodyne/velodyne_gazebo_plugins' with build type 'ament_cmake'
[73.698s] [34mcolcon.colcon_cmake.task.cmake.build[0m [1;30mINFO[0m Building CMake package in '/media/subham/85dce0f4-2e29-4540-9a32-801850cfcef6/subham/LidarMapping2.5D/src/velodyne/velodyne_gazebo_plugins'
[73.698s] [34mcolcon.colcon_core.shell[0m [1;30mINFO[0m Skip shell extension 'powershell' for command environment: Not usable outside of PowerShell
[73.698s] [34mcolcon.colcon_core.shell[0m [1;30mDEBUG[0m [32mSkip shell extension 'dsv' for command environment[0m
[73.713s] [34mcolcon.colcon_core.event_handler.log_command[0m [1;30mDEBUG[0m [32mInvoking command in '/media/subham/85dce0f4-2e29-4540-9a32-801850cfcef6/subham/LidarMapping2.5D/build/velodyne_gazebo_plugins': CMAKE_PREFIX_PATH=${CMAKE_PREFIX_PATH}:/home/subham/omokai_ws/install/llm_navigation:/home/subham/Edge_AI_for_ADAS_and_Autonomous_Systems/install/adas_perception:/home/subham/Edge_AI_for_ADAS_and_Autonomous_Systems/install/adas_navigation:/home/subham/rover_ws/install/rover_navigation:/home/subham/anvrit_ws/install/anvrit_perception:/home/subham/anvrit_ws/install/anvrit_odometry:/home/subham/anvrit_ws/install/anvrit_nav2:/home/subham/igvc/install/igvc_perception:/home/subham/igvc/install/igvc_navigation:/home/subham/colcon_ws/install/ros2ai:/opt/ros/humble /usr/bin/cmake /media/subham/85dce0f4-2e29-4540-9a32-801850cfcef6/subham/LidarMapping2.5D/src/velodyne/velodyne_gazebo_plugins -DAMENT_CMAKE_SYMLINK_INSTALL=1 -DCMAKE_INSTALL_PREFIX=/media/subham/85dce0f4-2e29-4540-9a32-801850cfcef6/subham/LidarMapping2.5D/install/velodyne_gazebo_plugins[0m
[78.268s] [34mcolcon.colcon_core.event_handler.log_command[0m [1;30mDEBUG[0m [32mInvoked command in '/media/subham/85dce0f4-2e29-4540-9a32-801850cfcef6/subham/LidarMapping2.5D/build/velodyne_gazebo_plugins' returned '0': CMAKE_PREFIX_PATH=${CMAKE_PREFIX_PATH}:/home/subham/omokai_ws/install/llm_navigation:/home/subham/Edge_AI_for_ADAS_and_Autonomous_Systems/install/adas_perception:/home/subham/Edge_AI_for_ADAS_and_Autonomous_Systems/install/adas_navigation:/home/subham/rover_ws/install/rover_navigation:/home/subham/anvrit_ws/install/anvrit_perception:/home/subham/anvrit_ws/install/anvrit_odometry:/home/subham/anvrit_ws/install/anvrit_nav2:/home/subham/igvc/install/igvc_perception:/home/subham/igvc/install/igvc_navigation:/home/subham/colcon_ws/install/ros2ai:/opt/ros/humble /usr/bin/cmake /media/subham/85dce0f4-2e29-4540-9a32-801850cfcef6/subham/LidarMapping2.5D/src/velodyne/velodyne_gazebo_plugins -DAMENT_CMAKE_SYMLINK_INSTALL=1 -DCMAKE_INSTALL_PREFIX=/media/subham/85dce0f4-2e29-4540-9a32-801850cfcef6/subham/LidarMapping2.5D/install/velodyne_gazebo_plugins[0m
[78.272s] [34mcolcon.colcon_core.event_handler.log_command[0m [1;30mDEBUG[0m [32mInvoking command in '/media/subham/85dce0f4-2e29-4540-9a32-801850cfcef6/subham/LidarMapping2.5D/build/velodyne_gazebo_plugins': CMAKE_PREFIX_PATH=${CMAKE_PREFIX_PATH}:/home/subham/omokai_ws/install/llm_navigation:/home/subham/Edge_AI_for_ADAS_and_Autonomous_Systems/install/adas_perception:/home/subham/Edge_AI_for_ADAS_and_Autonomous_Systems/install/adas_navigation:/home/subham/rover_ws/install/rover_navigation:/home/subham/anvrit_ws/install/anvrit_perception:/home/subham/anvrit_ws/install/anvrit_odometry:/home/subham/anvrit_ws/install/anvrit_nav2:/home/subham/igvc/install/igvc_perception:/home/subham/igvc/install/igvc_navigation:/home/subham/colcon_ws/install/ros2ai:/opt/ros/humble /usr/bin/cmake --build /media/subham/85dce0f4-2e29-4540-9a32-801850cfcef6/subham/LidarMapping2.5D/build/velodyne_gazebo_plugins[0m
[92.048s] [34mcolcon.colcon_core.event_handler.log_command[0m [1;30mDEBUG[0m [32mInvoked command in '/media/subham/85dce0f4-2e29-4540-9a32-801850cfcef6/subham/LidarMapping2.5D/build/velodyne_gazebo_plugins' returned '0': CMAKE_PREFIX_PATH=${CMAKE_PREFIX_PATH}:/home/subham/omokai_ws/install/llm_navigation:/home/subham/Edge_AI_for_ADAS_and_Autonomous_Systems/install/adas_perception:/home/subham/Edge_AI_for_ADAS_and_Autonomous_Systems/install/adas_navigation:/home/subham/rover_ws/install/rover_navigation:/home/subham/anvrit_ws/install/anvrit_perception:/home/subham/anvrit_ws/install/anvrit_odometry:/home/subham/anvrit_ws/install/anvrit_nav2:/home/subham/igvc/install/igvc_perception:/home/subham/igvc/install/igvc_navigation:/home/subham/colcon_ws/install/ros2ai:/opt/ros/humble /usr/bin/cmake --build /media/subham/85dce0f4-2e29-4540-9a32-801850cfcef6/subham/LidarMapping2.5D/build/velodyne_gazebo_plugins[0m
[92.050s] [34mcolcon.colcon_core.event_handler.log_command[0m [1;30mDEBUG[0m [32mInvoking command in '/media/subham/85dce0f4-2e29-4540-9a32-801850cfcef6/subham/LidarMapping2.5D/build/velodyne_gazebo_plugins': CMAKE_PREFIX_PATH=${CMAKE_PREFIX_PATH}:/home/subham/omokai_ws/install/llm_navigation:/home/subham/Edge_AI_for_ADAS_and_Autonomous_Systems/install/adas_perception:/home/subham/Edge_AI_for_ADAS_and_Autonomous_Systems/install/adas_navigation:/home/subham/rover_ws/install/rover_navigation:/home/subham/anvrit_ws/install/anvrit_perception:/home/subham/anvrit_ws/install/anvrit_odometry:/home/subham/anvrit_ws/install/anvrit_nav2:/home/subham/igvc/install/igvc_perception:/home/subham/igvc/install/igvc_navigation:/home/subham/colcon_ws/install/ros2ai:/opt/ros/humble /usr/bin/cmake --install /media/subham/85dce0f4-2e29-4540-9a32-801850cfcef6/subham/LidarMapping2.5D/build/velodyne_gazebo_plugins[0m
[92.381s] [34mcolcon.colcon_core.environment[0m [1;30mLevel 1[0m create_environment_scripts_only(velodyne_gazebo_plugins)
[92.381s] [34mcolcon.colcon_core.environment[0m [1;30mLevel 1[0m checking '/media/subham/85dce0f4-2e29-4540-9a32-801850cfcef6/subham/LidarMapping2.5D/install/velodyne_gazebo_plugins' for CMake module files
[92.382s] [34mcolcon.colcon_core.event_handler.log_command[0m [1;30mDEBUG[0m [32mInvoked command in '/media/subham/85dce0f4-2e29-4540-9a32-801850cfcef6/subham/LidarMapping2.5D/build/velodyne_gazebo_plugins' returned '0': CMAKE_PREFIX_PATH=${CMAKE_PREFIX_PATH}:/home/subham/omokai_ws/install/llm_navigation:/home/subham/Edge_AI_for_ADAS_and_Autonomous_Systems/install/adas_perception:/home/subham/Edge_AI_for_ADAS_and_Autonomous_Systems/install/adas_navigation:/home/subham/rover_ws/install/rover_navigation:/home/subham/anvrit_ws/install/anvrit_perception:/home/subham/anvrit_ws/install/anvrit_odometry:/home/subham/anvrit_ws/install/anvrit_nav2:/home/subham/igvc/install/igvc_perception:/home/subham/igvc/install/igvc_navigation:/home/subham/colcon_ws/install/ros2ai:/opt/ros/humble /usr/bin/cmake --install /media/subham/85dce0f4-2e29-4540-9a32-801850cfcef6/subham/LidarMapping2.5D/build/velodyne_gazebo_plugins[0m
[92.383s] [34mcolcon.colcon_core.environment[0m [1;30mLevel 1[0m checking '/media/subham/85dce0f4-2e29-4540-9a32-801850cfcef6/subham/LidarMapping2.5D/install/velodyne_gazebo_plugins' for CMake config files
[92.383s] [34mcolcon.colcon_core.shell[0m [1;30mLevel 1[0m create_environment_hook('velodyne_gazebo_plugins', 'cmake_prefix_path')
[92.383s] [34mcolcon.colcon_core.shell[0m [1;30mINFO[0m Creating environment hook '/media/subham/85dce0f4-2e29-4540-9a32-801850cfcef6/subham/LidarMapping2.5D/install/velodyne_gazebo_plugins/share/velodyne_gazebo_plugins/hook/cmake_prefix_path.ps1'
[92.384s] [34mcolcon.colcon_core.shell[0m [1;30mINFO[0m Creating environment descriptor '/media/subham/85dce0f4-2e29-4540-9a32-801850cfcef6/subham/LidarMapping2.5D/install/velodyne_gazebo_plugins/share/velodyne_gazebo_plugins/hook/cmake_prefix_path.dsv'
[92.384s] [34mcolcon.colcon_core.shell[0m [1;30mINFO[0m Creating environment hook '/media/subham/85dce0f4-2e29-4540-9a32-801850cfcef6/subham/LidarMapping2.5D/install/velodyne_gazebo_plugins/share/velodyne_gazebo_plugins/hook/cmake_prefix_path.sh'
[92.384s] [34mcolcon.colcon_core.environment[0m [1;30mLevel 1[0m checking '/media/subham/85dce0f4-2e29-4540-9a32-801850cfcef6/subham/LidarMapping2.5D/install/velodyne_gazebo_plugins/lib'
[92.384s] [34mcolcon.colcon_core.shell[0m [1;30mLevel 1[0m create_environment_hook('velodyne_gazebo_plugins', 'ld_library_path_lib')
[92.385s] [34mcolcon.colcon_core.shell[0m [1;30mINFO[0m Creating environment hook '/media/subham/85dce0f4-2e29-4540-9a32-801850cfcef6/subham/LidarMapping2.5D/install/velodyne_gazebo_plugins/share/velodyne_gazebo_plugins/hook/ld_library_path_lib.ps1'
[92.385s] [34mcolcon.colcon_core.shell[0m [1;30mINFO[0m Creating environment descriptor '/media/subham/85dce0f4-2e29-4540-9a32-801850cfcef6/subham/LidarMapping2.5D/install/velodyne_gazebo_plugins/share/velodyne_gazebo_plugins/hook/ld_library_path_lib.dsv'
[92.385s] [34mcolcon.colcon_core.shell[0m [1;30mINFO[0m Creating environment hook '/media/subham/85dce0f4-2e29-4540-9a32-801850cfcef6/subham/LidarMapping2.5D/install/velodyne_gazebo_plugins/share/velodyne_gazebo_plugins/hook/ld_library_path_lib.sh'
[92.385s] [34mcolcon.colcon_core.environment[0m [1;30mLevel 1[0m checking '/media/subham/85dce0f4-2e29-4540-9a32-801850cfcef6/subham/LidarMapping2.5D/install/velodyne_gazebo_plugins/bin'
[92.386s] [34mcolcon.colcon_core.environment[0m [1;30mLevel 1[0m checking '/media/subham/85dce0f4-2e29-4540-9a32-801850cfcef6/subham/LidarMapping2.5D/install/velodyne_gazebo_plugins/lib/pkgconfig/velodyne_gazebo_plugins.pc'
[92.386s] [34mcolcon.colcon_core.environment[0m [1;30mLevel 1[0m checking '/media/subham/85dce0f4-2e29-4540-9a32-801850cfcef6/subham/LidarMapping2.5D/install/velodyne_gazebo_plugins/lib/python3.10/site-packages'
[92.386s] [34mcolcon.colcon_core.environment[0m [1;30mLevel 1[0m checking '/media/subham/85dce0f4-2e29-4540-9a32-801850cfcef6/subham/LidarMapping2.5D/install/velodyne_gazebo_plugins/bin'
[92.386s] [34mcolcon.colcon_core.shell[0m [1;30mINFO[0m Creating package script '/media/subham/85dce0f4-2e29-4540-9a32-801850cfcef6/subham/LidarMapping2.5D/install/velodyne_gazebo_plugins/share/velodyne_gazebo_plugins/package.ps1'
[92.387s] [34mcolcon.colcon_core.shell[0m [1;30mINFO[0m Creating package descriptor '/media/subham/85dce0f4-2e29-4540-9a32-801850cfcef6/subham/LidarMapping2.5D/install/velodyne_gazebo_plugins/share/velodyne_gazebo_plugins/package.dsv'
[92.387s] [34mcolcon.colcon_core.shell[0m [1;30mINFO[0m Creating package script '/media/subham/85dce0f4-2e29-4540-9a32-801850cfcef6/subham/LidarMapping2.5D/install/velodyne_gazebo_plugins/share/velodyne_gazebo_plugins/package.sh'
[92.388s] [34mcolcon.colcon_core.shell[0m [1;30mINFO[0m Creating package script '/media/subham/85dce0f4-2e29-4540-9a32-801850cfcef6/subham/LidarMapping2.5D/install/velodyne_gazebo_plugins/share/velodyne_gazebo_plugins/package.bash'
[92.388s] [34mcolcon.colcon_core.shell[0m [1;30mINFO[0m Creating package script '/media/subham/85dce0f4-2e29-4540-9a32-801850cfcef6/subham/LidarMapping2.5D/install/velodyne_gazebo_plugins/share/velodyne_gazebo_plugins/package.zsh'
[92.388s] [34mcolcon.colcon_core.environment[0m [1;30mLevel 1[0m create_file_with_runtime_dependencies(/media/subham/85dce0f4-2e29-4540-9a32-801850cfcef6/subham/LidarMapping2.5D/install/velodyne_gazebo_plugins/share/colcon-core/packages/velodyne_gazebo_plugins)
[92.389s] [34mcolcon.colcon_core.environment[0m [1;30mLevel 1[0m create_environment_scripts_only(velodyne_gazebo_plugins)
[92.389s] [34mcolcon.colcon_core.environment[0m [1;30mLevel 1[0m checking '/media/subham/85dce0f4-2e29-4540-9a32-801850cfcef6/subham/LidarMapping2.5D/install/velodyne_gazebo_plugins' for CMake module files
[92.389s] [34mcolcon.colcon_core.environment[0m [1;30mLevel 1[0m checking '/media/subham/85dce0f4-2e29-4540-9a32-801850cfcef6/subham/LidarMapping2.5D/install/velodyne_gazebo_plugins' for CMake config files
[92.390s] [34mcolcon.colcon_core.shell[0m [1;30mLevel 1[0m create_environment_hook('velodyne_gazebo_plugins', 'cmake_prefix_path')
[92.390s] [34mcolcon.colcon_core.shell[0m [1;30mINFO[0m Creating environment hook '/media/subham/85dce0f4-2e29-4540-9a32-801850cfcef6/subham/LidarMapping2.5D/install/velodyne_gazebo_plugins/share/velodyne_gazebo_plugins/hook/cmake_prefix_path.ps1'
[92.390s] [34mcolcon.colcon_core.shell[0m [1;30mINFO[0m Creating environment descriptor '/media/subham/85dce0f4-2e29-4540-9a32-801850cfcef6/subham/LidarMapping2.5D/install/velodyne_gazebo_plugins/share/velodyne_gazebo_plugins/hook/cmake_prefix_path.dsv'
[92.390s] [34mcolcon.colcon_core.shell[0m [1;30mINFO[0m Creating environment hook '/media/subham/85dce0f4-2e29-4540-9a32-801850cfcef6/subham/LidarMapping2.5D/install/velodyne_gazebo_plugins/share/velodyne_gazebo_plugins/hook/cmake_prefix_path.sh'
[92.391s] [34mcolcon.colcon_core.environment[0m [1;30mLevel 1[0m checking '/media/subham/85dce0f4-2e29-4540-9a32-801850cfcef6/subham/LidarMapping2.5D/install/velodyne_gazebo_plugins/lib'
[92.391s] [34mcolcon.colcon_core.shell[0m [1;30mLevel 1[0m create_environment_hook('velodyne_gazebo_plugins', 'ld_library_path_lib')
[92.391s] [34mcolcon.colcon_core.shell[0m [1;30mINFO[0m Creating environment hook '/media/subham/85dce0f4-2e29-4540-9a32-801850cfcef6/subham/LidarMapping2.5D/install/velodyne_gazebo_plugins/share/velodyne_gazebo_plugins/hook/ld_library_path_lib.ps1'
[92.391s] [34mcolcon.colcon_core.shell[0m [1;30mINFO[0m Creating environment descriptor '/media/subham/85dce0f4-2e29-4540-9a32-801850cfcef6/subham/LidarMapping2.5D/install/velodyne_gazebo_plugins/share/velodyne_gazebo_plugins/hook/ld_library_path_lib.dsv'
[92.392s] [34mcolcon.colcon_core.shell[0m [1;30mINFO[0m Creating environment hook '/media/subham/85dce0f4-2e29-4540-9a32-801850cfcef6/subham/LidarMapping2.5D/install/velodyne_gazebo_plugins/share/velodyne_gazebo_plugins/hook/ld_library_path_lib.sh'
[92.392s] [34mcolcon.colcon_core.environment[0m [1;30mLevel 1[0m checking '/media/subham/85dce0f4-2e29-4540-9a32-801850cfcef6/subham/LidarMapping2.5D/install/velodyne_gazebo_plugins/bin'
[92.392s] [34mcolcon.colcon_core.environment[0m [1;30mLevel 1[0m checking '/media/subham/85dce0f4-2e29-4540-9a32-801850cfcef6/subham/LidarMapping2.5D/install/velodyne_gazebo_plugins/lib/pkgconfig/velodyne_gazebo_plugins.pc'
[92.392s] [34mcolcon.colcon_core.environment[0m [1;30mLevel 1[0m checking '/media/subham/85dce0f4-2e29-4540-9a32-801850cfcef6/subham/LidarMapping2.5D/install/velodyne_gazebo_plugins/lib/python3.10/site-packages'
[92.392s] [34mcolcon.colcon_core.environment[0m [1;30mLevel 1[0m checking '/media/subham/85dce0f4-2e29-4540-9a32-801850cfcef6/subham/LidarMapping2.5D/install/velodyne_gazebo_plugins/bin'
[92.393s] [34mcolcon.colcon_core.shell[0m [1;30mINFO[0m Creating package script '/media/subham/85dce0f4-2e29-4540-9a32-801850cfcef6/subham/LidarMapping2.5D/install/velodyne_gazebo_plugins/share/velodyne_gazebo_plugins/package.ps1'
[92.393s] [34mcolcon.colcon_core.shell[0m [1;30mINFO[0m Creating package descriptor '/media/subham/85dce0f4-2e29-4540-9a32-801850cfcef6/subham/LidarMapping2.5D/install/velodyne_gazebo_plugins/share/velodyne_gazebo_plugins/package.dsv'
[92.394s] [34mcolcon.colcon_core.shell[0m [1;30mINFO[0m Creating package script '/media/subham/85dce0f4-2e29-4540-9a32-801850cfcef6/subham/LidarMapping2.5D/install/velodyne_gazebo_plugins/share/velodyne_gazebo_plugins/package.sh'
[92.394s] [34mcolcon.colcon_core.shell[0m [1;30mINFO[0m Creating package script '/media/subham/85dce0f4-2e29-4540-9a32-801850cfcef6/subham/LidarMapping2.5D/install/velodyne_gazebo_plugins/share/velodyne_gazebo_plugins/package.bash'
[92.394s] [34mcolcon.colcon_core.shell[0m [1;30mINFO[0m Creating package script '/media/subham/85dce0f4-2e29-4540-9a32-801850cfcef6/subham/LidarMapping2.5D/install/velodyne_gazebo_plugins/share/velodyne_gazebo_plugins/package.zsh'
[92.395s] [34mcolcon.colcon_core.environment[0m [1;30mLevel 1[0m create_file_with_runtime_dependencies(/media/subham/85dce0f4-2e29-4540-9a32-801850cfcef6/subham/LidarMapping2.5D/install/velodyne_gazebo_plugins/share/colcon-core/packages/velodyne_gazebo_plugins)
[92.395s] [34mcolcon.colcon_core.executor.sequential[0m [1;30mDEBUG[0m [32mrun_until_complete 'velodyne_gazebo_plugins' finished with '0'[0m
[92.395s] [34mcolcon.colcon_core.executor.sequential[0m [1;30mDEBUG[0m [32mrun_until_complete 'fastdem_ros'[0m
[92.395s] [34mcolcon.colcon_ros.task.catkin.build[0m [1;30mINFO[0m Building ROS package in '/media/subham/85dce0f4-2e29-4540-9a32-801850cfcef6/subham/LidarMapping2.5D/src/FastDEM/ros1' with build type 'catkin'
[92.395s] [34mcolcon.colcon_cmake.task.cmake.build[0m [1;30mINFO[0m Building CMake package in '/media/subham/85dce0f4-2e29-4540-9a32-801850cfcef6/subham/LidarMapping2.5D/src/FastDEM/ros1'
[92.395s] [34mcolcon.colcon_core.shell[0m [1;30mINFO[0m Skip shell extension 'powershell' for command environment: Not usable outside of PowerShell
[92.395s] [34mcolcon.colcon_core.shell[0m [1;30mDEBUG[0m [32mSkip shell extension 'dsv' for command environment[0m
[92.413s] [34mcolcon.colcon_core.event_handler.log_command[0m [1;30mDEBUG[0m [32mInvoking command in '/media/subham/85dce0f4-2e29-4540-9a32-801850cfcef6/subham/LidarMapping2.5D/build/fastdem_ros': CMAKE_PREFIX_PATH=/media/subham/85dce0f4-2e29-4540-9a32-801850cfcef6/subham/LidarMapping2.5D/install/fastdem:/media/subham/85dce0f4-2e29-4540-9a32-801850cfcef6/subham/LidarMapping2.5D/install/segmentation_lidar:/media/subham/85dce0f4-2e29-4540-9a32-801850cfcef6/subham/LidarMapping2.5D/install/velodyne_simulator:/media/subham/85dce0f4-2e29-4540-9a32-801850cfcef6/subham/LidarMapping2.5D/install/velodyne_description:/media/subham/85dce0f4-2e29-4540-9a32-801850cfcef6/subham/LidarMapping2.5D/install/velodyne_gazebo_plugins:/media/subham/85dce0f4-2e29-4540-9a32-801850cfcef6/subham/LidarMapping2.5D/install/salsanext_ros2:/media/subham/85dce0f4-2e29-4540-9a32-801850cfcef6/subham/LidarMapping2.5D/install/patchwork_plusplus:/media/subham/85dce0f4-2e29-4540-9a32-801850cfcef6/subham/LidarMapping2.5D/install/lid_simulation:/media/subham/85dce0f4-2e29-4540-9a32-801850cfcef6/subham/LidarMapping2.5D/install/lid_description:/media/subham/85dce0f4-2e29-4540-9a32-801850cfcef6/subham/LidarMapping2.5D/install/jsk_recognition_msgs:/media/subham/85dce0f4-2e29-4540-9a32-801850cfcef6/subham/LidarMapping2.5D/install/height_mapping_ros2:/media/subham/85dce0f4-2e29-4540-9a32-801850cfcef6/subham/LidarMapping2.5D/install/height_mapping_core:/media/subham/85dce0f4-2e29-4540-9a32-801850cfcef6/subham/LidarMapping2.5D/install/fastdem_ros2:/home/subham/omokai_ws/install/llm_simulation:/home/subham/omokai_ws/install/llm_prompt:/home/subham/omokai_ws/install/llm_description:/home/subham/Edge_AI_for_ADAS_and_Autonomous_Systems/install/adas_simulation:/home/subham/Edge_AI_for_ADAS_and_Autonomous_Systems/install/adas_description:/home/subham/rover_ws/install/rover_gazebo:/home/subham/rover_ws/install/rover_description:/home/subham/rover_ws/install/rf2o_laser_odometry:/home/subham/anvrit_ws/install/rplidar_ros:/home/subham/anvrit_ws/install/astra_camera:/home/subham/anvrit_ws/install/astra_camera_msgs:/home/subham/anvrit_ws/install/anvrit_description:/home/subham/igvc/install/velodyne_simulator:/home/subham/igvc/install/velodyne_description:/home/subham/igvc/install/velodyne_gazebo_plugins:/home/subham/igvc/install/igvc_simulation:/home/subham/igvc/install/igvc_description:/home/subham/colcon_ws/install/ur_simulation_gz:/home/subham/colcon_ws/install/ur_description:/home/subham/colcon_ws/install/ur5_control_2481:/home/subham/colcon_ws/install/s2481_ebot_description:/home/subham/colcon_ws/install/linkattacher_msgs:/home/subham/colcon_ws/install/eyantra_warehouse:/home/subham/colcon_ws/install/ackerman_description /usr/bin/cmake /media/subham/85dce0f4-2e29-4540-9a32-801850cfcef6/subham/LidarMapping2.5D/src/FastDEM/ros1 -DCATKIN_INSTALL_INTO_PREFIX_ROOT=0 -DCATKIN_SYMLINK_INSTALL=ON -DCMAKE_INSTALL_PREFIX=/media/subham/85dce0f4-2e29-4540-9a32-801850cfcef6/subham/LidarMapping2.5D/install/fastdem_ros[0m
[92.796s] [34mcolcon.colcon_core.event_handler.log_command[0m [1;30mDEBUG[0m [32mInvoked command in '/media/subham/85dce0f4-2e29-4540-9a32-801850cfcef6/subham/LidarMapping2.5D/build/fastdem_ros' returned '1': CMAKE_PREFIX_PATH=/media/subham/85dce0f4-2e29-4540-9a32-801850cfcef6/subham/LidarMapping2.5D/install/fastdem:/media/subham/85dce0f4-2e29-4540-9a32-801850cfcef6/subham/LidarMapping2.5D/install/segmentation_lidar:/media/subham/85dce0f4-2e29-4540-9a32-801850cfcef6/subham/LidarMapping2.5D/install/velodyne_simulator:/media/subham/85dce0f4-2e29-4540-9a32-801850cfcef6/subham/LidarMapping2.5D/install/velodyne_description:/media/subham/85dce0f4-2e29-4540-9a32-801850cfcef6/subham/LidarMapping2.5D/install/velodyne_gazebo_plugins:/media/subham/85dce0f4-2e29-4540-9a32-801850cfcef6/subham/LidarMapping2.5D/install/salsanext_ros2:/media/subham/85dce0f4-2e29-4540-9a32-801850cfcef6/subham/LidarMapping2.5D/install/patchwork_plusplus:/media/subham/85dce0f4-2e29-4540-9a32-801850cfcef6/subham/LidarMapping2.5D/install/lid_simulation:/media/subham/85dce0f4-2e29-4540-9a32-801850cfcef6/subham/LidarMapping2.5D/install/lid_description:/media/subham/85dce0f4-2e29-4540-9a32-801850cfcef6/subham/LidarMapping2.5D/install/jsk_recognition_msgs:/media/subham/85dce0f4-2e29-4540-9a32-801850cfcef6/subham/LidarMapping2.5D/install/height_mapping_ros2:/media/subham/85dce0f4-2e29-4540-9a32-801850cfcef6/subham/LidarMapping2.5D/install/height_mapping_core:/media/subham/85dce0f4-2e29-4540-9a32-801850cfcef6/subham/LidarMapping2.5D/install/fastdem_ros2:/home/subham/omokai_ws/install/llm_simulation:/home/subham/omokai_ws/install/llm_prompt:/home/subham/omokai_ws/install/llm_description:/home/subham/Edge_AI_for_ADAS_and_Autonomous_Systems/install/adas_simulation:/home/subham/Edge_AI_for_ADAS_and_Autonomous_Systems/install/adas_description:/home/subham/rover_ws/install/rover_gazebo:/home/subham/rover_ws/install/rover_description:/home/subham/rover_ws/install/rf2o_laser_odometry:/home/subham/anvrit_ws/install/rplidar_ros:/home/subham/anvrit_ws/install/astra_camera:/home/subham/anvrit_ws/install/astra_camera_msgs:/home/subham/anvrit_ws/install/anvrit_description:/home/subham/igvc/install/velodyne_simulator:/home/subham/igvc/install/velodyne_description:/home/subham/igvc/install/velodyne_gazebo_plugins:/home/subham/igvc/install/igvc_simulation:/home/subham/igvc/install/igvc_description:/home/subham/colcon_ws/install/ur_simulation_gz:/home/subham/colcon_ws/install/ur_description:/home/subham/colcon_ws/install/ur5_control_2481:/home/subham/colcon_ws/install/s2481_ebot_description:/home/subham/colcon_ws/install/linkattacher_msgs:/home/subham/colcon_ws/install/eyantra_warehouse:/home/subham/colcon_ws/install/ackerman_description /usr/bin/cmake /media/subham/85dce0f4-2e29-4540-9a32-801850cfcef6/subham/LidarMapping2.5D/src/FastDEM/ros1 -DCATKIN_INSTALL_INTO_PREFIX_ROOT=0 -DCATKIN_SYMLINK_INSTALL=ON -DCMAKE_INSTALL_PREFIX=/media/subham/85dce0f4-2e29-4540-9a32-801850cfcef6/subham/LidarMapping2.5D/install/fastdem_ros[0m
[92.814s] [34mcolcon.colcon_core.environment[0m [1;30mLevel 1[0m create_environment_scripts_only(fastdem_ros)
[92.814s] [34mcolcon.colcon_core.environment[0m [1;30mLevel 1[0m checking '/media/subham/85dce0f4-2e29-4540-9a32-801850cfcef6/subham/LidarMapping2.5D/install/fastdem_ros' for CMake module files
[92.815s] [34mcolcon.colcon_core.environment[0m [1;30mLevel 1[0m checking '/media/subham/85dce0f4-2e29-4540-9a32-801850cfcef6/subham/LidarMapping2.5D/install/fastdem_ros' for CMake config files
[92.815s] [34mcolcon.colcon_core.environment[0m [1;30mLevel 1[0m checking '/media/subham/85dce0f4-2e29-4540-9a32-801850cfcef6/subham/LidarMapping2.5D/install/fastdem_ros/bin'
[92.815s] [34mcolcon.colcon_core.environment[0m [1;30mLevel 1[0m checking '/media/subham/85dce0f4-2e29-4540-9a32-801850cfcef6/subham/LidarMapping2.5D/install/fastdem_ros/lib/pkgconfig/fastdem_ros.pc'
[92.815s] [34mcolcon.colcon_core.environment[0m [1;30mLevel 1[0m checking '/media/subham/85dce0f4-2e29-4540-9a32-801850cfcef6/subham/LidarMapping2.5D/install/fastdem_ros/lib/python3.10/site-packages'
[92.815s] [34mcolcon.colcon_core.environment[0m [1;30mLevel 1[0m checking '/media/subham/85dce0f4-2e29-4540-9a32-801850cfcef6/subham/LidarMapping2.5D/install/fastdem_ros/bin'
[92.815s] [34mcolcon.colcon_core.shell[0m [1;30mINFO[0m Creating package script '/media/subham/85dce0f4-2e29-4540-9a32-801850cfcef6/subham/LidarMapping2.5D/install/fastdem_ros/share/fastdem_ros/package.ps1'
[92.816s] [34mcolcon.colcon_core.shell[0m [1;30mINFO[0m Creating package descriptor '/media/subham/85dce0f4-2e29-4540-9a32-801850cfcef6/subham/LidarMapping2.5D/install/fastdem_ros/share/fastdem_ros/package.dsv'
[92.816s] [34mcolcon.colcon_core.shell[0m [1;30mINFO[0m Creating package script '/media/subham/85dce0f4-2e29-4540-9a32-801850cfcef6/subham/LidarMapping2.5D/install/fastdem_ros/share/fastdem_ros/package.sh'
[92.816s] [34mcolcon.colcon_core.shell[0m [1;30mINFO[0m Creating package script '/media/subham/85dce0f4-2e29-4540-9a32-801850cfcef6/subham/LidarMapping2.5D/install/fastdem_ros/share/fastdem_ros/package.bash'
[92.817s] [34mcolcon.colcon_core.shell[0m [1;30mINFO[0m Creating package script '/media/subham/85dce0f4-2e29-4540-9a32-801850cfcef6/subham/LidarMapping2.5D/install/fastdem_ros/share/fastdem_ros/package.zsh'
[92.817s] [34mcolcon.colcon_core.environment[0m [1;30mLevel 1[0m create_file_with_runtime_dependencies(/media/subham/85dce0f4-2e29-4540-9a32-801850cfcef6/subham/LidarMapping2.5D/install/fastdem_ros/share/colcon-core/packages/fastdem_ros)
[92.817s] [34mcolcon.colcon_core.executor.sequential[0m [1;30mDEBUG[0m [32mrun_until_complete 'fastdem_ros' finished with '1'[0m
[92.817s] [34mcolcon.colcon_core.executor.sequential[0m [1;30mDEBUG[0m [32mclosing loop[0m
[92.818s] [34mcolcon.colcon_core.executor.sequential[0m [1;30mDEBUG[0m [32mloop closed[0m
[92.818s] [34mcolcon.colcon_core.event_reactor[0m [1;30mDEBUG[0m [32mjoining thread[0m
[92.826s] [34mcolcon.colcon_core.plugin_system[0m [1;30mINFO[0m Skipping extension 'colcon_notification.desktop_notification.terminal_notifier': Not used on non-Darwin systems
[92.826s] [34mcolcon.colcon_core.plugin_system[0m [1;30mINFO[0m Skipping extension 'colcon_notification.desktop_notification.win32': Not used on non-Windows systems
[92.826s] [34mcolcon.colcon_notification.desktop_notification[0m [1;30mINFO[0m Sending desktop notification using 'notify2'
[92.838s] [34mcolcon.colcon_core.event_reactor[0m [1;30mDEBUG[0m [32mjoined thread[0m
[92.839s] [34mcolcon.colcon_core.shell[0m [1;30mINFO[0m Creating prefix script '/media/subham/85dce0f4-2e29-4540-9a32-801850cfcef6/subham/LidarMapping2.5D/install/local_setup.ps1'
[92.839s] [34mcolcon.colcon_core.shell[0m [1;30mINFO[0m Creating prefix util module '/media/subham/85dce0f4-2e29-4540-9a32-801850cfcef6/subham/LidarMapping2.5D/install/_local_setup_util_ps1.py'
[92.840s] [34mcolcon.colcon_core.shell[0m [1;30mINFO[0m Creating prefix chain script '/media/subham/85dce0f4-2e29-4540-9a32-801850cfcef6/subham/LidarMapping2.5D/install/setup.ps1'
[92.843s] [34mcolcon.colcon_core.shell[0m [1;30mINFO[0m Creating prefix script '/media/subham/85dce0f4-2e29-4540-9a32-801850cfcef6/subham/LidarMapping2.5D/install/local_setup.sh'
[92.843s] [34mcolcon.colcon_core.shell[0m [1;30mINFO[0m Creating prefix util module '/media/subham/85dce0f4-2e29-4540-9a32-801850cfcef6/subham/LidarMapping2.5D/install/_local_setup_util_sh.py'
[92.844s] [34mcolcon.colcon_core.shell[0m [1;30mINFO[0m Creating prefix chain script '/media/subham/85dce0f4-2e29-4540-9a32-801850cfcef6/subham/LidarMapping2.5D/install/setup.sh'
[92.846s] [34mcolcon.colcon_core.shell[0m [1;30mINFO[0m Creating prefix script '/media/subham/85dce0f4-2e29-4540-9a32-801850cfcef6/subham/LidarMapping2.5D/install/local_setup.bash'
[92.847s] [34mcolcon.colcon_core.shell[0m [1;30mINFO[0m Creating prefix chain script '/media/subham/85dce0f4-2e29-4540-9a32-801850cfcef6/subham/LidarMapping2.5D/install/setup.bash'
[92.849s] [34mcolcon.colcon_core.shell[0m [1;30mINFO[0m Creating prefix script '/media/subham/85dce0f4-2e29-4540-9a32-801850cfcef6/subham/LidarMapping2.5D/install/local_setup.zsh'
[92.849s] [34mcolcon.colcon_core.shell[0m [1;30mINFO[0m Creating prefix chain script '/media/subham/85dce0f4-2e29-4540-9a32-801850cfcef6/subham/LidarMapping2.5D/install/setup.zsh'
