[0.338s] [34mcolcon[0m [1;30mDEBUG[0m [32mCommand line arguments: ['/usr/bin/colcon', 'build', '--executor', 'sequential', '--symlink-install', '--packages-ignore', 'fastdem_ros'][0m
[0.338s] [34mcolcon[0m [1;30mDEBUG[0m [32mParsed command line arguments: Namespace(log_base=None, log_level=None, verb_name='build', build_base='build', install_base='install', merge_install=False, symlink_install=True, test_result_base=None, continue_on_error=False, executor='sequential', parallel_workers=12, event_handlers=None, ignore_user_meta=False, metas=['./colcon.meta'], base_paths=['.'], packages_ignore=['fastdem_ros'], packages_ignore_regex=None, paths=None, packages_up_to=None, packages_up_to_regex=None, packages_above=None, packages_above_and_dependencies=None, packages_above_depth=None, packages_select_by_dep=None, packages_skip_by_dep=None, packages_skip_up_to=None, packages_select_build_failed=False, packages_skip_build_finished=False, packages_select_test_failures=False, packages_skip_test_passed=False, packages_select=None, packages_skip=None, packages_select_regex=None, packages_skip_regex=None, packages_start=None, packages_end=None, allow_overriding=[], cmake_args=None, cmake_target=None, cmake_target_skip_unavailable=False, cmake_clean_cache=False, cmake_clean_first=False, cmake_force_configure=False, ament_cmake_args=None, catkin_cmake_args=None, catkin_skip_building_tests=False, mixin_files=None, mixin=None, verb_parser=<colcon_mixin.mixin.mixin_argument.MixinArgumentDecorator object at 0x732a88a4db40>, verb_extension=<colcon_core.verb.build.BuildVerb object at 0x732a88a4d660>, main=<bound method BuildVerb.main of <colcon_core.verb.build.BuildVerb object at 0x732a88a4d660>>, mixin_verb=('build',))[0m
[0.434s] [34mcolcon.colcon_core.package_discovery[0m [1;30mLevel 1[0m discover_packages(colcon_meta) check parameters
[0.435s] [34mcolcon.colcon_core.package_discovery[0m [1;30mLevel 1[0m discover_packages(recursive) check parameters
[0.435s] [34mcolcon.colcon_core.package_discovery[0m [1;30mLevel 1[0m discover_packages(ignore) check parameters
[0.435s] [34mcolcon.colcon_core.package_discovery[0m [1;30mLevel 1[0m discover_packages(path) check parameters
[0.435s] [34mcolcon.colcon_core.package_discovery[0m [1;30mLevel 1[0m discover_packages(colcon_meta) discover
[0.435s] [34mcolcon.colcon_core.package_discovery[0m [1;30mLevel 1[0m discover_packages(recursive) discover
[0.435s] [34mcolcon.colcon_core.package_discovery[0m [1;30mINFO[0m Crawling recursively for packages in '/media/subham/85dce0f4-2e29-4540-9a32-801850cfcef6/subham/LidarMapping2.5D'
[0.436s] [34mcolcon.colcon_core.package_identification[0m [1;30mLevel 1[0m _identify(.) by extensions ['ignore', 'ignore_ament_install']
[0.436s] [34mcolcon.colcon_core.package_identification[0m [1;30mLevel 1[0m _identify(.) by extension 'ignore'
[0.436s] [34mcolcon.colcon_core.package_identification[0m [1;30mLevel 1[0m _identify(.) by extension 'ignore_ament_install'
[0.436s] [34mcolcon.colcon_core.package_identification[0m [1;30mLevel 1[0m _identify(.) by extensions ['colcon_pkg']
[0.436s] [34mcolcon.colcon_core.package_identification[0m [1;30mLevel 1[0m _identify(.) by extension 'colcon_pkg'
[0.436s] [34mcolcon.colcon_core.package_identification[0m [1;30mLevel 1[0m _identify(.) by extensions ['colcon_meta']
[0.436s] [34mcolcon.colcon_core.package_identification[0m [1;30mLevel 1[0m _identify(.) by extension 'colcon_meta'
[0.437s] [34mcolcon.colcon_core.package_identification[0m [1;30mLevel 1[0m _identify(.) by extensions ['ros']
[0.437s] [34mcolcon.colcon_core.package_identification[0m [1;30mLevel 1[0m _identify(.) by extension 'ros'
[0.478s] [34mcolcon.colcon_core.package_identification[0m [1;30mLevel 1[0m _identify(.) by extensions ['cmake', 'python']
[0.478s] [34mcolcon.colcon_core.package_identification[0m [1;30mLevel 1[0m _identify(.) by extension 'cmake'
[0.479s] [34mcolcon.colcon_core.package_identification[0m [1;30mLevel 1[0m _identify(.) by extension 'python'
[0.479s] [34mcolcon.colcon_core.package_identification[0m [1;30mLevel 1[0m _identify(.) by extensions ['python_setup_py']
[0.479s] [34mcolcon.colcon_core.package_identification[0m [1;30mLevel 1[0m _identify(.) by extension 'python_setup_py'
[0.479s] [34mcolcon.colcon_core.package_identification[0m [1;30mLevel 1[0m _identify(build) by extensions ['ignore', 'ignore_ament_install']
[0.480s] [34mcolcon.colcon_core.package_identification[0m [1;30mLevel 1[0m _identify(build) by extension 'ignore'
[0.480s] [34mcolcon.colcon_core.package_identification[0m [1;30mLevel 1[0m _identify(build) ignored
[0.480s] [34mcolcon.colcon_core.package_identification[0m [1;30mLevel 1[0m _identify(install) by extensions ['ignore', 'ignore_ament_install']
[0.480s] [34mcolcon.colcon_core.package_identification[0m [1;30mLevel 1[0m _identify(install) by extension 'ignore'
[0.480s] [34mcolcon.colcon_core.package_identification[0m [1;30mLevel 1[0m _identify(install) ignored
[0.481s] [34mcolcon.colcon_core.package_identification[0m [1;30mLevel 1[0m _identify(log) by extensions ['ignore', 'ignore_ament_install']
[0.481s] [34mcolcon.colcon_core.package_identification[0m [1;30mLevel 1[0m _identify(log) by extension 'ignore'
[0.481s] [34mcolcon.colcon_core.package_identification[0m [1;30mLevel 1[0m _identify(log) ignored
[0.481s] [34mcolcon.colcon_core.package_identification[0m [1;30mLevel 1[0m _identify(src) by extensions ['ignore', 'ignore_ament_install']
[0.481s] [34mcolcon.colcon_core.package_identification[0m [1;30mLevel 1[0m _identify(src) by extension 'ignore'
[0.481s] [34mcolcon.colcon_core.package_identification[0m [1;30mLevel 1[0m _identify(src) by extension 'ignore_ament_install'
[0.481s] [34mcolcon.colcon_core.package_identification[0m [1;30mLevel 1[0m _identify(src) by extensions ['colcon_pkg']
[0.481s] [34mcolcon.colcon_core.package_identification[0m [1;30mLevel 1[0m _identify(src) by extension 'colcon_pkg'
[0.482s] [34mcolcon.colcon_core.package_identification[0m [1;30mLevel 1[0m _identify(src) by extensions ['colcon_meta']
[0.482s] [34mcolcon.colcon_core.package_identification[0m [1;30mLevel 1[0m _identify(src) by extension 'colcon_meta'
[0.482s] [34mcolcon.colcon_core.package_identification[0m [1;30mLevel 1[0m _identify(src) by extensions ['ros']
[0.482s] [34mcolcon.colcon_core.package_identification[0m [1;30mLevel 1[0m _identify(src) by extension 'ros'
[0.482s] [34mcolcon.colcon_core.package_identification[0m [1;30mLevel 1[0m _identify(src) by extensions ['cmake', 'python']
[0.482s] [34mcolcon.colcon_core.package_identification[0m [1;30mLevel 1[0m _identify(src) by extension 'cmake'
[0.482s] [34mcolcon.colcon_core.package_identification[0m [1;30mLevel 1[0m _identify(src) by extension 'python'
[0.482s] [34mcolcon.colcon_core.package_identification[0m [1;30mLevel 1[0m _identify(src) by extensions ['python_setup_py']
[0.482s] [34mcolcon.colcon_core.package_identification[0m [1;30mLevel 1[0m _identify(src) by extension 'python_setup_py'
[0.483s] [34mcolcon.colcon_core.package_identification[0m [1;30mLevel 1[0m _identify(src/FastDEM) by extensions ['ignore', 'ignore_ament_install']
[0.483s] [34mcolcon.colcon_core.package_identification[0m [1;30mLevel 1[0m _identify(src/FastDEM) by extension 'ignore'
[0.483s] [34mcolcon.colcon_core.package_identification[0m [1;30mLevel 1[0m _identify(src/FastDEM) by extension 'ignore_ament_install'
[0.483s] [34mcolcon.colcon_core.package_identification[0m [1;30mLevel 1[0m _identify(src/FastDEM) by extensions ['colcon_pkg']
[0.483s] [34mcolcon.colcon_core.package_identification[0m [1;30mLevel 1[0m _identify(src/FastDEM) by extension 'colcon_pkg'
[0.483s] [34mcolcon.colcon_core.package_identification[0m [1;30mLevel 1[0m _identify(src/FastDEM) by extensions ['colcon_meta']
[0.483s] [34mcolcon.colcon_core.package_identification[0m [1;30mLevel 1[0m _identify(src/FastDEM) by extension 'colcon_meta'
[0.483s] [34mcolcon.colcon_core.package_identification[0m [1;30mLevel 1[0m _identify(src/FastDEM) by extensions ['ros']
[0.484s] [34mcolcon.colcon_core.package_identification[0m [1;30mLevel 1[0m _identify(src/FastDEM) by extension 'ros'
[0.484s] [34mcolcon.colcon_core.package_identification[0m [1;30mLevel 1[0m _identify(src/FastDEM) by extensions ['cmake', 'python']
[0.484s] [34mcolcon.colcon_core.package_identification[0m [1;30mLevel 1[0m _identify(src/FastDEM) by extension 'cmake'
[0.484s] [34mcolcon.colcon_core.package_identification[0m [1;30mLevel 1[0m _identify(src/FastDEM) by extension 'python'
[0.484s] [34mcolcon.colcon_core.package_identification[0m [1;30mLevel 1[0m _identify(src/FastDEM) by extensions ['python_setup_py']
[0.484s] [34mcolcon.colcon_core.package_identification[0m [1;30mLevel 1[0m _identify(src/FastDEM) by extension 'python_setup_py'
[0.484s] [34mcolcon.colcon_core.package_identification[0m [1;30mLevel 1[0m _identify(src/FastDEM/assets) by extensions ['ignore', 'ignore_ament_install']
[0.484s] [34mcolcon.colcon_core.package_identification[0m [1;30mLevel 1[0m _identify(src/FastDEM/assets) by extension 'ignore'
[0.485s] [34mcolcon.colcon_core.package_identification[0m [1;30mLevel 1[0m _identify(src/FastDEM/assets) by extension 'ignore_ament_install'
[0.485s] [34mcolcon.colcon_core.package_identification[0m [1;30mLevel 1[0m _identify(src/FastDEM/assets) by extensions ['colcon_pkg']
[0.485s] [34mcolcon.colcon_core.package_identification[0m [1;30mLevel 1[0m _identify(src/FastDEM/assets) by extension 'colcon_pkg'
[0.485s] [34mcolcon.colcon_core.package_identification[0m [1;30mLevel 1[0m _identify(src/FastDEM/assets) by extensions ['colcon_meta']
[0.485s] [34mcolcon.colcon_core.package_identification[0m [1;30mLevel 1[0m _identify(src/FastDEM/assets) by extension 'colcon_meta'
[0.485s] [34mcolcon.colcon_core.package_identification[0m [1;30mLevel 1[0m _identify(src/FastDEM/assets) by extensions ['ros']
[0.485s] [34mcolcon.colcon_core.package_identification[0m [1;30mLevel 1[0m _identify(src/FastDEM/assets) by extension 'ros'
[0.485s] [34mcolcon.colcon_core.package_identification[0m [1;30mLevel 1[0m _identify(src/FastDEM/assets) by extensions ['cmake', 'python']
[0.485s] [34mcolcon.colcon_core.package_identification[0m [1;30mLevel 1[0m _identify(src/FastDEM/assets) by extension 'cmake'
[0.485s] [34mcolcon.colcon_core.package_identification[0m [1;30mLevel 1[0m _identify(src/FastDEM/assets) by extension 'python'
[0.486s] [34mcolcon.colcon_core.package_identification[0m [1;30mLevel 1[0m _identify(src/FastDEM/assets) by extensions ['python_setup_py']
[0.486s] [34mcolcon.colcon_core.package_identification[0m [1;30mLevel 1[0m _identify(src/FastDEM/assets) by extension 'python_setup_py'
[0.486s] [34mcolcon.colcon_core.package_identification[0m [1;30mLevel 1[0m _identify(src/FastDEM/fastdem) by extensions ['ignore', 'ignore_ament_install']
[0.486s] [34mcolcon.colcon_core.package_identification[0m [1;30mLevel 1[0m _identify(src/FastDEM/fastdem) by extension 'ignore'
[0.486s] [34mcolcon.colcon_core.package_identification[0m [1;30mLevel 1[0m _identify(src/FastDEM/fastdem) by extension 'ignore_ament_install'
[0.486s] [34mcolcon.colcon_core.package_identification[0m [1;30mLevel 1[0m _identify(src/FastDEM/fastdem) by extensions ['colcon_pkg']
[0.486s] [34mcolcon.colcon_core.package_identification[0m [1;30mLevel 1[0m _identify(src/FastDEM/fastdem) by extension 'colcon_pkg'
[0.486s] [34mcolcon.colcon_core.package_identification[0m [1;30mLevel 1[0m _identify(src/FastDEM/fastdem) by extensions ['colcon_meta']
[0.487s] [34mcolcon.colcon_core.package_identification[0m [1;30mLevel 1[0m _identify(src/FastDEM/fastdem) by extension 'colcon_meta'
[0.487s] [34mcolcon.colcon_core.package_identification[0m [1;30mLevel 1[0m _identify(src/FastDEM/fastdem) by extensions ['ros']
[0.487s] [34mcolcon.colcon_core.package_identification[0m [1;30mLevel 1[0m _identify(src/FastDEM/fastdem) by extension 'ros'
[0.495s] [34mcolcon.colcon_core.package_identification[0m [1;30mDEBUG[0m [32mPackage 'src/FastDEM/fastdem' with type 'ros.cmake' and name 'fastdem'[0m
[0.495s] [34mcolcon.colcon_core.package_identification[0m [1;30mLevel 1[0m _identify(src/FastDEM/ros1) by extensions ['ignore', 'ignore_ament_install']
[0.495s] [34mcolcon.colcon_core.package_identification[0m [1;30mLevel 1[0m _identify(src/FastDEM/ros1) by extension 'ignore'
[0.496s] [34mcolcon.colcon_core.package_identification[0m [1;30mLevel 1[0m _identify(src/FastDEM/ros1) by extension 'ignore_ament_install'
[0.496s] [34mcolcon.colcon_core.package_identification[0m [1;30mLevel 1[0m _identify(src/FastDEM/ros1) by extensions ['colcon_pkg']
[0.496s] [34mcolcon.colcon_core.package_identification[0m [1;30mLevel 1[0m _identify(src/FastDEM/ros1) by extension 'colcon_pkg'
[0.496s] [34mcolcon.colcon_core.package_identification[0m [1;30mLevel 1[0m _identify(src/FastDEM/ros1) by extensions ['colcon_meta']
[0.496s] [34mcolcon.colcon_core.package_identification[0m [1;30mLevel 1[0m _identify(src/FastDEM/ros1) by extension 'colcon_meta'
[0.496s] [34mcolcon.colcon_core.package_identification[0m [1;30mLevel 1[0m _identify(src/FastDEM/ros1) by extensions ['ros']
[0.496s] [34mcolcon.colcon_core.package_identification[0m [1;30mLevel 1[0m _identify(src/FastDEM/ros1) by extension 'ros'
[0.498s] [34mcolcon.colcon_core.package_identification[0m [1;30mDEBUG[0m [32mPackage 'src/FastDEM/ros1' with type 'ros.catkin' and name 'fastdem_ros'[0m
[0.499s] [34mcolcon.colcon_core.package_identification[0m [1;30mLevel 1[0m _identify(src/FastDEM/ros2) by extensions ['ignore', 'ignore_ament_install']
[0.499s] [34mcolcon.colcon_core.package_identification[0m [1;30mLevel 1[0m _identify(src/FastDEM/ros2) by extension 'ignore'
[0.499s] [34mcolcon.colcon_core.package_identification[0m [1;30mLevel 1[0m _identify(src/FastDEM/ros2) by extension 'ignore_ament_install'
[0.499s] [34mcolcon.colcon_core.package_identification[0m [1;30mLevel 1[0m _identify(src/FastDEM/ros2) by extensions ['colcon_pkg']
[0.499s] [34mcolcon.colcon_core.package_identification[0m [1;30mLevel 1[0m _identify(src/FastDEM/ros2) by extension 'colcon_pkg'
[0.499s] [34mcolcon.colcon_core.package_identification[0m [1;30mLevel 1[0m _identify(src/FastDEM/ros2) by extensions ['colcon_meta']
[0.499s] [34mcolcon.colcon_core.package_identification[0m [1;30mLevel 1[0m _identify(src/FastDEM/ros2) by extension 'colcon_meta'
[0.499s] [34mcolcon.colcon_core.package_identification[0m [1;30mLevel 1[0m _identify(src/FastDEM/ros2) by extensions ['ros']
[0.499s] [34mcolcon.colcon_core.package_identification[0m [1;30mLevel 1[0m _identify(src/FastDEM/ros2) by extension 'ros'
[0.502s] [34mcolcon.colcon_core.package_identification[0m [1;30mDEBUG[0m [32mPackage 'src/FastDEM/ros2' with type 'ros.ament_cmake' and name 'fastdem_ros2'[0m
[0.502s] [34mcolcon.colcon_core.package_identification[0m [1;30mLevel 1[0m _identify(src/SalsaNext) by extensions ['ignore', 'ignore_ament_install']
[0.503s] [34mcolcon.colcon_core.package_identification[0m [1;30mLevel 1[0m _identify(src/SalsaNext) by extension 'ignore'
[0.503s] [34mcolcon.colcon_core.package_identification[0m [1;30mLevel 1[0m _identify(src/SalsaNext) by extension 'ignore_ament_install'
[0.503s] [34mcolcon.colcon_core.package_identification[0m [1;30mLevel 1[0m _identify(src/SalsaNext) by extensions ['colcon_pkg']
[0.503s] [34mcolcon.colcon_core.package_identification[0m [1;30mLevel 1[0m _identify(src/SalsaNext) by extension 'colcon_pkg'
[0.503s] [34mcolcon.colcon_core.package_identification[0m [1;30mLevel 1[0m _identify(src/SalsaNext) by extensions ['colcon_meta']
[0.503s] [34mcolcon.colcon_core.package_identification[0m [1;30mLevel 1[0m _identify(src/SalsaNext) by extension 'colcon_meta'
[0.503s] [34mcolcon.colcon_core.package_identification[0m [1;30mLevel 1[0m _identify(src/SalsaNext) by extensions ['ros']
[0.503s] [34mcolcon.colcon_core.package_identification[0m [1;30mLevel 1[0m _identify(src/SalsaNext) by extension 'ros'
[0.503s] [34mcolcon.colcon_core.package_identification[0m [1;30mLevel 1[0m _identify(src/SalsaNext) by extensions ['cmake', 'python']
[0.504s] [34mcolcon.colcon_core.package_identification[0m [1;30mLevel 1[0m _identify(src/SalsaNext) by extension 'cmake'
[0.504s] [34mcolcon.colcon_core.package_identification[0m [1;30mLevel 1[0m _identify(src/SalsaNext) by extension 'python'
[0.504s] [34mcolcon.colcon_core.package_identification[0m [1;30mLevel 1[0m _identify(src/SalsaNext) by extensions ['python_setup_py']
[0.504s] [34mcolcon.colcon_core.package_identification[0m [1;30mLevel 1[0m _identify(src/SalsaNext) by extension 'python_setup_py'
[0.504s] [34mcolcon.colcon_core.package_identification[0m [1;30mLevel 1[0m _identify(src/SalsaNext/__pycache__) by extensions ['ignore', 'ignore_ament_install']
[0.504s] [34mcolcon.colcon_core.package_identification[0m [1;30mLevel 1[0m _identify(src/SalsaNext/__pycache__) by extension 'ignore'
[0.504s] [34mcolcon.colcon_core.package_identification[0m [1;30mLevel 1[0m _identify(src/SalsaNext/__pycache__) by extension 'ignore_ament_install'
[0.504s] [34mcolcon.colcon_core.package_identification[0m [1;30mLevel 1[0m _identify(src/SalsaNext/__pycache__) by extensions ['colcon_pkg']
[0.505s] [34mcolcon.colcon_core.package_identification[0m [1;30mLevel 1[0m _identify(src/SalsaNext/__pycache__) by extension 'colcon_pkg'
[0.505s] [34mcolcon.colcon_core.package_identification[0m [1;30mLevel 1[0m _identify(src/SalsaNext/__pycache__) by extensions ['colcon_meta']
[0.505s] [34mcolcon.colcon_core.package_identification[0m [1;30mLevel 1[0m _identify(src/SalsaNext/__pycache__) by extension 'colcon_meta'
[0.505s] [34mcolcon.colcon_core.package_identification[0m [1;30mLevel 1[0m _identify(src/SalsaNext/__pycache__) by extensions ['ros']
[0.505s] [34mcolcon.colcon_core.package_identification[0m [1;30mLevel 1[0m _identify(src/SalsaNext/__pycache__) by extension 'ros'
[0.505s] [34mcolcon.colcon_core.package_identification[0m [1;30mLevel 1[0m _identify(src/SalsaNext/__pycache__) by extensions ['cmake', 'python']
[0.505s] [34mcolcon.colcon_core.package_identification[0m [1;30mLevel 1[0m _identify(src/SalsaNext/__pycache__) by extension 'cmake'
[0.505s] [34mcolcon.colcon_core.package_identification[0m [1;30mLevel 1[0m _identify(src/SalsaNext/__pycache__) by extension 'python'
[0.505s] [34mcolcon.colcon_core.package_identification[0m [1;30mLevel 1[0m _identify(src/SalsaNext/__pycache__) by extensions ['python_setup_py']
[0.505s] [34mcolcon.colcon_core.package_identification[0m [1;30mLevel 1[0m _identify(src/SalsaNext/__pycache__) by extension 'python_setup_py'
[0.506s] [34mcolcon.colcon_core.package_identification[0m [1;30mLevel 1[0m _identify(src/SalsaNext/images) by extensions ['ignore', 'ignore_ament_install']
[0.506s] [34mcolcon.colcon_core.package_identification[0m [1;30mLevel 1[0m _identify(src/SalsaNext/images) by extension 'ignore'
[0.506s] [34mcolcon.colcon_core.package_identification[0m [1;30mLevel 1[0m _identify(src/SalsaNext/images) by extension 'ignore_ament_install'
[0.506s] [34mcolcon.colcon_core.package_identification[0m [1;30mLevel 1[0m _identify(src/SalsaNext/images) by extensions ['colcon_pkg']
[0.506s] [34mcolcon.colcon_core.package_identification[0m [1;30mLevel 1[0m _identify(src/SalsaNext/images) by extension 'colcon_pkg'
[0.506s] [34mcolcon.colcon_core.package_identification[0m [1;30mLevel 1[0m _identify(src/SalsaNext/images) by extensions ['colcon_meta']
[0.506s] [34mcolcon.colcon_core.package_identification[0m [1;30mLevel 1[0m _identify(src/SalsaNext/images) by extension 'colcon_meta'
[0.506s] [34mcolcon.colcon_core.package_identification[0m [1;30mLevel 1[0m _identify(src/SalsaNext/images) by extensions ['ros']
[0.506s] [34mcolcon.colcon_core.package_identification[0m [1;30mLevel 1[0m _identify(src/SalsaNext/images) by extension 'ros'
[0.507s] [34mcolcon.colcon_core.package_identification[0m [1;30mLevel 1[0m _identify(src/SalsaNext/images) by extensions ['cmake', 'python']
[0.507s] [34mcolcon.colcon_core.package_identification[0m [1;30mLevel 1[0m _identify(src/SalsaNext/images) by extension 'cmake'
[0.507s] [34mcolcon.colcon_core.package_identification[0m [1;30mLevel 1[0m _identify(src/SalsaNext/images) by extension 'python'
[0.507s] [34mcolcon.colcon_core.package_identification[0m [1;30mLevel 1[0m _identify(src/SalsaNext/images) by extensions ['python_setup_py']
[0.507s] [34mcolcon.colcon_core.package_identification[0m [1;30mLevel 1[0m _identify(src/SalsaNext/images) by extension 'python_setup_py'
[0.507s] [34mcolcon.colcon_core.package_identification[0m [1;30mLevel 1[0m _identify(src/SalsaNext/pretrained_weights) by extensions ['ignore', 'ignore_ament_install']
[0.507s] [34mcolcon.colcon_core.package_identification[0m [1;30mLevel 1[0m _identify(src/SalsaNext/pretrained_weights) by extension 'ignore'
[0.507s] [34mcolcon.colcon_core.package_identification[0m [1;30mLevel 1[0m _identify(src/SalsaNext/pretrained_weights) by extension 'ignore_ament_install'
[0.508s] [34mcolcon.colcon_core.package_identification[0m [1;30mLevel 1[0m _identify(src/SalsaNext/pretrained_weights) by extensions ['colcon_pkg']
[0.508s] [34mcolcon.colcon_core.package_identification[0m [1;30mLevel 1[0m _identify(src/SalsaNext/pretrained_weights) by extension 'colcon_pkg'
[0.508s] [34mcolcon.colcon_core.package_identification[0m [1;30mLevel 1[0m _identify(src/SalsaNext/pretrained_weights) by extensions ['colcon_meta']
[0.508s] [34mcolcon.colcon_core.package_identification[0m [1;30mLevel 1[0m _identify(src/SalsaNext/pretrained_weights) by extension 'colcon_meta'
[0.508s] [34mcolcon.colcon_core.package_identification[0m [1;30mLevel 1[0m _identify(src/SalsaNext/pretrained_weights) by extensions ['ros']
[0.508s] [34mcolcon.colcon_core.package_identification[0m [1;30mLevel 1[0m _identify(src/SalsaNext/pretrained_weights) by extension 'ros'
[0.508s] [34mcolcon.colcon_core.package_identification[0m [1;30mLevel 1[0m _identify(src/SalsaNext/pretrained_weights) by extensions ['cmake', 'python']
[0.508s] [34mcolcon.colcon_core.package_identification[0m [1;30mLevel 1[0m _identify(src/SalsaNext/pretrained_weights) by extension 'cmake'
[0.508s] [34mcolcon.colcon_core.package_identification[0m [1;30mLevel 1[0m _identify(src/SalsaNext/pretrained_weights) by extension 'python'
[0.508s] [34mcolcon.colcon_core.package_identification[0m [1;30mLevel 1[0m _identify(src/SalsaNext/pretrained_weights) by extensions ['python_setup_py']
[0.508s] [34mcolcon.colcon_core.package_identification[0m [1;30mLevel 1[0m _identify(src/SalsaNext/pretrained_weights) by extension 'python_setup_py'
[0.509s] [34mcolcon.colcon_core.package_identification[0m [1;30mLevel 1[0m _identify(src/SalsaNext/pretrained_weights/pretrained) by extensions ['ignore', 'ignore_ament_install']
[0.509s] [34mcolcon.colcon_core.package_identification[0m [1;30mLevel 1[0m _identify(src/SalsaNext/pretrained_weights/pretrained) by extension 'ignore'
[0.509s] [34mcolcon.colcon_core.package_identification[0m [1;30mLevel 1[0m _identify(src/SalsaNext/pretrained_weights/pretrained) by extension 'ignore_ament_install'
[0.509s] [34mcolcon.colcon_core.package_identification[0m [1;30mLevel 1[0m _identify(src/SalsaNext/pretrained_weights/pretrained) by extensions ['colcon_pkg']
[0.509s] [34mcolcon.colcon_core.package_identification[0m [1;30mLevel 1[0m _identify(src/SalsaNext/pretrained_weights/pretrained) by extension 'colcon_pkg'
[0.509s] [34mcolcon.colcon_core.package_identification[0m [1;30mLevel 1[0m _identify(src/SalsaNext/pretrained_weights/pretrained) by extensions ['colcon_meta']
[0.509s] [34mcolcon.colcon_core.package_identification[0m [1;30mLevel 1[0m _identify(src/SalsaNext/pretrained_weights/pretrained) by extension 'colcon_meta'
[0.509s] [34mcolcon.colcon_core.package_identification[0m [1;30mLevel 1[0m _identify(src/SalsaNext/pretrained_weights/pretrained) by extensions ['ros']
[0.509s] [34mcolcon.colcon_core.package_identification[0m [1;30mLevel 1[0m _identify(src/SalsaNext/pretrained_weights/pretrained) by extension 'ros'
[0.510s] [34mcolcon.colcon_core.package_identification[0m [1;30mLevel 1[0m _identify(src/SalsaNext/pretrained_weights/pretrained) by extensions ['cmake', 'python']
[0.510s] [34mcolcon.colcon_core.package_identification[0m [1;30mLevel 1[0m _identify(src/SalsaNext/pretrained_weights/pretrained) by extension 'cmake'
[0.510s] [34mcolcon.colcon_core.package_identification[0m [1;30mLevel 1[0m _identify(src/SalsaNext/pretrained_weights/pretrained) by extension 'python'
[0.510s] [34mcolcon.colcon_core.package_identification[0m [1;30mLevel 1[0m _identify(src/SalsaNext/pretrained_weights/pretrained) by extensions ['python_setup_py']
[0.510s] [34mcolcon.colcon_core.package_identification[0m [1;30mLevel 1[0m _identify(src/SalsaNext/pretrained_weights/pretrained) by extension 'python_setup_py'
[0.510s] [34mcolcon.colcon_core.package_identification[0m [1;30mLevel 1[0m _identify(src/SalsaNext/pretrained_weights/pretrained/__MACOSX) by extensions ['ignore', 'ignore_ament_install']
[0.511s] [34mcolcon.colcon_core.package_identification[0m [1;30mLevel 1[0m _identify(src/SalsaNext/pretrained_weights/pretrained/__MACOSX) by extension 'ignore'
[0.511s] [34mcolcon.colcon_core.package_identification[0m [1;30mLevel 1[0m _identify(src/SalsaNext/pretrained_weights/pretrained/__MACOSX) by extension 'ignore_ament_install'
[0.511s] [34mcolcon.colcon_core.package_identification[0m [1;30mLevel 1[0m _identify(src/SalsaNext/pretrained_weights/pretrained/__MACOSX) by extensions ['colcon_pkg']
[0.511s] [34mcolcon.colcon_core.package_identification[0m [1;30mLevel 1[0m _identify(src/SalsaNext/pretrained_weights/pretrained/__MACOSX) by extension 'colcon_pkg'
[0.511s] [34mcolcon.colcon_core.package_identification[0m [1;30mLevel 1[0m _identify(src/SalsaNext/pretrained_weights/pretrained/__MACOSX) by extensions ['colcon_meta']
[0.511s] [34mcolcon.colcon_core.package_identification[0m [1;30mLevel 1[0m _identify(src/SalsaNext/pretrained_weights/pretrained/__MACOSX) by extension 'colcon_meta'
[0.511s] [34mcolcon.colcon_core.package_identification[0m [1;30mLevel 1[0m _identify(src/SalsaNext/pretrained_weights/pretrained/__MACOSX) by extensions ['ros']
[0.511s] [34mcolcon.colcon_core.package_identification[0m [1;30mLevel 1[0m _identify(src/SalsaNext/pretrained_weights/pretrained/__MACOSX) by extension 'ros'
[0.512s] [34mcolcon.colcon_core.package_identification[0m [1;30mLevel 1[0m _identify(src/SalsaNext/pretrained_weights/pretrained/__MACOSX) by extensions ['cmake', 'python']
[0.512s] [34mcolcon.colcon_core.package_identification[0m [1;30mLevel 1[0m _identify(src/SalsaNext/pretrained_weights/pretrained/__MACOSX) by extension 'cmake'
[0.512s] [34mcolcon.colcon_core.package_identification[0m [1;30mLevel 1[0m _identify(src/SalsaNext/pretrained_weights/pretrained/__MACOSX) by extension 'python'
[0.512s] [34mcolcon.colcon_core.package_identification[0m [1;30mLevel 1[0m _identify(src/SalsaNext/pretrained_weights/pretrained/__MACOSX) by extensions ['python_setup_py']
[0.512s] [34mcolcon.colcon_core.package_identification[0m [1;30mLevel 1[0m _identify(src/SalsaNext/pretrained_weights/pretrained/__MACOSX) by extension 'python_setup_py'
[0.512s] [34mcolcon.colcon_core.package_identification[0m [1;30mLevel 1[0m _identify(src/SalsaNext/pretrained_weights/pretrained/__MACOSX/pretrained) by extensions ['ignore', 'ignore_ament_install']
[0.512s] [34mcolcon.colcon_core.package_identification[0m [1;30mLevel 1[0m _identify(src/SalsaNext/pretrained_weights/pretrained/__MACOSX/pretrained) by extension 'ignore'
[0.512s] [34mcolcon.colcon_core.package_identification[0m [1;30mLevel 1[0m _identify(src/SalsaNext/pretrained_weights/pretrained/__MACOSX/pretrained) by extension 'ignore_ament_install'
[0.512s] [34mcolcon.colcon_core.package_identification[0m [1;30mLevel 1[0m _identify(src/SalsaNext/pretrained_weights/pretrained/__MACOSX/pretrained) by extensions ['colcon_pkg']
[0.513s] [34mcolcon.colcon_core.package_identification[0m [1;30mLevel 1[0m _identify(src/SalsaNext/pretrained_weights/pretrained/__MACOSX/pretrained) by extension 'colcon_pkg'
[0.513s] [34mcolcon.colcon_core.package_identification[0m [1;30mLevel 1[0m _identify(src/SalsaNext/pretrained_weights/pretrained/__MACOSX/pretrained) by extensions ['colcon_meta']
[0.513s] [34mcolcon.colcon_core.package_identification[0m [1;30mLevel 1[0m _identify(src/SalsaNext/pretrained_weights/pretrained/__MACOSX/pretrained) by extension 'colcon_meta'
[0.513s] [34mcolcon.colcon_core.package_identification[0m [1;30mLevel 1[0m _identify(src/SalsaNext/pretrained_weights/pretrained/__MACOSX/pretrained) by extensions ['ros']
[0.513s] [34mcolcon.colcon_core.package_identification[0m [1;30mLevel 1[0m _identify(src/SalsaNext/pretrained_weights/pretrained/__MACOSX/pretrained) by extension 'ros'
[0.513s] [34mcolcon.colcon_core.package_identification[0m [1;30mLevel 1[0m _identify(src/SalsaNext/pretrained_weights/pretrained/__MACOSX/pretrained) by extensions ['cmake', 'python']
[0.513s] [34mcolcon.colcon_core.package_identification[0m [1;30mLevel 1[0m _identify(src/SalsaNext/pretrained_weights/pretrained/__MACOSX/pretrained) by extension 'cmake'
[0.513s] [34mcolcon.colcon_core.package_identification[0m [1;30mLevel 1[0m _identify(src/SalsaNext/pretrained_weights/pretrained/__MACOSX/pretrained) by extension 'python'
[0.513s] [34mcolcon.colcon_core.package_identification[0m [1;30mLevel 1[0m _identify(src/SalsaNext/pretrained_weights/pretrained/__MACOSX/pretrained) by extensions ['python_setup_py']
[0.513s] [34mcolcon.colcon_core.package_identification[0m [1;30mLevel 1[0m _identify(src/SalsaNext/pretrained_weights/pretrained/__MACOSX/pretrained) by extension 'python_setup_py'
[0.514s] [34mcolcon.colcon_core.package_identification[0m [1;30mLevel 1[0m _identify(src/SalsaNext/pretrained_weights/pretrained/pretrained) by extensions ['ignore', 'ignore_ament_install']
[0.514s] [34mcolcon.colcon_core.package_identification[0m [1;30mLevel 1[0m _identify(src/SalsaNext/pretrained_weights/pretrained/pretrained) by extension 'ignore'
[0.514s] [34mcolcon.colcon_core.package_identification[0m [1;30mLevel 1[0m _identify(src/SalsaNext/pretrained_weights/pretrained/pretrained) by extension 'ignore_ament_install'
[0.514s] [34mcolcon.colcon_core.package_identification[0m [1;30mLevel 1[0m _identify(src/SalsaNext/pretrained_weights/pretrained/pretrained) by extensions ['colcon_pkg']
[0.514s] [34mcolcon.colcon_core.package_identification[0m [1;30mLevel 1[0m _identify(src/SalsaNext/pretrained_weights/pretrained/pretrained) by extension 'colcon_pkg'
[0.514s] [34mcolcon.colcon_core.package_identification[0m [1;30mLevel 1[0m _identify(src/SalsaNext/pretrained_weights/pretrained/pretrained) by extensions ['colcon_meta']
[0.514s] [34mcolcon.colcon_core.package_identification[0m [1;30mLevel 1[0m _identify(src/SalsaNext/pretrained_weights/pretrained/pretrained) by extension 'colcon_meta'
[0.514s] [34mcolcon.colcon_core.package_identification[0m [1;30mLevel 1[0m _identify(src/SalsaNext/pretrained_weights/pretrained/pretrained) by extensions ['ros']
[0.514s] [34mcolcon.colcon_core.package_identification[0m [1;30mLevel 1[0m _identify(src/SalsaNext/pretrained_weights/pretrained/pretrained) by extension 'ros'
[0.515s] [34mcolcon.colcon_core.package_identification[0m [1;30mLevel 1[0m _identify(src/SalsaNext/pretrained_weights/pretrained/pretrained) by extensions ['cmake', 'python']
[0.515s] [34mcolcon.colcon_core.package_identification[0m [1;30mLevel 1[0m _identify(src/SalsaNext/pretrained_weights/pretrained/pretrained) by extension 'cmake'
[0.515s] [34mcolcon.colcon_core.package_identification[0m [1;30mLevel 1[0m _identify(src/SalsaNext/pretrained_weights/pretrained/pretrained) by extension 'python'
[0.515s] [34mcolcon.colcon_core.package_identification[0m [1;30mLevel 1[0m _identify(src/SalsaNext/pretrained_weights/pretrained/pretrained) by extensions ['python_setup_py']
[0.515s] [34mcolcon.colcon_core.package_identification[0m [1;30mLevel 1[0m _identify(src/SalsaNext/pretrained_weights/pretrained/pretrained) by extension 'python_setup_py'
[0.515s] [34mcolcon.colcon_core.package_identification[0m [1;30mLevel 1[0m _identify(src/SalsaNext/train) by extensions ['ignore', 'ignore_ament_install']
[0.515s] [34mcolcon.colcon_core.package_identification[0m [1;30mLevel 1[0m _identify(src/SalsaNext/train) by extension 'ignore'
[0.515s] [34mcolcon.colcon_core.package_identification[0m [1;30mLevel 1[0m _identify(src/SalsaNext/train) by extension 'ignore_ament_install'
[0.516s] [34mcolcon.colcon_core.package_identification[0m [1;30mLevel 1[0m _identify(src/SalsaNext/train) by extensions ['colcon_pkg']
[0.516s] [34mcolcon.colcon_core.package_identification[0m [1;30mLevel 1[0m _identify(src/SalsaNext/train) by extension 'colcon_pkg'
[0.516s] [34mcolcon.colcon_core.package_identification[0m [1;30mLevel 1[0m _identify(src/SalsaNext/train) by extensions ['colcon_meta']
[0.516s] [34mcolcon.colcon_core.package_identification[0m [1;30mLevel 1[0m _identify(src/SalsaNext/train) by extension 'colcon_meta'
[0.516s] [34mcolcon.colcon_core.package_identification[0m [1;30mLevel 1[0m _identify(src/SalsaNext/train) by extensions ['ros']
[0.516s] [34mcolcon.colcon_core.package_identification[0m [1;30mLevel 1[0m _identify(src/SalsaNext/train) by extension 'ros'
[0.516s] [34mcolcon.colcon_core.package_identification[0m [1;30mLevel 1[0m _identify(src/SalsaNext/train) by extensions ['cmake', 'python']
[0.516s] [34mcolcon.colcon_core.package_identification[0m [1;30mLevel 1[0m _identify(src/SalsaNext/train) by extension 'cmake'
[0.516s] [34mcolcon.colcon_core.package_identification[0m [1;30mLevel 1[0m _identify(src/SalsaNext/train) by extension 'python'
[0.516s] [34mcolcon.colcon_core.package_identification[0m [1;30mLevel 1[0m _identify(src/SalsaNext/train) by extensions ['python_setup_py']
[0.517s] [34mcolcon.colcon_core.package_identification[0m [1;30mLevel 1[0m _identify(src/SalsaNext/train) by extension 'python_setup_py'
[0.517s] [34mcolcon.colcon_core.package_identification[0m [1;30mLevel 1[0m _identify(src/SalsaNext/train/__pycache__) by extensions ['ignore', 'ignore_ament_install']
[0.517s] [34mcolcon.colcon_core.package_identification[0m [1;30mLevel 1[0m _identify(src/SalsaNext/train/__pycache__) by extension 'ignore'
[0.517s] [34mcolcon.colcon_core.package_identification[0m [1;30mLevel 1[0m _identify(src/SalsaNext/train/__pycache__) by extension 'ignore_ament_install'
[0.517s] [34mcolcon.colcon_core.package_identification[0m [1;30mLevel 1[0m _identify(src/SalsaNext/train/__pycache__) by extensions ['colcon_pkg']
[0.517s] [34mcolcon.colcon_core.package_identification[0m [1;30mLevel 1[0m _identify(src/SalsaNext/train/__pycache__) by extension 'colcon_pkg'
[0.517s] [34mcolcon.colcon_core.package_identification[0m [1;30mLevel 1[0m _identify(src/SalsaNext/train/__pycache__) by extensions ['colcon_meta']
[0.517s] [34mcolcon.colcon_core.package_identification[0m [1;30mLevel 1[0m _identify(src/SalsaNext/train/__pycache__) by extension 'colcon_meta'
[0.518s] [34mcolcon.colcon_core.package_identification[0m [1;30mLevel 1[0m _identify(src/SalsaNext/train/__pycache__) by extensions ['ros']
[0.518s] [34mcolcon.colcon_core.package_identification[0m [1;30mLevel 1[0m _identify(src/SalsaNext/train/__pycache__) by extension 'ros'
[0.518s] [34mcolcon.colcon_core.package_identification[0m [1;30mLevel 1[0m _identify(src/SalsaNext/train/__pycache__) by extensions ['cmake', 'python']
[0.518s] [34mcolcon.colcon_core.package_identification[0m [1;30mLevel 1[0m _identify(src/SalsaNext/train/__pycache__) by extension 'cmake'
[0.518s] [34mcolcon.colcon_core.package_identification[0m [1;30mLevel 1[0m _identify(src/SalsaNext/train/__pycache__) by extension 'python'
[0.518s] [34mcolcon.colcon_core.package_identification[0m [1;30mLevel 1[0m _identify(src/SalsaNext/train/__pycache__) by extensions ['python_setup_py']
[0.518s] [34mcolcon.colcon_core.package_identification[0m [1;30mLevel 1[0m _identify(src/SalsaNext/train/__pycache__) by extension 'python_setup_py'
[0.518s] [34mcolcon.colcon_core.package_identification[0m [1;30mLevel 1[0m _identify(src/SalsaNext/train/common) by extensions ['ignore', 'ignore_ament_install']
[0.519s] [34mcolcon.colcon_core.package_identification[0m [1;30mLevel 1[0m _identify(src/SalsaNext/train/common) by extension 'ignore'
[0.519s] [34mcolcon.colcon_core.package_identification[0m [1;30mLevel 1[0m _identify(src/SalsaNext/train/common) by extension 'ignore_ament_install'
[0.519s] [34mcolcon.colcon_core.package_identification[0m [1;30mLevel 1[0m _identify(src/SalsaNext/train/common) by extensions ['colcon_pkg']
[0.519s] [34mcolcon.colcon_core.package_identification[0m [1;30mLevel 1[0m _identify(src/SalsaNext/train/common) by extension 'colcon_pkg'
[0.519s] [34mcolcon.colcon_core.package_identification[0m [1;30mLevel 1[0m _identify(src/SalsaNext/train/common) by extensions ['colcon_meta']
[0.519s] [34mcolcon.colcon_core.package_identification[0m [1;30mLevel 1[0m _identify(src/SalsaNext/train/common) by extension 'colcon_meta'
[0.519s] [34mcolcon.colcon_core.package_identification[0m [1;30mLevel 1[0m _identify(src/SalsaNext/train/common) by extensions ['ros']
[0.519s] [34mcolcon.colcon_core.package_identification[0m [1;30mLevel 1[0m _identify(src/SalsaNext/train/common) by extension 'ros'
[0.519s] [34mcolcon.colcon_core.package_identification[0m [1;30mLevel 1[0m _identify(src/SalsaNext/train/common) by extensions ['cmake', 'python']
[0.519s] [34mcolcon.colcon_core.package_identification[0m [1;30mLevel 1[0m _identify(src/SalsaNext/train/common) by extension 'cmake'
[0.520s] [34mcolcon.colcon_core.package_identification[0m [1;30mLevel 1[0m _identify(src/SalsaNext/train/common) by extension 'python'
[0.520s] [34mcolcon.colcon_core.package_identification[0m [1;30mLevel 1[0m _identify(src/SalsaNext/train/common) by extensions ['python_setup_py']
[0.520s] [34mcolcon.colcon_core.package_identification[0m [1;30mLevel 1[0m _identify(src/SalsaNext/train/common) by extension 'python_setup_py'
[0.520s] [34mcolcon.colcon_core.package_identification[0m [1;30mLevel 1[0m _identify(src/SalsaNext/train/common/sync_batchnorm) by extensions ['ignore', 'ignore_ament_install']
[0.520s] [34mcolcon.colcon_core.package_identification[0m [1;30mLevel 1[0m _identify(src/SalsaNext/train/common/sync_batchnorm) by extension 'ignore'
[0.520s] [34mcolcon.colcon_core.package_identification[0m [1;30mLevel 1[0m _identify(src/SalsaNext/train/common/sync_batchnorm) by extension 'ignore_ament_install'
[0.520s] [34mcolcon.colcon_core.package_identification[0m [1;30mLevel 1[0m _identify(src/SalsaNext/train/common/sync_batchnorm) by extensions ['colcon_pkg']
[0.520s] [34mcolcon.colcon_core.package_identification[0m [1;30mLevel 1[0m _identify(src/SalsaNext/train/common/sync_batchnorm) by extension 'colcon_pkg'
[0.521s] [34mcolcon.colcon_core.package_identification[0m [1;30mLevel 1[0m _identify(src/SalsaNext/train/common/sync_batchnorm) by extensions ['colcon_meta']
[0.521s] [34mcolcon.colcon_core.package_identification[0m [1;30mLevel 1[0m _identify(src/SalsaNext/train/common/sync_batchnorm) by extension 'colcon_meta'
[0.521s] [34mcolcon.colcon_core.package_identification[0m [1;30mLevel 1[0m _identify(src/SalsaNext/train/common/sync_batchnorm) by extensions ['ros']
[0.521s] [34mcolcon.colcon_core.package_identification[0m [1;30mLevel 1[0m _identify(src/SalsaNext/train/common/sync_batchnorm) by extension 'ros'
[0.521s] [34mcolcon.colcon_core.package_identification[0m [1;30mLevel 1[0m _identify(src/SalsaNext/train/common/sync_batchnorm) by extensions ['cmake', 'python']
[0.521s] [34mcolcon.colcon_core.package_identification[0m [1;30mLevel 1[0m _identify(src/SalsaNext/train/common/sync_batchnorm) by extension 'cmake'
[0.521s] [34mcolcon.colcon_core.package_identification[0m [1;30mLevel 1[0m _identify(src/SalsaNext/train/common/sync_batchnorm) by extension 'python'
[0.521s] [34mcolcon.colcon_core.package_identification[0m [1;30mLevel 1[0m _identify(src/SalsaNext/train/common/sync_batchnorm) by extensions ['python_setup_py']
[0.521s] [34mcolcon.colcon_core.package_identification[0m [1;30mLevel 1[0m _identify(src/SalsaNext/train/common/sync_batchnorm) by extension 'python_setup_py'
[0.522s] [34mcolcon.colcon_core.package_identification[0m [1;30mLevel 1[0m _identify(src/SalsaNext/train/tasks) by extensions ['ignore', 'ignore_ament_install']
[0.522s] [34mcolcon.colcon_core.package_identification[0m [1;30mLevel 1[0m _identify(src/SalsaNext/train/tasks) by extension 'ignore'
[0.522s] [34mcolcon.colcon_core.package_identification[0m [1;30mLevel 1[0m _identify(src/SalsaNext/train/tasks) by extension 'ignore_ament_install'
[0.522s] [34mcolcon.colcon_core.package_identification[0m [1;30mLevel 1[0m _identify(src/SalsaNext/train/tasks) by extensions ['colcon_pkg']
[0.522s] [34mcolcon.colcon_core.package_identification[0m [1;30mLevel 1[0m _identify(src/SalsaNext/train/tasks) by extension 'colcon_pkg'
[0.522s] [34mcolcon.colcon_core.package_identification[0m [1;30mLevel 1[0m _identify(src/SalsaNext/train/tasks) by extensions ['colcon_meta']
[0.522s] [34mcolcon.colcon_core.package_identification[0m [1;30mLevel 1[0m _identify(src/SalsaNext/train/tasks) by extension 'colcon_meta'
[0.522s] [34mcolcon.colcon_core.package_identification[0m [1;30mLevel 1[0m _identify(src/SalsaNext/train/tasks) by extensions ['ros']
[0.523s] [34mcolcon.colcon_core.package_identification[0m [1;30mLevel 1[0m _identify(src/SalsaNext/train/tasks) by extension 'ros'
[0.523s] [34mcolcon.colcon_core.package_identification[0m [1;30mLevel 1[0m _identify(src/SalsaNext/train/tasks) by extensions ['cmake', 'python']
[0.523s] [34mcolcon.colcon_core.package_identification[0m [1;30mLevel 1[0m _identify(src/SalsaNext/train/tasks) by extension 'cmake'
[0.523s] [34mcolcon.colcon_core.package_identification[0m [1;30mLevel 1[0m _identify(src/SalsaNext/train/tasks) by extension 'python'
[0.523s] [34mcolcon.colcon_core.package_identification[0m [1;30mLevel 1[0m _identify(src/SalsaNext/train/tasks) by extensions ['python_setup_py']
[0.523s] [34mcolcon.colcon_core.package_identification[0m [1;30mLevel 1[0m _identify(src/SalsaNext/train/tasks) by extension 'python_setup_py'
[0.523s] [34mcolcon.colcon_core.package_identification[0m [1;30mLevel 1[0m _identify(src/SalsaNext/train/tasks/__pycache__) by extensions ['ignore', 'ignore_ament_install']
[0.523s] [34mcolcon.colcon_core.package_identification[0m [1;30mLevel 1[0m _identify(src/SalsaNext/train/tasks/__pycache__) by extension 'ignore'
[0.524s] [34mcolcon.colcon_core.package_identification[0m [1;30mLevel 1[0m _identify(src/SalsaNext/train/tasks/__pycache__) by extension 'ignore_ament_install'
[0.524s] [34mcolcon.colcon_core.package_identification[0m [1;30mLevel 1[0m _identify(src/SalsaNext/train/tasks/__pycache__) by extensions ['colcon_pkg']
[0.524s] [34mcolcon.colcon_core.package_identification[0m [1;30mLevel 1[0m _identify(src/SalsaNext/train/tasks/__pycache__) by extension 'colcon_pkg'
[0.524s] [34mcolcon.colcon_core.package_identification[0m [1;30mLevel 1[0m _identify(src/SalsaNext/train/tasks/__pycache__) by extensions ['colcon_meta']
[0.524s] [34mcolcon.colcon_core.package_identification[0m [1;30mLevel 1[0m _identify(src/SalsaNext/train/tasks/__pycache__) by extension 'colcon_meta'
[0.524s] [34mcolcon.colcon_core.package_identification[0m [1;30mLevel 1[0m _identify(src/SalsaNext/train/tasks/__pycache__) by extensions ['ros']
[0.524s] [34mcolcon.colcon_core.package_identification[0m [1;30mLevel 1[0m _identify(src/SalsaNext/train/tasks/__pycache__) by extension 'ros'
[0.524s] [34mcolcon.colcon_core.package_identification[0m [1;30mLevel 1[0m _identify(src/SalsaNext/train/tasks/__pycache__) by extensions ['cmake', 'python']
[0.524s] [34mcolcon.colcon_core.package_identification[0m [1;30mLevel 1[0m _identify(src/SalsaNext/train/tasks/__pycache__) by extension 'cmake'
[0.524s] [34mcolcon.colcon_core.package_identification[0m [1;30mLevel 1[0m _identify(src/SalsaNext/train/tasks/__pycache__) by extension 'python'
[0.524s] [34mcolcon.colcon_core.package_identification[0m [1;30mLevel 1[0m _identify(src/SalsaNext/train/tasks/__pycache__) by extensions ['python_setup_py']
[0.525s] [34mcolcon.colcon_core.package_identification[0m [1;30mLevel 1[0m _identify(src/SalsaNext/train/tasks/__pycache__) by extension 'python_setup_py'
[0.525s] [34mcolcon.colcon_core.package_identification[0m [1;30mLevel 1[0m _identify(src/SalsaNext/train/tasks/semantic) by extensions ['ignore', 'ignore_ament_install']
[0.525s] [34mcolcon.colcon_core.package_identification[0m [1;30mLevel 1[0m _identify(src/SalsaNext/train/tasks/semantic) by extension 'ignore'
[0.525s] [34mcolcon.colcon_core.package_identification[0m [1;30mLevel 1[0m _identify(src/SalsaNext/train/tasks/semantic) by extension 'ignore_ament_install'
[0.525s] [34mcolcon.colcon_core.package_identification[0m [1;30mLevel 1[0m _identify(src/SalsaNext/train/tasks/semantic) by extensions ['colcon_pkg']
[0.525s] [34mcolcon.colcon_core.package_identification[0m [1;30mLevel 1[0m _identify(src/SalsaNext/train/tasks/semantic) by extension 'colcon_pkg'
[0.525s] [34mcolcon.colcon_core.package_identification[0m [1;30mLevel 1[0m _identify(src/SalsaNext/train/tasks/semantic) by extensions ['colcon_meta']
[0.525s] [34mcolcon.colcon_core.package_identification[0m [1;30mLevel 1[0m _identify(src/SalsaNext/train/tasks/semantic) by extension 'colcon_meta'
[0.526s] [34mcolcon.colcon_core.package_identification[0m [1;30mLevel 1[0m _identify(src/SalsaNext/train/tasks/semantic) by extensions ['ros']
[0.526s] [34mcolcon.colcon_core.package_identification[0m [1;30mLevel 1[0m _identify(src/SalsaNext/train/tasks/semantic) by extension 'ros'
[0.526s] [34mcolcon.colcon_core.package_identification[0m [1;30mLevel 1[0m _identify(src/SalsaNext/train/tasks/semantic) by extensions ['cmake', 'python']
[0.526s] [34mcolcon.colcon_core.package_identification[0m [1;30mLevel 1[0m _identify(src/SalsaNext/train/tasks/semantic) by extension 'cmake'
[0.526s] [34mcolcon.colcon_core.package_identification[0m [1;30mLevel 1[0m _identify(src/SalsaNext/train/tasks/semantic) by extension 'python'
[0.526s] [34mcolcon.colcon_core.package_identification[0m [1;30mLevel 1[0m _identify(src/SalsaNext/train/tasks/semantic) by extensions ['python_setup_py']
[0.526s] [34mcolcon.colcon_core.package_identification[0m [1;30mLevel 1[0m _identify(src/SalsaNext/train/tasks/semantic) by extension 'python_setup_py'
[0.526s] [34mcolcon.colcon_core.package_identification[0m [1;30mLevel 1[0m _identify(src/SalsaNext/train/tasks/semantic/__pycache__) by extensions ['ignore', 'ignore_ament_install']
[0.527s] [34mcolcon.colcon_core.package_identification[0m [1;30mLevel 1[0m _identify(src/SalsaNext/train/tasks/semantic/__pycache__) by extension 'ignore'
[0.527s] [34mcolcon.colcon_core.package_identification[0m [1;30mLevel 1[0m _identify(src/SalsaNext/train/tasks/semantic/__pycache__) by extension 'ignore_ament_install'
[0.527s] [34mcolcon.colcon_core.package_identification[0m [1;30mLevel 1[0m _identify(src/SalsaNext/train/tasks/semantic/__pycache__) by extensions ['colcon_pkg']
[0.527s] [34mcolcon.colcon_core.package_identification[0m [1;30mLevel 1[0m _identify(src/SalsaNext/train/tasks/semantic/__pycache__) by extension 'colcon_pkg'
[0.527s] [34mcolcon.colcon_core.package_identification[0m [1;30mLevel 1[0m _identify(src/SalsaNext/train/tasks/semantic/__pycache__) by extensions ['colcon_meta']
[0.527s] [34mcolcon.colcon_core.package_identification[0m [1;30mLevel 1[0m _identify(src/SalsaNext/train/tasks/semantic/__pycache__) by extension 'colcon_meta'
[0.527s] [34mcolcon.colcon_core.package_identification[0m [1;30mLevel 1[0m _identify(src/SalsaNext/train/tasks/semantic/__pycache__) by extensions ['ros']
[0.527s] [34mcolcon.colcon_core.package_identification[0m [1;30mLevel 1[0m _identify(src/SalsaNext/train/tasks/semantic/__pycache__) by extension 'ros'
[0.527s] [34mcolcon.colcon_core.package_identification[0m [1;30mLevel 1[0m _identify(src/SalsaNext/train/tasks/semantic/__pycache__) by extensions ['cmake', 'python']
[0.527s] [34mcolcon.colcon_core.package_identification[0m [1;30mLevel 1[0m _identify(src/SalsaNext/train/tasks/semantic/__pycache__) by extension 'cmake'
[0.528s] [34mcolcon.colcon_core.package_identification[0m [1;30mLevel 1[0m _identify(src/SalsaNext/train/tasks/semantic/__pycache__) by extension 'python'
[0.528s] [34mcolcon.colcon_core.package_identification[0m [1;30mLevel 1[0m _identify(src/SalsaNext/train/tasks/semantic/__pycache__) by extensions ['python_setup_py']
[0.528s] [34mcolcon.colcon_core.package_identification[0m [1;30mLevel 1[0m _identify(src/SalsaNext/train/tasks/semantic/__pycache__) by extension 'python_setup_py'
[0.528s] [34mcolcon.colcon_core.package_identification[0m [1;30mLevel 1[0m _identify(src/SalsaNext/train/tasks/semantic/config) by extensions ['ignore', 'ignore_ament_install']
[0.528s] [34mcolcon.colcon_core.package_identification[0m [1;30mLevel 1[0m _identify(src/SalsaNext/train/tasks/semantic/config) by extension 'ignore'
[0.528s] [34mcolcon.colcon_core.package_identification[0m [1;30mLevel 1[0m _identify(src/SalsaNext/train/tasks/semantic/config) by extension 'ignore_ament_install'
[0.528s] [34mcolcon.colcon_core.package_identification[0m [1;30mLevel 1[0m _identify(src/SalsaNext/train/tasks/semantic/config) by extensions ['colcon_pkg']
[0.528s] [34mcolcon.colcon_core.package_identification[0m [1;30mLevel 1[0m _identify(src/SalsaNext/train/tasks/semantic/config) by extension 'colcon_pkg'
[0.528s] [34mcolcon.colcon_core.package_identification[0m [1;30mLevel 1[0m _identify(src/SalsaNext/train/tasks/semantic/config) by extensions ['colcon_meta']
[0.529s] [34mcolcon.colcon_core.package_identification[0m [1;30mLevel 1[0m _identify(src/SalsaNext/train/tasks/semantic/config) by extension 'colcon_meta'
[0.529s] [34mcolcon.colcon_core.package_identification[0m [1;30mLevel 1[0m _identify(src/SalsaNext/train/tasks/semantic/config) by extensions ['ros']
[0.529s] [34mcolcon.colcon_core.package_identification[0m [1;30mLevel 1[0m _identify(src/SalsaNext/train/tasks/semantic/config) by extension 'ros'
[0.529s] [34mcolcon.colcon_core.package_identification[0m [1;30mLevel 1[0m _identify(src/SalsaNext/train/tasks/semantic/config) by extensions ['cmake', 'python']
[0.529s] [34mcolcon.colcon_core.package_identification[0m [1;30mLevel 1[0m _identify(src/SalsaNext/train/tasks/semantic/config) by extension 'cmake'
[0.529s] [34mcolcon.colcon_core.package_identification[0m [1;30mLevel 1[0m _identify(src/SalsaNext/train/tasks/semantic/config) by extension 'python'
[0.529s] [34mcolcon.colcon_core.package_identification[0m [1;30mLevel 1[0m _identify(src/SalsaNext/train/tasks/semantic/config) by extensions ['python_setup_py']
[0.529s] [34mcolcon.colcon_core.package_identification[0m [1;30mLevel 1[0m _identify(src/SalsaNext/train/tasks/semantic/config) by extension 'python_setup_py'
[0.529s] [34mcolcon.colcon_core.package_identification[0m [1;30mLevel 1[0m _identify(src/SalsaNext/train/tasks/semantic/config/labels) by extensions ['ignore', 'ignore_ament_install']
[0.530s] [34mcolcon.colcon_core.package_identification[0m [1;30mLevel 1[0m _identify(src/SalsaNext/train/tasks/semantic/config/labels) by extension 'ignore'
[0.530s] [34mcolcon.colcon_core.package_identification[0m [1;30mLevel 1[0m _identify(src/SalsaNext/train/tasks/semantic/config/labels) by extension 'ignore_ament_install'
[0.530s] [34mcolcon.colcon_core.package_identification[0m [1;30mLevel 1[0m _identify(src/SalsaNext/train/tasks/semantic/config/labels) by extensions ['colcon_pkg']
[0.530s] [34mcolcon.colcon_core.package_identification[0m [1;30mLevel 1[0m _identify(src/SalsaNext/train/tasks/semantic/config/labels) by extension 'colcon_pkg'
[0.530s] [34mcolcon.colcon_core.package_identification[0m [1;30mLevel 1[0m _identify(src/SalsaNext/train/tasks/semantic/config/labels) by extensions ['colcon_meta']
[0.530s] [34mcolcon.colcon_core.package_identification[0m [1;30mLevel 1[0m _identify(src/SalsaNext/train/tasks/semantic/config/labels) by extension 'colcon_meta'
[0.530s] [34mcolcon.colcon_core.package_identification[0m [1;30mLevel 1[0m _identify(src/SalsaNext/train/tasks/semantic/config/labels) by extensions ['ros']
[0.530s] [34mcolcon.colcon_core.package_identification[0m [1;30mLevel 1[0m _identify(src/SalsaNext/train/tasks/semantic/config/labels) by extension 'ros'
[0.530s] [34mcolcon.colcon_core.package_identification[0m [1;30mLevel 1[0m _identify(src/SalsaNext/train/tasks/semantic/config/labels) by extensions ['cmake', 'python']
[0.531s] [34mcolcon.colcon_core.package_identification[0m [1;30mLevel 1[0m _identify(src/SalsaNext/train/tasks/semantic/config/labels) by extension 'cmake'
[0.531s] [34mcolcon.colcon_core.package_identification[0m [1;30mLevel 1[0m _identify(src/SalsaNext/train/tasks/semantic/config/labels) by extension 'python'
[0.531s] [34mcolcon.colcon_core.package_identification[0m [1;30mLevel 1[0m _identify(src/SalsaNext/train/tasks/semantic/config/labels) by extensions ['python_setup_py']
[0.531s] [34mcolcon.colcon_core.package_identification[0m [1;30mLevel 1[0m _identify(src/SalsaNext/train/tasks/semantic/config/labels) by extension 'python_setup_py'
[0.531s] [34mcolcon.colcon_core.package_identification[0m [1;30mLevel 1[0m _identify(src/SalsaNext/train/tasks/semantic/dataset) by extensions ['ignore', 'ignore_ament_install']
[0.531s] [34mcolcon.colcon_core.package_identification[0m [1;30mLevel 1[0m _identify(src/SalsaNext/train/tasks/semantic/dataset) by extension 'ignore'
[0.531s] [34mcolcon.colcon_core.package_identification[0m [1;30mLevel 1[0m _identify(src/SalsaNext/train/tasks/semantic/dataset) by extension 'ignore_ament_install'
[0.531s] [34mcolcon.colcon_core.package_identification[0m [1;30mLevel 1[0m _identify(src/SalsaNext/train/tasks/semantic/dataset) by extensions ['colcon_pkg']
[0.532s] [34mcolcon.colcon_core.package_identification[0m [1;30mLevel 1[0m _identify(src/SalsaNext/train/tasks/semantic/dataset) by extension 'colcon_pkg'
[0.532s] [34mcolcon.colcon_core.package_identification[0m [1;30mLevel 1[0m _identify(src/SalsaNext/train/tasks/semantic/dataset) by extensions ['colcon_meta']
[0.532s] [34mcolcon.colcon_core.package_identification[0m [1;30mLevel 1[0m _identify(src/SalsaNext/train/tasks/semantic/dataset) by extension 'colcon_meta'
[0.532s] [34mcolcon.colcon_core.package_identification[0m [1;30mLevel 1[0m _identify(src/SalsaNext/train/tasks/semantic/dataset) by extensions ['ros']
[0.532s] [34mcolcon.colcon_core.package_identification[0m [1;30mLevel 1[0m _identify(src/SalsaNext/train/tasks/semantic/dataset) by extension 'ros'
[0.532s] [34mcolcon.colcon_core.package_identification[0m [1;30mLevel 1[0m _identify(src/SalsaNext/train/tasks/semantic/dataset) by extensions ['cmake', 'python']
[0.532s] [34mcolcon.colcon_core.package_identification[0m [1;30mLevel 1[0m _identify(src/SalsaNext/train/tasks/semantic/dataset) by extension 'cmake'
[0.532s] [34mcolcon.colcon_core.package_identification[0m [1;30mLevel 1[0m _identify(src/SalsaNext/train/tasks/semantic/dataset) by extension 'python'
[0.532s] [34mcolcon.colcon_core.package_identification[0m [1;30mLevel 1[0m _identify(src/SalsaNext/train/tasks/semantic/dataset) by extensions ['python_setup_py']
[0.532s] [34mcolcon.colcon_core.package_identification[0m [1;30mLevel 1[0m _identify(src/SalsaNext/train/tasks/semantic/dataset) by extension 'python_setup_py'
[0.533s] [34mcolcon.colcon_core.package_identification[0m [1;30mLevel 1[0m _identify(src/SalsaNext/train/tasks/semantic/dataset/kitti) by extensions ['ignore', 'ignore_ament_install']
[0.533s] [34mcolcon.colcon_core.package_identification[0m [1;30mLevel 1[0m _identify(src/SalsaNext/train/tasks/semantic/dataset/kitti) by extension 'ignore'
[0.533s] [34mcolcon.colcon_core.package_identification[0m [1;30mLevel 1[0m _identify(src/SalsaNext/train/tasks/semantic/dataset/kitti) by extension 'ignore_ament_install'
[0.533s] [34mcolcon.colcon_core.package_identification[0m [1;30mLevel 1[0m _identify(src/SalsaNext/train/tasks/semantic/dataset/kitti) by extensions ['colcon_pkg']
[0.533s] [34mcolcon.colcon_core.package_identification[0m [1;30mLevel 1[0m _identify(src/SalsaNext/train/tasks/semantic/dataset/kitti) by extension 'colcon_pkg'
[0.533s] [34mcolcon.colcon_core.package_identification[0m [1;30mLevel 1[0m _identify(src/SalsaNext/train/tasks/semantic/dataset/kitti) by extensions ['colcon_meta']
[0.533s] [34mcolcon.colcon_core.package_identification[0m [1;30mLevel 1[0m _identify(src/SalsaNext/train/tasks/semantic/dataset/kitti) by extension 'colcon_meta'
[0.534s] [34mcolcon.colcon_core.package_identification[0m [1;30mLevel 1[0m _identify(src/SalsaNext/train/tasks/semantic/dataset/kitti) by extensions ['ros']
[0.534s] [34mcolcon.colcon_core.package_identification[0m [1;30mLevel 1[0m _identify(src/SalsaNext/train/tasks/semantic/dataset/kitti) by extension 'ros'
[0.534s] [34mcolcon.colcon_core.package_identification[0m [1;30mLevel 1[0m _identify(src/SalsaNext/train/tasks/semantic/dataset/kitti) by extensions ['cmake', 'python']
[0.534s] [34mcolcon.colcon_core.package_identification[0m [1;30mLevel 1[0m _identify(src/SalsaNext/train/tasks/semantic/dataset/kitti) by extension 'cmake'
[0.534s] [34mcolcon.colcon_core.package_identification[0m [1;30mLevel 1[0m _identify(src/SalsaNext/train/tasks/semantic/dataset/kitti) by extension 'python'
[0.534s] [34mcolcon.colcon_core.package_identification[0m [1;30mLevel 1[0m _identify(src/SalsaNext/train/tasks/semantic/dataset/kitti) by extensions ['python_setup_py']
[0.534s] [34mcolcon.colcon_core.package_identification[0m [1;30mLevel 1[0m _identify(src/SalsaNext/train/tasks/semantic/dataset/kitti) by extension 'python_setup_py'
[0.534s] [34mcolcon.colcon_core.package_identification[0m [1;30mLevel 1[0m _identify(src/SalsaNext/train/tasks/semantic/modules) by extensions ['ignore', 'ignore_ament_install']
[0.535s] [34mcolcon.colcon_core.package_identification[0m [1;30mLevel 1[0m _identify(src/SalsaNext/train/tasks/semantic/modules) by extension 'ignore'
[0.535s] [34mcolcon.colcon_core.package_identification[0m [1;30mLevel 1[0m _identify(src/SalsaNext/train/tasks/semantic/modules) by extension 'ignore_ament_install'
[0.535s] [34mcolcon.colcon_core.package_identification[0m [1;30mLevel 1[0m _identify(src/SalsaNext/train/tasks/semantic/modules) by extensions ['colcon_pkg']
[0.535s] [34mcolcon.colcon_core.package_identification[0m [1;30mLevel 1[0m _identify(src/SalsaNext/train/tasks/semantic/modules) by extension 'colcon_pkg'
[0.535s] [34mcolcon.colcon_core.package_identification[0m [1;30mLevel 1[0m _identify(src/SalsaNext/train/tasks/semantic/modules) by extensions ['colcon_meta']
[0.535s] [34mcolcon.colcon_core.package_identification[0m [1;30mLevel 1[0m _identify(src/SalsaNext/train/tasks/semantic/modules) by extension 'colcon_meta'
[0.535s] [34mcolcon.colcon_core.package_identification[0m [1;30mLevel 1[0m _identify(src/SalsaNext/train/tasks/semantic/modules) by extensions ['ros']
[0.535s] [34mcolcon.colcon_core.package_identification[0m [1;30mLevel 1[0m _identify(src/SalsaNext/train/tasks/semantic/modules) by extension 'ros'
[0.535s] [34mcolcon.colcon_core.package_identification[0m [1;30mLevel 1[0m _identify(src/SalsaNext/train/tasks/semantic/modules) by extensions ['cmake', 'python']
[0.536s] [34mcolcon.colcon_core.package_identification[0m [1;30mLevel 1[0m _identify(src/SalsaNext/train/tasks/semantic/modules) by extension 'cmake'
[0.536s] [34mcolcon.colcon_core.package_identification[0m [1;30mLevel 1[0m _identify(src/SalsaNext/train/tasks/semantic/modules) by extension 'python'
[0.536s] [34mcolcon.colcon_core.package_identification[0m [1;30mLevel 1[0m _identify(src/SalsaNext/train/tasks/semantic/modules) by extensions ['python_setup_py']
[0.536s] [34mcolcon.colcon_core.package_identification[0m [1;30mLevel 1[0m _identify(src/SalsaNext/train/tasks/semantic/modules) by extension 'python_setup_py'
[0.536s] [34mcolcon.colcon_core.package_identification[0m [1;30mLevel 1[0m _identify(src/SalsaNext/train/tasks/semantic/modules/__pycache__) by extensions ['ignore', 'ignore_ament_install']
[0.536s] [34mcolcon.colcon_core.package_identification[0m [1;30mLevel 1[0m _identify(src/SalsaNext/train/tasks/semantic/modules/__pycache__) by extension 'ignore'
[0.536s] [34mcolcon.colcon_core.package_identification[0m [1;30mLevel 1[0m _identify(src/SalsaNext/train/tasks/semantic/modules/__pycache__) by extension 'ignore_ament_install'
[0.536s] [34mcolcon.colcon_core.package_identification[0m [1;30mLevel 1[0m _identify(src/SalsaNext/train/tasks/semantic/modules/__pycache__) by extensions ['colcon_pkg']
[0.537s] [34mcolcon.colcon_core.package_identification[0m [1;30mLevel 1[0m _identify(src/SalsaNext/train/tasks/semantic/modules/__pycache__) by extension 'colcon_pkg'
[0.537s] [34mcolcon.colcon_core.package_identification[0m [1;30mLevel 1[0m _identify(src/SalsaNext/train/tasks/semantic/modules/__pycache__) by extensions ['colcon_meta']
[0.537s] [34mcolcon.colcon_core.package_identification[0m [1;30mLevel 1[0m _identify(src/SalsaNext/train/tasks/semantic/modules/__pycache__) by extension 'colcon_meta'
[0.537s] [34mcolcon.colcon_core.package_identification[0m [1;30mLevel 1[0m _identify(src/SalsaNext/train/tasks/semantic/modules/__pycache__) by extensions ['ros']
[0.537s] [34mcolcon.colcon_core.package_identification[0m [1;30mLevel 1[0m _identify(src/SalsaNext/train/tasks/semantic/modules/__pycache__) by extension 'ros'
[0.537s] [34mcolcon.colcon_core.package_identification[0m [1;30mLevel 1[0m _identify(src/SalsaNext/train/tasks/semantic/modules/__pycache__) by extensions ['cmake', 'python']
[0.537s] [34mcolcon.colcon_core.package_identification[0m [1;30mLevel 1[0m _identify(src/SalsaNext/train/tasks/semantic/modules/__pycache__) by extension 'cmake'
[0.537s] [34mcolcon.colcon_core.package_identification[0m [1;30mLevel 1[0m _identify(src/SalsaNext/train/tasks/semantic/modules/__pycache__) by extension 'python'
[0.537s] [34mcolcon.colcon_core.package_identification[0m [1;30mLevel 1[0m _identify(src/SalsaNext/train/tasks/semantic/modules/__pycache__) by extensions ['python_setup_py']
[0.537s] [34mcolcon.colcon_core.package_identification[0m [1;30mLevel 1[0m _identify(src/SalsaNext/train/tasks/semantic/modules/__pycache__) by extension 'python_setup_py'
[0.538s] [34mcolcon.colcon_core.package_identification[0m [1;30mLevel 1[0m _identify(src/SalsaNext/train/tasks/semantic/postproc) by extensions ['ignore', 'ignore_ament_install']
[0.538s] [34mcolcon.colcon_core.package_identification[0m [1;30mLevel 1[0m _identify(src/SalsaNext/train/tasks/semantic/postproc) by extension 'ignore'
[0.538s] [34mcolcon.colcon_core.package_identification[0m [1;30mLevel 1[0m _identify(src/SalsaNext/train/tasks/semantic/postproc) by extension 'ignore_ament_install'
[0.538s] [34mcolcon.colcon_core.package_identification[0m [1;30mLevel 1[0m _identify(src/SalsaNext/train/tasks/semantic/postproc) by extensions ['colcon_pkg']
[0.538s] [34mcolcon.colcon_core.package_identification[0m [1;30mLevel 1[0m _identify(src/SalsaNext/train/tasks/semantic/postproc) by extension 'colcon_pkg'
[0.538s] [34mcolcon.colcon_core.package_identification[0m [1;30mLevel 1[0m _identify(src/SalsaNext/train/tasks/semantic/postproc) by extensions ['colcon_meta']
[0.538s] [34mcolcon.colcon_core.package_identification[0m [1;30mLevel 1[0m _identify(src/SalsaNext/train/tasks/semantic/postproc) by extension 'colcon_meta'
[0.539s] [34mcolcon.colcon_core.package_identification[0m [1;30mLevel 1[0m _identify(src/SalsaNext/train/tasks/semantic/postproc) by extensions ['ros']
[0.539s] [34mcolcon.colcon_core.package_identification[0m [1;30mLevel 1[0m _identify(src/SalsaNext/train/tasks/semantic/postproc) by extension 'ros'
[0.539s] [34mcolcon.colcon_core.package_identification[0m [1;30mLevel 1[0m _identify(src/SalsaNext/train/tasks/semantic/postproc) by extensions ['cmake', 'python']
[0.539s] [34mcolcon.colcon_core.package_identification[0m [1;30mLevel 1[0m _identify(src/SalsaNext/train/tasks/semantic/postproc) by extension 'cmake'
[0.539s] [34mcolcon.colcon_core.package_identification[0m [1;30mLevel 1[0m _identify(src/SalsaNext/train/tasks/semantic/postproc) by extension 'python'
[0.539s] [34mcolcon.colcon_core.package_identification[0m [1;30mLevel 1[0m _identify(src/SalsaNext/train/tasks/semantic/postproc) by extensions ['python_setup_py']
[0.539s] [34mcolcon.colcon_core.package_identification[0m [1;30mLevel 1[0m _identify(src/SalsaNext/train/tasks/semantic/postproc) by extension 'python_setup_py'
[0.539s] [34mcolcon.colcon_core.package_identification[0m [1;30mLevel 1[0m _identify(src/build) by extensions ['ignore', 'ignore_ament_install']
[0.540s] [34mcolcon.colcon_core.package_identification[0m [1;30mLevel 1[0m _identify(src/build) by extension 'ignore'
[0.540s] [34mcolcon.colcon_core.package_identification[0m [1;30mLevel 1[0m _identify(src/build) ignored
[0.540s] [34mcolcon.colcon_core.package_identification[0m [1;30mLevel 1[0m _identify(src/install) by extensions ['ignore', 'ignore_ament_install']
[0.540s] [34mcolcon.colcon_core.package_identification[0m [1;30mLevel 1[0m _identify(src/install) by extension 'ignore'
[0.540s] [34mcolcon.colcon_core.package_identification[0m [1;30mLevel 1[0m _identify(src/install) ignored
[0.540s] [34mcolcon.colcon_core.package_identification[0m [1;30mLevel 1[0m _identify(src/lid_description) by extensions ['ignore', 'ignore_ament_install']
[0.540s] [34mcolcon.colcon_core.package_identification[0m [1;30mLevel 1[0m _identify(src/lid_description) by extension 'ignore'
[0.541s] [34mcolcon.colcon_core.package_identification[0m [1;30mLevel 1[0m _identify(src/lid_description) by extension 'ignore_ament_install'
[0.541s] [34mcolcon.colcon_core.package_identification[0m [1;30mLevel 1[0m _identify(src/lid_description) by extensions ['colcon_pkg']
[0.541s] [34mcolcon.colcon_core.package_identification[0m [1;30mLevel 1[0m _identify(src/lid_description) by extension 'colcon_pkg'
[0.541s] [34mcolcon.colcon_core.package_identification[0m [1;30mLevel 1[0m _identify(src/lid_description) by extensions ['colcon_meta']
[0.541s] [34mcolcon.colcon_core.package_identification[0m [1;30mLevel 1[0m _identify(src/lid_description) by extension 'colcon_meta'
[0.541s] [34mcolcon.colcon_core.package_identification[0m [1;30mLevel 1[0m _identify(src/lid_description) by extensions ['ros']
[0.541s] [34mcolcon.colcon_core.package_identification[0m [1;30mLevel 1[0m _identify(src/lid_description) by extension 'ros'
[0.542s] [34mcolcon.colcon_core.package_identification[0m [1;30mDEBUG[0m [32mPackage 'src/lid_description' with type 'ros.ament_cmake' and name 'lid_description'[0m
[0.543s] [34mcolcon.colcon_core.package_identification[0m [1;30mLevel 1[0m _identify(src/lid_simulation) by extensions ['ignore', 'ignore_ament_install']
[0.543s] [34mcolcon.colcon_core.package_identification[0m [1;30mLevel 1[0m _identify(src/lid_simulation) by extension 'ignore'
[0.543s] [34mcolcon.colcon_core.package_identification[0m [1;30mLevel 1[0m _identify(src/lid_simulation) by extension 'ignore_ament_install'
[0.543s] [34mcolcon.colcon_core.package_identification[0m [1;30mLevel 1[0m _identify(src/lid_simulation) by extensions ['colcon_pkg']
[0.543s] [34mcolcon.colcon_core.package_identification[0m [1;30mLevel 1[0m _identify(src/lid_simulation) by extension 'colcon_pkg'
[0.543s] [34mcolcon.colcon_core.package_identification[0m [1;30mLevel 1[0m _identify(src/lid_simulation) by extensions ['colcon_meta']
[0.543s] [34mcolcon.colcon_core.package_identification[0m [1;30mLevel 1[0m _identify(src/lid_simulation) by extension 'colcon_meta'
[0.544s] [34mcolcon.colcon_core.package_identification[0m [1;30mLevel 1[0m _identify(src/lid_simulation) by extensions ['ros']
[0.544s] [34mcolcon.colcon_core.package_identification[0m [1;30mLevel 1[0m _identify(src/lid_simulation) by extension 'ros'
[0.545s] [34mcolcon.colcon_core.package_identification[0m [1;30mDEBUG[0m [32mPackage 'src/lid_simulation' with type 'ros.ament_cmake' and name 'lid_simulation'[0m
[0.545s] [34mcolcon.colcon_core.package_identification[0m [1;30mLevel 1[0m _identify(src/log) by extensions ['ignore', 'ignore_ament_install']
[0.545s] [34mcolcon.colcon_core.package_identification[0m [1;30mLevel 1[0m _identify(src/log) by extension 'ignore'
[0.545s] [34mcolcon.colcon_core.package_identification[0m [1;30mLevel 1[0m _identify(src/log) ignored
[0.545s] [34mcolcon.colcon_core.package_identification[0m [1;30mLevel 1[0m _identify(src/patchwork-plusplus-ros2) by extensions ['ignore', 'ignore_ament_install']
[0.545s] [34mcolcon.colcon_core.package_identification[0m [1;30mLevel 1[0m _identify(src/patchwork-plusplus-ros2) by extension 'ignore'
[0.546s] [34mcolcon.colcon_core.package_identification[0m [1;30mLevel 1[0m _identify(src/patchwork-plusplus-ros2) by extension 'ignore_ament_install'
[0.546s] [34mcolcon.colcon_core.package_identification[0m [1;30mLevel 1[0m _identify(src/patchwork-plusplus-ros2) by extensions ['colcon_pkg']
[0.546s] [34mcolcon.colcon_core.package_identification[0m [1;30mLevel 1[0m _identify(src/patchwork-plusplus-ros2) by extension 'colcon_pkg'
[0.546s] [34mcolcon.colcon_core.package_identification[0m [1;30mLevel 1[0m _identify(src/patchwork-plusplus-ros2) by extensions ['colcon_meta']
[0.546s] [34mcolcon.colcon_core.package_identification[0m [1;30mLevel 1[0m _identify(src/patchwork-plusplus-ros2) by extension 'colcon_meta'
[0.546s] [34mcolcon.colcon_core.package_identification[0m [1;30mLevel 1[0m _identify(src/patchwork-plusplus-ros2) by extensions ['ros']
[0.546s] [34mcolcon.colcon_core.package_identification[0m [1;30mLevel 1[0m _identify(src/patchwork-plusplus-ros2) by extension 'ros'
[0.546s] [34mcolcon.colcon_core.package_identification[0m [1;30mLevel 1[0m _identify(src/patchwork-plusplus-ros2) by extensions ['cmake', 'python']
[0.546s] [34mcolcon.colcon_core.package_identification[0m [1;30mLevel 1[0m _identify(src/patchwork-plusplus-ros2) by extension 'cmake'
[0.546s] [34mcolcon.colcon_core.package_identification[0m [1;30mLevel 1[0m _identify(src/patchwork-plusplus-ros2) by extension 'python'
[0.547s] [34mcolcon.colcon_core.package_identification[0m [1;30mLevel 1[0m _identify(src/patchwork-plusplus-ros2) by extensions ['python_setup_py']
[0.547s] [34mcolcon.colcon_core.package_identification[0m [1;30mLevel 1[0m _identify(src/patchwork-plusplus-ros2) by extension 'python_setup_py'
[0.547s] [34mcolcon.colcon_core.package_identification[0m [1;30mLevel 1[0m _identify(src/patchwork-plusplus-ros2/jsk_recognition_msgs) by extensions ['ignore', 'ignore_ament_install']
[0.547s] [34mcolcon.colcon_core.package_identification[0m [1;30mLevel 1[0m _identify(src/patchwork-plusplus-ros2/jsk_recognition_msgs) by extension 'ignore'
[0.547s] [34mcolcon.colcon_core.package_identification[0m [1;30mLevel 1[0m _identify(src/patchwork-plusplus-ros2/jsk_recognition_msgs) by extension 'ignore_ament_install'
[0.547s] [34mcolcon.colcon_core.package_identification[0m [1;30mLevel 1[0m _identify(src/patchwork-plusplus-ros2/jsk_recognition_msgs) by extensions ['colcon_pkg']
[0.547s] [34mcolcon.colcon_core.package_identification[0m [1;30mLevel 1[0m _identify(src/patchwork-plusplus-ros2/jsk_recognition_msgs) by extension 'colcon_pkg'
[0.547s] [34mcolcon.colcon_core.package_identification[0m [1;30mLevel 1[0m _identify(src/patchwork-plusplus-ros2/jsk_recognition_msgs) by extensions ['colcon_meta']
[0.547s] [34mcolcon.colcon_core.package_identification[0m [1;30mLevel 1[0m _identify(src/patchwork-plusplus-ros2/jsk_recognition_msgs) by extension 'colcon_meta'
[0.548s] [34mcolcon.colcon_core.package_identification[0m [1;30mLevel 1[0m _identify(src/patchwork-plusplus-ros2/jsk_recognition_msgs) by extensions ['ros']
[0.548s] [34mcolcon.colcon_core.package_identification[0m [1;30mLevel 1[0m _identify(src/patchwork-plusplus-ros2/jsk_recognition_msgs) by extension 'ros'
[0.549s] [34mcolcon.colcon_core.package_identification[0m [1;30mDEBUG[0m [32mPackage 'src/patchwork-plusplus-ros2/jsk_recognition_msgs' with type 'ros.ament_cmake' and name 'jsk_recognition_msgs'[0m
[0.550s] [34mcolcon.colcon_core.package_identification[0m [1;30mLevel 1[0m _identify(src/patchwork-plusplus-ros2/patchwork_plusplus) by extensions ['ignore', 'ignore_ament_install']
[0.550s] [34mcolcon.colcon_core.package_identification[0m [1;30mLevel 1[0m _identify(src/patchwork-plusplus-ros2/patchwork_plusplus) by extension 'ignore'
[0.550s] [34mcolcon.colcon_core.package_identification[0m [1;30mLevel 1[0m _identify(src/patchwork-plusplus-ros2/patchwork_plusplus) by extension 'ignore_ament_install'
[0.550s] [34mcolcon.colcon_core.package_identification[0m [1;30mLevel 1[0m _identify(src/patchwork-plusplus-ros2/patchwork_plusplus) by extensions ['colcon_pkg']
[0.550s] [34mcolcon.colcon_core.package_identification[0m [1;30mLevel 1[0m _identify(src/patchwork-plusplus-ros2/patchwork_plusplus) by extension 'colcon_pkg'
[0.550s] [34mcolcon.colcon_core.package_identification[0m [1;30mLevel 1[0m _identify(src/patchwork-plusplus-ros2/patchwork_plusplus) by extensions ['colcon_meta']
[0.550s] [34mcolcon.colcon_core.package_identification[0m [1;30mLevel 1[0m _identify(src/patchwork-plusplus-ros2/patchwork_plusplus) by extension 'colcon_meta'
[0.550s] [34mcolcon.colcon_core.package_identification[0m [1;30mLevel 1[0m _identify(src/patchwork-plusplus-ros2/patchwork_plusplus) by extensions ['ros']
[0.550s] [34mcolcon.colcon_core.package_identification[0m [1;30mLevel 1[0m _identify(src/patchwork-plusplus-ros2/patchwork_plusplus) by extension 'ros'
[0.553s] [34mcolcon.colcon_core.package_identification[0m [1;30mDEBUG[0m [32mPackage 'src/patchwork-plusplus-ros2/patchwork_plusplus' with type 'ros.ament_cmake' and name 'patchwork_plusplus'[0m
[0.553s] [34mcolcon.colcon_core.package_identification[0m [1;30mLevel 1[0m _identify(src/segmentation_lidar) by extensions ['ignore', 'ignore_ament_install']
[0.554s] [34mcolcon.colcon_core.package_identification[0m [1;30mLevel 1[0m _identify(src/segmentation_lidar) by extension 'ignore'
[0.554s] [34mcolcon.colcon_core.package_identification[0m [1;30mLevel 1[0m _identify(src/segmentation_lidar) by extension 'ignore_ament_install'
[0.554s] [34mcolcon.colcon_core.package_identification[0m [1;30mLevel 1[0m _identify(src/segmentation_lidar) by extensions ['colcon_pkg']
[0.554s] [34mcolcon.colcon_core.package_identification[0m [1;30mLevel 1[0m _identify(src/segmentation_lidar) by extension 'colcon_pkg'
[0.554s] [34mcolcon.colcon_core.package_identification[0m [1;30mLevel 1[0m _identify(src/segmentation_lidar) by extensions ['colcon_meta']
[0.554s] [34mcolcon.colcon_core.package_identification[0m [1;30mLevel 1[0m _identify(src/segmentation_lidar) by extension 'colcon_meta'
[0.554s] [34mcolcon.colcon_core.package_identification[0m [1;30mLevel 1[0m _identify(src/segmentation_lidar) by extensions ['ros']
[0.554s] [34mcolcon.colcon_core.package_identification[0m [1;30mLevel 1[0m _identify(src/segmentation_lidar) by extension 'ros'
[0.556s] [34mcolcon.colcon_core.package_identification[0m [1;30mDEBUG[0m [32mPackage 'src/segmentation_lidar' with type 'ros.ament_cmake' and name 'segmentation_lidar'[0m
[0.557s] [34mcolcon.colcon_core.package_identification[0m [1;30mLevel 1[0m _identify(src/velodyne) by extensions ['ignore', 'ignore_ament_install']
[0.557s] [34mcolcon.colcon_core.package_identification[0m [1;30mLevel 1[0m _identify(src/velodyne) by extension 'ignore'
[0.557s] [34mcolcon.colcon_core.package_identification[0m [1;30mLevel 1[0m _identify(src/velodyne) by extension 'ignore_ament_install'
[0.558s] [34mcolcon.colcon_core.package_identification[0m [1;30mLevel 1[0m _identify(src/velodyne) by extensions ['colcon_pkg']
[0.558s] [34mcolcon.colcon_core.package_identification[0m [1;30mLevel 1[0m _identify(src/velodyne) by extension 'colcon_pkg'
[0.558s] [34mcolcon.colcon_core.package_identification[0m [1;30mLevel 1[0m _identify(src/velodyne) by extensions ['colcon_meta']
[0.558s] [34mcolcon.colcon_core.package_identification[0m [1;30mLevel 1[0m _identify(src/velodyne) by extension 'colcon_meta'
[0.558s] [34mcolcon.colcon_core.package_identification[0m [1;30mLevel 1[0m _identify(src/velodyne) by extensions ['ros']
[0.558s] [34mcolcon.colcon_core.package_identification[0m [1;30mLevel 1[0m _identify(src/velodyne) by extension 'ros'
[0.558s] [34mcolcon.colcon_core.package_identification[0m [1;30mLevel 1[0m _identify(src/velodyne) by extensions ['cmake', 'python']
[0.558s] [34mcolcon.colcon_core.package_identification[0m [1;30mLevel 1[0m _identify(src/velodyne) by extension 'cmake'
[0.558s] [34mcolcon.colcon_core.package_identification[0m [1;30mLevel 1[0m _identify(src/velodyne) by extension 'python'
[0.558s] [34mcolcon.colcon_core.package_identification[0m [1;30mLevel 1[0m _identify(src/velodyne) by extensions ['python_setup_py']
[0.558s] [34mcolcon.colcon_core.package_identification[0m [1;30mLevel 1[0m _identify(src/velodyne) by extension 'python_setup_py'
[0.559s] [34mcolcon.colcon_core.package_identification[0m [1;30mLevel 1[0m _identify(src/velodyne/img) by extensions ['ignore', 'ignore_ament_install']
[0.559s] [34mcolcon.colcon_core.package_identification[0m [1;30mLevel 1[0m _identify(src/velodyne/img) by extension 'ignore'
[0.559s] [34mcolcon.colcon_core.package_identification[0m [1;30mLevel 1[0m _identify(src/velodyne/img) by extension 'ignore_ament_install'
[0.559s] [34mcolcon.colcon_core.package_identification[0m [1;30mLevel 1[0m _identify(src/velodyne/img) by extensions ['colcon_pkg']
[0.559s] [34mcolcon.colcon_core.package_identification[0m [1;30mLevel 1[0m _identify(src/velodyne/img) by extension 'colcon_pkg'
[0.559s] [34mcolcon.colcon_core.package_identification[0m [1;30mLevel 1[0m _identify(src/velodyne/img) by extensions ['colcon_meta']
[0.559s] [34mcolcon.colcon_core.package_identification[0m [1;30mLevel 1[0m _identify(src/velodyne/img) by extension 'colcon_meta'
[0.559s] [34mcolcon.colcon_core.package_identification[0m [1;30mLevel 1[0m _identify(src/velodyne/img) by extensions ['ros']
[0.559s] [34mcolcon.colcon_core.package_identification[0m [1;30mLevel 1[0m _identify(src/velodyne/img) by extension 'ros'
[0.560s] [34mcolcon.colcon_core.package_identification[0m [1;30mLevel 1[0m _identify(src/velodyne/img) by extensions ['cmake', 'python']
[0.560s] [34mcolcon.colcon_core.package_identification[0m [1;30mLevel 1[0m _identify(src/velodyne/img) by extension 'cmake'
[0.560s] [34mcolcon.colcon_core.package_identification[0m [1;30mLevel 1[0m _identify(src/velodyne/img) by extension 'python'
[0.560s] [34mcolcon.colcon_core.package_identification[0m [1;30mLevel 1[0m _identify(src/velodyne/img) by extensions ['python_setup_py']
[0.560s] [34mcolcon.colcon_core.package_identification[0m [1;30mLevel 1[0m _identify(src/velodyne/img) by extension 'python_setup_py'
[0.560s] [34mcolcon.colcon_core.package_identification[0m [1;30mLevel 1[0m _identify(src/velodyne/velodyne_description) by extensions ['ignore', 'ignore_ament_install']
[0.560s] [34mcolcon.colcon_core.package_identification[0m [1;30mLevel 1[0m _identify(src/velodyne/velodyne_description) by extension 'ignore'
[0.560s] [34mcolcon.colcon_core.package_identification[0m [1;30mLevel 1[0m _identify(src/velodyne/velodyne_description) by extension 'ignore_ament_install'
[0.561s] [34mcolcon.colcon_core.package_identification[0m [1;30mLevel 1[0m _identify(src/velodyne/velodyne_description) by extensions ['colcon_pkg']
[0.561s] [34mcolcon.colcon_core.package_identification[0m [1;30mLevel 1[0m _identify(src/velodyne/velodyne_description) by extension 'colcon_pkg'
[0.561s] [34mcolcon.colcon_core.package_identification[0m [1;30mLevel 1[0m _identify(src/velodyne/velodyne_description) by extensions ['colcon_meta']
[0.561s] [34mcolcon.colcon_core.package_identification[0m [1;30mLevel 1[0m _identify(src/velodyne/velodyne_description) by extension 'colcon_meta'
[0.561s] [34mcolcon.colcon_core.package_identification[0m [1;30mLevel 1[0m _identify(src/velodyne/velodyne_description) by extensions ['ros']
[0.561s] [34mcolcon.colcon_core.package_identification[0m [1;30mLevel 1[0m _identify(src/velodyne/velodyne_description) by extension 'ros'
[0.563s] [34mcolcon.colcon_core.package_identification[0m [1;30mDEBUG[0m [32mPackage 'src/velodyne/velodyne_description' with type 'ros.ament_cmake' and name 'velodyne_description'[0m
[0.563s] [34mcolcon.colcon_core.package_identification[0m [1;30mLevel 1[0m _identify(src/velodyne/velodyne_gazebo_plugins) by extensions ['ignore', 'ignore_ament_install']
[0.563s] [34mcolcon.colcon_core.package_identification[0m [1;30mLevel 1[0m _identify(src/velodyne/velodyne_gazebo_plugins) by extension 'ignore'
[0.563s] [34mcolcon.colcon_core.package_identification[0m [1;30mLevel 1[0m _identify(src/velodyne/velodyne_gazebo_plugins) by extension 'ignore_ament_install'
[0.563s] [34mcolcon.colcon_core.package_identification[0m [1;30mLevel 1[0m _identify(src/velodyne/velodyne_gazebo_plugins) by extensions ['colcon_pkg']
[0.564s] [34mcolcon.colcon_core.package_identification[0m [1;30mLevel 1[0m _identify(src/velodyne/velodyne_gazebo_plugins) by extension 'colcon_pkg'
[0.564s] [34mcolcon.colcon_core.package_identification[0m [1;30mLevel 1[0m _identify(src/velodyne/velodyne_gazebo_plugins) by extensions ['colcon_meta']
[0.564s] [34mcolcon.colcon_core.package_identification[0m [1;30mLevel 1[0m _identify(src/velodyne/velodyne_gazebo_plugins) by extension 'colcon_meta'
[0.564s] [34mcolcon.colcon_core.package_identification[0m [1;30mLevel 1[0m _identify(src/velodyne/velodyne_gazebo_plugins) by extensions ['ros']
[0.564s] [34mcolcon.colcon_core.package_identification[0m [1;30mLevel 1[0m _identify(src/velodyne/velodyne_gazebo_plugins) by extension 'ros'
[0.567s] [34mcolcon.colcon_core.package_identification[0m [1;30mDEBUG[0m [32mPackage 'src/velodyne/velodyne_gazebo_plugins' with type 'ros.ament_cmake' and name 'velodyne_gazebo_plugins'[0m
[0.567s] [34mcolcon.colcon_core.package_identification[0m [1;30mLevel 1[0m _identify(src/velodyne/velodyne_simulator) by extensions ['ignore', 'ignore_ament_install']
[0.567s] [34mcolcon.colcon_core.package_identification[0m [1;30mLevel 1[0m _identify(src/velodyne/velodyne_simulator) by extension 'ignore'
[0.567s] [34mcolcon.colcon_core.package_identification[0m [1;30mLevel 1[0m _identify(src/velodyne/velodyne_simulator) by extension 'ignore_ament_install'
[0.567s] [34mcolcon.colcon_core.package_identification[0m [1;30mLevel 1[0m _identify(src/velodyne/velodyne_simulator) by extensions ['colcon_pkg']
[0.567s] [34mcolcon.colcon_core.package_identification[0m [1;30mLevel 1[0m _identify(src/velodyne/velodyne_simulator) by extension 'colcon_pkg'
[0.567s] [34mcolcon.colcon_core.package_identification[0m [1;30mLevel 1[0m _identify(src/velodyne/velodyne_simulator) by extensions ['colcon_meta']
[0.567s] [34mcolcon.colcon_core.package_identification[0m [1;30mLevel 1[0m _identify(src/velodyne/velodyne_simulator) by extension 'colcon_meta'
[0.568s] [34mcolcon.colcon_core.package_identification[0m [1;30mLevel 1[0m _identify(src/velodyne/velodyne_simulator) by extensions ['ros']
[0.568s] [34mcolcon.colcon_core.package_identification[0m [1;30mLevel 1[0m _identify(src/velodyne/velodyne_simulator) by extension 'ros'
[0.569s] [34mcolcon.colcon_core.package_identification[0m [1;30mDEBUG[0m [32mPackage 'src/velodyne/velodyne_simulator' with type 'ros.ament_cmake' and name 'velodyne_simulator'[0m
[0.569s] [34mcolcon.colcon_core.package_discovery[0m [1;30mLevel 1[0m discover_packages(recursive) using defaults
[0.569s] [34mcolcon.colcon_core.package_discovery[0m [1;30mLevel 1[0m discover_packages(ignore) discover
[0.570s] [34mcolcon.colcon_core.package_discovery[0m [1;30mLevel 1[0m discover_packages(ignore) using defaults
[0.570s] [34mcolcon.colcon_core.package_discovery[0m [1;30mLevel 1[0m discover_packages(path) discover
[0.570s] [34mcolcon.colcon_core.package_discovery[0m [1;30mLevel 1[0m discover_packages(path) using defaults
[0.617s] [34mcolcon.colcon_core.package_discovery[0m [1;30mLevel 1[0m discover_packages(prefix_path) check parameters
[0.617s] [34mcolcon.colcon_core.package_discovery[0m [1;30mLevel 1[0m discover_packages(prefix_path) discover
[0.619s] [34mcolcon.colcon_ros.prefix_path.ament[0m [1;30mWARNING[0m [33mThe path '/media/subham/85dce0f4-2e29-4540-9a32-801850cfcef6/subham/LidarMapping2.5D/install/velodyne_simulator' in the environment variable AMENT_PREFIX_PATH doesn't exist[0m
[0.619s] [34mcolcon.colcon_ros.prefix_path.ament[0m [1;30mWARNING[0m [33mThe path '/media/subham/85dce0f4-2e29-4540-9a32-801850cfcef6/subham/LidarMapping2.5D/install/velodyne_description' in the environment variable AMENT_PREFIX_PATH doesn't exist[0m
[0.620s] [34mcolcon.colcon_ros.prefix_path.ament[0m [1;30mWARNING[0m [33mThe path '/media/subham/85dce0f4-2e29-4540-9a32-801850cfcef6/subham/LidarMapping2.5D/install/salsanext_ros2' in the environment variable AMENT_PREFIX_PATH doesn't exist[0m
[0.620s] [34mcolcon.colcon_ros.prefix_path.ament[0m [1;30mWARNING[0m [33mThe path '/media/subham/85dce0f4-2e29-4540-9a32-801850cfcef6/subham/LidarMapping2.5D/install/patchwork_plusplus' in the environment variable AMENT_PREFIX_PATH doesn't exist[0m
[0.620s] [34mcolcon.colcon_ros.prefix_path.ament[0m [1;30mWARNING[0m [33mThe path '/media/subham/85dce0f4-2e29-4540-9a32-801850cfcef6/subham/LidarMapping2.5D/install/height_mapping_ros2' in the environment variable AMENT_PREFIX_PATH doesn't exist[0m
[0.620s] [34mcolcon.colcon_ros.prefix_path.ament[0m [1;30mWARNING[0m [33mThe path '/media/subham/85dce0f4-2e29-4540-9a32-801850cfcef6/subham/LidarMapping2.5D/install/height_mapping_core' in the environment variable AMENT_PREFIX_PATH doesn't exist[0m
[0.620s] [34mcolcon.colcon_ros.prefix_path.ament[0m [1;30mWARNING[0m [33mThe path '/media/subham/85dce0f4-2e29-4540-9a32-801850cfcef6/subham/LidarMapping2.5D/install/fastdem_ros2' in the environment variable AMENT_PREFIX_PATH doesn't exist[0m
[0.623s] [34mcolcon.colcon_ros.prefix_path.catkin[0m [1;30mWARNING[0m [33mThe path '/media/subham/85dce0f4-2e29-4540-9a32-801850cfcef6/subham/LidarMapping2.5D/install/velodyne_simulator' in the environment variable CMAKE_PREFIX_PATH doesn't exist[0m
[0.624s] [34mcolcon.colcon_ros.prefix_path.catkin[0m [1;30mWARNING[0m [33mThe path '/media/subham/85dce0f4-2e29-4540-9a32-801850cfcef6/subham/LidarMapping2.5D/install/velodyne_description' in the environment variable CMAKE_PREFIX_PATH doesn't exist[0m
[0.624s] [34mcolcon.colcon_ros.prefix_path.catkin[0m [1;30mWARNING[0m [33mThe path '/media/subham/85dce0f4-2e29-4540-9a32-801850cfcef6/subham/LidarMapping2.5D/install/salsanext_ros2' in the environment variable CMAKE_PREFIX_PATH doesn't exist[0m
[0.624s] [34mcolcon.colcon_ros.prefix_path.catkin[0m [1;30mWARNING[0m [33mThe path '/media/subham/85dce0f4-2e29-4540-9a32-801850cfcef6/subham/LidarMapping2.5D/install/patchwork_plusplus' in the environment variable CMAKE_PREFIX_PATH doesn't exist[0m
[0.624s] [34mcolcon.colcon_ros.prefix_path.catkin[0m [1;30mWARNING[0m [33mThe path '/media/subham/85dce0f4-2e29-4540-9a32-801850cfcef6/subham/LidarMapping2.5D/install/height_mapping_ros2' in the environment variable CMAKE_PREFIX_PATH doesn't exist[0m
[0.624s] [34mcolcon.colcon_ros.prefix_path.catkin[0m [1;30mWARNING[0m [33mThe path '/media/subham/85dce0f4-2e29-4540-9a32-801850cfcef6/subham/LidarMapping2.5D/install/height_mapping_core' in the environment variable CMAKE_PREFIX_PATH doesn't exist[0m
[0.624s] [34mcolcon.colcon_ros.prefix_path.catkin[0m [1;30mWARNING[0m [33mThe path '/media/subham/85dce0f4-2e29-4540-9a32-801850cfcef6/subham/LidarMapping2.5D/install/fastdem_ros2' in the environment variable CMAKE_PREFIX_PATH doesn't exist[0m
[0.627s] [34mcolcon.colcon_installed_package_information.package_discovery[0m [1;30mDEBUG[0m [32mFound 7 installed packages in /media/subham/85dce0f4-2e29-4540-9a32-801850cfcef6/subham/LidarMapping2.5D/install[0m
[0.628s] [34mcolcon.colcon_installed_package_information.package_discovery[0m [1;30mDEBUG[0m [32mFound 4 installed packages in /home/subham/Edge_AI_for_ADAS_and_Autonomous_Systems/install[0m
[0.630s] [34mcolcon.colcon_installed_package_information.package_discovery[0m [1;30mDEBUG[0m [32mFound 4 installed packages in /home/subham/rover_ws/install[0m
[0.631s] [34mcolcon.colcon_installed_package_information.package_discovery[0m [1;30mDEBUG[0m [32mFound 7 installed packages in /home/subham/igvc/install[0m
[0.633s] [34mcolcon.colcon_installed_package_information.package_discovery[0m [1;30mDEBUG[0m [32mFound 8 installed packages in /home/subham/colcon_ws/install[0m
[0.634s] [34mcolcon.colcon_installed_package_information.package_discovery[0m [1;30mDEBUG[0m [32mFound 7 installed packages in /home/subham/anvrit_ws/install[0m
[0.635s] [34mcolcon.colcon_installed_package_information.package_discovery[0m [1;30mDEBUG[0m [32mFound 4 installed packages in /home/subham/omokai_ws/install[0m
[0.642s] [34mcolcon.colcon_installed_package_information.package_discovery[0m [1;30mDEBUG[0m [32mFound 512 installed packages in /opt/ros/humble[0m
[0.649s] [34mcolcon.colcon_core.package_discovery[0m [1;30mLevel 1[0m discover_packages(prefix_path) using defaults
[0.849s] [34mcolcon.colcon_core.verb[0m [1;30mLevel 5[0m set package 'fastdem' build argument 'cmake_args' from command line to 'None'
[0.849s] [34mcolcon.colcon_core.verb[0m [1;30mLevel 5[0m set package 'fastdem' build argument 'cmake_target' from command line to 'None'
[0.849s] [34mcolcon.colcon_core.verb[0m [1;30mLevel 5[0m set package 'fastdem' build argument 'cmake_target_skip_unavailable' from command line to 'False'
[0.850s] [34mcolcon.colcon_core.verb[0m [1;30mLevel 5[0m set package 'fastdem' build argument 'cmake_clean_cache' from command line to 'False'
[0.850s] [34mcolcon.colcon_core.verb[0m [1;30mLevel 5[0m set package 'fastdem' build argument 'cmake_clean_first' from command line to 'False'
[0.850s] [34mcolcon.colcon_core.verb[0m [1;30mLevel 5[0m set package 'fastdem' build argument 'cmake_force_configure' from command line to 'False'
[0.850s] [34mcolcon.colcon_core.verb[0m [1;30mLevel 5[0m set package 'fastdem' build argument 'ament_cmake_args' from command line to 'None'
[0.850s] [34mcolcon.colcon_core.verb[0m [1;30mLevel 5[0m set package 'fastdem' build argument 'catkin_cmake_args' from command line to 'None'
[0.850s] [34mcolcon.colcon_core.verb[0m [1;30mLevel 5[0m set package 'fastdem' build argument 'catkin_skip_building_tests' from command line to 'False'
[0.850s] [34mcolcon.colcon_core.verb[0m [1;30mDEBUG[0m [32mBuilding package 'fastdem' with the following arguments: {'ament_cmake_args': None, 'build_base': '/media/subham/85dce0f4-2e29-4540-9a32-801850cfcef6/subham/LidarMapping2.5D/build/fastdem', 'catkin_cmake_args': None, 'catkin_skip_building_tests': False, 'cmake_args': None, 'cmake_clean_cache': False, 'cmake_clean_first': False, 'cmake_force_configure': False, 'cmake_target': None, 'cmake_target_skip_unavailable': False, 'install_base': '/media/subham/85dce0f4-2e29-4540-9a32-801850cfcef6/subham/LidarMapping2.5D/install/fastdem', 'merge_install': False, 'path': '/media/subham/85dce0f4-2e29-4540-9a32-801850cfcef6/subham/LidarMapping2.5D/src/FastDEM/fastdem', 'symlink_install': True, 'test_result_base': None}[0m
[0.851s] [34mcolcon.colcon_core.verb[0m [1;30mLevel 5[0m set package 'jsk_recognition_msgs' build argument 'cmake_args' from command line to 'None'
[0.851s] [34mcolcon.colcon_core.verb[0m [1;30mLevel 5[0m set package 'jsk_recognition_msgs' build argument 'cmake_target' from command line to 'None'
[0.851s] [34mcolcon.colcon_core.verb[0m [1;30mLevel 5[0m set package 'jsk_recognition_msgs' build argument 'cmake_target_skip_unavailable' from command line to 'False'
[0.851s] [34mcolcon.colcon_core.verb[0m [1;30mLevel 5[0m set package 'jsk_recognition_msgs' build argument 'cmake_clean_cache' from command line to 'False'
[0.851s] [34mcolcon.colcon_core.verb[0m [1;30mLevel 5[0m set package 'jsk_recognition_msgs' build argument 'cmake_clean_first' from command line to 'False'
[0.851s] [34mcolcon.colcon_core.verb[0m [1;30mLevel 5[0m set package 'jsk_recognition_msgs' build argument 'cmake_force_configure' from command line to 'False'
[0.851s] [34mcolcon.colcon_core.verb[0m [1;30mLevel 5[0m set package 'jsk_recognition_msgs' build argument 'ament_cmake_args' from command line to 'None'
[0.851s] [34mcolcon.colcon_core.verb[0m [1;30mLevel 5[0m set package 'jsk_recognition_msgs' build argument 'catkin_cmake_args' from command line to 'None'
[0.851s] [34mcolcon.colcon_core.verb[0m [1;30mLevel 5[0m set package 'jsk_recognition_msgs' build argument 'catkin_skip_building_tests' from command line to 'False'
[0.852s] [34mcolcon.colcon_core.verb[0m [1;30mDEBUG[0m [32mBuilding package 'jsk_recognition_msgs' with the following arguments: {'ament_cmake_args': None, 'build_base': '/media/subham/85dce0f4-2e29-4540-9a32-801850cfcef6/subham/LidarMapping2.5D/build/jsk_recognition_msgs', 'catkin_cmake_args': None, 'catkin_skip_building_tests': False, 'cmake_args': None, 'cmake_clean_cache': False, 'cmake_clean_first': False, 'cmake_force_configure': False, 'cmake_target': None, 'cmake_target_skip_unavailable': False, 'install_base': '/media/subham/85dce0f4-2e29-4540-9a32-801850cfcef6/subham/LidarMapping2.5D/install/jsk_recognition_msgs', 'merge_install': False, 'path': '/media/subham/85dce0f4-2e29-4540-9a32-801850cfcef6/subham/LidarMapping2.5D/src/patchwork-plusplus-ros2/jsk_recognition_msgs', 'symlink_install': True, 'test_result_base': None}[0m
[0.852s] [34mcolcon.colcon_core.verb[0m [1;30mLevel 5[0m set package 'lid_description' build argument 'cmake_args' from command line to 'None'
[0.853s] [34mcolcon.colcon_core.verb[0m [1;30mLevel 5[0m set package 'lid_description' build argument 'cmake_target' from command line to 'None'
[0.853s] [34mcolcon.colcon_core.verb[0m [1;30mLevel 5[0m set package 'lid_description' build argument 'cmake_target_skip_unavailable' from command line to 'False'
[0.853s] [34mcolcon.colcon_core.verb[0m [1;30mLevel 5[0m set package 'lid_description' build argument 'cmake_clean_cache' from command line to 'False'
[0.853s] [34mcolcon.colcon_core.verb[0m [1;30mLevel 5[0m set package 'lid_description' build argument 'cmake_clean_first' from command line to 'False'
[0.853s] [34mcolcon.colcon_core.verb[0m [1;30mLevel 5[0m set package 'lid_description' build argument 'cmake_force_configure' from command line to 'False'
[0.853s] [34mcolcon.colcon_core.verb[0m [1;30mLevel 5[0m set package 'lid_description' build argument 'ament_cmake_args' from command line to 'None'
[0.853s] [34mcolcon.colcon_core.verb[0m [1;30mLevel 5[0m set package 'lid_description' build argument 'catkin_cmake_args' from command line to 'None'
[0.853s] [34mcolcon.colcon_core.verb[0m [1;30mLevel 5[0m set package 'lid_description' build argument 'catkin_skip_building_tests' from command line to 'False'
[0.853s] [34mcolcon.colcon_core.verb[0m [1;30mDEBUG[0m [32mBuilding package 'lid_description' with the following arguments: {'ament_cmake_args': None, 'build_base': '/media/subham/85dce0f4-2e29-4540-9a32-801850cfcef6/subham/LidarMapping2.5D/build/lid_description', 'catkin_cmake_args': None, 'catkin_skip_building_tests': False, 'cmake_args': None, 'cmake_clean_cache': False, 'cmake_clean_first': False, 'cmake_force_configure': False, 'cmake_target': None, 'cmake_target_skip_unavailable': False, 'install_base': '/media/subham/85dce0f4-2e29-4540-9a32-801850cfcef6/subham/LidarMapping2.5D/install/lid_description', 'merge_install': False, 'path': '/media/subham/85dce0f4-2e29-4540-9a32-801850cfcef6/subham/LidarMapping2.5D/src/lid_description', 'symlink_install': True, 'test_result_base': None}[0m
[0.854s] [34mcolcon.colcon_core.verb[0m [1;30mLevel 5[0m set package 'lid_simulation' build argument 'cmake_args' from command line to 'None'
[0.854s] [34mcolcon.colcon_core.verb[0m [1;30mLevel 5[0m set package 'lid_simulation' build argument 'cmake_target' from command line to 'None'
[0.854s] [34mcolcon.colcon_core.verb[0m [1;30mLevel 5[0m set package 'lid_simulation' build argument 'cmake_target_skip_unavailable' from command line to 'False'
[0.854s] [34mcolcon.colcon_core.verb[0m [1;30mLevel 5[0m set package 'lid_simulation' build argument 'cmake_clean_cache' from command line to 'False'
[0.854s] [34mcolcon.colcon_core.verb[0m [1;30mLevel 5[0m set package 'lid_simulation' build argument 'cmake_clean_first' from command line to 'False'
[0.854s] [34mcolcon.colcon_core.verb[0m [1;30mLevel 5[0m set package 'lid_simulation' build argument 'cmake_force_configure' from command line to 'False'
[0.854s] [34mcolcon.colcon_core.verb[0m [1;30mLevel 5[0m set package 'lid_simulation' build argument 'ament_cmake_args' from command line to 'None'
[0.854s] [34mcolcon.colcon_core.verb[0m [1;30mLevel 5[0m set package 'lid_simulation' build argument 'catkin_cmake_args' from command line to 'None'
[0.854s] [34mcolcon.colcon_core.verb[0m [1;30mLevel 5[0m set package 'lid_simulation' build argument 'catkin_skip_building_tests' from command line to 'False'
[0.854s] [34mcolcon.colcon_core.verb[0m [1;30mDEBUG[0m [32mBuilding package 'lid_simulation' with the following arguments: {'ament_cmake_args': None, 'build_base': '/media/subham/85dce0f4-2e29-4540-9a32-801850cfcef6/subham/LidarMapping2.5D/build/lid_simulation', 'catkin_cmake_args': None, 'catkin_skip_building_tests': False, 'cmake_args': None, 'cmake_clean_cache': False, 'cmake_clean_first': False, 'cmake_force_configure': False, 'cmake_target': None, 'cmake_target_skip_unavailable': False, 'install_base': '/media/subham/85dce0f4-2e29-4540-9a32-801850cfcef6/subham/LidarMapping2.5D/install/lid_simulation', 'merge_install': False, 'path': '/media/subham/85dce0f4-2e29-4540-9a32-801850cfcef6/subham/LidarMapping2.5D/src/lid_simulation', 'symlink_install': True, 'test_result_base': None}[0m
[0.855s] [34mcolcon.colcon_core.verb[0m [1;30mLevel 5[0m set package 'segmentation_lidar' build argument 'cmake_args' from command line to 'None'
[0.855s] [34mcolcon.colcon_core.verb[0m [1;30mLevel 5[0m set package 'segmentation_lidar' build argument 'cmake_target' from command line to 'None'
[0.855s] [34mcolcon.colcon_core.verb[0m [1;30mLevel 5[0m set package 'segmentation_lidar' build argument 'cmake_target_skip_unavailable' from command line to 'False'
[0.856s] [34mcolcon.colcon_core.verb[0m [1;30mLevel 5[0m set package 'segmentation_lidar' build argument 'cmake_clean_cache' from command line to 'False'
[0.856s] [34mcolcon.colcon_core.verb[0m [1;30mLevel 5[0m set package 'segmentation_lidar' build argument 'cmake_clean_first' from command line to 'False'
[0.856s] [34mcolcon.colcon_core.verb[0m [1;30mLevel 5[0m set package 'segmentation_lidar' build argument 'cmake_force_configure' from command line to 'False'
[0.856s] [34mcolcon.colcon_core.verb[0m [1;30mLevel 5[0m set package 'segmentation_lidar' build argument 'ament_cmake_args' from command line to 'None'
[0.856s] [34mcolcon.colcon_core.verb[0m [1;30mLevel 5[0m set package 'segmentation_lidar' build argument 'catkin_cmake_args' from command line to 'None'
[0.856s] [34mcolcon.colcon_core.verb[0m [1;30mLevel 5[0m set package 'segmentation_lidar' build argument 'catkin_skip_building_tests' from command line to 'False'
[0.856s] [34mcolcon.colcon_core.verb[0m [1;30mDEBUG[0m [32mBuilding package 'segmentation_lidar' with the following arguments: {'ament_cmake_args': None, 'build_base': '/media/subham/85dce0f4-2e29-4540-9a32-801850cfcef6/subham/LidarMapping2.5D/build/segmentation_lidar', 'catkin_cmake_args': None, 'catkin_skip_building_tests': False, 'cmake_args': None, 'cmake_clean_cache': False, 'cmake_clean_first': False, 'cmake_force_configure': False, 'cmake_target': None, 'cmake_target_skip_unavailable': False, 'install_base': '/media/subham/85dce0f4-2e29-4540-9a32-801850cfcef6/subham/LidarMapping2.5D/install/segmentation_lidar', 'merge_install': False, 'path': '/media/subham/85dce0f4-2e29-4540-9a32-801850cfcef6/subham/LidarMapping2.5D/src/segmentation_lidar', 'symlink_install': True, 'test_result_base': None}[0m
[0.857s] [34mcolcon.colcon_core.verb[0m [1;30mLevel 5[0m set package 'velodyne_gazebo_plugins' build argument 'cmake_args' from command line to 'None'
[0.857s] [34mcolcon.colcon_core.verb[0m [1;30mLevel 5[0m set package 'velodyne_gazebo_plugins' build argument 'cmake_target' from command line to 'None'
[0.857s] [34mcolcon.colcon_core.verb[0m [1;30mLevel 5[0m set package 'velodyne_gazebo_plugins' build argument 'cmake_target_skip_unavailable' from command line to 'False'
[0.857s] [34mcolcon.colcon_core.verb[0m [1;30mLevel 5[0m set package 'velodyne_gazebo_plugins' build argument 'cmake_clean_cache' from command line to 'False'
[0.857s] [34mcolcon.colcon_core.verb[0m [1;30mLevel 5[0m set package 'velodyne_gazebo_plugins' build argument 'cmake_clean_first' from command line to 'False'
[0.857s] [34mcolcon.colcon_core.verb[0m [1;30mLevel 5[0m set package 'velodyne_gazebo_plugins' build argument 'cmake_force_configure' from command line to 'False'
[0.857s] [34mcolcon.colcon_core.verb[0m [1;30mLevel 5[0m set package 'velodyne_gazebo_plugins' build argument 'ament_cmake_args' from command line to 'None'
[0.857s] [34mcolcon.colcon_core.verb[0m [1;30mLevel 5[0m set package 'velodyne_gazebo_plugins' build argument 'catkin_cmake_args' from command line to 'None'
[0.857s] [34mcolcon.colcon_core.verb[0m [1;30mLevel 5[0m set package 'velodyne_gazebo_plugins' build argument 'catkin_skip_building_tests' from command line to 'False'
[0.857s] [34mcolcon.colcon_core.verb[0m [1;30mDEBUG[0m [32mBuilding package 'velodyne_gazebo_plugins' with the following arguments: {'ament_cmake_args': None, 'build_base': '/media/subham/85dce0f4-2e29-4540-9a32-801850cfcef6/subham/LidarMapping2.5D/build/velodyne_gazebo_plugins', 'catkin_cmake_args': None, 'catkin_skip_building_tests': False, 'cmake_args': None, 'cmake_clean_cache': False, 'cmake_clean_first': False, 'cmake_force_configure': False, 'cmake_target': None, 'cmake_target_skip_unavailable': False, 'install_base': '/media/subham/85dce0f4-2e29-4540-9a32-801850cfcef6/subham/LidarMapping2.5D/install/velodyne_gazebo_plugins', 'merge_install': False, 'path': '/media/subham/85dce0f4-2e29-4540-9a32-801850cfcef6/subham/LidarMapping2.5D/src/velodyne/velodyne_gazebo_plugins', 'symlink_install': True, 'test_result_base': None}[0m
[0.858s] [34mcolcon.colcon_core.verb[0m [1;30mLevel 5[0m set package 'fastdem_ros2' build argument 'cmake_args' from command line to 'None'
[0.858s] [34mcolcon.colcon_core.verb[0m [1;30mLevel 5[0m set package 'fastdem_ros2' build argument 'cmake_target' from command line to 'None'
[0.858s] [34mcolcon.colcon_core.verb[0m [1;30mLevel 5[0m set package 'fastdem_ros2' build argument 'cmake_target_skip_unavailable' from command line to 'False'
[0.858s] [34mcolcon.colcon_core.verb[0m [1;30mLevel 5[0m set package 'fastdem_ros2' build argument 'cmake_clean_cache' from command line to 'False'
[0.858s] [34mcolcon.colcon_core.verb[0m [1;30mLevel 5[0m set package 'fastdem_ros2' build argument 'cmake_clean_first' from command line to 'False'
[0.858s] [34mcolcon.colcon_core.verb[0m [1;30mLevel 5[0m set package 'fastdem_ros2' build argument 'cmake_force_configure' from command line to 'False'
[0.858s] [34mcolcon.colcon_core.verb[0m [1;30mLevel 5[0m set package 'fastdem_ros2' build argument 'ament_cmake_args' from command line to 'None'
[0.858s] [34mcolcon.colcon_core.verb[0m [1;30mLevel 5[0m set package 'fastdem_ros2' build argument 'catkin_cmake_args' from command line to 'None'
[0.858s] [34mcolcon.colcon_core.verb[0m [1;30mLevel 5[0m set package 'fastdem_ros2' build argument 'catkin_skip_building_tests' from command line to 'False'
[0.858s] [34mcolcon.colcon_core.verb[0m [1;30mDEBUG[0m [32mBuilding package 'fastdem_ros2' with the following arguments: {'ament_cmake_args': None, 'build_base': '/media/subham/85dce0f4-2e29-4540-9a32-801850cfcef6/subham/LidarMapping2.5D/build/fastdem_ros2', 'catkin_cmake_args': None, 'catkin_skip_building_tests': False, 'cmake_args': None, 'cmake_clean_cache': False, 'cmake_clean_first': False, 'cmake_force_configure': False, 'cmake_target': None, 'cmake_target_skip_unavailable': False, 'install_base': '/media/subham/85dce0f4-2e29-4540-9a32-801850cfcef6/subham/LidarMapping2.5D/install/fastdem_ros2', 'merge_install': False, 'path': '/media/subham/85dce0f4-2e29-4540-9a32-801850cfcef6/subham/LidarMapping2.5D/src/FastDEM/ros2', 'symlink_install': True, 'test_result_base': None}[0m
[0.859s] [34mcolcon.colcon_core.verb[0m [1;30mLevel 5[0m set package 'patchwork_plusplus' build argument 'cmake_args' from command line to 'None'
[0.859s] [34mcolcon.colcon_core.verb[0m [1;30mLevel 5[0m set package 'patchwork_plusplus' build argument 'cmake_target' from command line to 'None'
[0.859s] [34mcolcon.colcon_core.verb[0m [1;30mLevel 5[0m set package 'patchwork_plusplus' build argument 'cmake_target_skip_unavailable' from command line to 'False'
[0.859s] [34mcolcon.colcon_core.verb[0m [1;30mLevel 5[0m set package 'patchwork_plusplus' build argument 'cmake_clean_cache' from command line to 'False'
[0.859s] [34mcolcon.colcon_core.verb[0m [1;30mLevel 5[0m set package 'patchwork_plusplus' build argument 'cmake_clean_first' from command line to 'False'
[0.859s] [34mcolcon.colcon_core.verb[0m [1;30mLevel 5[0m set package 'patchwork_plusplus' build argument 'cmake_force_configure' from command line to 'False'
[0.860s] [34mcolcon.colcon_core.verb[0m [1;30mLevel 5[0m set package 'patchwork_plusplus' build argument 'ament_cmake_args' from command line to 'None'
[0.860s] [34mcolcon.colcon_core.verb[0m [1;30mLevel 5[0m set package 'patchwork_plusplus' build argument 'catkin_cmake_args' from command line to 'None'
[0.860s] [34mcolcon.colcon_core.verb[0m [1;30mLevel 5[0m set package 'patchwork_plusplus' build argument 'catkin_skip_building_tests' from command line to 'False'
[0.860s] [34mcolcon.colcon_core.verb[0m [1;30mDEBUG[0m [32mBuilding package 'patchwork_plusplus' with the following arguments: {'ament_cmake_args': None, 'build_base': '/media/subham/85dce0f4-2e29-4540-9a32-801850cfcef6/subham/LidarMapping2.5D/build/patchwork_plusplus', 'catkin_cmake_args': None, 'catkin_skip_building_tests': False, 'cmake_args': None, 'cmake_clean_cache': False, 'cmake_clean_first': False, 'cmake_force_configure': False, 'cmake_target': None, 'cmake_target_skip_unavailable': False, 'install_base': '/media/subham/85dce0f4-2e29-4540-9a32-801850cfcef6/subham/LidarMapping2.5D/install/patchwork_plusplus', 'merge_install': False, 'path': '/media/subham/85dce0f4-2e29-4540-9a32-801850cfcef6/subham/LidarMapping2.5D/src/patchwork-plusplus-ros2/patchwork_plusplus', 'symlink_install': True, 'test_result_base': None}[0m
[0.860s] [34mcolcon.colcon_core.verb[0m [1;30mLevel 5[0m set package 'velodyne_description' build argument 'cmake_args' from command line to 'None'
[0.861s] [34mcolcon.colcon_core.verb[0m [1;30mLevel 5[0m set package 'velodyne_description' build argument 'cmake_target' from command line to 'None'
[0.861s] [34mcolcon.colcon_core.verb[0m [1;30mLevel 5[0m set package 'velodyne_description' build argument 'cmake_target_skip_unavailable' from command line to 'False'
[0.861s] [34mcolcon.colcon_core.verb[0m [1;30mLevel 5[0m set package 'velodyne_description' build argument 'cmake_clean_cache' from command line to 'False'
[0.861s] [34mcolcon.colcon_core.verb[0m [1;30mLevel 5[0m set package 'velodyne_description' build argument 'cmake_clean_first' from command line to 'False'
[0.861s] [34mcolcon.colcon_core.verb[0m [1;30mLevel 5[0m set package 'velodyne_description' build argument 'cmake_force_configure' from command line to 'False'
[0.861s] [34mcolcon.colcon_core.verb[0m [1;30mLevel 5[0m set package 'velodyne_description' build argument 'ament_cmake_args' from command line to 'None'
[0.861s] [34mcolcon.colcon_core.verb[0m [1;30mLevel 5[0m set package 'velodyne_description' build argument 'catkin_cmake_args' from command line to 'None'
[0.861s] [34mcolcon.colcon_core.verb[0m [1;30mLevel 5[0m set package 'velodyne_description' build argument 'catkin_skip_building_tests' from command line to 'False'
[0.861s] [34mcolcon.colcon_core.verb[0m [1;30mDEBUG[0m [32mBuilding package 'velodyne_description' with the following arguments: {'ament_cmake_args': None, 'build_base': '/media/subham/85dce0f4-2e29-4540-9a32-801850cfcef6/subham/LidarMapping2.5D/build/velodyne_description', 'catkin_cmake_args': None, 'catkin_skip_building_tests': False, 'cmake_args': None, 'cmake_clean_cache': False, 'cmake_clean_first': False, 'cmake_force_configure': False, 'cmake_target': None, 'cmake_target_skip_unavailable': False, 'install_base': '/media/subham/85dce0f4-2e29-4540-9a32-801850cfcef6/subham/LidarMapping2.5D/install/velodyne_description', 'merge_install': False, 'path': '/media/subham/85dce0f4-2e29-4540-9a32-801850cfcef6/subham/LidarMapping2.5D/src/velodyne/velodyne_description', 'symlink_install': True, 'test_result_base': None}[0m
[0.862s] [34mcolcon.colcon_core.verb[0m [1;30mLevel 5[0m set package 'velodyne_simulator' build argument 'cmake_args' from command line to 'None'
[0.862s] [34mcolcon.colcon_core.verb[0m [1;30mLevel 5[0m set package 'velodyne_simulator' build argument 'cmake_target' from command line to 'None'
[0.862s] [34mcolcon.colcon_core.verb[0m [1;30mLevel 5[0m set package 'velodyne_simulator' build argument 'cmake_target_skip_unavailable' from command line to 'False'
[0.862s] [34mcolcon.colcon_core.verb[0m [1;30mLevel 5[0m set package 'velodyne_simulator' build argument 'cmake_clean_cache' from command line to 'False'
[0.862s] [34mcolcon.colcon_core.verb[0m [1;30mLevel 5[0m set package 'velodyne_simulator' build argument 'cmake_clean_first' from command line to 'False'
[0.862s] [34mcolcon.colcon_core.verb[0m [1;30mLevel 5[0m set package 'velodyne_simulator' build argument 'cmake_force_configure' from command line to 'False'
[0.862s] [34mcolcon.colcon_core.verb[0m [1;30mLevel 5[0m set package 'velodyne_simulator' build argument 'ament_cmake_args' from command line to 'None'
[0.862s] [34mcolcon.colcon_core.verb[0m [1;30mLevel 5[0m set package 'velodyne_simulator' build argument 'catkin_cmake_args' from command line to 'None'
[0.862s] [34mcolcon.colcon_core.verb[0m [1;30mLevel 5[0m set package 'velodyne_simulator' build argument 'catkin_skip_building_tests' from command line to 'False'
[0.862s] [34mcolcon.colcon_core.verb[0m [1;30mDEBUG[0m [32mBuilding package 'velodyne_simulator' with the following arguments: {'ament_cmake_args': None, 'build_base': '/media/subham/85dce0f4-2e29-4540-9a32-801850cfcef6/subham/LidarMapping2.5D/build/velodyne_simulator', 'catkin_cmake_args': None, 'catkin_skip_building_tests': False, 'cmake_args': None, 'cmake_clean_cache': False, 'cmake_clean_first': False, 'cmake_force_configure': False, 'cmake_target': None, 'cmake_target_skip_unavailable': False, 'install_base': '/media/subham/85dce0f4-2e29-4540-9a32-801850cfcef6/subham/LidarMapping2.5D/install/velodyne_simulator', 'merge_install': False, 'path': '/media/subham/85dce0f4-2e29-4540-9a32-801850cfcef6/subham/LidarMapping2.5D/src/velodyne/velodyne_simulator', 'symlink_install': True, 'test_result_base': None}[0m
[0.863s] [34mcolcon.colcon_core.executor[0m [1;30mINFO[0m Executing jobs using 'sequential' executor
[0.866s] [34mcolcon.colcon_core.executor.sequential[0m [1;30mDEBUG[0m [32mrun_until_complete 'fastdem'[0m
[0.867s] [34mcolcon.colcon_ros.task.cmake.build[0m [1;30mINFO[0m Building ROS package in '/media/subham/85dce0f4-2e29-4540-9a32-801850cfcef6/subham/LidarMapping2.5D/src/FastDEM/fastdem' with build type 'cmake'
[0.868s] [34mcolcon.colcon_cmake.task.cmake.build[0m [1;30mINFO[0m Building CMake package in '/media/subham/85dce0f4-2e29-4540-9a32-801850cfcef6/subham/LidarMapping2.5D/src/FastDEM/fastdem'
[0.875s] [34mcolcon.colcon_core.plugin_system[0m [1;30mINFO[0m Skipping extension 'colcon_core.shell.bat': Not used on non-Windows systems
[0.875s] [34mcolcon.colcon_core.shell[0m [1;30mINFO[0m Skip shell extension 'powershell' for command environment: Not usable outside of PowerShell
[0.875s] [34mcolcon.colcon_core.shell[0m [1;30mDEBUG[0m [32mSkip shell extension 'dsv' for command environment[0m
[0.914s] [34mcolcon.colcon_core.event_handler.log_command[0m [1;30mDEBUG[0m [32mInvoking command in '/media/subham/85dce0f4-2e29-4540-9a32-801850cfcef6/subham/LidarMapping2.5D/build/fastdem': CMAKE_PREFIX_PATH=${CMAKE_PREFIX_PATH}:/home/subham/omokai_ws/install/llm_navigation:/home/subham/Edge_AI_for_ADAS_and_Autonomous_Systems/install/adas_perception:/home/subham/Edge_AI_for_ADAS_and_Autonomous_Systems/install/adas_navigation:/home/subham/rover_ws/install/rover_navigation:/home/subham/anvrit_ws/install/anvrit_perception:/home/subham/anvrit_ws/install/anvrit_odometry:/home/subham/anvrit_ws/install/anvrit_nav2:/home/subham/igvc/install/igvc_perception:/home/subham/igvc/install/igvc_navigation:/home/subham/colcon_ws/install/ros2ai:/opt/ros/humble /usr/bin/cmake --build /media/subham/85dce0f4-2e29-4540-9a32-801850cfcef6/subham/LidarMapping2.5D/build/fastdem[0m
[1.262s] [34mcolcon.colcon_core.event_handler.log_command[0m [1;30mDEBUG[0m [32mInvoked command in '/media/subham/85dce0f4-2e29-4540-9a32-801850cfcef6/subham/LidarMapping2.5D/build/fastdem' returned '0': CMAKE_PREFIX_PATH=${CMAKE_PREFIX_PATH}:/home/subham/omokai_ws/install/llm_navigation:/home/subham/Edge_AI_for_ADAS_and_Autonomous_Systems/install/adas_perception:/home/subham/Edge_AI_for_ADAS_and_Autonomous_Systems/install/adas_navigation:/home/subham/rover_ws/install/rover_navigation:/home/subham/anvrit_ws/install/anvrit_perception:/home/subham/anvrit_ws/install/anvrit_odometry:/home/subham/anvrit_ws/install/anvrit_nav2:/home/subham/igvc/install/igvc_perception:/home/subham/igvc/install/igvc_navigation:/home/subham/colcon_ws/install/ros2ai:/opt/ros/humble /usr/bin/cmake --build /media/subham/85dce0f4-2e29-4540-9a32-801850cfcef6/subham/LidarMapping2.5D/build/fastdem[0m
[1.293s] [34mcolcon.colcon_core.event_handler.log_command[0m [1;30mDEBUG[0m [32mInvoking command in '/media/subham/85dce0f4-2e29-4540-9a32-801850cfcef6/subham/LidarMapping2.5D/build/fastdem': CMAKE_PREFIX_PATH=${CMAKE_PREFIX_PATH}:/home/subham/omokai_ws/install/llm_navigation:/home/subham/Edge_AI_for_ADAS_and_Autonomous_Systems/install/adas_perception:/home/subham/Edge_AI_for_ADAS_and_Autonomous_Systems/install/adas_navigation:/home/subham/rover_ws/install/rover_navigation:/home/subham/anvrit_ws/install/anvrit_perception:/home/subham/anvrit_ws/install/anvrit_odometry:/home/subham/anvrit_ws/install/anvrit_nav2:/home/subham/igvc/install/igvc_perception:/home/subham/igvc/install/igvc_navigation:/home/subham/colcon_ws/install/ros2ai:/opt/ros/humble /usr/bin/cmake --install /media/subham/85dce0f4-2e29-4540-9a32-801850cfcef6/subham/LidarMapping2.5D/build/fastdem[0m
[1.342s] [34mcolcon.colcon_core.shell[0m [1;30mLevel 1[0m create_environment_hook('fastdem', 'pkg_config_path')
[1.343s] [34mcolcon.colcon_core.shell[0m [1;30mINFO[0m Creating environment hook '/media/subham/85dce0f4-2e29-4540-9a32-801850cfcef6/subham/LidarMapping2.5D/install/fastdem/share/fastdem/hook/pkg_config_path.ps1'
[1.346s] [34mcolcon.colcon_core.shell[0m [1;30mINFO[0m Creating environment descriptor '/media/subham/85dce0f4-2e29-4540-9a32-801850cfcef6/subham/LidarMapping2.5D/install/fastdem/share/fastdem/hook/pkg_config_path.dsv'
[1.348s] [34mcolcon.colcon_core.shell[0m [1;30mINFO[0m Creating environment hook '/media/subham/85dce0f4-2e29-4540-9a32-801850cfcef6/subham/LidarMapping2.5D/install/fastdem/share/fastdem/hook/pkg_config_path.sh'
[1.354s] [34mcolcon.colcon_core.event_handler.log_command[0m [1;30mDEBUG[0m [32mInvoked command in '/media/subham/85dce0f4-2e29-4540-9a32-801850cfcef6/subham/LidarMapping2.5D/build/fastdem' returned '0': CMAKE_PREFIX_PATH=${CMAKE_PREFIX_PATH}:/home/subham/omokai_ws/install/llm_navigation:/home/subham/Edge_AI_for_ADAS_and_Autonomous_Systems/install/adas_perception:/home/subham/Edge_AI_for_ADAS_and_Autonomous_Systems/install/adas_navigation:/home/subham/rover_ws/install/rover_navigation:/home/subham/anvrit_ws/install/anvrit_perception:/home/subham/anvrit_ws/install/anvrit_odometry:/home/subham/anvrit_ws/install/anvrit_nav2:/home/subham/igvc/install/igvc_perception:/home/subham/igvc/install/igvc_navigation:/home/subham/colcon_ws/install/ros2ai:/opt/ros/humble /usr/bin/cmake --install /media/subham/85dce0f4-2e29-4540-9a32-801850cfcef6/subham/LidarMapping2.5D/build/fastdem[0m
[1.356s] [34mcolcon.colcon_core.shell[0m [1;30mLevel 1[0m create_environment_hook('fastdem', 'pkg_config_path_multiarch')
[1.357s] [34mcolcon.colcon_core.shell[0m [1;30mINFO[0m Creating environment hook '/media/subham/85dce0f4-2e29-4540-9a32-801850cfcef6/subham/LidarMapping2.5D/install/fastdem/share/fastdem/hook/pkg_config_path_multiarch.ps1'
[1.358s] [34mcolcon.colcon_core.shell[0m [1;30mINFO[0m Creating environment descriptor '/media/subham/85dce0f4-2e29-4540-9a32-801850cfcef6/subham/LidarMapping2.5D/install/fastdem/share/fastdem/hook/pkg_config_path_multiarch.dsv'
[1.359s] [34mcolcon.colcon_core.shell[0m [1;30mINFO[0m Creating environment hook '/media/subham/85dce0f4-2e29-4540-9a32-801850cfcef6/subham/LidarMapping2.5D/install/fastdem/share/fastdem/hook/pkg_config_path_multiarch.sh'
[1.360s] [34mcolcon.colcon_core.environment[0m [1;30mLevel 1[0m create_environment_scripts_only(fastdem)
[1.365s] [34mcolcon.colcon_core.environment[0m [1;30mLevel 1[0m checking '/media/subham/85dce0f4-2e29-4540-9a32-801850cfcef6/subham/LidarMapping2.5D/install/fastdem' for CMake module files
[1.367s] [34mcolcon.colcon_core.environment[0m [1;30mLevel 1[0m checking '/media/subham/85dce0f4-2e29-4540-9a32-801850cfcef6/subham/LidarMapping2.5D/install/fastdem' for CMake config files
[1.369s] [34mcolcon.colcon_core.shell[0m [1;30mLevel 1[0m create_environment_hook('fastdem', 'cmake_prefix_path')
[1.369s] [34mcolcon.colcon_core.shell[0m [1;30mINFO[0m Creating environment hook '/media/subham/85dce0f4-2e29-4540-9a32-801850cfcef6/subham/LidarMapping2.5D/install/fastdem/share/fastdem/hook/cmake_prefix_path.ps1'
[1.370s] [34mcolcon.colcon_core.shell[0m [1;30mINFO[0m Creating environment descriptor '/media/subham/85dce0f4-2e29-4540-9a32-801850cfcef6/subham/LidarMapping2.5D/install/fastdem/share/fastdem/hook/cmake_prefix_path.dsv'
[1.371s] [34mcolcon.colcon_core.shell[0m [1;30mINFO[0m Creating environment hook '/media/subham/85dce0f4-2e29-4540-9a32-801850cfcef6/subham/LidarMapping2.5D/install/fastdem/share/fastdem/hook/cmake_prefix_path.sh'
[1.373s] [34mcolcon.colcon_core.environment[0m [1;30mLevel 1[0m checking '/media/subham/85dce0f4-2e29-4540-9a32-801850cfcef6/subham/LidarMapping2.5D/install/fastdem/lib'
[1.373s] [34mcolcon.colcon_core.environment[0m [1;30mLevel 1[0m checking '/media/subham/85dce0f4-2e29-4540-9a32-801850cfcef6/subham/LidarMapping2.5D/install/fastdem/bin'
[1.373s] [34mcolcon.colcon_core.environment[0m [1;30mLevel 1[0m checking '/media/subham/85dce0f4-2e29-4540-9a32-801850cfcef6/subham/LidarMapping2.5D/install/fastdem/lib/pkgconfig/fastdem.pc'
[1.374s] [34mcolcon.colcon_core.environment[0m [1;30mLevel 1[0m checking '/media/subham/85dce0f4-2e29-4540-9a32-801850cfcef6/subham/LidarMapping2.5D/install/fastdem/lib/python3.10/site-packages'
[1.375s] [34mcolcon.colcon_core.environment[0m [1;30mLevel 1[0m checking '/media/subham/85dce0f4-2e29-4540-9a32-801850cfcef6/subham/LidarMapping2.5D/install/fastdem/bin'
[1.376s] [34mcolcon.colcon_core.shell[0m [1;30mINFO[0m Creating package script '/media/subham/85dce0f4-2e29-4540-9a32-801850cfcef6/subham/LidarMapping2.5D/install/fastdem/share/fastdem/package.ps1'
[1.378s] [34mcolcon.colcon_core.shell[0m [1;30mINFO[0m Creating package descriptor '/media/subham/85dce0f4-2e29-4540-9a32-801850cfcef6/subham/LidarMapping2.5D/install/fastdem/share/fastdem/package.dsv'
[1.380s] [34mcolcon.colcon_core.shell[0m [1;30mINFO[0m Creating package script '/media/subham/85dce0f4-2e29-4540-9a32-801850cfcef6/subham/LidarMapping2.5D/install/fastdem/share/fastdem/package.sh'
[1.382s] [34mcolcon.colcon_core.shell[0m [1;30mINFO[0m Creating package script '/media/subham/85dce0f4-2e29-4540-9a32-801850cfcef6/subham/LidarMapping2.5D/install/fastdem/share/fastdem/package.bash'
[1.384s] [34mcolcon.colcon_core.shell[0m [1;30mINFO[0m Creating package script '/media/subham/85dce0f4-2e29-4540-9a32-801850cfcef6/subham/LidarMapping2.5D/install/fastdem/share/fastdem/package.zsh'
[1.385s] [34mcolcon.colcon_core.environment[0m [1;30mLevel 1[0m create_file_with_runtime_dependencies(/media/subham/85dce0f4-2e29-4540-9a32-801850cfcef6/subham/LidarMapping2.5D/install/fastdem/share/colcon-core/packages/fastdem)
[1.386s] [34mcolcon.colcon_core.executor.sequential[0m [1;30mDEBUG[0m [32mrun_until_complete 'fastdem' finished with '0'[0m
[1.386s] [34mcolcon.colcon_core.executor.sequential[0m [1;30mDEBUG[0m [32mrun_until_complete 'jsk_recognition_msgs'[0m
[1.386s] [34mcolcon.colcon_ros.task.ament_cmake.build[0m [1;30mINFO[0m Building ROS package in '/media/subham/85dce0f4-2e29-4540-9a32-801850cfcef6/subham/LidarMapping2.5D/src/patchwork-plusplus-ros2/jsk_recognition_msgs' with build type 'ament_cmake'
[1.387s] [34mcolcon.colcon_cmake.task.cmake.build[0m [1;30mINFO[0m Building CMake package in '/media/subham/85dce0f4-2e29-4540-9a32-801850cfcef6/subham/LidarMapping2.5D/src/patchwork-plusplus-ros2/jsk_recognition_msgs'
[1.387s] [34mcolcon.colcon_core.shell[0m [1;30mINFO[0m Skip shell extension 'powershell' for command environment: Not usable outside of PowerShell
[1.387s] [34mcolcon.colcon_core.shell[0m [1;30mDEBUG[0m [32mSkip shell extension 'dsv' for command environment[0m
[1.424s] [34mcolcon.colcon_core.event_handler.log_command[0m [1;30mDEBUG[0m [32mInvoking command in '/media/subham/85dce0f4-2e29-4540-9a32-801850cfcef6/subham/LidarMapping2.5D/build/jsk_recognition_msgs': CMAKE_PREFIX_PATH=${CMAKE_PREFIX_PATH}:/home/subham/omokai_ws/install/llm_navigation:/home/subham/Edge_AI_for_ADAS_and_Autonomous_Systems/install/adas_perception:/home/subham/Edge_AI_for_ADAS_and_Autonomous_Systems/install/adas_navigation:/home/subham/rover_ws/install/rover_navigation:/home/subham/anvrit_ws/install/anvrit_perception:/home/subham/anvrit_ws/install/anvrit_odometry:/home/subham/anvrit_ws/install/anvrit_nav2:/home/subham/igvc/install/igvc_perception:/home/subham/igvc/install/igvc_navigation:/home/subham/colcon_ws/install/ros2ai:/opt/ros/humble /usr/bin/cmake --build /media/subham/85dce0f4-2e29-4540-9a32-801850cfcef6/subham/LidarMapping2.5D/build/jsk_recognition_msgs[0m
[6.377s] [34mcolcon.colcon_core.event_handler.log_command[0m [1;30mDEBUG[0m [32mInvoked command in '/media/subham/85dce0f4-2e29-4540-9a32-801850cfcef6/subham/LidarMapping2.5D/build/jsk_recognition_msgs' returned '0': CMAKE_PREFIX_PATH=${CMAKE_PREFIX_PATH}:/home/subham/omokai_ws/install/llm_navigation:/home/subham/Edge_AI_for_ADAS_and_Autonomous_Systems/install/adas_perception:/home/subham/Edge_AI_for_ADAS_and_Autonomous_Systems/install/adas_navigation:/home/subham/rover_ws/install/rover_navigation:/home/subham/anvrit_ws/install/anvrit_perception:/home/subham/anvrit_ws/install/anvrit_odometry:/home/subham/anvrit_ws/install/anvrit_nav2:/home/subham/igvc/install/igvc_perception:/home/subham/igvc/install/igvc_navigation:/home/subham/colcon_ws/install/ros2ai:/opt/ros/humble /usr/bin/cmake --build /media/subham/85dce0f4-2e29-4540-9a32-801850cfcef6/subham/LidarMapping2.5D/build/jsk_recognition_msgs[0m
[6.385s] [34mcolcon.colcon_core.event_handler.log_command[0m [1;30mDEBUG[0m [32mInvoking command in '/media/subham/85dce0f4-2e29-4540-9a32-801850cfcef6/subham/LidarMapping2.5D/build/jsk_recognition_msgs': CMAKE_PREFIX_PATH=${CMAKE_PREFIX_PATH}:/home/subham/omokai_ws/install/llm_navigation:/home/subham/Edge_AI_for_ADAS_and_Autonomous_Systems/install/adas_perception:/home/subham/Edge_AI_for_ADAS_and_Autonomous_Systems/install/adas_navigation:/home/subham/rover_ws/install/rover_navigation:/home/subham/anvrit_ws/install/anvrit_perception:/home/subham/anvrit_ws/install/anvrit_odometry:/home/subham/anvrit_ws/install/anvrit_nav2:/home/subham/igvc/install/igvc_perception:/home/subham/igvc/install/igvc_navigation:/home/subham/colcon_ws/install/ros2ai:/opt/ros/humble /usr/bin/cmake --install /media/subham/85dce0f4-2e29-4540-9a32-801850cfcef6/subham/LidarMapping2.5D/build/jsk_recognition_msgs[0m
[6.641s] [34mcolcon.colcon_core.environment[0m [1;30mLevel 1[0m create_environment_scripts_only(jsk_recognition_msgs)
[6.642s] [34mcolcon.colcon_core.environment[0m [1;30mLevel 1[0m checking '/media/subham/85dce0f4-2e29-4540-9a32-801850cfcef6/subham/LidarMapping2.5D/install/jsk_recognition_msgs' for CMake module files
[6.643s] [34mcolcon.colcon_core.event_handler.log_command[0m [1;30mDEBUG[0m [32mInvoked command in '/media/subham/85dce0f4-2e29-4540-9a32-801850cfcef6/subham/LidarMapping2.5D/build/jsk_recognition_msgs' returned '0': CMAKE_PREFIX_PATH=${CMAKE_PREFIX_PATH}:/home/subham/omokai_ws/install/llm_navigation:/home/subham/Edge_AI_for_ADAS_and_Autonomous_Systems/install/adas_perception:/home/subham/Edge_AI_for_ADAS_and_Autonomous_Systems/install/adas_navigation:/home/subham/rover_ws/install/rover_navigation:/home/subham/anvrit_ws/install/anvrit_perception:/home/subham/anvrit_ws/install/anvrit_odometry:/home/subham/anvrit_ws/install/anvrit_nav2:/home/subham/igvc/install/igvc_perception:/home/subham/igvc/install/igvc_navigation:/home/subham/colcon_ws/install/ros2ai:/opt/ros/humble /usr/bin/cmake --install /media/subham/85dce0f4-2e29-4540-9a32-801850cfcef6/subham/LidarMapping2.5D/build/jsk_recognition_msgs[0m
[6.644s] [34mcolcon.colcon_core.environment[0m [1;30mLevel 1[0m checking '/media/subham/85dce0f4-2e29-4540-9a32-801850cfcef6/subham/LidarMapping2.5D/install/jsk_recognition_msgs' for CMake config files
[6.646s] [34mcolcon.colcon_core.shell[0m [1;30mLevel 1[0m create_environment_hook('jsk_recognition_msgs', 'cmake_prefix_path')
[6.647s] [34mcolcon.colcon_core.shell[0m [1;30mINFO[0m Creating environment hook '/media/subham/85dce0f4-2e29-4540-9a32-801850cfcef6/subham/LidarMapping2.5D/install/jsk_recognition_msgs/share/jsk_recognition_msgs/hook/cmake_prefix_path.ps1'
[6.648s] [34mcolcon.colcon_core.shell[0m [1;30mINFO[0m Creating environment descriptor '/media/subham/85dce0f4-2e29-4540-9a32-801850cfcef6/subham/LidarMapping2.5D/install/jsk_recognition_msgs/share/jsk_recognition_msgs/hook/cmake_prefix_path.dsv'
[6.649s] [34mcolcon.colcon_core.shell[0m [1;30mINFO[0m Creating environment hook '/media/subham/85dce0f4-2e29-4540-9a32-801850cfcef6/subham/LidarMapping2.5D/install/jsk_recognition_msgs/share/jsk_recognition_msgs/hook/cmake_prefix_path.sh'
[6.651s] [34mcolcon.colcon_core.environment[0m [1;30mLevel 1[0m checking '/media/subham/85dce0f4-2e29-4540-9a32-801850cfcef6/subham/LidarMapping2.5D/install/jsk_recognition_msgs/lib'
[6.651s] [34mcolcon.colcon_core.shell[0m [1;30mLevel 1[0m create_environment_hook('jsk_recognition_msgs', 'ld_library_path_lib')
[6.652s] [34mcolcon.colcon_core.shell[0m [1;30mINFO[0m Creating environment hook '/media/subham/85dce0f4-2e29-4540-9a32-801850cfcef6/subham/LidarMapping2.5D/install/jsk_recognition_msgs/share/jsk_recognition_msgs/hook/ld_library_path_lib.ps1'
[6.653s] [34mcolcon.colcon_core.shell[0m [1;30mINFO[0m Creating environment descriptor '/media/subham/85dce0f4-2e29-4540-9a32-801850cfcef6/subham/LidarMapping2.5D/install/jsk_recognition_msgs/share/jsk_recognition_msgs/hook/ld_library_path_lib.dsv'
[6.654s] [34mcolcon.colcon_core.shell[0m [1;30mINFO[0m Creating environment hook '/media/subham/85dce0f4-2e29-4540-9a32-801850cfcef6/subham/LidarMapping2.5D/install/jsk_recognition_msgs/share/jsk_recognition_msgs/hook/ld_library_path_lib.sh'
[6.655s] [34mcolcon.colcon_core.environment[0m [1;30mLevel 1[0m checking '/media/subham/85dce0f4-2e29-4540-9a32-801850cfcef6/subham/LidarMapping2.5D/install/jsk_recognition_msgs/bin'
[6.655s] [34mcolcon.colcon_core.environment[0m [1;30mLevel 1[0m checking '/media/subham/85dce0f4-2e29-4540-9a32-801850cfcef6/subham/LidarMapping2.5D/install/jsk_recognition_msgs/lib/pkgconfig/jsk_recognition_msgs.pc'
[6.655s] [34mcolcon.colcon_core.environment[0m [1;30mLevel 1[0m checking '/media/subham/85dce0f4-2e29-4540-9a32-801850cfcef6/subham/LidarMapping2.5D/install/jsk_recognition_msgs/lib/python3.10/site-packages'
[6.656s] [34mcolcon.colcon_core.environment[0m [1;30mLevel 1[0m checking '/media/subham/85dce0f4-2e29-4540-9a32-801850cfcef6/subham/LidarMapping2.5D/install/jsk_recognition_msgs/bin'
[6.657s] [34mcolcon.colcon_core.shell[0m [1;30mINFO[0m Creating package script '/media/subham/85dce0f4-2e29-4540-9a32-801850cfcef6/subham/LidarMapping2.5D/install/jsk_recognition_msgs/share/jsk_recognition_msgs/package.ps1'
[6.658s] [34mcolcon.colcon_core.shell[0m [1;30mINFO[0m Creating package descriptor '/media/subham/85dce0f4-2e29-4540-9a32-801850cfcef6/subham/LidarMapping2.5D/install/jsk_recognition_msgs/share/jsk_recognition_msgs/package.dsv'
[6.659s] [34mcolcon.colcon_core.shell[0m [1;30mINFO[0m Creating package script '/media/subham/85dce0f4-2e29-4540-9a32-801850cfcef6/subham/LidarMapping2.5D/install/jsk_recognition_msgs/share/jsk_recognition_msgs/package.sh'
[6.660s] [34mcolcon.colcon_core.shell[0m [1;30mINFO[0m Creating package script '/media/subham/85dce0f4-2e29-4540-9a32-801850cfcef6/subham/LidarMapping2.5D/install/jsk_recognition_msgs/share/jsk_recognition_msgs/package.bash'
[6.661s] [34mcolcon.colcon_core.shell[0m [1;30mINFO[0m Creating package script '/media/subham/85dce0f4-2e29-4540-9a32-801850cfcef6/subham/LidarMapping2.5D/install/jsk_recognition_msgs/share/jsk_recognition_msgs/package.zsh'
[6.662s] [34mcolcon.colcon_core.environment[0m [1;30mLevel 1[0m create_file_with_runtime_dependencies(/media/subham/85dce0f4-2e29-4540-9a32-801850cfcef6/subham/LidarMapping2.5D/install/jsk_recognition_msgs/share/colcon-core/packages/jsk_recognition_msgs)
[6.663s] [34mcolcon.colcon_core.environment[0m [1;30mLevel 1[0m create_environment_scripts_only(jsk_recognition_msgs)
[6.664s] [34mcolcon.colcon_core.environment[0m [1;30mLevel 1[0m checking '/media/subham/85dce0f4-2e29-4540-9a32-801850cfcef6/subham/LidarMapping2.5D/install/jsk_recognition_msgs' for CMake module files
[6.665s] [34mcolcon.colcon_core.environment[0m [1;30mLevel 1[0m checking '/media/subham/85dce0f4-2e29-4540-9a32-801850cfcef6/subham/LidarMapping2.5D/install/jsk_recognition_msgs' for CMake config files
[6.667s] [34mcolcon.colcon_core.shell[0m [1;30mLevel 1[0m create_environment_hook('jsk_recognition_msgs', 'cmake_prefix_path')
[6.668s] [34mcolcon.colcon_core.shell[0m [1;30mINFO[0m Creating environment hook '/media/subham/85dce0f4-2e29-4540-9a32-801850cfcef6/subham/LidarMapping2.5D/install/jsk_recognition_msgs/share/jsk_recognition_msgs/hook/cmake_prefix_path.ps1'
[6.669s] [34mcolcon.colcon_core.shell[0m [1;30mINFO[0m Creating environment descriptor '/media/subham/85dce0f4-2e29-4540-9a32-801850cfcef6/subham/LidarMapping2.5D/install/jsk_recognition_msgs/share/jsk_recognition_msgs/hook/cmake_prefix_path.dsv'
[6.670s] [34mcolcon.colcon_core.shell[0m [1;30mINFO[0m Creating environment hook '/media/subham/85dce0f4-2e29-4540-9a32-801850cfcef6/subham/LidarMapping2.5D/install/jsk_recognition_msgs/share/jsk_recognition_msgs/hook/cmake_prefix_path.sh'
[6.671s] [34mcolcon.colcon_core.environment[0m [1;30mLevel 1[0m checking '/media/subham/85dce0f4-2e29-4540-9a32-801850cfcef6/subham/LidarMapping2.5D/install/jsk_recognition_msgs/lib'
[6.671s] [34mcolcon.colcon_core.shell[0m [1;30mLevel 1[0m create_environment_hook('jsk_recognition_msgs', 'ld_library_path_lib')
[6.671s] [34mcolcon.colcon_core.shell[0m [1;30mINFO[0m Creating environment hook '/media/subham/85dce0f4-2e29-4540-9a32-801850cfcef6/subham/LidarMapping2.5D/install/jsk_recognition_msgs/share/jsk_recognition_msgs/hook/ld_library_path_lib.ps1'
[6.672s] [34mcolcon.colcon_core.shell[0m [1;30mINFO[0m Creating environment descriptor '/media/subham/85dce0f4-2e29-4540-9a32-801850cfcef6/subham/LidarMapping2.5D/install/jsk_recognition_msgs/share/jsk_recognition_msgs/hook/ld_library_path_lib.dsv'
[6.673s] [34mcolcon.colcon_core.shell[0m [1;30mINFO[0m Creating environment hook '/media/subham/85dce0f4-2e29-4540-9a32-801850cfcef6/subham/LidarMapping2.5D/install/jsk_recognition_msgs/share/jsk_recognition_msgs/hook/ld_library_path_lib.sh'
[6.674s] [34mcolcon.colcon_core.environment[0m [1;30mLevel 1[0m checking '/media/subham/85dce0f4-2e29-4540-9a32-801850cfcef6/subham/LidarMapping2.5D/install/jsk_recognition_msgs/bin'
[6.674s] [34mcolcon.colcon_core.environment[0m [1;30mLevel 1[0m checking '/media/subham/85dce0f4-2e29-4540-9a32-801850cfcef6/subham/LidarMapping2.5D/install/jsk_recognition_msgs/lib/pkgconfig/jsk_recognition_msgs.pc'
[6.674s] [34mcolcon.colcon_core.environment[0m [1;30mLevel 1[0m checking '/media/subham/85dce0f4-2e29-4540-9a32-801850cfcef6/subham/LidarMapping2.5D/install/jsk_recognition_msgs/lib/python3.10/site-packages'
[6.675s] [34mcolcon.colcon_core.environment[0m [1;30mLevel 1[0m checking '/media/subham/85dce0f4-2e29-4540-9a32-801850cfcef6/subham/LidarMapping2.5D/install/jsk_recognition_msgs/bin'
[6.676s] [34mcolcon.colcon_core.shell[0m [1;30mINFO[0m Creating package script '/media/subham/85dce0f4-2e29-4540-9a32-801850cfcef6/subham/LidarMapping2.5D/install/jsk_recognition_msgs/share/jsk_recognition_msgs/package.ps1'
[6.677s] [34mcolcon.colcon_core.shell[0m [1;30mINFO[0m Creating package descriptor '/media/subham/85dce0f4-2e29-4540-9a32-801850cfcef6/subham/LidarMapping2.5D/install/jsk_recognition_msgs/share/jsk_recognition_msgs/package.dsv'
[6.679s] [34mcolcon.colcon_core.shell[0m [1;30mINFO[0m Creating package script '/media/subham/85dce0f4-2e29-4540-9a32-801850cfcef6/subham/LidarMapping2.5D/install/jsk_recognition_msgs/share/jsk_recognition_msgs/package.sh'
[6.680s] [34mcolcon.colcon_core.shell[0m [1;30mINFO[0m Creating package script '/media/subham/85dce0f4-2e29-4540-9a32-801850cfcef6/subham/LidarMapping2.5D/install/jsk_recognition_msgs/share/jsk_recognition_msgs/package.bash'
[6.682s] [34mcolcon.colcon_core.shell[0m [1;30mINFO[0m Creating package script '/media/subham/85dce0f4-2e29-4540-9a32-801850cfcef6/subham/LidarMapping2.5D/install/jsk_recognition_msgs/share/jsk_recognition_msgs/package.zsh'
[6.683s] [34mcolcon.colcon_core.environment[0m [1;30mLevel 1[0m create_file_with_runtime_dependencies(/media/subham/85dce0f4-2e29-4540-9a32-801850cfcef6/subham/LidarMapping2.5D/install/jsk_recognition_msgs/share/colcon-core/packages/jsk_recognition_msgs)
[6.683s] [34mcolcon.colcon_core.executor.sequential[0m [1;30mDEBUG[0m [32mrun_until_complete 'jsk_recognition_msgs' finished with '0'[0m
[6.684s] [34mcolcon.colcon_core.executor.sequential[0m [1;30mDEBUG[0m [32mrun_until_complete 'lid_description'[0m
[6.684s] [34mcolcon.colcon_ros.task.ament_cmake.build[0m [1;30mINFO[0m Building ROS package in '/media/subham/85dce0f4-2e29-4540-9a32-801850cfcef6/subham/LidarMapping2.5D/src/lid_description' with build type 'ament_cmake'
[6.684s] [34mcolcon.colcon_cmake.task.cmake.build[0m [1;30mINFO[0m Building CMake package in '/media/subham/85dce0f4-2e29-4540-9a32-801850cfcef6/subham/LidarMapping2.5D/src/lid_description'
[6.685s] [34mcolcon.colcon_core.shell[0m [1;30mINFO[0m Skip shell extension 'powershell' for command environment: Not usable outside of PowerShell
[6.685s] [34mcolcon.colcon_core.shell[0m [1;30mDEBUG[0m [32mSkip shell extension 'dsv' for command environment[0m
[6.722s] [34mcolcon.colcon_core.event_handler.log_command[0m [1;30mDEBUG[0m [32mInvoking command in '/media/subham/85dce0f4-2e29-4540-9a32-801850cfcef6/subham/LidarMapping2.5D/build/lid_description': CMAKE_PREFIX_PATH=${CMAKE_PREFIX_PATH}:/home/subham/omokai_ws/install/llm_navigation:/home/subham/Edge_AI_for_ADAS_and_Autonomous_Systems/install/adas_perception:/home/subham/Edge_AI_for_ADAS_and_Autonomous_Systems/install/adas_navigation:/home/subham/rover_ws/install/rover_navigation:/home/subham/anvrit_ws/install/anvrit_perception:/home/subham/anvrit_ws/install/anvrit_odometry:/home/subham/anvrit_ws/install/anvrit_nav2:/home/subham/igvc/install/igvc_perception:/home/subham/igvc/install/igvc_navigation:/home/subham/colcon_ws/install/ros2ai:/opt/ros/humble /usr/bin/cmake --build /media/subham/85dce0f4-2e29-4540-9a32-801850cfcef6/subham/LidarMapping2.5D/build/lid_description[0m
[6.838s] [34mcolcon.colcon_core.event_handler.log_command[0m [1;30mDEBUG[0m [32mInvoked command in '/media/subham/85dce0f4-2e29-4540-9a32-801850cfcef6/subham/LidarMapping2.5D/build/lid_description' returned '0': CMAKE_PREFIX_PATH=${CMAKE_PREFIX_PATH}:/home/subham/omokai_ws/install/llm_navigation:/home/subham/Edge_AI_for_ADAS_and_Autonomous_Systems/install/adas_perception:/home/subham/Edge_AI_for_ADAS_and_Autonomous_Systems/install/adas_navigation:/home/subham/rover_ws/install/rover_navigation:/home/subham/anvrit_ws/install/anvrit_perception:/home/subham/anvrit_ws/install/anvrit_odometry:/home/subham/anvrit_ws/install/anvrit_nav2:/home/subham/igvc/install/igvc_perception:/home/subham/igvc/install/igvc_navigation:/home/subham/colcon_ws/install/ros2ai:/opt/ros/humble /usr/bin/cmake --build /media/subham/85dce0f4-2e29-4540-9a32-801850cfcef6/subham/LidarMapping2.5D/build/lid_description[0m
[6.842s] [34mcolcon.colcon_core.event_handler.log_command[0m [1;30mDEBUG[0m [32mInvoking command in '/media/subham/85dce0f4-2e29-4540-9a32-801850cfcef6/subham/LidarMapping2.5D/build/lid_description': CMAKE_PREFIX_PATH=${CMAKE_PREFIX_PATH}:/home/subham/omokai_ws/install/llm_navigation:/home/subham/Edge_AI_for_ADAS_and_Autonomous_Systems/install/adas_perception:/home/subham/Edge_AI_for_ADAS_and_Autonomous_Systems/install/adas_navigation:/home/subham/rover_ws/install/rover_navigation:/home/subham/anvrit_ws/install/anvrit_perception:/home/subham/anvrit_ws/install/anvrit_odometry:/home/subham/anvrit_ws/install/anvrit_nav2:/home/subham/igvc/install/igvc_perception:/home/subham/igvc/install/igvc_navigation:/home/subham/colcon_ws/install/ros2ai:/opt/ros/humble /usr/bin/cmake --install /media/subham/85dce0f4-2e29-4540-9a32-801850cfcef6/subham/LidarMapping2.5D/build/lid_description[0m
[6.922s] [34mcolcon.colcon_core.environment[0m [1;30mLevel 1[0m create_environment_scripts_only(lid_description)
[6.922s] [34mcolcon.colcon_core.environment[0m [1;30mLevel 1[0m checking '/media/subham/85dce0f4-2e29-4540-9a32-801850cfcef6/subham/LidarMapping2.5D/install/lid_description' for CMake module files
[6.923s] [34mcolcon.colcon_core.event_handler.log_command[0m [1;30mDEBUG[0m [32mInvoked command in '/media/subham/85dce0f4-2e29-4540-9a32-801850cfcef6/subham/LidarMapping2.5D/build/lid_description' returned '0': CMAKE_PREFIX_PATH=${CMAKE_PREFIX_PATH}:/home/subham/omokai_ws/install/llm_navigation:/home/subham/Edge_AI_for_ADAS_and_Autonomous_Systems/install/adas_perception:/home/subham/Edge_AI_for_ADAS_and_Autonomous_Systems/install/adas_navigation:/home/subham/rover_ws/install/rover_navigation:/home/subham/anvrit_ws/install/anvrit_perception:/home/subham/anvrit_ws/install/anvrit_odometry:/home/subham/anvrit_ws/install/anvrit_nav2:/home/subham/igvc/install/igvc_perception:/home/subham/igvc/install/igvc_navigation:/home/subham/colcon_ws/install/ros2ai:/opt/ros/humble /usr/bin/cmake --install /media/subham/85dce0f4-2e29-4540-9a32-801850cfcef6/subham/LidarMapping2.5D/build/lid_description[0m
[6.925s] [34mcolcon.colcon_core.environment[0m [1;30mLevel 1[0m checking '/media/subham/85dce0f4-2e29-4540-9a32-801850cfcef6/subham/LidarMapping2.5D/install/lid_description' for CMake config files
[6.926s] [34mcolcon.colcon_core.shell[0m [1;30mLevel 1[0m create_environment_hook('lid_description', 'cmake_prefix_path')
[6.926s] [34mcolcon.colcon_core.shell[0m [1;30mINFO[0m Creating environment hook '/media/subham/85dce0f4-2e29-4540-9a32-801850cfcef6/subham/LidarMapping2.5D/install/lid_description/share/lid_description/hook/cmake_prefix_path.ps1'
[6.927s] [34mcolcon.colcon_core.shell[0m [1;30mINFO[0m Creating environment descriptor '/media/subham/85dce0f4-2e29-4540-9a32-801850cfcef6/subham/LidarMapping2.5D/install/lid_description/share/lid_description/hook/cmake_prefix_path.dsv'
[6.928s] [34mcolcon.colcon_core.shell[0m [1;30mINFO[0m Creating environment hook '/media/subham/85dce0f4-2e29-4540-9a32-801850cfcef6/subham/LidarMapping2.5D/install/lid_description/share/lid_description/hook/cmake_prefix_path.sh'
[6.929s] [34mcolcon.colcon_core.environment[0m [1;30mLevel 1[0m checking '/media/subham/85dce0f4-2e29-4540-9a32-801850cfcef6/subham/LidarMapping2.5D/install/lid_description/bin'
[6.930s] [34mcolcon.colcon_core.environment[0m [1;30mLevel 1[0m checking '/media/subham/85dce0f4-2e29-4540-9a32-801850cfcef6/subham/LidarMapping2.5D/install/lid_description/lib/pkgconfig/lid_description.pc'
[6.930s] [34mcolcon.colcon_core.environment[0m [1;30mLevel 1[0m checking '/media/subham/85dce0f4-2e29-4540-9a32-801850cfcef6/subham/LidarMapping2.5D/install/lid_description/lib/python3.10/site-packages'
[6.931s] [34mcolcon.colcon_core.environment[0m [1;30mLevel 1[0m checking '/media/subham/85dce0f4-2e29-4540-9a32-801850cfcef6/subham/LidarMapping2.5D/install/lid_description/bin'
[6.932s] [34mcolcon.colcon_core.shell[0m [1;30mINFO[0m Creating package script '/media/subham/85dce0f4-2e29-4540-9a32-801850cfcef6/subham/LidarMapping2.5D/install/lid_description/share/lid_description/package.ps1'
[6.933s] [34mcolcon.colcon_core.shell[0m [1;30mINFO[0m Creating package descriptor '/media/subham/85dce0f4-2e29-4540-9a32-801850cfcef6/subham/LidarMapping2.5D/install/lid_description/share/lid_description/package.dsv'
[6.934s] [34mcolcon.colcon_core.shell[0m [1;30mINFO[0m Creating package script '/media/subham/85dce0f4-2e29-4540-9a32-801850cfcef6/subham/LidarMapping2.5D/install/lid_description/share/lid_description/package.sh'
[6.935s] [34mcolcon.colcon_core.shell[0m [1;30mINFO[0m Creating package script '/media/subham/85dce0f4-2e29-4540-9a32-801850cfcef6/subham/LidarMapping2.5D/install/lid_description/share/lid_description/package.bash'
[6.936s] [34mcolcon.colcon_core.shell[0m [1;30mINFO[0m Creating package script '/media/subham/85dce0f4-2e29-4540-9a32-801850cfcef6/subham/LidarMapping2.5D/install/lid_description/share/lid_description/package.zsh'
[6.936s] [34mcolcon.colcon_core.environment[0m [1;30mLevel 1[0m create_file_with_runtime_dependencies(/media/subham/85dce0f4-2e29-4540-9a32-801850cfcef6/subham/LidarMapping2.5D/install/lid_description/share/colcon-core/packages/lid_description)
[6.937s] [34mcolcon.colcon_core.environment[0m [1;30mLevel 1[0m create_environment_scripts_only(lid_description)
[6.938s] [34mcolcon.colcon_core.environment[0m [1;30mLevel 1[0m checking '/media/subham/85dce0f4-2e29-4540-9a32-801850cfcef6/subham/LidarMapping2.5D/install/lid_description' for CMake module files
[6.939s] [34mcolcon.colcon_core.environment[0m [1;30mLevel 1[0m checking '/media/subham/85dce0f4-2e29-4540-9a32-801850cfcef6/subham/LidarMapping2.5D/install/lid_description' for CMake config files
[6.940s] [34mcolcon.colcon_core.shell[0m [1;30mLevel 1[0m create_environment_hook('lid_description', 'cmake_prefix_path')
[6.940s] [34mcolcon.colcon_core.shell[0m [1;30mINFO[0m Creating environment hook '/media/subham/85dce0f4-2e29-4540-9a32-801850cfcef6/subham/LidarMapping2.5D/install/lid_description/share/lid_description/hook/cmake_prefix_path.ps1'
[6.941s] [34mcolcon.colcon_core.shell[0m [1;30mINFO[0m Creating environment descriptor '/media/subham/85dce0f4-2e29-4540-9a32-801850cfcef6/subham/LidarMapping2.5D/install/lid_description/share/lid_description/hook/cmake_prefix_path.dsv'
[6.942s] [34mcolcon.colcon_core.shell[0m [1;30mINFO[0m Creating environment hook '/media/subham/85dce0f4-2e29-4540-9a32-801850cfcef6/subham/LidarMapping2.5D/install/lid_description/share/lid_description/hook/cmake_prefix_path.sh'
[6.943s] [34mcolcon.colcon_core.environment[0m [1;30mLevel 1[0m checking '/media/subham/85dce0f4-2e29-4540-9a32-801850cfcef6/subham/LidarMapping2.5D/install/lid_description/bin'
[6.943s] [34mcolcon.colcon_core.environment[0m [1;30mLevel 1[0m checking '/media/subham/85dce0f4-2e29-4540-9a32-801850cfcef6/subham/LidarMapping2.5D/install/lid_description/lib/pkgconfig/lid_description.pc'
[6.944s] [34mcolcon.colcon_core.environment[0m [1;30mLevel 1[0m checking '/media/subham/85dce0f4-2e29-4540-9a32-801850cfcef6/subham/LidarMapping2.5D/install/lid_description/lib/python3.10/site-packages'
[6.944s] [34mcolcon.colcon_core.environment[0m [1;30mLevel 1[0m checking '/media/subham/85dce0f4-2e29-4540-9a32-801850cfcef6/subham/LidarMapping2.5D/install/lid_description/bin'
[6.946s] [34mcolcon.colcon_core.shell[0m [1;30mINFO[0m Creating package script '/media/subham/85dce0f4-2e29-4540-9a32-801850cfcef6/subham/LidarMapping2.5D/install/lid_description/share/lid_description/package.ps1'
[6.947s] [34mcolcon.colcon_core.shell[0m [1;30mINFO[0m Creating package descriptor '/media/subham/85dce0f4-2e29-4540-9a32-801850cfcef6/subham/LidarMapping2.5D/install/lid_description/share/lid_description/package.dsv'
[6.948s] [34mcolcon.colcon_core.shell[0m [1;30mINFO[0m Creating package script '/media/subham/85dce0f4-2e29-4540-9a32-801850cfcef6/subham/LidarMapping2.5D/install/lid_description/share/lid_description/package.sh'
[6.950s] [34mcolcon.colcon_core.shell[0m [1;30mINFO[0m Creating package script '/media/subham/85dce0f4-2e29-4540-9a32-801850cfcef6/subham/LidarMapping2.5D/install/lid_description/share/lid_description/package.bash'
[6.950s] [34mcolcon.colcon_core.shell[0m [1;30mINFO[0m Creating package script '/media/subham/85dce0f4-2e29-4540-9a32-801850cfcef6/subham/LidarMapping2.5D/install/lid_description/share/lid_description/package.zsh'
[6.951s] [34mcolcon.colcon_core.environment[0m [1;30mLevel 1[0m create_file_with_runtime_dependencies(/media/subham/85dce0f4-2e29-4540-9a32-801850cfcef6/subham/LidarMapping2.5D/install/lid_description/share/colcon-core/packages/lid_description)
[6.952s] [34mcolcon.colcon_core.executor.sequential[0m [1;30mDEBUG[0m [32mrun_until_complete 'lid_description' finished with '0'[0m
[6.952s] [34mcolcon.colcon_core.executor.sequential[0m [1;30mDEBUG[0m [32mrun_until_complete 'lid_simulation'[0m
[6.952s] [34mcolcon.colcon_ros.task.ament_cmake.build[0m [1;30mINFO[0m Building ROS package in '/media/subham/85dce0f4-2e29-4540-9a32-801850cfcef6/subham/LidarMapping2.5D/src/lid_simulation' with build type 'ament_cmake'
[6.953s] [34mcolcon.colcon_cmake.task.cmake.build[0m [1;30mINFO[0m Building CMake package in '/media/subham/85dce0f4-2e29-4540-9a32-801850cfcef6/subham/LidarMapping2.5D/src/lid_simulation'
[6.953s] [34mcolcon.colcon_core.shell[0m [1;30mINFO[0m Skip shell extension 'powershell' for command environment: Not usable outside of PowerShell
[6.953s] [34mcolcon.colcon_core.shell[0m [1;30mDEBUG[0m [32mSkip shell extension 'dsv' for command environment[0m
[6.993s] [34mcolcon.colcon_core.event_handler.log_command[0m [1;30mDEBUG[0m [32mInvoking command in '/media/subham/85dce0f4-2e29-4540-9a32-801850cfcef6/subham/LidarMapping2.5D/build/lid_simulation': CMAKE_PREFIX_PATH=${CMAKE_PREFIX_PATH}:/home/subham/omokai_ws/install/llm_navigation:/home/subham/Edge_AI_for_ADAS_and_Autonomous_Systems/install/adas_perception:/home/subham/Edge_AI_for_ADAS_and_Autonomous_Systems/install/adas_navigation:/home/subham/rover_ws/install/rover_navigation:/home/subham/anvrit_ws/install/anvrit_perception:/home/subham/anvrit_ws/install/anvrit_odometry:/home/subham/anvrit_ws/install/anvrit_nav2:/home/subham/igvc/install/igvc_perception:/home/subham/igvc/install/igvc_navigation:/home/subham/colcon_ws/install/ros2ai:/opt/ros/humble /usr/bin/cmake --build /media/subham/85dce0f4-2e29-4540-9a32-801850cfcef6/subham/LidarMapping2.5D/build/lid_simulation[0m
[7.114s] [34mcolcon.colcon_core.event_handler.log_command[0m [1;30mDEBUG[0m [32mInvoked command in '/media/subham/85dce0f4-2e29-4540-9a32-801850cfcef6/subham/LidarMapping2.5D/build/lid_simulation' returned '0': CMAKE_PREFIX_PATH=${CMAKE_PREFIX_PATH}:/home/subham/omokai_ws/install/llm_navigation:/home/subham/Edge_AI_for_ADAS_and_Autonomous_Systems/install/adas_perception:/home/subham/Edge_AI_for_ADAS_and_Autonomous_Systems/install/adas_navigation:/home/subham/rover_ws/install/rover_navigation:/home/subham/anvrit_ws/install/anvrit_perception:/home/subham/anvrit_ws/install/anvrit_odometry:/home/subham/anvrit_ws/install/anvrit_nav2:/home/subham/igvc/install/igvc_perception:/home/subham/igvc/install/igvc_navigation:/home/subham/colcon_ws/install/ros2ai:/opt/ros/humble /usr/bin/cmake --build /media/subham/85dce0f4-2e29-4540-9a32-801850cfcef6/subham/LidarMapping2.5D/build/lid_simulation[0m
[7.119s] [34mcolcon.colcon_core.event_handler.log_command[0m [1;30mDEBUG[0m [32mInvoking command in '/media/subham/85dce0f4-2e29-4540-9a32-801850cfcef6/subham/LidarMapping2.5D/build/lid_simulation': CMAKE_PREFIX_PATH=${CMAKE_PREFIX_PATH}:/home/subham/omokai_ws/install/llm_navigation:/home/subham/Edge_AI_for_ADAS_and_Autonomous_Systems/install/adas_perception:/home/subham/Edge_AI_for_ADAS_and_Autonomous_Systems/install/adas_navigation:/home/subham/rover_ws/install/rover_navigation:/home/subham/anvrit_ws/install/anvrit_perception:/home/subham/anvrit_ws/install/anvrit_odometry:/home/subham/anvrit_ws/install/anvrit_nav2:/home/subham/igvc/install/igvc_perception:/home/subham/igvc/install/igvc_navigation:/home/subham/colcon_ws/install/ros2ai:/opt/ros/humble /usr/bin/cmake --install /media/subham/85dce0f4-2e29-4540-9a32-801850cfcef6/subham/LidarMapping2.5D/build/lid_simulation[0m
[7.197s] [34mcolcon.colcon_core.environment[0m [1;30mLevel 1[0m create_environment_scripts_only(lid_simulation)
[7.197s] [34mcolcon.colcon_core.environment[0m [1;30mLevel 1[0m checking '/media/subham/85dce0f4-2e29-4540-9a32-801850cfcef6/subham/LidarMapping2.5D/install/lid_simulation' for CMake module files
[7.199s] [34mcolcon.colcon_core.event_handler.log_command[0m [1;30mDEBUG[0m [32mInvoked command in '/media/subham/85dce0f4-2e29-4540-9a32-801850cfcef6/subham/LidarMapping2.5D/build/lid_simulation' returned '0': CMAKE_PREFIX_PATH=${CMAKE_PREFIX_PATH}:/home/subham/omokai_ws/install/llm_navigation:/home/subham/Edge_AI_for_ADAS_and_Autonomous_Systems/install/adas_perception:/home/subham/Edge_AI_for_ADAS_and_Autonomous_Systems/install/adas_navigation:/home/subham/rover_ws/install/rover_navigation:/home/subham/anvrit_ws/install/anvrit_perception:/home/subham/anvrit_ws/install/anvrit_odometry:/home/subham/anvrit_ws/install/anvrit_nav2:/home/subham/igvc/install/igvc_perception:/home/subham/igvc/install/igvc_navigation:/home/subham/colcon_ws/install/ros2ai:/opt/ros/humble /usr/bin/cmake --install /media/subham/85dce0f4-2e29-4540-9a32-801850cfcef6/subham/LidarMapping2.5D/build/lid_simulation[0m
[7.200s] [34mcolcon.colcon_core.environment[0m [1;30mLevel 1[0m checking '/media/subham/85dce0f4-2e29-4540-9a32-801850cfcef6/subham/LidarMapping2.5D/install/lid_simulation' for CMake config files
[7.200s] [34mcolcon.colcon_core.shell[0m [1;30mLevel 1[0m create_environment_hook('lid_simulation', 'cmake_prefix_path')
[7.201s] [34mcolcon.colcon_core.shell[0m [1;30mINFO[0m Creating environment hook '/media/subham/85dce0f4-2e29-4540-9a32-801850cfcef6/subham/LidarMapping2.5D/install/lid_simulation/share/lid_simulation/hook/cmake_prefix_path.ps1'
[7.202s] [34mcolcon.colcon_core.shell[0m [1;30mINFO[0m Creating environment descriptor '/media/subham/85dce0f4-2e29-4540-9a32-801850cfcef6/subham/LidarMapping2.5D/install/lid_simulation/share/lid_simulation/hook/cmake_prefix_path.dsv'
[7.203s] [34mcolcon.colcon_core.shell[0m [1;30mINFO[0m Creating environment hook '/media/subham/85dce0f4-2e29-4540-9a32-801850cfcef6/subham/LidarMapping2.5D/install/lid_simulation/share/lid_simulation/hook/cmake_prefix_path.sh'
[7.204s] [34mcolcon.colcon_core.environment[0m [1;30mLevel 1[0m checking '/media/subham/85dce0f4-2e29-4540-9a32-801850cfcef6/subham/LidarMapping2.5D/install/lid_simulation/bin'
[7.204s] [34mcolcon.colcon_core.environment[0m [1;30mLevel 1[0m checking '/media/subham/85dce0f4-2e29-4540-9a32-801850cfcef6/subham/LidarMapping2.5D/install/lid_simulation/lib/pkgconfig/lid_simulation.pc'
[7.204s] [34mcolcon.colcon_core.environment[0m [1;30mLevel 1[0m checking '/media/subham/85dce0f4-2e29-4540-9a32-801850cfcef6/subham/LidarMapping2.5D/install/lid_simulation/lib/python3.10/site-packages'
[7.205s] [34mcolcon.colcon_core.environment[0m [1;30mLevel 1[0m checking '/media/subham/85dce0f4-2e29-4540-9a32-801850cfcef6/subham/LidarMapping2.5D/install/lid_simulation/bin'
[7.206s] [34mcolcon.colcon_core.shell[0m [1;30mINFO[0m Creating package script '/media/subham/85dce0f4-2e29-4540-9a32-801850cfcef6/subham/LidarMapping2.5D/install/lid_simulation/share/lid_simulation/package.ps1'
[7.207s] [34mcolcon.colcon_core.shell[0m [1;30mINFO[0m Creating package descriptor '/media/subham/85dce0f4-2e29-4540-9a32-801850cfcef6/subham/LidarMapping2.5D/install/lid_simulation/share/lid_simulation/package.dsv'
[7.208s] [34mcolcon.colcon_core.shell[0m [1;30mINFO[0m Creating package script '/media/subham/85dce0f4-2e29-4540-9a32-801850cfcef6/subham/LidarMapping2.5D/install/lid_simulation/share/lid_simulation/package.sh'
[7.209s] [34mcolcon.colcon_core.shell[0m [1;30mINFO[0m Creating package script '/media/subham/85dce0f4-2e29-4540-9a32-801850cfcef6/subham/LidarMapping2.5D/install/lid_simulation/share/lid_simulation/package.bash'
[7.210s] [34mcolcon.colcon_core.shell[0m [1;30mINFO[0m Creating package script '/media/subham/85dce0f4-2e29-4540-9a32-801850cfcef6/subham/LidarMapping2.5D/install/lid_simulation/share/lid_simulation/package.zsh'
[7.210s] [34mcolcon.colcon_core.environment[0m [1;30mLevel 1[0m create_file_with_runtime_dependencies(/media/subham/85dce0f4-2e29-4540-9a32-801850cfcef6/subham/LidarMapping2.5D/install/lid_simulation/share/colcon-core/packages/lid_simulation)
[7.212s] [34mcolcon.colcon_core.environment[0m [1;30mLevel 1[0m create_environment_scripts_only(lid_simulation)
[7.212s] [34mcolcon.colcon_core.environment[0m [1;30mLevel 1[0m checking '/media/subham/85dce0f4-2e29-4540-9a32-801850cfcef6/subham/LidarMapping2.5D/install/lid_simulation' for CMake module files
[7.213s] [34mcolcon.colcon_core.environment[0m [1;30mLevel 1[0m checking '/media/subham/85dce0f4-2e29-4540-9a32-801850cfcef6/subham/LidarMapping2.5D/install/lid_simulation' for CMake config files
[7.214s] [34mcolcon.colcon_core.shell[0m [1;30mLevel 1[0m create_environment_hook('lid_simulation', 'cmake_prefix_path')
[7.215s] [34mcolcon.colcon_core.shell[0m [1;30mINFO[0m Creating environment hook '/media/subham/85dce0f4-2e29-4540-9a32-801850cfcef6/subham/LidarMapping2.5D/install/lid_simulation/share/lid_simulation/hook/cmake_prefix_path.ps1'
[7.216s] [34mcolcon.colcon_core.shell[0m [1;30mINFO[0m Creating environment descriptor '/media/subham/85dce0f4-2e29-4540-9a32-801850cfcef6/subham/LidarMapping2.5D/install/lid_simulation/share/lid_simulation/hook/cmake_prefix_path.dsv'
[7.216s] [34mcolcon.colcon_core.shell[0m [1;30mINFO[0m Creating environment hook '/media/subham/85dce0f4-2e29-4540-9a32-801850cfcef6/subham/LidarMapping2.5D/install/lid_simulation/share/lid_simulation/hook/cmake_prefix_path.sh'
[7.218s] [34mcolcon.colcon_core.environment[0m [1;30mLevel 1[0m checking '/media/subham/85dce0f4-2e29-4540-9a32-801850cfcef6/subham/LidarMapping2.5D/install/lid_simulation/bin'
[7.218s] [34mcolcon.colcon_core.environment[0m [1;30mLevel 1[0m checking '/media/subham/85dce0f4-2e29-4540-9a32-801850cfcef6/subham/LidarMapping2.5D/install/lid_simulation/lib/pkgconfig/lid_simulation.pc'
[7.218s] [34mcolcon.colcon_core.environment[0m [1;30mLevel 1[0m checking '/media/subham/85dce0f4-2e29-4540-9a32-801850cfcef6/subham/LidarMapping2.5D/install/lid_simulation/lib/python3.10/site-packages'
[7.219s] [34mcolcon.colcon_core.environment[0m [1;30mLevel 1[0m checking '/media/subham/85dce0f4-2e29-4540-9a32-801850cfcef6/subham/LidarMapping2.5D/install/lid_simulation/bin'
[7.220s] [34mcolcon.colcon_core.shell[0m [1;30mINFO[0m Creating package script '/media/subham/85dce0f4-2e29-4540-9a32-801850cfcef6/subham/LidarMapping2.5D/install/lid_simulation/share/lid_simulation/package.ps1'
[7.221s] [34mcolcon.colcon_core.shell[0m [1;30mINFO[0m Creating package descriptor '/media/subham/85dce0f4-2e29-4540-9a32-801850cfcef6/subham/LidarMapping2.5D/install/lid_simulation/share/lid_simulation/package.dsv'
[7.222s] [34mcolcon.colcon_core.shell[0m [1;30mINFO[0m Creating package script '/media/subham/85dce0f4-2e29-4540-9a32-801850cfcef6/subham/LidarMapping2.5D/install/lid_simulation/share/lid_simulation/package.sh'
[7.223s] [34mcolcon.colcon_core.shell[0m [1;30mINFO[0m Creating package script '/media/subham/85dce0f4-2e29-4540-9a32-801850cfcef6/subham/LidarMapping2.5D/install/lid_simulation/share/lid_simulation/package.bash'
[7.224s] [34mcolcon.colcon_core.shell[0m [1;30mINFO[0m Creating package script '/media/subham/85dce0f4-2e29-4540-9a32-801850cfcef6/subham/LidarMapping2.5D/install/lid_simulation/share/lid_simulation/package.zsh'
[7.225s] [34mcolcon.colcon_core.environment[0m [1;30mLevel 1[0m create_file_with_runtime_dependencies(/media/subham/85dce0f4-2e29-4540-9a32-801850cfcef6/subham/LidarMapping2.5D/install/lid_simulation/share/colcon-core/packages/lid_simulation)
[7.225s] [34mcolcon.colcon_core.executor.sequential[0m [1;30mDEBUG[0m [32mrun_until_complete 'lid_simulation' finished with '0'[0m
[7.225s] [34mcolcon.colcon_core.executor.sequential[0m [1;30mDEBUG[0m [32mrun_until_complete 'segmentation_lidar'[0m
[7.226s] [34mcolcon.colcon_ros.task.ament_cmake.build[0m [1;30mINFO[0m Building ROS package in '/media/subham/85dce0f4-2e29-4540-9a32-801850cfcef6/subham/LidarMapping2.5D/src/segmentation_lidar' with build type 'ament_cmake'
[7.226s] [34mcolcon.colcon_cmake.task.cmake.build[0m [1;30mINFO[0m Building CMake package in '/media/subham/85dce0f4-2e29-4540-9a32-801850cfcef6/subham/LidarMapping2.5D/src/segmentation_lidar'
[7.226s] [34mcolcon.colcon_core.shell[0m [1;30mINFO[0m Skip shell extension 'powershell' for command environment: Not usable outside of PowerShell
[7.227s] [34mcolcon.colcon_core.shell[0m [1;30mDEBUG[0m [32mSkip shell extension 'dsv' for command environment[0m
[7.261s] [34mcolcon.colcon_core.event_handler.log_command[0m [1;30mDEBUG[0m [32mInvoking command in '/media/subham/85dce0f4-2e29-4540-9a32-801850cfcef6/subham/LidarMapping2.5D/build/segmentation_lidar': CMAKE_PREFIX_PATH=${CMAKE_PREFIX_PATH}:/home/subham/omokai_ws/install/llm_navigation:/home/subham/Edge_AI_for_ADAS_and_Autonomous_Systems/install/adas_perception:/home/subham/Edge_AI_for_ADAS_and_Autonomous_Systems/install/adas_navigation:/home/subham/rover_ws/install/rover_navigation:/home/subham/anvrit_ws/install/anvrit_perception:/home/subham/anvrit_ws/install/anvrit_odometry:/home/subham/anvrit_ws/install/anvrit_nav2:/home/subham/igvc/install/igvc_perception:/home/subham/igvc/install/igvc_navigation:/home/subham/colcon_ws/install/ros2ai:/opt/ros/humble /usr/bin/cmake --build /media/subham/85dce0f4-2e29-4540-9a32-801850cfcef6/subham/LidarMapping2.5D/build/segmentation_lidar[0m
[7.474s] [34mcolcon.colcon_core.event_handler.log_command[0m [1;30mDEBUG[0m [32mInvoked command in '/media/subham/85dce0f4-2e29-4540-9a32-801850cfcef6/subham/LidarMapping2.5D/build/segmentation_lidar' returned '0': CMAKE_PREFIX_PATH=${CMAKE_PREFIX_PATH}:/home/subham/omokai_ws/install/llm_navigation:/home/subham/Edge_AI_for_ADAS_and_Autonomous_Systems/install/adas_perception:/home/subham/Edge_AI_for_ADAS_and_Autonomous_Systems/install/adas_navigation:/home/subham/rover_ws/install/rover_navigation:/home/subham/anvrit_ws/install/anvrit_perception:/home/subham/anvrit_ws/install/anvrit_odometry:/home/subham/anvrit_ws/install/anvrit_nav2:/home/subham/igvc/install/igvc_perception:/home/subham/igvc/install/igvc_navigation:/home/subham/colcon_ws/install/ros2ai:/opt/ros/humble /usr/bin/cmake --build /media/subham/85dce0f4-2e29-4540-9a32-801850cfcef6/subham/LidarMapping2.5D/build/segmentation_lidar[0m
[7.479s] [34mcolcon.colcon_core.event_handler.log_command[0m [1;30mDEBUG[0m [32mInvoking command in '/media/subham/85dce0f4-2e29-4540-9a32-801850cfcef6/subham/LidarMapping2.5D/build/segmentation_lidar': CMAKE_PREFIX_PATH=${CMAKE_PREFIX_PATH}:/home/subham/omokai_ws/install/llm_navigation:/home/subham/Edge_AI_for_ADAS_and_Autonomous_Systems/install/adas_perception:/home/subham/Edge_AI_for_ADAS_and_Autonomous_Systems/install/adas_navigation:/home/subham/rover_ws/install/rover_navigation:/home/subham/anvrit_ws/install/anvrit_perception:/home/subham/anvrit_ws/install/anvrit_odometry:/home/subham/anvrit_ws/install/anvrit_nav2:/home/subham/igvc/install/igvc_perception:/home/subham/igvc/install/igvc_navigation:/home/subham/colcon_ws/install/ros2ai:/opt/ros/humble /usr/bin/cmake --install /media/subham/85dce0f4-2e29-4540-9a32-801850cfcef6/subham/LidarMapping2.5D/build/segmentation_lidar[0m
[7.538s] [34mcolcon.colcon_core.environment[0m [1;30mLevel 1[0m create_environment_scripts_only(segmentation_lidar)
[7.539s] [34mcolcon.colcon_core.environment[0m [1;30mLevel 1[0m checking '/media/subham/85dce0f4-2e29-4540-9a32-801850cfcef6/subham/LidarMapping2.5D/install/segmentation_lidar' for CMake module files
[7.540s] [34mcolcon.colcon_core.event_handler.log_command[0m [1;30mDEBUG[0m [32mInvoked command in '/media/subham/85dce0f4-2e29-4540-9a32-801850cfcef6/subham/LidarMapping2.5D/build/segmentation_lidar' returned '0': CMAKE_PREFIX_PATH=${CMAKE_PREFIX_PATH}:/home/subham/omokai_ws/install/llm_navigation:/home/subham/Edge_AI_for_ADAS_and_Autonomous_Systems/install/adas_perception:/home/subham/Edge_AI_for_ADAS_and_Autonomous_Systems/install/adas_navigation:/home/subham/rover_ws/install/rover_navigation:/home/subham/anvrit_ws/install/anvrit_perception:/home/subham/anvrit_ws/install/anvrit_odometry:/home/subham/anvrit_ws/install/anvrit_nav2:/home/subham/igvc/install/igvc_perception:/home/subham/igvc/install/igvc_navigation:/home/subham/colcon_ws/install/ros2ai:/opt/ros/humble /usr/bin/cmake --install /media/subham/85dce0f4-2e29-4540-9a32-801850cfcef6/subham/LidarMapping2.5D/build/segmentation_lidar[0m
[7.541s] [34mcolcon.colcon_core.environment[0m [1;30mLevel 1[0m checking '/media/subham/85dce0f4-2e29-4540-9a32-801850cfcef6/subham/LidarMapping2.5D/install/segmentation_lidar' for CMake config files
[7.542s] [34mcolcon.colcon_core.shell[0m [1;30mLevel 1[0m create_environment_hook('segmentation_lidar', 'cmake_prefix_path')
[7.542s] [34mcolcon.colcon_core.shell[0m [1;30mINFO[0m Creating environment hook '/media/subham/85dce0f4-2e29-4540-9a32-801850cfcef6/subham/LidarMapping2.5D/install/segmentation_lidar/share/segmentation_lidar/hook/cmake_prefix_path.ps1'
[7.543s] [34mcolcon.colcon_core.shell[0m [1;30mINFO[0m Creating environment descriptor '/media/subham/85dce0f4-2e29-4540-9a32-801850cfcef6/subham/LidarMapping2.5D/install/segmentation_lidar/share/segmentation_lidar/hook/cmake_prefix_path.dsv'
[7.544s] [34mcolcon.colcon_core.shell[0m [1;30mINFO[0m Creating environment hook '/media/subham/85dce0f4-2e29-4540-9a32-801850cfcef6/subham/LidarMapping2.5D/install/segmentation_lidar/share/segmentation_lidar/hook/cmake_prefix_path.sh'
[7.546s] [34mcolcon.colcon_core.environment[0m [1;30mLevel 1[0m checking '/media/subham/85dce0f4-2e29-4540-9a32-801850cfcef6/subham/LidarMapping2.5D/install/segmentation_lidar/lib'
[7.546s] [34mcolcon.colcon_core.environment[0m [1;30mLevel 1[0m checking '/media/subham/85dce0f4-2e29-4540-9a32-801850cfcef6/subham/LidarMapping2.5D/install/segmentation_lidar/bin'
[7.546s] [34mcolcon.colcon_core.environment[0m [1;30mLevel 1[0m checking '/media/subham/85dce0f4-2e29-4540-9a32-801850cfcef6/subham/LidarMapping2.5D/install/segmentation_lidar/lib/pkgconfig/segmentation_lidar.pc'
[7.547s] [34mcolcon.colcon_core.environment[0m [1;30mLevel 1[0m checking '/media/subham/85dce0f4-2e29-4540-9a32-801850cfcef6/subham/LidarMapping2.5D/install/segmentation_lidar/lib/python3.10/site-packages'
[7.547s] [34mcolcon.colcon_core.environment[0m [1;30mLevel 1[0m checking '/media/subham/85dce0f4-2e29-4540-9a32-801850cfcef6/subham/LidarMapping2.5D/install/segmentation_lidar/bin'
[7.548s] [34mcolcon.colcon_core.shell[0m [1;30mINFO[0m Creating package script '/media/subham/85dce0f4-2e29-4540-9a32-801850cfcef6/subham/LidarMapping2.5D/install/segmentation_lidar/share/segmentation_lidar/package.ps1'
[7.550s] [34mcolcon.colcon_core.shell[0m [1;30mINFO[0m Creating package descriptor '/media/subham/85dce0f4-2e29-4540-9a32-801850cfcef6/subham/LidarMapping2.5D/install/segmentation_lidar/share/segmentation_lidar/package.dsv'
[7.552s] [34mcolcon.colcon_core.shell[0m [1;30mINFO[0m Creating package script '/media/subham/85dce0f4-2e29-4540-9a32-801850cfcef6/subham/LidarMapping2.5D/install/segmentation_lidar/share/segmentation_lidar/package.sh'
[7.553s] [34mcolcon.colcon_core.shell[0m [1;30mINFO[0m Creating package script '/media/subham/85dce0f4-2e29-4540-9a32-801850cfcef6/subham/LidarMapping2.5D/install/segmentation_lidar/share/segmentation_lidar/package.bash'
[7.554s] [34mcolcon.colcon_core.shell[0m [1;30mINFO[0m Creating package script '/media/subham/85dce0f4-2e29-4540-9a32-801850cfcef6/subham/LidarMapping2.5D/install/segmentation_lidar/share/segmentation_lidar/package.zsh'
[7.555s] [34mcolcon.colcon_core.environment[0m [1;30mLevel 1[0m create_file_with_runtime_dependencies(/media/subham/85dce0f4-2e29-4540-9a32-801850cfcef6/subham/LidarMapping2.5D/install/segmentation_lidar/share/colcon-core/packages/segmentation_lidar)
[7.557s] [34mcolcon.colcon_core.environment[0m [1;30mLevel 1[0m create_environment_scripts_only(segmentation_lidar)
[7.558s] [34mcolcon.colcon_core.environment[0m [1;30mLevel 1[0m checking '/media/subham/85dce0f4-2e29-4540-9a32-801850cfcef6/subham/LidarMapping2.5D/install/segmentation_lidar' for CMake module files
[7.559s] [34mcolcon.colcon_core.environment[0m [1;30mLevel 1[0m checking '/media/subham/85dce0f4-2e29-4540-9a32-801850cfcef6/subham/LidarMapping2.5D/install/segmentation_lidar' for CMake config files
[7.560s] [34mcolcon.colcon_core.shell[0m [1;30mLevel 1[0m create_environment_hook('segmentation_lidar', 'cmake_prefix_path')
[7.561s] [34mcolcon.colcon_core.shell[0m [1;30mINFO[0m Creating environment hook '/media/subham/85dce0f4-2e29-4540-9a32-801850cfcef6/subham/LidarMapping2.5D/install/segmentation_lidar/share/segmentation_lidar/hook/cmake_prefix_path.ps1'
[7.562s] [34mcolcon.colcon_core.shell[0m [1;30mINFO[0m Creating environment descriptor '/media/subham/85dce0f4-2e29-4540-9a32-801850cfcef6/subham/LidarMapping2.5D/install/segmentation_lidar/share/segmentation_lidar/hook/cmake_prefix_path.dsv'
[7.563s] [34mcolcon.colcon_core.shell[0m [1;30mINFO[0m Creating environment hook '/media/subham/85dce0f4-2e29-4540-9a32-801850cfcef6/subham/LidarMapping2.5D/install/segmentation_lidar/share/segmentation_lidar/hook/cmake_prefix_path.sh'
[7.564s] [34mcolcon.colcon_core.environment[0m [1;30mLevel 1[0m checking '/media/subham/85dce0f4-2e29-4540-9a32-801850cfcef6/subham/LidarMapping2.5D/install/segmentation_lidar/lib'
[7.564s] [34mcolcon.colcon_core.environment[0m [1;30mLevel 1[0m checking '/media/subham/85dce0f4-2e29-4540-9a32-801850cfcef6/subham/LidarMapping2.5D/install/segmentation_lidar/bin'
[7.564s] [34mcolcon.colcon_core.environment[0m [1;30mLevel 1[0m checking '/media/subham/85dce0f4-2e29-4540-9a32-801850cfcef6/subham/LidarMapping2.5D/install/segmentation_lidar/lib/pkgconfig/segmentation_lidar.pc'
[7.565s] [34mcolcon.colcon_core.environment[0m [1;30mLevel 1[0m checking '/media/subham/85dce0f4-2e29-4540-9a32-801850cfcef6/subham/LidarMapping2.5D/install/segmentation_lidar/lib/python3.10/site-packages'
[7.566s] [34mcolcon.colcon_core.environment[0m [1;30mLevel 1[0m checking '/media/subham/85dce0f4-2e29-4540-9a32-801850cfcef6/subham/LidarMapping2.5D/install/segmentation_lidar/bin'
[7.566s] [34mcolcon.colcon_core.shell[0m [1;30mINFO[0m Creating package script '/media/subham/85dce0f4-2e29-4540-9a32-801850cfcef6/subham/LidarMapping2.5D/install/segmentation_lidar/share/segmentation_lidar/package.ps1'
[7.568s] [34mcolcon.colcon_core.shell[0m [1;30mINFO[0m Creating package descriptor '/media/subham/85dce0f4-2e29-4540-9a32-801850cfcef6/subham/LidarMapping2.5D/install/segmentation_lidar/share/segmentation_lidar/package.dsv'
[7.569s] [34mcolcon.colcon_core.shell[0m [1;30mINFO[0m Creating package script '/media/subham/85dce0f4-2e29-4540-9a32-801850cfcef6/subham/LidarMapping2.5D/install/segmentation_lidar/share/segmentation_lidar/package.sh'
[7.570s] [34mcolcon.colcon_core.shell[0m [1;30mINFO[0m Creating package script '/media/subham/85dce0f4-2e29-4540-9a32-801850cfcef6/subham/LidarMapping2.5D/install/segmentation_lidar/share/segmentation_lidar/package.bash'
[7.570s] [34mcolcon.colcon_core.shell[0m [1;30mINFO[0m Creating package script '/media/subham/85dce0f4-2e29-4540-9a32-801850cfcef6/subham/LidarMapping2.5D/install/segmentation_lidar/share/segmentation_lidar/package.zsh'
[7.571s] [34mcolcon.colcon_core.environment[0m [1;30mLevel 1[0m create_file_with_runtime_dependencies(/media/subham/85dce0f4-2e29-4540-9a32-801850cfcef6/subham/LidarMapping2.5D/install/segmentation_lidar/share/colcon-core/packages/segmentation_lidar)
[7.572s] [34mcolcon.colcon_core.executor.sequential[0m [1;30mDEBUG[0m [32mrun_until_complete 'segmentation_lidar' finished with '0'[0m
[7.572s] [34mcolcon.colcon_core.executor.sequential[0m [1;30mDEBUG[0m [32mrun_until_complete 'velodyne_gazebo_plugins'[0m
[7.573s] [34mcolcon.colcon_ros.task.ament_cmake.build[0m [1;30mINFO[0m Building ROS package in '/media/subham/85dce0f4-2e29-4540-9a32-801850cfcef6/subham/LidarMapping2.5D/src/velodyne/velodyne_gazebo_plugins' with build type 'ament_cmake'
[7.573s] [34mcolcon.colcon_cmake.task.cmake.build[0m [1;30mINFO[0m Building CMake package in '/media/subham/85dce0f4-2e29-4540-9a32-801850cfcef6/subham/LidarMapping2.5D/src/velodyne/velodyne_gazebo_plugins'
[7.573s] [34mcolcon.colcon_core.shell[0m [1;30mINFO[0m Skip shell extension 'powershell' for command environment: Not usable outside of PowerShell
[7.573s] [34mcolcon.colcon_core.shell[0m [1;30mDEBUG[0m [32mSkip shell extension 'dsv' for command environment[0m
[7.605s] [34mcolcon.colcon_core.event_handler.log_command[0m [1;30mDEBUG[0m [32mInvoking command in '/media/subham/85dce0f4-2e29-4540-9a32-801850cfcef6/subham/LidarMapping2.5D/build/velodyne_gazebo_plugins': CMAKE_PREFIX_PATH=${CMAKE_PREFIX_PATH}:/home/subham/omokai_ws/install/llm_navigation:/home/subham/Edge_AI_for_ADAS_and_Autonomous_Systems/install/adas_perception:/home/subham/Edge_AI_for_ADAS_and_Autonomous_Systems/install/adas_navigation:/home/subham/rover_ws/install/rover_navigation:/home/subham/anvrit_ws/install/anvrit_perception:/home/subham/anvrit_ws/install/anvrit_odometry:/home/subham/anvrit_ws/install/anvrit_nav2:/home/subham/igvc/install/igvc_perception:/home/subham/igvc/install/igvc_navigation:/home/subham/colcon_ws/install/ros2ai:/opt/ros/humble /usr/bin/cmake --build /media/subham/85dce0f4-2e29-4540-9a32-801850cfcef6/subham/LidarMapping2.5D/build/velodyne_gazebo_plugins[0m
[7.804s] [34mcolcon.colcon_core.event_handler.log_command[0m [1;30mDEBUG[0m [32mInvoked command in '/media/subham/85dce0f4-2e29-4540-9a32-801850cfcef6/subham/LidarMapping2.5D/build/velodyne_gazebo_plugins' returned '0': CMAKE_PREFIX_PATH=${CMAKE_PREFIX_PATH}:/home/subham/omokai_ws/install/llm_navigation:/home/subham/Edge_AI_for_ADAS_and_Autonomous_Systems/install/adas_perception:/home/subham/Edge_AI_for_ADAS_and_Autonomous_Systems/install/adas_navigation:/home/subham/rover_ws/install/rover_navigation:/home/subham/anvrit_ws/install/anvrit_perception:/home/subham/anvrit_ws/install/anvrit_odometry:/home/subham/anvrit_ws/install/anvrit_nav2:/home/subham/igvc/install/igvc_perception:/home/subham/igvc/install/igvc_navigation:/home/subham/colcon_ws/install/ros2ai:/opt/ros/humble /usr/bin/cmake --build /media/subham/85dce0f4-2e29-4540-9a32-801850cfcef6/subham/LidarMapping2.5D/build/velodyne_gazebo_plugins[0m
[7.808s] [34mcolcon.colcon_core.event_handler.log_command[0m [1;30mDEBUG[0m [32mInvoking command in '/media/subham/85dce0f4-2e29-4540-9a32-801850cfcef6/subham/LidarMapping2.5D/build/velodyne_gazebo_plugins': CMAKE_PREFIX_PATH=${CMAKE_PREFIX_PATH}:/home/subham/omokai_ws/install/llm_navigation:/home/subham/Edge_AI_for_ADAS_and_Autonomous_Systems/install/adas_perception:/home/subham/Edge_AI_for_ADAS_and_Autonomous_Systems/install/adas_navigation:/home/subham/rover_ws/install/rover_navigation:/home/subham/anvrit_ws/install/anvrit_perception:/home/subham/anvrit_ws/install/anvrit_odometry:/home/subham/anvrit_ws/install/anvrit_nav2:/home/subham/igvc/install/igvc_perception:/home/subham/igvc/install/igvc_navigation:/home/subham/colcon_ws/install/ros2ai:/opt/ros/humble /usr/bin/cmake --install /media/subham/85dce0f4-2e29-4540-9a32-801850cfcef6/subham/LidarMapping2.5D/build/velodyne_gazebo_plugins[0m
[7.865s] [34mcolcon.colcon_core.environment[0m [1;30mLevel 1[0m create_environment_scripts_only(velodyne_gazebo_plugins)
[7.865s] [34mcolcon.colcon_core.environment[0m [1;30mLevel 1[0m checking '/media/subham/85dce0f4-2e29-4540-9a32-801850cfcef6/subham/LidarMapping2.5D/install/velodyne_gazebo_plugins' for CMake module files
[7.867s] [34mcolcon.colcon_core.event_handler.log_command[0m [1;30mDEBUG[0m [32mInvoked command in '/media/subham/85dce0f4-2e29-4540-9a32-801850cfcef6/subham/LidarMapping2.5D/build/velodyne_gazebo_plugins' returned '0': CMAKE_PREFIX_PATH=${CMAKE_PREFIX_PATH}:/home/subham/omokai_ws/install/llm_navigation:/home/subham/Edge_AI_for_ADAS_and_Autonomous_Systems/install/adas_perception:/home/subham/Edge_AI_for_ADAS_and_Autonomous_Systems/install/adas_navigation:/home/subham/rover_ws/install/rover_navigation:/home/subham/anvrit_ws/install/anvrit_perception:/home/subham/anvrit_ws/install/anvrit_odometry:/home/subham/anvrit_ws/install/anvrit_nav2:/home/subham/igvc/install/igvc_perception:/home/subham/igvc/install/igvc_navigation:/home/subham/colcon_ws/install/ros2ai:/opt/ros/humble /usr/bin/cmake --install /media/subham/85dce0f4-2e29-4540-9a32-801850cfcef6/subham/LidarMapping2.5D/build/velodyne_gazebo_plugins[0m
[7.868s] [34mcolcon.colcon_core.environment[0m [1;30mLevel 1[0m checking '/media/subham/85dce0f4-2e29-4540-9a32-801850cfcef6/subham/LidarMapping2.5D/install/velodyne_gazebo_plugins' for CMake config files
[7.868s] [34mcolcon.colcon_core.shell[0m [1;30mLevel 1[0m create_environment_hook('velodyne_gazebo_plugins', 'cmake_prefix_path')
[7.869s] [34mcolcon.colcon_core.shell[0m [1;30mINFO[0m Creating environment hook '/media/subham/85dce0f4-2e29-4540-9a32-801850cfcef6/subham/LidarMapping2.5D/install/velodyne_gazebo_plugins/share/velodyne_gazebo_plugins/hook/cmake_prefix_path.ps1'
[7.869s] [34mcolcon.colcon_core.shell[0m [1;30mINFO[0m Creating environment descriptor '/media/subham/85dce0f4-2e29-4540-9a32-801850cfcef6/subham/LidarMapping2.5D/install/velodyne_gazebo_plugins/share/velodyne_gazebo_plugins/hook/cmake_prefix_path.dsv'
[7.870s] [34mcolcon.colcon_core.shell[0m [1;30mINFO[0m Creating environment hook '/media/subham/85dce0f4-2e29-4540-9a32-801850cfcef6/subham/LidarMapping2.5D/install/velodyne_gazebo_plugins/share/velodyne_gazebo_plugins/hook/cmake_prefix_path.sh'
[7.871s] [34mcolcon.colcon_core.environment[0m [1;30mLevel 1[0m checking '/media/subham/85dce0f4-2e29-4540-9a32-801850cfcef6/subham/LidarMapping2.5D/install/velodyne_gazebo_plugins/lib'
[7.871s] [34mcolcon.colcon_core.shell[0m [1;30mLevel 1[0m create_environment_hook('velodyne_gazebo_plugins', 'ld_library_path_lib')
[7.872s] [34mcolcon.colcon_core.shell[0m [1;30mINFO[0m Creating environment hook '/media/subham/85dce0f4-2e29-4540-9a32-801850cfcef6/subham/LidarMapping2.5D/install/velodyne_gazebo_plugins/share/velodyne_gazebo_plugins/hook/ld_library_path_lib.ps1'
[7.873s] [34mcolcon.colcon_core.shell[0m [1;30mINFO[0m Creating environment descriptor '/media/subham/85dce0f4-2e29-4540-9a32-801850cfcef6/subham/LidarMapping2.5D/install/velodyne_gazebo_plugins/share/velodyne_gazebo_plugins/hook/ld_library_path_lib.dsv'
[7.873s] [34mcolcon.colcon_core.shell[0m [1;30mINFO[0m Creating environment hook '/media/subham/85dce0f4-2e29-4540-9a32-801850cfcef6/subham/LidarMapping2.5D/install/velodyne_gazebo_plugins/share/velodyne_gazebo_plugins/hook/ld_library_path_lib.sh'
[7.874s] [34mcolcon.colcon_core.environment[0m [1;30mLevel 1[0m checking '/media/subham/85dce0f4-2e29-4540-9a32-801850cfcef6/subham/LidarMapping2.5D/install/velodyne_gazebo_plugins/bin'
[7.874s] [34mcolcon.colcon_core.environment[0m [1;30mLevel 1[0m checking '/media/subham/85dce0f4-2e29-4540-9a32-801850cfcef6/subham/LidarMapping2.5D/install/velodyne_gazebo_plugins/lib/pkgconfig/velodyne_gazebo_plugins.pc'
[7.874s] [34mcolcon.colcon_core.environment[0m [1;30mLevel 1[0m checking '/media/subham/85dce0f4-2e29-4540-9a32-801850cfcef6/subham/LidarMapping2.5D/install/velodyne_gazebo_plugins/lib/python3.10/site-packages'
[7.875s] [34mcolcon.colcon_core.environment[0m [1;30mLevel 1[0m checking '/media/subham/85dce0f4-2e29-4540-9a32-801850cfcef6/subham/LidarMapping2.5D/install/velodyne_gazebo_plugins/bin'
[7.876s] [34mcolcon.colcon_core.shell[0m [1;30mINFO[0m Creating package script '/media/subham/85dce0f4-2e29-4540-9a32-801850cfcef6/subham/LidarMapping2.5D/install/velodyne_gazebo_plugins/share/velodyne_gazebo_plugins/package.ps1'
[7.878s] [34mcolcon.colcon_core.shell[0m [1;30mINFO[0m Creating package descriptor '/media/subham/85dce0f4-2e29-4540-9a32-801850cfcef6/subham/LidarMapping2.5D/install/velodyne_gazebo_plugins/share/velodyne_gazebo_plugins/package.dsv'
[7.879s] [34mcolcon.colcon_core.shell[0m [1;30mINFO[0m Creating package script '/media/subham/85dce0f4-2e29-4540-9a32-801850cfcef6/subham/LidarMapping2.5D/install/velodyne_gazebo_plugins/share/velodyne_gazebo_plugins/package.sh'
[7.880s] [34mcolcon.colcon_core.shell[0m [1;30mINFO[0m Creating package script '/media/subham/85dce0f4-2e29-4540-9a32-801850cfcef6/subham/LidarMapping2.5D/install/velodyne_gazebo_plugins/share/velodyne_gazebo_plugins/package.bash'
[7.881s] [34mcolcon.colcon_core.shell[0m [1;30mINFO[0m Creating package script '/media/subham/85dce0f4-2e29-4540-9a32-801850cfcef6/subham/LidarMapping2.5D/install/velodyne_gazebo_plugins/share/velodyne_gazebo_plugins/package.zsh'
[7.881s] [34mcolcon.colcon_core.environment[0m [1;30mLevel 1[0m create_file_with_runtime_dependencies(/media/subham/85dce0f4-2e29-4540-9a32-801850cfcef6/subham/LidarMapping2.5D/install/velodyne_gazebo_plugins/share/colcon-core/packages/velodyne_gazebo_plugins)
[7.883s] [34mcolcon.colcon_core.environment[0m [1;30mLevel 1[0m create_environment_scripts_only(velodyne_gazebo_plugins)
[7.883s] [34mcolcon.colcon_core.environment[0m [1;30mLevel 1[0m checking '/media/subham/85dce0f4-2e29-4540-9a32-801850cfcef6/subham/LidarMapping2.5D/install/velodyne_gazebo_plugins' for CMake module files
[7.884s] [34mcolcon.colcon_core.environment[0m [1;30mLevel 1[0m checking '/media/subham/85dce0f4-2e29-4540-9a32-801850cfcef6/subham/LidarMapping2.5D/install/velodyne_gazebo_plugins' for CMake config files
[7.885s] [34mcolcon.colcon_core.shell[0m [1;30mLevel 1[0m create_environment_hook('velodyne_gazebo_plugins', 'cmake_prefix_path')
[7.886s] [34mcolcon.colcon_core.shell[0m [1;30mINFO[0m Creating environment hook '/media/subham/85dce0f4-2e29-4540-9a32-801850cfcef6/subham/LidarMapping2.5D/install/velodyne_gazebo_plugins/share/velodyne_gazebo_plugins/hook/cmake_prefix_path.ps1'
[7.886s] [34mcolcon.colcon_core.shell[0m [1;30mINFO[0m Creating environment descriptor '/media/subham/85dce0f4-2e29-4540-9a32-801850cfcef6/subham/LidarMapping2.5D/install/velodyne_gazebo_plugins/share/velodyne_gazebo_plugins/hook/cmake_prefix_path.dsv'
[7.887s] [34mcolcon.colcon_core.shell[0m [1;30mINFO[0m Creating environment hook '/media/subham/85dce0f4-2e29-4540-9a32-801850cfcef6/subham/LidarMapping2.5D/install/velodyne_gazebo_plugins/share/velodyne_gazebo_plugins/hook/cmake_prefix_path.sh'
[7.888s] [34mcolcon.colcon_core.environment[0m [1;30mLevel 1[0m checking '/media/subham/85dce0f4-2e29-4540-9a32-801850cfcef6/subham/LidarMapping2.5D/install/velodyne_gazebo_plugins/lib'
[7.888s] [34mcolcon.colcon_core.shell[0m [1;30mLevel 1[0m create_environment_hook('velodyne_gazebo_plugins', 'ld_library_path_lib')
[7.888s] [34mcolcon.colcon_core.shell[0m [1;30mINFO[0m Creating environment hook '/media/subham/85dce0f4-2e29-4540-9a32-801850cfcef6/subham/LidarMapping2.5D/install/velodyne_gazebo_plugins/share/velodyne_gazebo_plugins/hook/ld_library_path_lib.ps1'
[7.889s] [34mcolcon.colcon_core.shell[0m [1;30mINFO[0m Creating environment descriptor '/media/subham/85dce0f4-2e29-4540-9a32-801850cfcef6/subham/LidarMapping2.5D/install/velodyne_gazebo_plugins/share/velodyne_gazebo_plugins/hook/ld_library_path_lib.dsv'
[7.890s] [34mcolcon.colcon_core.shell[0m [1;30mINFO[0m Creating environment hook '/media/subham/85dce0f4-2e29-4540-9a32-801850cfcef6/subham/LidarMapping2.5D/install/velodyne_gazebo_plugins/share/velodyne_gazebo_plugins/hook/ld_library_path_lib.sh'
[7.891s] [34mcolcon.colcon_core.environment[0m [1;30mLevel 1[0m checking '/media/subham/85dce0f4-2e29-4540-9a32-801850cfcef6/subham/LidarMapping2.5D/install/velodyne_gazebo_plugins/bin'
[7.891s] [34mcolcon.colcon_core.environment[0m [1;30mLevel 1[0m checking '/media/subham/85dce0f4-2e29-4540-9a32-801850cfcef6/subham/LidarMapping2.5D/install/velodyne_gazebo_plugins/lib/pkgconfig/velodyne_gazebo_plugins.pc'
[7.891s] [34mcolcon.colcon_core.environment[0m [1;30mLevel 1[0m checking '/media/subham/85dce0f4-2e29-4540-9a32-801850cfcef6/subham/LidarMapping2.5D/install/velodyne_gazebo_plugins/lib/python3.10/site-packages'
[7.892s] [34mcolcon.colcon_core.environment[0m [1;30mLevel 1[0m checking '/media/subham/85dce0f4-2e29-4540-9a32-801850cfcef6/subham/LidarMapping2.5D/install/velodyne_gazebo_plugins/bin'
[7.892s] [34mcolcon.colcon_core.shell[0m [1;30mINFO[0m Creating package script '/media/subham/85dce0f4-2e29-4540-9a32-801850cfcef6/subham/LidarMapping2.5D/install/velodyne_gazebo_plugins/share/velodyne_gazebo_plugins/package.ps1'
[7.893s] [34mcolcon.colcon_core.shell[0m [1;30mINFO[0m Creating package descriptor '/media/subham/85dce0f4-2e29-4540-9a32-801850cfcef6/subham/LidarMapping2.5D/install/velodyne_gazebo_plugins/share/velodyne_gazebo_plugins/package.dsv'
[7.894s] [34mcolcon.colcon_core.shell[0m [1;30mINFO[0m Creating package script '/media/subham/85dce0f4-2e29-4540-9a32-801850cfcef6/subham/LidarMapping2.5D/install/velodyne_gazebo_plugins/share/velodyne_gazebo_plugins/package.sh'
[7.896s] [34mcolcon.colcon_core.shell[0m [1;30mINFO[0m Creating package script '/media/subham/85dce0f4-2e29-4540-9a32-801850cfcef6/subham/LidarMapping2.5D/install/velodyne_gazebo_plugins/share/velodyne_gazebo_plugins/package.bash'
[7.897s] [34mcolcon.colcon_core.shell[0m [1;30mINFO[0m Creating package script '/media/subham/85dce0f4-2e29-4540-9a32-801850cfcef6/subham/LidarMapping2.5D/install/velodyne_gazebo_plugins/share/velodyne_gazebo_plugins/package.zsh'
[7.898s] [34mcolcon.colcon_core.environment[0m [1;30mLevel 1[0m create_file_with_runtime_dependencies(/media/subham/85dce0f4-2e29-4540-9a32-801850cfcef6/subham/LidarMapping2.5D/install/velodyne_gazebo_plugins/share/colcon-core/packages/velodyne_gazebo_plugins)
[7.898s] [34mcolcon.colcon_core.executor.sequential[0m [1;30mDEBUG[0m [32mrun_until_complete 'velodyne_gazebo_plugins' finished with '0'[0m
[7.899s] [34mcolcon.colcon_core.executor.sequential[0m [1;30mDEBUG[0m [32mrun_until_complete 'fastdem_ros2'[0m
[7.899s] [34mcolcon.colcon_ros.task.ament_cmake.build[0m [1;30mINFO[0m Building ROS package in '/media/subham/85dce0f4-2e29-4540-9a32-801850cfcef6/subham/LidarMapping2.5D/src/FastDEM/ros2' with build type 'ament_cmake'
[7.899s] [34mcolcon.colcon_cmake.task.cmake.build[0m [1;30mINFO[0m Building CMake package in '/media/subham/85dce0f4-2e29-4540-9a32-801850cfcef6/subham/LidarMapping2.5D/src/FastDEM/ros2'
[7.899s] [34mcolcon.colcon_core.shell[0m [1;30mINFO[0m Skip shell extension 'powershell' for command environment: Not usable outside of PowerShell
[7.899s] [34mcolcon.colcon_core.shell[0m [1;30mDEBUG[0m [32mSkip shell extension 'dsv' for command environment[0m
[7.931s] [34mcolcon.colcon_core.event_handler.log_command[0m [1;30mDEBUG[0m [32mInvoking command in '/media/subham/85dce0f4-2e29-4540-9a32-801850cfcef6/subham/LidarMapping2.5D/build/fastdem_ros2': CMAKE_PREFIX_PATH=/media/subham/85dce0f4-2e29-4540-9a32-801850cfcef6/subham/LidarMapping2.5D/install/fastdem:/media/subham/85dce0f4-2e29-4540-9a32-801850cfcef6/subham/LidarMapping2.5D/install/segmentation_lidar:/media/subham/85dce0f4-2e29-4540-9a32-801850cfcef6/subham/LidarMapping2.5D/install/velodyne_simulator:/media/subham/85dce0f4-2e29-4540-9a32-801850cfcef6/subham/LidarMapping2.5D/install/velodyne_description:/media/subham/85dce0f4-2e29-4540-9a32-801850cfcef6/subham/LidarMapping2.5D/install/velodyne_gazebo_plugins:/media/subham/85dce0f4-2e29-4540-9a32-801850cfcef6/subham/LidarMapping2.5D/install/salsanext_ros2:/media/subham/85dce0f4-2e29-4540-9a32-801850cfcef6/subham/LidarMapping2.5D/install/patchwork_plusplus:/media/subham/85dce0f4-2e29-4540-9a32-801850cfcef6/subham/LidarMapping2.5D/install/lid_simulation:/media/subham/85dce0f4-2e29-4540-9a32-801850cfcef6/subham/LidarMapping2.5D/install/lid_description:/media/subham/85dce0f4-2e29-4540-9a32-801850cfcef6/subham/LidarMapping2.5D/install/jsk_recognition_msgs:/media/subham/85dce0f4-2e29-4540-9a32-801850cfcef6/subham/LidarMapping2.5D/install/height_mapping_ros2:/media/subham/85dce0f4-2e29-4540-9a32-801850cfcef6/subham/LidarMapping2.5D/install/height_mapping_core:/media/subham/85dce0f4-2e29-4540-9a32-801850cfcef6/subham/LidarMapping2.5D/install/fastdem_ros2:/home/subham/omokai_ws/install/llm_simulation:/home/subham/omokai_ws/install/llm_prompt:/home/subham/omokai_ws/install/llm_description:/home/subham/Edge_AI_for_ADAS_and_Autonomous_Systems/install/adas_simulation:/home/subham/Edge_AI_for_ADAS_and_Autonomous_Systems/install/adas_description:/home/subham/rover_ws/install/rover_gazebo:/home/subham/rover_ws/install/rover_description:/home/subham/rover_ws/install/rf2o_laser_odometry:/home/subham/anvrit_ws/install/rplidar_ros:/home/subham/anvrit_ws/install/astra_camera:/home/subham/anvrit_ws/install/astra_camera_msgs:/home/subham/anvrit_ws/install/anvrit_description:/home/subham/igvc/install/velodyne_simulator:/home/subham/igvc/install/velodyne_description:/home/subham/igvc/install/velodyne_gazebo_plugins:/home/subham/igvc/install/igvc_simulation:/home/subham/igvc/install/igvc_description:/home/subham/colcon_ws/install/ur_simulation_gz:/home/subham/colcon_ws/install/ur_description:/home/subham/colcon_ws/install/ur5_control_2481:/home/subham/colcon_ws/install/s2481_ebot_description:/home/subham/colcon_ws/install/linkattacher_msgs:/home/subham/colcon_ws/install/eyantra_warehouse:/home/subham/colcon_ws/install/ackerman_description:/home/subham/omokai_ws/install/llm_navigation:/home/subham/Edge_AI_for_ADAS_and_Autonomous_Systems/install/adas_perception:/home/subham/Edge_AI_for_ADAS_and_Autonomous_Systems/install/adas_navigation:/home/subham/rover_ws/install/rover_navigation:/home/subham/anvrit_ws/install/anvrit_perception:/home/subham/anvrit_ws/install/anvrit_odometry:/home/subham/anvrit_ws/install/anvrit_nav2:/home/subham/igvc/install/igvc_perception:/home/subham/igvc/install/igvc_navigation:/home/subham/colcon_ws/install/ros2ai:/opt/ros/humble /usr/bin/cmake /media/subham/85dce0f4-2e29-4540-9a32-801850cfcef6/subham/LidarMapping2.5D/src/FastDEM/ros2 -DAMENT_CMAKE_SYMLINK_INSTALL=1 -DCMAKE_INSTALL_PREFIX=/media/subham/85dce0f4-2e29-4540-9a32-801850cfcef6/subham/LidarMapping2.5D/install/fastdem_ros2[0m
[11.347s] [34mcolcon.colcon_core.event_handler.log_command[0m [1;30mDEBUG[0m [32mInvoked command in '/media/subham/85dce0f4-2e29-4540-9a32-801850cfcef6/subham/LidarMapping2.5D/build/fastdem_ros2' returned '0': CMAKE_PREFIX_PATH=/media/subham/85dce0f4-2e29-4540-9a32-801850cfcef6/subham/LidarMapping2.5D/install/fastdem:/media/subham/85dce0f4-2e29-4540-9a32-801850cfcef6/subham/LidarMapping2.5D/install/segmentation_lidar:/media/subham/85dce0f4-2e29-4540-9a32-801850cfcef6/subham/LidarMapping2.5D/install/velodyne_simulator:/media/subham/85dce0f4-2e29-4540-9a32-801850cfcef6/subham/LidarMapping2.5D/install/velodyne_description:/media/subham/85dce0f4-2e29-4540-9a32-801850cfcef6/subham/LidarMapping2.5D/install/velodyne_gazebo_plugins:/media/subham/85dce0f4-2e29-4540-9a32-801850cfcef6/subham/LidarMapping2.5D/install/salsanext_ros2:/media/subham/85dce0f4-2e29-4540-9a32-801850cfcef6/subham/LidarMapping2.5D/install/patchwork_plusplus:/media/subham/85dce0f4-2e29-4540-9a32-801850cfcef6/subham/LidarMapping2.5D/install/lid_simulation:/media/subham/85dce0f4-2e29-4540-9a32-801850cfcef6/subham/LidarMapping2.5D/install/lid_description:/media/subham/85dce0f4-2e29-4540-9a32-801850cfcef6/subham/LidarMapping2.5D/install/jsk_recognition_msgs:/media/subham/85dce0f4-2e29-4540-9a32-801850cfcef6/subham/LidarMapping2.5D/install/height_mapping_ros2:/media/subham/85dce0f4-2e29-4540-9a32-801850cfcef6/subham/LidarMapping2.5D/install/height_mapping_core:/media/subham/85dce0f4-2e29-4540-9a32-801850cfcef6/subham/LidarMapping2.5D/install/fastdem_ros2:/home/subham/omokai_ws/install/llm_simulation:/home/subham/omokai_ws/install/llm_prompt:/home/subham/omokai_ws/install/llm_description:/home/subham/Edge_AI_for_ADAS_and_Autonomous_Systems/install/adas_simulation:/home/subham/Edge_AI_for_ADAS_and_Autonomous_Systems/install/adas_description:/home/subham/rover_ws/install/rover_gazebo:/home/subham/rover_ws/install/rover_description:/home/subham/rover_ws/install/rf2o_laser_odometry:/home/subham/anvrit_ws/install/rplidar_ros:/home/subham/anvrit_ws/install/astra_camera:/home/subham/anvrit_ws/install/astra_camera_msgs:/home/subham/anvrit_ws/install/anvrit_description:/home/subham/igvc/install/velodyne_simulator:/home/subham/igvc/install/velodyne_description:/home/subham/igvc/install/velodyne_gazebo_plugins:/home/subham/igvc/install/igvc_simulation:/home/subham/igvc/install/igvc_description:/home/subham/colcon_ws/install/ur_simulation_gz:/home/subham/colcon_ws/install/ur_description:/home/subham/colcon_ws/install/ur5_control_2481:/home/subham/colcon_ws/install/s2481_ebot_description:/home/subham/colcon_ws/install/linkattacher_msgs:/home/subham/colcon_ws/install/eyantra_warehouse:/home/subham/colcon_ws/install/ackerman_description:/home/subham/omokai_ws/install/llm_navigation:/home/subham/Edge_AI_for_ADAS_and_Autonomous_Systems/install/adas_perception:/home/subham/Edge_AI_for_ADAS_and_Autonomous_Systems/install/adas_navigation:/home/subham/rover_ws/install/rover_navigation:/home/subham/anvrit_ws/install/anvrit_perception:/home/subham/anvrit_ws/install/anvrit_odometry:/home/subham/anvrit_ws/install/anvrit_nav2:/home/subham/igvc/install/igvc_perception:/home/subham/igvc/install/igvc_navigation:/home/subham/colcon_ws/install/ros2ai:/opt/ros/humble /usr/bin/cmake /media/subham/85dce0f4-2e29-4540-9a32-801850cfcef6/subham/LidarMapping2.5D/src/FastDEM/ros2 -DAMENT_CMAKE_SYMLINK_INSTALL=1 -DCMAKE_INSTALL_PREFIX=/media/subham/85dce0f4-2e29-4540-9a32-801850cfcef6/subham/LidarMapping2.5D/install/fastdem_ros2[0m
[11.348s] [34mcolcon.colcon_core.event_handler.log_command[0m [1;30mDEBUG[0m [32mInvoking command in '/media/subham/85dce0f4-2e29-4540-9a32-801850cfcef6/subham/LidarMapping2.5D/build/fastdem_ros2': CMAKE_PREFIX_PATH=/media/subham/85dce0f4-2e29-4540-9a32-801850cfcef6/subham/LidarMapping2.5D/install/fastdem:/media/subham/85dce0f4-2e29-4540-9a32-801850cfcef6/subham/LidarMapping2.5D/install/segmentation_lidar:/media/subham/85dce0f4-2e29-4540-9a32-801850cfcef6/subham/LidarMapping2.5D/install/velodyne_simulator:/media/subham/85dce0f4-2e29-4540-9a32-801850cfcef6/subham/LidarMapping2.5D/install/velodyne_description:/media/subham/85dce0f4-2e29-4540-9a32-801850cfcef6/subham/LidarMapping2.5D/install/velodyne_gazebo_plugins:/media/subham/85dce0f4-2e29-4540-9a32-801850cfcef6/subham/LidarMapping2.5D/install/salsanext_ros2:/media/subham/85dce0f4-2e29-4540-9a32-801850cfcef6/subham/LidarMapping2.5D/install/patchwork_plusplus:/media/subham/85dce0f4-2e29-4540-9a32-801850cfcef6/subham/LidarMapping2.5D/install/lid_simulation:/media/subham/85dce0f4-2e29-4540-9a32-801850cfcef6/subham/LidarMapping2.5D/install/lid_description:/media/subham/85dce0f4-2e29-4540-9a32-801850cfcef6/subham/LidarMapping2.5D/install/jsk_recognition_msgs:/media/subham/85dce0f4-2e29-4540-9a32-801850cfcef6/subham/LidarMapping2.5D/install/height_mapping_ros2:/media/subham/85dce0f4-2e29-4540-9a32-801850cfcef6/subham/LidarMapping2.5D/install/height_mapping_core:/media/subham/85dce0f4-2e29-4540-9a32-801850cfcef6/subham/LidarMapping2.5D/install/fastdem_ros2:/home/subham/omokai_ws/install/llm_simulation:/home/subham/omokai_ws/install/llm_prompt:/home/subham/omokai_ws/install/llm_description:/home/subham/Edge_AI_for_ADAS_and_Autonomous_Systems/install/adas_simulation:/home/subham/Edge_AI_for_ADAS_and_Autonomous_Systems/install/adas_description:/home/subham/rover_ws/install/rover_gazebo:/home/subham/rover_ws/install/rover_description:/home/subham/rover_ws/install/rf2o_laser_odometry:/home/subham/anvrit_ws/install/rplidar_ros:/home/subham/anvrit_ws/install/astra_camera:/home/subham/anvrit_ws/install/astra_camera_msgs:/home/subham/anvrit_ws/install/anvrit_description:/home/subham/igvc/install/velodyne_simulator:/home/subham/igvc/install/velodyne_description:/home/subham/igvc/install/velodyne_gazebo_plugins:/home/subham/igvc/install/igvc_simulation:/home/subham/igvc/install/igvc_description:/home/subham/colcon_ws/install/ur_simulation_gz:/home/subham/colcon_ws/install/ur_description:/home/subham/colcon_ws/install/ur5_control_2481:/home/subham/colcon_ws/install/s2481_ebot_description:/home/subham/colcon_ws/install/linkattacher_msgs:/home/subham/colcon_ws/install/eyantra_warehouse:/home/subham/colcon_ws/install/ackerman_description:/home/subham/omokai_ws/install/llm_navigation:/home/subham/Edge_AI_for_ADAS_and_Autonomous_Systems/install/adas_perception:/home/subham/Edge_AI_for_ADAS_and_Autonomous_Systems/install/adas_navigation:/home/subham/rover_ws/install/rover_navigation:/home/subham/anvrit_ws/install/anvrit_perception:/home/subham/anvrit_ws/install/anvrit_odometry:/home/subham/anvrit_ws/install/anvrit_nav2:/home/subham/igvc/install/igvc_perception:/home/subham/igvc/install/igvc_navigation:/home/subham/colcon_ws/install/ros2ai:/opt/ros/humble /usr/bin/cmake --build /media/subham/85dce0f4-2e29-4540-9a32-801850cfcef6/subham/LidarMapping2.5D/build/fastdem_ros2[0m
[34.056s] [34mcolcon.colcon_core.event_handler.log_command[0m [1;30mDEBUG[0m [32mInvoked command in '/media/subham/85dce0f4-2e29-4540-9a32-801850cfcef6/subham/LidarMapping2.5D/build/fastdem_ros2' returned '0': CMAKE_PREFIX_PATH=/media/subham/85dce0f4-2e29-4540-9a32-801850cfcef6/subham/LidarMapping2.5D/install/fastdem:/media/subham/85dce0f4-2e29-4540-9a32-801850cfcef6/subham/LidarMapping2.5D/install/segmentation_lidar:/media/subham/85dce0f4-2e29-4540-9a32-801850cfcef6/subham/LidarMapping2.5D/install/velodyne_simulator:/media/subham/85dce0f4-2e29-4540-9a32-801850cfcef6/subham/LidarMapping2.5D/install/velodyne_description:/media/subham/85dce0f4-2e29-4540-9a32-801850cfcef6/subham/LidarMapping2.5D/install/velodyne_gazebo_plugins:/media/subham/85dce0f4-2e29-4540-9a32-801850cfcef6/subham/LidarMapping2.5D/install/salsanext_ros2:/media/subham/85dce0f4-2e29-4540-9a32-801850cfcef6/subham/LidarMapping2.5D/install/patchwork_plusplus:/media/subham/85dce0f4-2e29-4540-9a32-801850cfcef6/subham/LidarMapping2.5D/install/lid_simulation:/media/subham/85dce0f4-2e29-4540-9a32-801850cfcef6/subham/LidarMapping2.5D/install/lid_description:/media/subham/85dce0f4-2e29-4540-9a32-801850cfcef6/subham/LidarMapping2.5D/install/jsk_recognition_msgs:/media/subham/85dce0f4-2e29-4540-9a32-801850cfcef6/subham/LidarMapping2.5D/install/height_mapping_ros2:/media/subham/85dce0f4-2e29-4540-9a32-801850cfcef6/subham/LidarMapping2.5D/install/height_mapping_core:/media/subham/85dce0f4-2e29-4540-9a32-801850cfcef6/subham/LidarMapping2.5D/install/fastdem_ros2:/home/subham/omokai_ws/install/llm_simulation:/home/subham/omokai_ws/install/llm_prompt:/home/subham/omokai_ws/install/llm_description:/home/subham/Edge_AI_for_ADAS_and_Autonomous_Systems/install/adas_simulation:/home/subham/Edge_AI_for_ADAS_and_Autonomous_Systems/install/adas_description:/home/subham/rover_ws/install/rover_gazebo:/home/subham/rover_ws/install/rover_description:/home/subham/rover_ws/install/rf2o_laser_odometry:/home/subham/anvrit_ws/install/rplidar_ros:/home/subham/anvrit_ws/install/astra_camera:/home/subham/anvrit_ws/install/astra_camera_msgs:/home/subham/anvrit_ws/install/anvrit_description:/home/subham/igvc/install/velodyne_simulator:/home/subham/igvc/install/velodyne_description:/home/subham/igvc/install/velodyne_gazebo_plugins:/home/subham/igvc/install/igvc_simulation:/home/subham/igvc/install/igvc_description:/home/subham/colcon_ws/install/ur_simulation_gz:/home/subham/colcon_ws/install/ur_description:/home/subham/colcon_ws/install/ur5_control_2481:/home/subham/colcon_ws/install/s2481_ebot_description:/home/subham/colcon_ws/install/linkattacher_msgs:/home/subham/colcon_ws/install/eyantra_warehouse:/home/subham/colcon_ws/install/ackerman_description:/home/subham/omokai_ws/install/llm_navigation:/home/subham/Edge_AI_for_ADAS_and_Autonomous_Systems/install/adas_perception:/home/subham/Edge_AI_for_ADAS_and_Autonomous_Systems/install/adas_navigation:/home/subham/rover_ws/install/rover_navigation:/home/subham/anvrit_ws/install/anvrit_perception:/home/subham/anvrit_ws/install/anvrit_odometry:/home/subham/anvrit_ws/install/anvrit_nav2:/home/subham/igvc/install/igvc_perception:/home/subham/igvc/install/igvc_navigation:/home/subham/colcon_ws/install/ros2ai:/opt/ros/humble /usr/bin/cmake --build /media/subham/85dce0f4-2e29-4540-9a32-801850cfcef6/subham/LidarMapping2.5D/build/fastdem_ros2[0m
[34.059s] [34mcolcon.colcon_core.event_handler.log_command[0m [1;30mDEBUG[0m [32mInvoking command in '/media/subham/85dce0f4-2e29-4540-9a32-801850cfcef6/subham/LidarMapping2.5D/build/fastdem_ros2': CMAKE_PREFIX_PATH=/media/subham/85dce0f4-2e29-4540-9a32-801850cfcef6/subham/LidarMapping2.5D/install/fastdem:/media/subham/85dce0f4-2e29-4540-9a32-801850cfcef6/subham/LidarMapping2.5D/install/segmentation_lidar:/media/subham/85dce0f4-2e29-4540-9a32-801850cfcef6/subham/LidarMapping2.5D/install/velodyne_simulator:/media/subham/85dce0f4-2e29-4540-9a32-801850cfcef6/subham/LidarMapping2.5D/install/velodyne_description:/media/subham/85dce0f4-2e29-4540-9a32-801850cfcef6/subham/LidarMapping2.5D/install/velodyne_gazebo_plugins:/media/subham/85dce0f4-2e29-4540-9a32-801850cfcef6/subham/LidarMapping2.5D/install/salsanext_ros2:/media/subham/85dce0f4-2e29-4540-9a32-801850cfcef6/subham/LidarMapping2.5D/install/patchwork_plusplus:/media/subham/85dce0f4-2e29-4540-9a32-801850cfcef6/subham/LidarMapping2.5D/install/lid_simulation:/media/subham/85dce0f4-2e29-4540-9a32-801850cfcef6/subham/LidarMapping2.5D/install/lid_description:/media/subham/85dce0f4-2e29-4540-9a32-801850cfcef6/subham/LidarMapping2.5D/install/jsk_recognition_msgs:/media/subham/85dce0f4-2e29-4540-9a32-801850cfcef6/subham/LidarMapping2.5D/install/height_mapping_ros2:/media/subham/85dce0f4-2e29-4540-9a32-801850cfcef6/subham/LidarMapping2.5D/install/height_mapping_core:/media/subham/85dce0f4-2e29-4540-9a32-801850cfcef6/subham/LidarMapping2.5D/install/fastdem_ros2:/home/subham/omokai_ws/install/llm_simulation:/home/subham/omokai_ws/install/llm_prompt:/home/subham/omokai_ws/install/llm_description:/home/subham/Edge_AI_for_ADAS_and_Autonomous_Systems/install/adas_simulation:/home/subham/Edge_AI_for_ADAS_and_Autonomous_Systems/install/adas_description:/home/subham/rover_ws/install/rover_gazebo:/home/subham/rover_ws/install/rover_description:/home/subham/rover_ws/install/rf2o_laser_odometry:/home/subham/anvrit_ws/install/rplidar_ros:/home/subham/anvrit_ws/install/astra_camera:/home/subham/anvrit_ws/install/astra_camera_msgs:/home/subham/anvrit_ws/install/anvrit_description:/home/subham/igvc/install/velodyne_simulator:/home/subham/igvc/install/velodyne_description:/home/subham/igvc/install/velodyne_gazebo_plugins:/home/subham/igvc/install/igvc_simulation:/home/subham/igvc/install/igvc_description:/home/subham/colcon_ws/install/ur_simulation_gz:/home/subham/colcon_ws/install/ur_description:/home/subham/colcon_ws/install/ur5_control_2481:/home/subham/colcon_ws/install/s2481_ebot_description:/home/subham/colcon_ws/install/linkattacher_msgs:/home/subham/colcon_ws/install/eyantra_warehouse:/home/subham/colcon_ws/install/ackerman_description:/home/subham/omokai_ws/install/llm_navigation:/home/subham/Edge_AI_for_ADAS_and_Autonomous_Systems/install/adas_perception:/home/subham/Edge_AI_for_ADAS_and_Autonomous_Systems/install/adas_navigation:/home/subham/rover_ws/install/rover_navigation:/home/subham/anvrit_ws/install/anvrit_perception:/home/subham/anvrit_ws/install/anvrit_odometry:/home/subham/anvrit_ws/install/anvrit_nav2:/home/subham/igvc/install/igvc_perception:/home/subham/igvc/install/igvc_navigation:/home/subham/colcon_ws/install/ros2ai:/opt/ros/humble /usr/bin/cmake --install /media/subham/85dce0f4-2e29-4540-9a32-801850cfcef6/subham/LidarMapping2.5D/build/fastdem_ros2[0m
[34.350s] [34mcolcon.colcon_core.environment[0m [1;30mLevel 1[0m create_environment_scripts_only(fastdem_ros2)
[34.351s] [34mcolcon.colcon_core.environment[0m [1;30mLevel 1[0m checking '/media/subham/85dce0f4-2e29-4540-9a32-801850cfcef6/subham/LidarMapping2.5D/install/fastdem_ros2' for CMake module files
[34.351s] [34mcolcon.colcon_core.event_handler.log_command[0m [1;30mDEBUG[0m [32mInvoked command in '/media/subham/85dce0f4-2e29-4540-9a32-801850cfcef6/subham/LidarMapping2.5D/build/fastdem_ros2' returned '0': CMAKE_PREFIX_PATH=/media/subham/85dce0f4-2e29-4540-9a32-801850cfcef6/subham/LidarMapping2.5D/install/fastdem:/media/subham/85dce0f4-2e29-4540-9a32-801850cfcef6/subham/LidarMapping2.5D/install/segmentation_lidar:/media/subham/85dce0f4-2e29-4540-9a32-801850cfcef6/subham/LidarMapping2.5D/install/velodyne_simulator:/media/subham/85dce0f4-2e29-4540-9a32-801850cfcef6/subham/LidarMapping2.5D/install/velodyne_description:/media/subham/85dce0f4-2e29-4540-9a32-801850cfcef6/subham/LidarMapping2.5D/install/velodyne_gazebo_plugins:/media/subham/85dce0f4-2e29-4540-9a32-801850cfcef6/subham/LidarMapping2.5D/install/salsanext_ros2:/media/subham/85dce0f4-2e29-4540-9a32-801850cfcef6/subham/LidarMapping2.5D/install/patchwork_plusplus:/media/subham/85dce0f4-2e29-4540-9a32-801850cfcef6/subham/LidarMapping2.5D/install/lid_simulation:/media/subham/85dce0f4-2e29-4540-9a32-801850cfcef6/subham/LidarMapping2.5D/install/lid_description:/media/subham/85dce0f4-2e29-4540-9a32-801850cfcef6/subham/LidarMapping2.5D/install/jsk_recognition_msgs:/media/subham/85dce0f4-2e29-4540-9a32-801850cfcef6/subham/LidarMapping2.5D/install/height_mapping_ros2:/media/subham/85dce0f4-2e29-4540-9a32-801850cfcef6/subham/LidarMapping2.5D/install/height_mapping_core:/media/subham/85dce0f4-2e29-4540-9a32-801850cfcef6/subham/LidarMapping2.5D/install/fastdem_ros2:/home/subham/omokai_ws/install/llm_simulation:/home/subham/omokai_ws/install/llm_prompt:/home/subham/omokai_ws/install/llm_description:/home/subham/Edge_AI_for_ADAS_and_Autonomous_Systems/install/adas_simulation:/home/subham/Edge_AI_for_ADAS_and_Autonomous_Systems/install/adas_description:/home/subham/rover_ws/install/rover_gazebo:/home/subham/rover_ws/install/rover_description:/home/subham/rover_ws/install/rf2o_laser_odometry:/home/subham/anvrit_ws/install/rplidar_ros:/home/subham/anvrit_ws/install/astra_camera:/home/subham/anvrit_ws/install/astra_camera_msgs:/home/subham/anvrit_ws/install/anvrit_description:/home/subham/igvc/install/velodyne_simulator:/home/subham/igvc/install/velodyne_description:/home/subham/igvc/install/velodyne_gazebo_plugins:/home/subham/igvc/install/igvc_simulation:/home/subham/igvc/install/igvc_description:/home/subham/colcon_ws/install/ur_simulation_gz:/home/subham/colcon_ws/install/ur_description:/home/subham/colcon_ws/install/ur5_control_2481:/home/subham/colcon_ws/install/s2481_ebot_description:/home/subham/colcon_ws/install/linkattacher_msgs:/home/subham/colcon_ws/install/eyantra_warehouse:/home/subham/colcon_ws/install/ackerman_description:/home/subham/omokai_ws/install/llm_navigation:/home/subham/Edge_AI_for_ADAS_and_Autonomous_Systems/install/adas_perception:/home/subham/Edge_AI_for_ADAS_and_Autonomous_Systems/install/adas_navigation:/home/subham/rover_ws/install/rover_navigation:/home/subham/anvrit_ws/install/anvrit_perception:/home/subham/anvrit_ws/install/anvrit_odometry:/home/subham/anvrit_ws/install/anvrit_nav2:/home/subham/igvc/install/igvc_perception:/home/subham/igvc/install/igvc_navigation:/home/subham/colcon_ws/install/ros2ai:/opt/ros/humble /usr/bin/cmake --install /media/subham/85dce0f4-2e29-4540-9a32-801850cfcef6/subham/LidarMapping2.5D/build/fastdem_ros2[0m
[34.352s] [34mcolcon.colcon_core.environment[0m [1;30mLevel 1[0m checking '/media/subham/85dce0f4-2e29-4540-9a32-801850cfcef6/subham/LidarMapping2.5D/install/fastdem_ros2' for CMake config files
[34.352s] [34mcolcon.colcon_core.shell[0m [1;30mLevel 1[0m create_environment_hook('fastdem_ros2', 'cmake_prefix_path')
[34.352s] [34mcolcon.colcon_core.shell[0m [1;30mINFO[0m Creating environment hook '/media/subham/85dce0f4-2e29-4540-9a32-801850cfcef6/subham/LidarMapping2.5D/install/fastdem_ros2/share/fastdem_ros2/hook/cmake_prefix_path.ps1'
[34.353s] [34mcolcon.colcon_core.shell[0m [1;30mINFO[0m Creating environment descriptor '/media/subham/85dce0f4-2e29-4540-9a32-801850cfcef6/subham/LidarMapping2.5D/install/fastdem_ros2/share/fastdem_ros2/hook/cmake_prefix_path.dsv'
[34.353s] [34mcolcon.colcon_core.shell[0m [1;30mINFO[0m Creating environment hook '/media/subham/85dce0f4-2e29-4540-9a32-801850cfcef6/subham/LidarMapping2.5D/install/fastdem_ros2/share/fastdem_ros2/hook/cmake_prefix_path.sh'
[34.354s] [34mcolcon.colcon_core.environment[0m [1;30mLevel 1[0m checking '/media/subham/85dce0f4-2e29-4540-9a32-801850cfcef6/subham/LidarMapping2.5D/install/fastdem_ros2/lib'
[34.354s] [34mcolcon.colcon_core.environment[0m [1;30mLevel 1[0m checking '/media/subham/85dce0f4-2e29-4540-9a32-801850cfcef6/subham/LidarMapping2.5D/install/fastdem_ros2/bin'
[34.354s] [34mcolcon.colcon_core.environment[0m [1;30mLevel 1[0m checking '/media/subham/85dce0f4-2e29-4540-9a32-801850cfcef6/subham/LidarMapping2.5D/install/fastdem_ros2/lib/pkgconfig/fastdem_ros2.pc'
[34.354s] [34mcolcon.colcon_core.environment[0m [1;30mLevel 1[0m checking '/media/subham/85dce0f4-2e29-4540-9a32-801850cfcef6/subham/LidarMapping2.5D/install/fastdem_ros2/lib/python3.10/site-packages'
[34.354s] [34mcolcon.colcon_core.environment[0m [1;30mLevel 1[0m checking '/media/subham/85dce0f4-2e29-4540-9a32-801850cfcef6/subham/LidarMapping2.5D/install/fastdem_ros2/bin'
[34.355s] [34mcolcon.colcon_core.shell[0m [1;30mINFO[0m Creating package script '/media/subham/85dce0f4-2e29-4540-9a32-801850cfcef6/subham/LidarMapping2.5D/install/fastdem_ros2/share/fastdem_ros2/package.ps1'
[34.356s] [34mcolcon.colcon_core.shell[0m [1;30mINFO[0m Creating package descriptor '/media/subham/85dce0f4-2e29-4540-9a32-801850cfcef6/subham/LidarMapping2.5D/install/fastdem_ros2/share/fastdem_ros2/package.dsv'
[34.356s] [34mcolcon.colcon_core.shell[0m [1;30mINFO[0m Creating package script '/media/subham/85dce0f4-2e29-4540-9a32-801850cfcef6/subham/LidarMapping2.5D/install/fastdem_ros2/share/fastdem_ros2/package.sh'
[34.357s] [34mcolcon.colcon_core.shell[0m [1;30mINFO[0m Creating package script '/media/subham/85dce0f4-2e29-4540-9a32-801850cfcef6/subham/LidarMapping2.5D/install/fastdem_ros2/share/fastdem_ros2/package.bash'
[34.357s] [34mcolcon.colcon_core.shell[0m [1;30mINFO[0m Creating package script '/media/subham/85dce0f4-2e29-4540-9a32-801850cfcef6/subham/LidarMapping2.5D/install/fastdem_ros2/share/fastdem_ros2/package.zsh'
[34.357s] [34mcolcon.colcon_core.environment[0m [1;30mLevel 1[0m create_file_with_runtime_dependencies(/media/subham/85dce0f4-2e29-4540-9a32-801850cfcef6/subham/LidarMapping2.5D/install/fastdem_ros2/share/colcon-core/packages/fastdem_ros2)
[34.358s] [34mcolcon.colcon_core.environment[0m [1;30mLevel 1[0m create_environment_scripts_only(fastdem_ros2)
[34.358s] [34mcolcon.colcon_core.environment[0m [1;30mLevel 1[0m checking '/media/subham/85dce0f4-2e29-4540-9a32-801850cfcef6/subham/LidarMapping2.5D/install/fastdem_ros2' for CMake module files
[34.359s] [34mcolcon.colcon_core.environment[0m [1;30mLevel 1[0m checking '/media/subham/85dce0f4-2e29-4540-9a32-801850cfcef6/subham/LidarMapping2.5D/install/fastdem_ros2' for CMake config files
[34.359s] [34mcolcon.colcon_core.shell[0m [1;30mLevel 1[0m create_environment_hook('fastdem_ros2', 'cmake_prefix_path')
[34.359s] [34mcolcon.colcon_core.shell[0m [1;30mINFO[0m Creating environment hook '/media/subham/85dce0f4-2e29-4540-9a32-801850cfcef6/subham/LidarMapping2.5D/install/fastdem_ros2/share/fastdem_ros2/hook/cmake_prefix_path.ps1'
[34.359s] [34mcolcon.colcon_core.shell[0m [1;30mINFO[0m Creating environment descriptor '/media/subham/85dce0f4-2e29-4540-9a32-801850cfcef6/subham/LidarMapping2.5D/install/fastdem_ros2/share/fastdem_ros2/hook/cmake_prefix_path.dsv'
[34.360s] [34mcolcon.colcon_core.shell[0m [1;30mINFO[0m Creating environment hook '/media/subham/85dce0f4-2e29-4540-9a32-801850cfcef6/subham/LidarMapping2.5D/install/fastdem_ros2/share/fastdem_ros2/hook/cmake_prefix_path.sh'
[34.360s] [34mcolcon.colcon_core.environment[0m [1;30mLevel 1[0m checking '/media/subham/85dce0f4-2e29-4540-9a32-801850cfcef6/subham/LidarMapping2.5D/install/fastdem_ros2/lib'
[34.360s] [34mcolcon.colcon_core.environment[0m [1;30mLevel 1[0m checking '/media/subham/85dce0f4-2e29-4540-9a32-801850cfcef6/subham/LidarMapping2.5D/install/fastdem_ros2/bin'
[34.360s] [34mcolcon.colcon_core.environment[0m [1;30mLevel 1[0m checking '/media/subham/85dce0f4-2e29-4540-9a32-801850cfcef6/subham/LidarMapping2.5D/install/fastdem_ros2/lib/pkgconfig/fastdem_ros2.pc'
[34.360s] [34mcolcon.colcon_core.environment[0m [1;30mLevel 1[0m checking '/media/subham/85dce0f4-2e29-4540-9a32-801850cfcef6/subham/LidarMapping2.5D/install/fastdem_ros2/lib/python3.10/site-packages'
[34.360s] [34mcolcon.colcon_core.environment[0m [1;30mLevel 1[0m checking '/media/subham/85dce0f4-2e29-4540-9a32-801850cfcef6/subham/LidarMapping2.5D/install/fastdem_ros2/bin'
[34.361s] [34mcolcon.colcon_core.shell[0m [1;30mINFO[0m Creating package script '/media/subham/85dce0f4-2e29-4540-9a32-801850cfcef6/subham/LidarMapping2.5D/install/fastdem_ros2/share/fastdem_ros2/package.ps1'
[34.361s] [34mcolcon.colcon_core.shell[0m [1;30mINFO[0m Creating package descriptor '/media/subham/85dce0f4-2e29-4540-9a32-801850cfcef6/subham/LidarMapping2.5D/install/fastdem_ros2/share/fastdem_ros2/package.dsv'
[34.362s] [34mcolcon.colcon_core.shell[0m [1;30mINFO[0m Creating package script '/media/subham/85dce0f4-2e29-4540-9a32-801850cfcef6/subham/LidarMapping2.5D/install/fastdem_ros2/share/fastdem_ros2/package.sh'
[34.362s] [34mcolcon.colcon_core.shell[0m [1;30mINFO[0m Creating package script '/media/subham/85dce0f4-2e29-4540-9a32-801850cfcef6/subham/LidarMapping2.5D/install/fastdem_ros2/share/fastdem_ros2/package.bash'
[34.362s] [34mcolcon.colcon_core.shell[0m [1;30mINFO[0m Creating package script '/media/subham/85dce0f4-2e29-4540-9a32-801850cfcef6/subham/LidarMapping2.5D/install/fastdem_ros2/share/fastdem_ros2/package.zsh'
[34.363s] [34mcolcon.colcon_core.environment[0m [1;30mLevel 1[0m create_file_with_runtime_dependencies(/media/subham/85dce0f4-2e29-4540-9a32-801850cfcef6/subham/LidarMapping2.5D/install/fastdem_ros2/share/colcon-core/packages/fastdem_ros2)
[34.363s] [34mcolcon.colcon_core.executor.sequential[0m [1;30mDEBUG[0m [32mrun_until_complete 'fastdem_ros2' finished with '0'[0m
[34.363s] [34mcolcon.colcon_core.executor.sequential[0m [1;30mDEBUG[0m [32mrun_until_complete 'patchwork_plusplus'[0m
[34.363s] [34mcolcon.colcon_ros.task.ament_cmake.build[0m [1;30mINFO[0m Building ROS package in '/media/subham/85dce0f4-2e29-4540-9a32-801850cfcef6/subham/LidarMapping2.5D/src/patchwork-plusplus-ros2/patchwork_plusplus' with build type 'ament_cmake'
[34.363s] [34mcolcon.colcon_cmake.task.cmake.build[0m [1;30mINFO[0m Building CMake package in '/media/subham/85dce0f4-2e29-4540-9a32-801850cfcef6/subham/LidarMapping2.5D/src/patchwork-plusplus-ros2/patchwork_plusplus'
[34.363s] [34mcolcon.colcon_core.shell[0m [1;30mINFO[0m Skip shell extension 'powershell' for command environment: Not usable outside of PowerShell
[34.363s] [34mcolcon.colcon_core.shell[0m [1;30mDEBUG[0m [32mSkip shell extension 'dsv' for command environment[0m
[34.383s] [34mcolcon.colcon_core.event_handler.log_command[0m [1;30mDEBUG[0m [32mInvoking command in '/media/subham/85dce0f4-2e29-4540-9a32-801850cfcef6/subham/LidarMapping2.5D/build/patchwork_plusplus': CMAKE_PREFIX_PATH=/media/subham/85dce0f4-2e29-4540-9a32-801850cfcef6/subham/LidarMapping2.5D/install/jsk_recognition_msgs:/media/subham/85dce0f4-2e29-4540-9a32-801850cfcef6/subham/LidarMapping2.5D/install/segmentation_lidar:/media/subham/85dce0f4-2e29-4540-9a32-801850cfcef6/subham/LidarMapping2.5D/install/velodyne_simulator:/media/subham/85dce0f4-2e29-4540-9a32-801850cfcef6/subham/LidarMapping2.5D/install/velodyne_description:/media/subham/85dce0f4-2e29-4540-9a32-801850cfcef6/subham/LidarMapping2.5D/install/velodyne_gazebo_plugins:/media/subham/85dce0f4-2e29-4540-9a32-801850cfcef6/subham/LidarMapping2.5D/install/salsanext_ros2:/media/subham/85dce0f4-2e29-4540-9a32-801850cfcef6/subham/LidarMapping2.5D/install/patchwork_plusplus:/media/subham/85dce0f4-2e29-4540-9a32-801850cfcef6/subham/LidarMapping2.5D/install/lid_simulation:/media/subham/85dce0f4-2e29-4540-9a32-801850cfcef6/subham/LidarMapping2.5D/install/lid_description:/media/subham/85dce0f4-2e29-4540-9a32-801850cfcef6/subham/LidarMapping2.5D/install/height_mapping_ros2:/media/subham/85dce0f4-2e29-4540-9a32-801850cfcef6/subham/LidarMapping2.5D/install/height_mapping_core:/media/subham/85dce0f4-2e29-4540-9a32-801850cfcef6/subham/LidarMapping2.5D/install/fastdem_ros2:/media/subham/85dce0f4-2e29-4540-9a32-801850cfcef6/subham/LidarMapping2.5D/install/fastdem:/home/subham/omokai_ws/install/llm_simulation:/home/subham/omokai_ws/install/llm_prompt:/home/subham/omokai_ws/install/llm_description:/home/subham/Edge_AI_for_ADAS_and_Autonomous_Systems/install/adas_simulation:/home/subham/Edge_AI_for_ADAS_and_Autonomous_Systems/install/adas_description:/home/subham/rover_ws/install/rover_gazebo:/home/subham/rover_ws/install/rover_description:/home/subham/rover_ws/install/rf2o_laser_odometry:/home/subham/anvrit_ws/install/rplidar_ros:/home/subham/anvrit_ws/install/astra_camera:/home/subham/anvrit_ws/install/astra_camera_msgs:/home/subham/anvrit_ws/install/anvrit_description:/home/subham/igvc/install/velodyne_simulator:/home/subham/igvc/install/velodyne_description:/home/subham/igvc/install/velodyne_gazebo_plugins:/home/subham/igvc/install/igvc_simulation:/home/subham/igvc/install/igvc_description:/home/subham/colcon_ws/install/ur_simulation_gz:/home/subham/colcon_ws/install/ur_description:/home/subham/colcon_ws/install/ur5_control_2481:/home/subham/colcon_ws/install/s2481_ebot_description:/home/subham/colcon_ws/install/linkattacher_msgs:/home/subham/colcon_ws/install/eyantra_warehouse:/home/subham/colcon_ws/install/ackerman_description:/home/subham/omokai_ws/install/llm_navigation:/home/subham/Edge_AI_for_ADAS_and_Autonomous_Systems/install/adas_perception:/home/subham/Edge_AI_for_ADAS_and_Autonomous_Systems/install/adas_navigation:/home/subham/rover_ws/install/rover_navigation:/home/subham/anvrit_ws/install/anvrit_perception:/home/subham/anvrit_ws/install/anvrit_odometry:/home/subham/anvrit_ws/install/anvrit_nav2:/home/subham/igvc/install/igvc_perception:/home/subham/igvc/install/igvc_navigation:/home/subham/colcon_ws/install/ros2ai:/opt/ros/humble LD_LIBRARY_PATH=/media/subham/85dce0f4-2e29-4540-9a32-801850cfcef6/subham/LidarMapping2.5D/install/jsk_recognition_msgs/lib:/media/subham/85dce0f4-2e29-4540-9a32-801850cfcef6/subham/LidarMapping2.5D/install/velodyne_gazebo_plugins/lib:/media/subham/85dce0f4-2e29-4540-9a32-801850cfcef6/subham/LidarMapping2.5D/install/patchwork_plusplus/lib:/media/subham/85dce0f4-2e29-4540-9a32-801850cfcef6/subham/LidarMapping2.5D/install/height_mapping_ros2/lib:/media/subham/85dce0f4-2e29-4540-9a32-801850cfcef6/subham/LidarMapping2.5D/install/height_mapping_core/lib:/home/subham/anvrit_ws/install/astra_camera/lib:/home/subham/anvrit_ws/install/astra_camera_msgs/lib:/home/subham/igvc/install/velodyne_gazebo_plugins/lib:/home/subham/colcon_ws/install/linkattacher_msgs/lib:/opt/ros/humble/opt/rviz_ogre_vendor/lib:/opt/ros/humble/lib/x86_64-linux-gnu:/opt/ros/humble/opt/openvdb_vendor/lib:/opt/ros/humble/lib /usr/bin/cmake /media/subham/85dce0f4-2e29-4540-9a32-801850cfcef6/subham/LidarMapping2.5D/src/patchwork-plusplus-ros2/patchwork_plusplus -DAMENT_CMAKE_SYMLINK_INSTALL=1 -DCMAKE_INSTALL_PREFIX=/media/subham/85dce0f4-2e29-4540-9a32-801850cfcef6/subham/LidarMapping2.5D/install/patchwork_plusplus[0m
[39.065s] [34mcolcon.colcon_core.event_handler.log_command[0m [1;30mDEBUG[0m [32mInvoked command in '/media/subham/85dce0f4-2e29-4540-9a32-801850cfcef6/subham/LidarMapping2.5D/build/patchwork_plusplus' returned '0': CMAKE_PREFIX_PATH=/media/subham/85dce0f4-2e29-4540-9a32-801850cfcef6/subham/LidarMapping2.5D/install/jsk_recognition_msgs:/media/subham/85dce0f4-2e29-4540-9a32-801850cfcef6/subham/LidarMapping2.5D/install/segmentation_lidar:/media/subham/85dce0f4-2e29-4540-9a32-801850cfcef6/subham/LidarMapping2.5D/install/velodyne_simulator:/media/subham/85dce0f4-2e29-4540-9a32-801850cfcef6/subham/LidarMapping2.5D/install/velodyne_description:/media/subham/85dce0f4-2e29-4540-9a32-801850cfcef6/subham/LidarMapping2.5D/install/velodyne_gazebo_plugins:/media/subham/85dce0f4-2e29-4540-9a32-801850cfcef6/subham/LidarMapping2.5D/install/salsanext_ros2:/media/subham/85dce0f4-2e29-4540-9a32-801850cfcef6/subham/LidarMapping2.5D/install/patchwork_plusplus:/media/subham/85dce0f4-2e29-4540-9a32-801850cfcef6/subham/LidarMapping2.5D/install/lid_simulation:/media/subham/85dce0f4-2e29-4540-9a32-801850cfcef6/subham/LidarMapping2.5D/install/lid_description:/media/subham/85dce0f4-2e29-4540-9a32-801850cfcef6/subham/LidarMapping2.5D/install/height_mapping_ros2:/media/subham/85dce0f4-2e29-4540-9a32-801850cfcef6/subham/LidarMapping2.5D/install/height_mapping_core:/media/subham/85dce0f4-2e29-4540-9a32-801850cfcef6/subham/LidarMapping2.5D/install/fastdem_ros2:/media/subham/85dce0f4-2e29-4540-9a32-801850cfcef6/subham/LidarMapping2.5D/install/fastdem:/home/subham/omokai_ws/install/llm_simulation:/home/subham/omokai_ws/install/llm_prompt:/home/subham/omokai_ws/install/llm_description:/home/subham/Edge_AI_for_ADAS_and_Autonomous_Systems/install/adas_simulation:/home/subham/Edge_AI_for_ADAS_and_Autonomous_Systems/install/adas_description:/home/subham/rover_ws/install/rover_gazebo:/home/subham/rover_ws/install/rover_description:/home/subham/rover_ws/install/rf2o_laser_odometry:/home/subham/anvrit_ws/install/rplidar_ros:/home/subham/anvrit_ws/install/astra_camera:/home/subham/anvrit_ws/install/astra_camera_msgs:/home/subham/anvrit_ws/install/anvrit_description:/home/subham/igvc/install/velodyne_simulator:/home/subham/igvc/install/velodyne_description:/home/subham/igvc/install/velodyne_gazebo_plugins:/home/subham/igvc/install/igvc_simulation:/home/subham/igvc/install/igvc_description:/home/subham/colcon_ws/install/ur_simulation_gz:/home/subham/colcon_ws/install/ur_description:/home/subham/colcon_ws/install/ur5_control_2481:/home/subham/colcon_ws/install/s2481_ebot_description:/home/subham/colcon_ws/install/linkattacher_msgs:/home/subham/colcon_ws/install/eyantra_warehouse:/home/subham/colcon_ws/install/ackerman_description:/home/subham/omokai_ws/install/llm_navigation:/home/subham/Edge_AI_for_ADAS_and_Autonomous_Systems/install/adas_perception:/home/subham/Edge_AI_for_ADAS_and_Autonomous_Systems/install/adas_navigation:/home/subham/rover_ws/install/rover_navigation:/home/subham/anvrit_ws/install/anvrit_perception:/home/subham/anvrit_ws/install/anvrit_odometry:/home/subham/anvrit_ws/install/anvrit_nav2:/home/subham/igvc/install/igvc_perception:/home/subham/igvc/install/igvc_navigation:/home/subham/colcon_ws/install/ros2ai:/opt/ros/humble LD_LIBRARY_PATH=/media/subham/85dce0f4-2e29-4540-9a32-801850cfcef6/subham/LidarMapping2.5D/install/jsk_recognition_msgs/lib:/media/subham/85dce0f4-2e29-4540-9a32-801850cfcef6/subham/LidarMapping2.5D/install/velodyne_gazebo_plugins/lib:/media/subham/85dce0f4-2e29-4540-9a32-801850cfcef6/subham/LidarMapping2.5D/install/patchwork_plusplus/lib:/media/subham/85dce0f4-2e29-4540-9a32-801850cfcef6/subham/LidarMapping2.5D/install/height_mapping_ros2/lib:/media/subham/85dce0f4-2e29-4540-9a32-801850cfcef6/subham/LidarMapping2.5D/install/height_mapping_core/lib:/home/subham/anvrit_ws/install/astra_camera/lib:/home/subham/anvrit_ws/install/astra_camera_msgs/lib:/home/subham/igvc/install/velodyne_gazebo_plugins/lib:/home/subham/colcon_ws/install/linkattacher_msgs/lib:/opt/ros/humble/opt/rviz_ogre_vendor/lib:/opt/ros/humble/lib/x86_64-linux-gnu:/opt/ros/humble/opt/openvdb_vendor/lib:/opt/ros/humble/lib /usr/bin/cmake /media/subham/85dce0f4-2e29-4540-9a32-801850cfcef6/subham/LidarMapping2.5D/src/patchwork-plusplus-ros2/patchwork_plusplus -DAMENT_CMAKE_SYMLINK_INSTALL=1 -DCMAKE_INSTALL_PREFIX=/media/subham/85dce0f4-2e29-4540-9a32-801850cfcef6/subham/LidarMapping2.5D/install/patchwork_plusplus[0m
[39.068s] [34mcolcon.colcon_core.event_handler.log_command[0m [1;30mDEBUG[0m [32mInvoking command in '/media/subham/85dce0f4-2e29-4540-9a32-801850cfcef6/subham/LidarMapping2.5D/build/patchwork_plusplus': CMAKE_PREFIX_PATH=/media/subham/85dce0f4-2e29-4540-9a32-801850cfcef6/subham/LidarMapping2.5D/install/jsk_recognition_msgs:/media/subham/85dce0f4-2e29-4540-9a32-801850cfcef6/subham/LidarMapping2.5D/install/segmentation_lidar:/media/subham/85dce0f4-2e29-4540-9a32-801850cfcef6/subham/LidarMapping2.5D/install/velodyne_simulator:/media/subham/85dce0f4-2e29-4540-9a32-801850cfcef6/subham/LidarMapping2.5D/install/velodyne_description:/media/subham/85dce0f4-2e29-4540-9a32-801850cfcef6/subham/LidarMapping2.5D/install/velodyne_gazebo_plugins:/media/subham/85dce0f4-2e29-4540-9a32-801850cfcef6/subham/LidarMapping2.5D/install/salsanext_ros2:/media/subham/85dce0f4-2e29-4540-9a32-801850cfcef6/subham/LidarMapping2.5D/install/patchwork_plusplus:/media/subham/85dce0f4-2e29-4540-9a32-801850cfcef6/subham/LidarMapping2.5D/install/lid_simulation:/media/subham/85dce0f4-2e29-4540-9a32-801850cfcef6/subham/LidarMapping2.5D/install/lid_description:/media/subham/85dce0f4-2e29-4540-9a32-801850cfcef6/subham/LidarMapping2.5D/install/height_mapping_ros2:/media/subham/85dce0f4-2e29-4540-9a32-801850cfcef6/subham/LidarMapping2.5D/install/height_mapping_core:/media/subham/85dce0f4-2e29-4540-9a32-801850cfcef6/subham/LidarMapping2.5D/install/fastdem_ros2:/media/subham/85dce0f4-2e29-4540-9a32-801850cfcef6/subham/LidarMapping2.5D/install/fastdem:/home/subham/omokai_ws/install/llm_simulation:/home/subham/omokai_ws/install/llm_prompt:/home/subham/omokai_ws/install/llm_description:/home/subham/Edge_AI_for_ADAS_and_Autonomous_Systems/install/adas_simulation:/home/subham/Edge_AI_for_ADAS_and_Autonomous_Systems/install/adas_description:/home/subham/rover_ws/install/rover_gazebo:/home/subham/rover_ws/install/rover_description:/home/subham/rover_ws/install/rf2o_laser_odometry:/home/subham/anvrit_ws/install/rplidar_ros:/home/subham/anvrit_ws/install/astra_camera:/home/subham/anvrit_ws/install/astra_camera_msgs:/home/subham/anvrit_ws/install/anvrit_description:/home/subham/igvc/install/velodyne_simulator:/home/subham/igvc/install/velodyne_description:/home/subham/igvc/install/velodyne_gazebo_plugins:/home/subham/igvc/install/igvc_simulation:/home/subham/igvc/install/igvc_description:/home/subham/colcon_ws/install/ur_simulation_gz:/home/subham/colcon_ws/install/ur_description:/home/subham/colcon_ws/install/ur5_control_2481:/home/subham/colcon_ws/install/s2481_ebot_description:/home/subham/colcon_ws/install/linkattacher_msgs:/home/subham/colcon_ws/install/eyantra_warehouse:/home/subham/colcon_ws/install/ackerman_description:/home/subham/omokai_ws/install/llm_navigation:/home/subham/Edge_AI_for_ADAS_and_Autonomous_Systems/install/adas_perception:/home/subham/Edge_AI_for_ADAS_and_Autonomous_Systems/install/adas_navigation:/home/subham/rover_ws/install/rover_navigation:/home/subham/anvrit_ws/install/anvrit_perception:/home/subham/anvrit_ws/install/anvrit_odometry:/home/subham/anvrit_ws/install/anvrit_nav2:/home/subham/igvc/install/igvc_perception:/home/subham/igvc/install/igvc_navigation:/home/subham/colcon_ws/install/ros2ai:/opt/ros/humble LD_LIBRARY_PATH=/media/subham/85dce0f4-2e29-4540-9a32-801850cfcef6/subham/LidarMapping2.5D/install/jsk_recognition_msgs/lib:/media/subham/85dce0f4-2e29-4540-9a32-801850cfcef6/subham/LidarMapping2.5D/install/velodyne_gazebo_plugins/lib:/media/subham/85dce0f4-2e29-4540-9a32-801850cfcef6/subham/LidarMapping2.5D/install/patchwork_plusplus/lib:/media/subham/85dce0f4-2e29-4540-9a32-801850cfcef6/subham/LidarMapping2.5D/install/height_mapping_ros2/lib:/media/subham/85dce0f4-2e29-4540-9a32-801850cfcef6/subham/LidarMapping2.5D/install/height_mapping_core/lib:/home/subham/anvrit_ws/install/astra_camera/lib:/home/subham/anvrit_ws/install/astra_camera_msgs/lib:/home/subham/igvc/install/velodyne_gazebo_plugins/lib:/home/subham/colcon_ws/install/linkattacher_msgs/lib:/opt/ros/humble/opt/rviz_ogre_vendor/lib:/opt/ros/humble/lib/x86_64-linux-gnu:/opt/ros/humble/opt/openvdb_vendor/lib:/opt/ros/humble/lib /usr/bin/cmake --build /media/subham/85dce0f4-2e29-4540-9a32-801850cfcef6/subham/LidarMapping2.5D/build/patchwork_plusplus[0m
[66.492s] [34mcolcon.colcon_core.event_handler.log_command[0m [1;30mDEBUG[0m [32mInvoked command in '/media/subham/85dce0f4-2e29-4540-9a32-801850cfcef6/subham/LidarMapping2.5D/build/patchwork_plusplus' returned '0': CMAKE_PREFIX_PATH=/media/subham/85dce0f4-2e29-4540-9a32-801850cfcef6/subham/LidarMapping2.5D/install/jsk_recognition_msgs:/media/subham/85dce0f4-2e29-4540-9a32-801850cfcef6/subham/LidarMapping2.5D/install/segmentation_lidar:/media/subham/85dce0f4-2e29-4540-9a32-801850cfcef6/subham/LidarMapping2.5D/install/velodyne_simulator:/media/subham/85dce0f4-2e29-4540-9a32-801850cfcef6/subham/LidarMapping2.5D/install/velodyne_description:/media/subham/85dce0f4-2e29-4540-9a32-801850cfcef6/subham/LidarMapping2.5D/install/velodyne_gazebo_plugins:/media/subham/85dce0f4-2e29-4540-9a32-801850cfcef6/subham/LidarMapping2.5D/install/salsanext_ros2:/media/subham/85dce0f4-2e29-4540-9a32-801850cfcef6/subham/LidarMapping2.5D/install/patchwork_plusplus:/media/subham/85dce0f4-2e29-4540-9a32-801850cfcef6/subham/LidarMapping2.5D/install/lid_simulation:/media/subham/85dce0f4-2e29-4540-9a32-801850cfcef6/subham/LidarMapping2.5D/install/lid_description:/media/subham/85dce0f4-2e29-4540-9a32-801850cfcef6/subham/LidarMapping2.5D/install/height_mapping_ros2:/media/subham/85dce0f4-2e29-4540-9a32-801850cfcef6/subham/LidarMapping2.5D/install/height_mapping_core:/media/subham/85dce0f4-2e29-4540-9a32-801850cfcef6/subham/LidarMapping2.5D/install/fastdem_ros2:/media/subham/85dce0f4-2e29-4540-9a32-801850cfcef6/subham/LidarMapping2.5D/install/fastdem:/home/subham/omokai_ws/install/llm_simulation:/home/subham/omokai_ws/install/llm_prompt:/home/subham/omokai_ws/install/llm_description:/home/subham/Edge_AI_for_ADAS_and_Autonomous_Systems/install/adas_simulation:/home/subham/Edge_AI_for_ADAS_and_Autonomous_Systems/install/adas_description:/home/subham/rover_ws/install/rover_gazebo:/home/subham/rover_ws/install/rover_description:/home/subham/rover_ws/install/rf2o_laser_odometry:/home/subham/anvrit_ws/install/rplidar_ros:/home/subham/anvrit_ws/install/astra_camera:/home/subham/anvrit_ws/install/astra_camera_msgs:/home/subham/anvrit_ws/install/anvrit_description:/home/subham/igvc/install/velodyne_simulator:/home/subham/igvc/install/velodyne_description:/home/subham/igvc/install/velodyne_gazebo_plugins:/home/subham/igvc/install/igvc_simulation:/home/subham/igvc/install/igvc_description:/home/subham/colcon_ws/install/ur_simulation_gz:/home/subham/colcon_ws/install/ur_description:/home/subham/colcon_ws/install/ur5_control_2481:/home/subham/colcon_ws/install/s2481_ebot_description:/home/subham/colcon_ws/install/linkattacher_msgs:/home/subham/colcon_ws/install/eyantra_warehouse:/home/subham/colcon_ws/install/ackerman_description:/home/subham/omokai_ws/install/llm_navigation:/home/subham/Edge_AI_for_ADAS_and_Autonomous_Systems/install/adas_perception:/home/subham/Edge_AI_for_ADAS_and_Autonomous_Systems/install/adas_navigation:/home/subham/rover_ws/install/rover_navigation:/home/subham/anvrit_ws/install/anvrit_perception:/home/subham/anvrit_ws/install/anvrit_odometry:/home/subham/anvrit_ws/install/anvrit_nav2:/home/subham/igvc/install/igvc_perception:/home/subham/igvc/install/igvc_navigation:/home/subham/colcon_ws/install/ros2ai:/opt/ros/humble LD_LIBRARY_PATH=/media/subham/85dce0f4-2e29-4540-9a32-801850cfcef6/subham/LidarMapping2.5D/install/jsk_recognition_msgs/lib:/media/subham/85dce0f4-2e29-4540-9a32-801850cfcef6/subham/LidarMapping2.5D/install/velodyne_gazebo_plugins/lib:/media/subham/85dce0f4-2e29-4540-9a32-801850cfcef6/subham/LidarMapping2.5D/install/patchwork_plusplus/lib:/media/subham/85dce0f4-2e29-4540-9a32-801850cfcef6/subham/LidarMapping2.5D/install/height_mapping_ros2/lib:/media/subham/85dce0f4-2e29-4540-9a32-801850cfcef6/subham/LidarMapping2.5D/install/height_mapping_core/lib:/home/subham/anvrit_ws/install/astra_camera/lib:/home/subham/anvrit_ws/install/astra_camera_msgs/lib:/home/subham/igvc/install/velodyne_gazebo_plugins/lib:/home/subham/colcon_ws/install/linkattacher_msgs/lib:/opt/ros/humble/opt/rviz_ogre_vendor/lib:/opt/ros/humble/lib/x86_64-linux-gnu:/opt/ros/humble/opt/openvdb_vendor/lib:/opt/ros/humble/lib /usr/bin/cmake --build /media/subham/85dce0f4-2e29-4540-9a32-801850cfcef6/subham/LidarMapping2.5D/build/patchwork_plusplus[0m
[66.494s] [34mcolcon.colcon_core.event_handler.log_command[0m [1;30mDEBUG[0m [32mInvoking command in '/media/subham/85dce0f4-2e29-4540-9a32-801850cfcef6/subham/LidarMapping2.5D/build/patchwork_plusplus': CMAKE_PREFIX_PATH=/media/subham/85dce0f4-2e29-4540-9a32-801850cfcef6/subham/LidarMapping2.5D/install/jsk_recognition_msgs:/media/subham/85dce0f4-2e29-4540-9a32-801850cfcef6/subham/LidarMapping2.5D/install/segmentation_lidar:/media/subham/85dce0f4-2e29-4540-9a32-801850cfcef6/subham/LidarMapping2.5D/install/velodyne_simulator:/media/subham/85dce0f4-2e29-4540-9a32-801850cfcef6/subham/LidarMapping2.5D/install/velodyne_description:/media/subham/85dce0f4-2e29-4540-9a32-801850cfcef6/subham/LidarMapping2.5D/install/velodyne_gazebo_plugins:/media/subham/85dce0f4-2e29-4540-9a32-801850cfcef6/subham/LidarMapping2.5D/install/salsanext_ros2:/media/subham/85dce0f4-2e29-4540-9a32-801850cfcef6/subham/LidarMapping2.5D/install/patchwork_plusplus:/media/subham/85dce0f4-2e29-4540-9a32-801850cfcef6/subham/LidarMapping2.5D/install/lid_simulation:/media/subham/85dce0f4-2e29-4540-9a32-801850cfcef6/subham/LidarMapping2.5D/install/lid_description:/media/subham/85dce0f4-2e29-4540-9a32-801850cfcef6/subham/LidarMapping2.5D/install/height_mapping_ros2:/media/subham/85dce0f4-2e29-4540-9a32-801850cfcef6/subham/LidarMapping2.5D/install/height_mapping_core:/media/subham/85dce0f4-2e29-4540-9a32-801850cfcef6/subham/LidarMapping2.5D/install/fastdem_ros2:/media/subham/85dce0f4-2e29-4540-9a32-801850cfcef6/subham/LidarMapping2.5D/install/fastdem:/home/subham/omokai_ws/install/llm_simulation:/home/subham/omokai_ws/install/llm_prompt:/home/subham/omokai_ws/install/llm_description:/home/subham/Edge_AI_for_ADAS_and_Autonomous_Systems/install/adas_simulation:/home/subham/Edge_AI_for_ADAS_and_Autonomous_Systems/install/adas_description:/home/subham/rover_ws/install/rover_gazebo:/home/subham/rover_ws/install/rover_description:/home/subham/rover_ws/install/rf2o_laser_odometry:/home/subham/anvrit_ws/install/rplidar_ros:/home/subham/anvrit_ws/install/astra_camera:/home/subham/anvrit_ws/install/astra_camera_msgs:/home/subham/anvrit_ws/install/anvrit_description:/home/subham/igvc/install/velodyne_simulator:/home/subham/igvc/install/velodyne_description:/home/subham/igvc/install/velodyne_gazebo_plugins:/home/subham/igvc/install/igvc_simulation:/home/subham/igvc/install/igvc_description:/home/subham/colcon_ws/install/ur_simulation_gz:/home/subham/colcon_ws/install/ur_description:/home/subham/colcon_ws/install/ur5_control_2481:/home/subham/colcon_ws/install/s2481_ebot_description:/home/subham/colcon_ws/install/linkattacher_msgs:/home/subham/colcon_ws/install/eyantra_warehouse:/home/subham/colcon_ws/install/ackerman_description:/home/subham/omokai_ws/install/llm_navigation:/home/subham/Edge_AI_for_ADAS_and_Autonomous_Systems/install/adas_perception:/home/subham/Edge_AI_for_ADAS_and_Autonomous_Systems/install/adas_navigation:/home/subham/rover_ws/install/rover_navigation:/home/subham/anvrit_ws/install/anvrit_perception:/home/subham/anvrit_ws/install/anvrit_odometry:/home/subham/anvrit_ws/install/anvrit_nav2:/home/subham/igvc/install/igvc_perception:/home/subham/igvc/install/igvc_navigation:/home/subham/colcon_ws/install/ros2ai:/opt/ros/humble LD_LIBRARY_PATH=/media/subham/85dce0f4-2e29-4540-9a32-801850cfcef6/subham/LidarMapping2.5D/install/jsk_recognition_msgs/lib:/media/subham/85dce0f4-2e29-4540-9a32-801850cfcef6/subham/LidarMapping2.5D/install/velodyne_gazebo_plugins/lib:/media/subham/85dce0f4-2e29-4540-9a32-801850cfcef6/subham/LidarMapping2.5D/install/patchwork_plusplus/lib:/media/subham/85dce0f4-2e29-4540-9a32-801850cfcef6/subham/LidarMapping2.5D/install/height_mapping_ros2/lib:/media/subham/85dce0f4-2e29-4540-9a32-801850cfcef6/subham/LidarMapping2.5D/install/height_mapping_core/lib:/home/subham/anvrit_ws/install/astra_camera/lib:/home/subham/anvrit_ws/install/astra_camera_msgs/lib:/home/subham/igvc/install/velodyne_gazebo_plugins/lib:/home/subham/colcon_ws/install/linkattacher_msgs/lib:/opt/ros/humble/opt/rviz_ogre_vendor/lib:/opt/ros/humble/lib/x86_64-linux-gnu:/opt/ros/humble/opt/openvdb_vendor/lib:/opt/ros/humble/lib /usr/bin/cmake --install /media/subham/85dce0f4-2e29-4540-9a32-801850cfcef6/subham/LidarMapping2.5D/build/patchwork_plusplus[0m
[66.830s] [34mcolcon.colcon_core.environment[0m [1;30mLevel 1[0m create_environment_scripts_only(patchwork_plusplus)
[66.831s] [34mcolcon.colcon_core.environment[0m [1;30mLevel 1[0m checking '/media/subham/85dce0f4-2e29-4540-9a32-801850cfcef6/subham/LidarMapping2.5D/install/patchwork_plusplus' for CMake module files
[66.831s] [34mcolcon.colcon_core.event_handler.log_command[0m [1;30mDEBUG[0m [32mInvoked command in '/media/subham/85dce0f4-2e29-4540-9a32-801850cfcef6/subham/LidarMapping2.5D/build/patchwork_plusplus' returned '0': CMAKE_PREFIX_PATH=/media/subham/85dce0f4-2e29-4540-9a32-801850cfcef6/subham/LidarMapping2.5D/install/jsk_recognition_msgs:/media/subham/85dce0f4-2e29-4540-9a32-801850cfcef6/subham/LidarMapping2.5D/install/segmentation_lidar:/media/subham/85dce0f4-2e29-4540-9a32-801850cfcef6/subham/LidarMapping2.5D/install/velodyne_simulator:/media/subham/85dce0f4-2e29-4540-9a32-801850cfcef6/subham/LidarMapping2.5D/install/velodyne_description:/media/subham/85dce0f4-2e29-4540-9a32-801850cfcef6/subham/LidarMapping2.5D/install/velodyne_gazebo_plugins:/media/subham/85dce0f4-2e29-4540-9a32-801850cfcef6/subham/LidarMapping2.5D/install/salsanext_ros2:/media/subham/85dce0f4-2e29-4540-9a32-801850cfcef6/subham/LidarMapping2.5D/install/patchwork_plusplus:/media/subham/85dce0f4-2e29-4540-9a32-801850cfcef6/subham/LidarMapping2.5D/install/lid_simulation:/media/subham/85dce0f4-2e29-4540-9a32-801850cfcef6/subham/LidarMapping2.5D/install/lid_description:/media/subham/85dce0f4-2e29-4540-9a32-801850cfcef6/subham/LidarMapping2.5D/install/height_mapping_ros2:/media/subham/85dce0f4-2e29-4540-9a32-801850cfcef6/subham/LidarMapping2.5D/install/height_mapping_core:/media/subham/85dce0f4-2e29-4540-9a32-801850cfcef6/subham/LidarMapping2.5D/install/fastdem_ros2:/media/subham/85dce0f4-2e29-4540-9a32-801850cfcef6/subham/LidarMapping2.5D/install/fastdem:/home/subham/omokai_ws/install/llm_simulation:/home/subham/omokai_ws/install/llm_prompt:/home/subham/omokai_ws/install/llm_description:/home/subham/Edge_AI_for_ADAS_and_Autonomous_Systems/install/adas_simulation:/home/subham/Edge_AI_for_ADAS_and_Autonomous_Systems/install/adas_description:/home/subham/rover_ws/install/rover_gazebo:/home/subham/rover_ws/install/rover_description:/home/subham/rover_ws/install/rf2o_laser_odometry:/home/subham/anvrit_ws/install/rplidar_ros:/home/subham/anvrit_ws/install/astra_camera:/home/subham/anvrit_ws/install/astra_camera_msgs:/home/subham/anvrit_ws/install/anvrit_description:/home/subham/igvc/install/velodyne_simulator:/home/subham/igvc/install/velodyne_description:/home/subham/igvc/install/velodyne_gazebo_plugins:/home/subham/igvc/install/igvc_simulation:/home/subham/igvc/install/igvc_description:/home/subham/colcon_ws/install/ur_simulation_gz:/home/subham/colcon_ws/install/ur_description:/home/subham/colcon_ws/install/ur5_control_2481:/home/subham/colcon_ws/install/s2481_ebot_description:/home/subham/colcon_ws/install/linkattacher_msgs:/home/subham/colcon_ws/install/eyantra_warehouse:/home/subham/colcon_ws/install/ackerman_description:/home/subham/omokai_ws/install/llm_navigation:/home/subham/Edge_AI_for_ADAS_and_Autonomous_Systems/install/adas_perception:/home/subham/Edge_AI_for_ADAS_and_Autonomous_Systems/install/adas_navigation:/home/subham/rover_ws/install/rover_navigation:/home/subham/anvrit_ws/install/anvrit_perception:/home/subham/anvrit_ws/install/anvrit_odometry:/home/subham/anvrit_ws/install/anvrit_nav2:/home/subham/igvc/install/igvc_perception:/home/subham/igvc/install/igvc_navigation:/home/subham/colcon_ws/install/ros2ai:/opt/ros/humble LD_LIBRARY_PATH=/media/subham/85dce0f4-2e29-4540-9a32-801850cfcef6/subham/LidarMapping2.5D/install/jsk_recognition_msgs/lib:/media/subham/85dce0f4-2e29-4540-9a32-801850cfcef6/subham/LidarMapping2.5D/install/velodyne_gazebo_plugins/lib:/media/subham/85dce0f4-2e29-4540-9a32-801850cfcef6/subham/LidarMapping2.5D/install/patchwork_plusplus/lib:/media/subham/85dce0f4-2e29-4540-9a32-801850cfcef6/subham/LidarMapping2.5D/install/height_mapping_ros2/lib:/media/subham/85dce0f4-2e29-4540-9a32-801850cfcef6/subham/LidarMapping2.5D/install/height_mapping_core/lib:/home/subham/anvrit_ws/install/astra_camera/lib:/home/subham/anvrit_ws/install/astra_camera_msgs/lib:/home/subham/igvc/install/velodyne_gazebo_plugins/lib:/home/subham/colcon_ws/install/linkattacher_msgs/lib:/opt/ros/humble/opt/rviz_ogre_vendor/lib:/opt/ros/humble/lib/x86_64-linux-gnu:/opt/ros/humble/opt/openvdb_vendor/lib:/opt/ros/humble/lib /usr/bin/cmake --install /media/subham/85dce0f4-2e29-4540-9a32-801850cfcef6/subham/LidarMapping2.5D/build/patchwork_plusplus[0m
[66.832s] [34mcolcon.colcon_core.environment[0m [1;30mLevel 1[0m checking '/media/subham/85dce0f4-2e29-4540-9a32-801850cfcef6/subham/LidarMapping2.5D/install/patchwork_plusplus' for CMake config files
[66.832s] [34mcolcon.colcon_core.shell[0m [1;30mLevel 1[0m create_environment_hook('patchwork_plusplus', 'cmake_prefix_path')
[66.833s] [34mcolcon.colcon_core.shell[0m [1;30mINFO[0m Creating environment hook '/media/subham/85dce0f4-2e29-4540-9a32-801850cfcef6/subham/LidarMapping2.5D/install/patchwork_plusplus/share/patchwork_plusplus/hook/cmake_prefix_path.ps1'
[66.833s] [34mcolcon.colcon_core.shell[0m [1;30mINFO[0m Creating environment descriptor '/media/subham/85dce0f4-2e29-4540-9a32-801850cfcef6/subham/LidarMapping2.5D/install/patchwork_plusplus/share/patchwork_plusplus/hook/cmake_prefix_path.dsv'
[66.833s] [34mcolcon.colcon_core.shell[0m [1;30mINFO[0m Creating environment hook '/media/subham/85dce0f4-2e29-4540-9a32-801850cfcef6/subham/LidarMapping2.5D/install/patchwork_plusplus/share/patchwork_plusplus/hook/cmake_prefix_path.sh'
[66.834s] [34mcolcon.colcon_core.environment[0m [1;30mLevel 1[0m checking '/media/subham/85dce0f4-2e29-4540-9a32-801850cfcef6/subham/LidarMapping2.5D/install/patchwork_plusplus/lib'
[66.834s] [34mcolcon.colcon_core.shell[0m [1;30mLevel 1[0m create_environment_hook('patchwork_plusplus', 'ld_library_path_lib')
[66.834s] [34mcolcon.colcon_core.shell[0m [1;30mINFO[0m Creating environment hook '/media/subham/85dce0f4-2e29-4540-9a32-801850cfcef6/subham/LidarMapping2.5D/install/patchwork_plusplus/share/patchwork_plusplus/hook/ld_library_path_lib.ps1'
[66.834s] [34mcolcon.colcon_core.shell[0m [1;30mINFO[0m Creating environment descriptor '/media/subham/85dce0f4-2e29-4540-9a32-801850cfcef6/subham/LidarMapping2.5D/install/patchwork_plusplus/share/patchwork_plusplus/hook/ld_library_path_lib.dsv'
[66.834s] [34mcolcon.colcon_core.shell[0m [1;30mINFO[0m Creating environment hook '/media/subham/85dce0f4-2e29-4540-9a32-801850cfcef6/subham/LidarMapping2.5D/install/patchwork_plusplus/share/patchwork_plusplus/hook/ld_library_path_lib.sh'
[66.835s] [34mcolcon.colcon_core.environment[0m [1;30mLevel 1[0m checking '/media/subham/85dce0f4-2e29-4540-9a32-801850cfcef6/subham/LidarMapping2.5D/install/patchwork_plusplus/bin'
[66.835s] [34mcolcon.colcon_core.environment[0m [1;30mLevel 1[0m checking '/media/subham/85dce0f4-2e29-4540-9a32-801850cfcef6/subham/LidarMapping2.5D/install/patchwork_plusplus/lib/pkgconfig/patchwork_plusplus.pc'
[66.835s] [34mcolcon.colcon_core.environment[0m [1;30mLevel 1[0m checking '/media/subham/85dce0f4-2e29-4540-9a32-801850cfcef6/subham/LidarMapping2.5D/install/patchwork_plusplus/lib/python3.10/site-packages'
[66.835s] [34mcolcon.colcon_core.environment[0m [1;30mLevel 1[0m checking '/media/subham/85dce0f4-2e29-4540-9a32-801850cfcef6/subham/LidarMapping2.5D/install/patchwork_plusplus/bin'
[66.836s] [34mcolcon.colcon_core.shell[0m [1;30mINFO[0m Creating package script '/media/subham/85dce0f4-2e29-4540-9a32-801850cfcef6/subham/LidarMapping2.5D/install/patchwork_plusplus/share/patchwork_plusplus/package.ps1'
[66.836s] [34mcolcon.colcon_core.shell[0m [1;30mINFO[0m Creating package descriptor '/media/subham/85dce0f4-2e29-4540-9a32-801850cfcef6/subham/LidarMapping2.5D/install/patchwork_plusplus/share/patchwork_plusplus/package.dsv'
[66.836s] [34mcolcon.colcon_core.shell[0m [1;30mINFO[0m Creating package script '/media/subham/85dce0f4-2e29-4540-9a32-801850cfcef6/subham/LidarMapping2.5D/install/patchwork_plusplus/share/patchwork_plusplus/package.sh'
[66.837s] [34mcolcon.colcon_core.shell[0m [1;30mINFO[0m Creating package script '/media/subham/85dce0f4-2e29-4540-9a32-801850cfcef6/subham/LidarMapping2.5D/install/patchwork_plusplus/share/patchwork_plusplus/package.bash'
[66.837s] [34mcolcon.colcon_core.shell[0m [1;30mINFO[0m Creating package script '/media/subham/85dce0f4-2e29-4540-9a32-801850cfcef6/subham/LidarMapping2.5D/install/patchwork_plusplus/share/patchwork_plusplus/package.zsh'
[66.837s] [34mcolcon.colcon_core.environment[0m [1;30mLevel 1[0m create_file_with_runtime_dependencies(/media/subham/85dce0f4-2e29-4540-9a32-801850cfcef6/subham/LidarMapping2.5D/install/patchwork_plusplus/share/colcon-core/packages/patchwork_plusplus)
[66.838s] [34mcolcon.colcon_core.environment[0m [1;30mLevel 1[0m create_environment_scripts_only(patchwork_plusplus)
[66.838s] [34mcolcon.colcon_core.environment[0m [1;30mLevel 1[0m checking '/media/subham/85dce0f4-2e29-4540-9a32-801850cfcef6/subham/LidarMapping2.5D/install/patchwork_plusplus' for CMake module files
[66.838s] [34mcolcon.colcon_core.environment[0m [1;30mLevel 1[0m checking '/media/subham/85dce0f4-2e29-4540-9a32-801850cfcef6/subham/LidarMapping2.5D/install/patchwork_plusplus' for CMake config files
[66.839s] [34mcolcon.colcon_core.shell[0m [1;30mLevel 1[0m create_environment_hook('patchwork_plusplus', 'cmake_prefix_path')
[66.839s] [34mcolcon.colcon_core.shell[0m [1;30mINFO[0m Creating environment hook '/media/subham/85dce0f4-2e29-4540-9a32-801850cfcef6/subham/LidarMapping2.5D/install/patchwork_plusplus/share/patchwork_plusplus/hook/cmake_prefix_path.ps1'
[66.839s] [34mcolcon.colcon_core.shell[0m [1;30mINFO[0m Creating environment descriptor '/media/subham/85dce0f4-2e29-4540-9a32-801850cfcef6/subham/LidarMapping2.5D/install/patchwork_plusplus/share/patchwork_plusplus/hook/cmake_prefix_path.dsv'
[66.840s] [34mcolcon.colcon_core.shell[0m [1;30mINFO[0m Creating environment hook '/media/subham/85dce0f4-2e29-4540-9a32-801850cfcef6/subham/LidarMapping2.5D/install/patchwork_plusplus/share/patchwork_plusplus/hook/cmake_prefix_path.sh'
[66.840s] [34mcolcon.colcon_core.environment[0m [1;30mLevel 1[0m checking '/media/subham/85dce0f4-2e29-4540-9a32-801850cfcef6/subham/LidarMapping2.5D/install/patchwork_plusplus/lib'
[66.840s] [34mcolcon.colcon_core.shell[0m [1;30mLevel 1[0m create_environment_hook('patchwork_plusplus', 'ld_library_path_lib')
[66.841s] [34mcolcon.colcon_core.shell[0m [1;30mINFO[0m Creating environment hook '/media/subham/85dce0f4-2e29-4540-9a32-801850cfcef6/subham/LidarMapping2.5D/install/patchwork_plusplus/share/patchwork_plusplus/hook/ld_library_path_lib.ps1'
[66.841s] [34mcolcon.colcon_core.shell[0m [1;30mINFO[0m Creating environment descriptor '/media/subham/85dce0f4-2e29-4540-9a32-801850cfcef6/subham/LidarMapping2.5D/install/patchwork_plusplus/share/patchwork_plusplus/hook/ld_library_path_lib.dsv'
[66.841s] [34mcolcon.colcon_core.shell[0m [1;30mINFO[0m Creating environment hook '/media/subham/85dce0f4-2e29-4540-9a32-801850cfcef6/subham/LidarMapping2.5D/install/patchwork_plusplus/share/patchwork_plusplus/hook/ld_library_path_lib.sh'
[66.841s] [34mcolcon.colcon_core.environment[0m [1;30mLevel 1[0m checking '/media/subham/85dce0f4-2e29-4540-9a32-801850cfcef6/subham/LidarMapping2.5D/install/patchwork_plusplus/bin'
[66.841s] [34mcolcon.colcon_core.environment[0m [1;30mLevel 1[0m checking '/media/subham/85dce0f4-2e29-4540-9a32-801850cfcef6/subham/LidarMapping2.5D/install/patchwork_plusplus/lib/pkgconfig/patchwork_plusplus.pc'
[66.842s] [34mcolcon.colcon_core.environment[0m [1;30mLevel 1[0m checking '/media/subham/85dce0f4-2e29-4540-9a32-801850cfcef6/subham/LidarMapping2.5D/install/patchwork_plusplus/lib/python3.10/site-packages'
[66.842s] [34mcolcon.colcon_core.environment[0m [1;30mLevel 1[0m checking '/media/subham/85dce0f4-2e29-4540-9a32-801850cfcef6/subham/LidarMapping2.5D/install/patchwork_plusplus/bin'
[66.842s] [34mcolcon.colcon_core.shell[0m [1;30mINFO[0m Creating package script '/media/subham/85dce0f4-2e29-4540-9a32-801850cfcef6/subham/LidarMapping2.5D/install/patchwork_plusplus/share/patchwork_plusplus/package.ps1'
[66.843s] [34mcolcon.colcon_core.shell[0m [1;30mINFO[0m Creating package descriptor '/media/subham/85dce0f4-2e29-4540-9a32-801850cfcef6/subham/LidarMapping2.5D/install/patchwork_plusplus/share/patchwork_plusplus/package.dsv'
[66.843s] [34mcolcon.colcon_core.shell[0m [1;30mINFO[0m Creating package script '/media/subham/85dce0f4-2e29-4540-9a32-801850cfcef6/subham/LidarMapping2.5D/install/patchwork_plusplus/share/patchwork_plusplus/package.sh'
[66.844s] [34mcolcon.colcon_core.shell[0m [1;30mINFO[0m Creating package script '/media/subham/85dce0f4-2e29-4540-9a32-801850cfcef6/subham/LidarMapping2.5D/install/patchwork_plusplus/share/patchwork_plusplus/package.bash'
[66.844s] [34mcolcon.colcon_core.shell[0m [1;30mINFO[0m Creating package script '/media/subham/85dce0f4-2e29-4540-9a32-801850cfcef6/subham/LidarMapping2.5D/install/patchwork_plusplus/share/patchwork_plusplus/package.zsh'
[66.845s] [34mcolcon.colcon_core.environment[0m [1;30mLevel 1[0m create_file_with_runtime_dependencies(/media/subham/85dce0f4-2e29-4540-9a32-801850cfcef6/subham/LidarMapping2.5D/install/patchwork_plusplus/share/colcon-core/packages/patchwork_plusplus)
[66.845s] [34mcolcon.colcon_core.executor.sequential[0m [1;30mDEBUG[0m [32mrun_until_complete 'patchwork_plusplus' finished with '0'[0m
[66.845s] [34mcolcon.colcon_core.executor.sequential[0m [1;30mDEBUG[0m [32mrun_until_complete 'velodyne_description'[0m
[66.845s] [34mcolcon.colcon_ros.task.ament_cmake.build[0m [1;30mINFO[0m Building ROS package in '/media/subham/85dce0f4-2e29-4540-9a32-801850cfcef6/subham/LidarMapping2.5D/src/velodyne/velodyne_description' with build type 'ament_cmake'
[66.845s] [34mcolcon.colcon_cmake.task.cmake.build[0m [1;30mINFO[0m Building CMake package in '/media/subham/85dce0f4-2e29-4540-9a32-801850cfcef6/subham/LidarMapping2.5D/src/velodyne/velodyne_description'
[66.845s] [34mcolcon.colcon_core.shell[0m [1;30mINFO[0m Skip shell extension 'powershell' for command environment: Not usable outside of PowerShell
[66.845s] [34mcolcon.colcon_core.shell[0m [1;30mDEBUG[0m [32mSkip shell extension 'dsv' for command environment[0m
[66.865s] [34mcolcon.colcon_core.event_handler.log_command[0m [1;30mDEBUG[0m [32mInvoking command in '/media/subham/85dce0f4-2e29-4540-9a32-801850cfcef6/subham/LidarMapping2.5D/build/velodyne_description': CMAKE_PREFIX_PATH=/media/subham/85dce0f4-2e29-4540-9a32-801850cfcef6/subham/LidarMapping2.5D/install/velodyne_gazebo_plugins:/media/subham/85dce0f4-2e29-4540-9a32-801850cfcef6/subham/LidarMapping2.5D/install/segmentation_lidar:/media/subham/85dce0f4-2e29-4540-9a32-801850cfcef6/subham/LidarMapping2.5D/install/velodyne_simulator:/media/subham/85dce0f4-2e29-4540-9a32-801850cfcef6/subham/LidarMapping2.5D/install/velodyne_description:/media/subham/85dce0f4-2e29-4540-9a32-801850cfcef6/subham/LidarMapping2.5D/install/salsanext_ros2:/media/subham/85dce0f4-2e29-4540-9a32-801850cfcef6/subham/LidarMapping2.5D/install/patchwork_plusplus:/media/subham/85dce0f4-2e29-4540-9a32-801850cfcef6/subham/LidarMapping2.5D/install/lid_simulation:/media/subham/85dce0f4-2e29-4540-9a32-801850cfcef6/subham/LidarMapping2.5D/install/lid_description:/media/subham/85dce0f4-2e29-4540-9a32-801850cfcef6/subham/LidarMapping2.5D/install/jsk_recognition_msgs:/media/subham/85dce0f4-2e29-4540-9a32-801850cfcef6/subham/LidarMapping2.5D/install/height_mapping_ros2:/media/subham/85dce0f4-2e29-4540-9a32-801850cfcef6/subham/LidarMapping2.5D/install/height_mapping_core:/media/subham/85dce0f4-2e29-4540-9a32-801850cfcef6/subham/LidarMapping2.5D/install/fastdem_ros2:/media/subham/85dce0f4-2e29-4540-9a32-801850cfcef6/subham/LidarMapping2.5D/install/fastdem:/home/subham/omokai_ws/install/llm_simulation:/home/subham/omokai_ws/install/llm_prompt:/home/subham/omokai_ws/install/llm_description:/home/subham/Edge_AI_for_ADAS_and_Autonomous_Systems/install/adas_simulation:/home/subham/Edge_AI_for_ADAS_and_Autonomous_Systems/install/adas_description:/home/subham/rover_ws/install/rover_gazebo:/home/subham/rover_ws/install/rover_description:/home/subham/rover_ws/install/rf2o_laser_odometry:/home/subham/anvrit_ws/install/rplidar_ros:/home/subham/anvrit_ws/install/astra_camera:/home/subham/anvrit_ws/install/astra_camera_msgs:/home/subham/anvrit_ws/install/anvrit_description:/home/subham/igvc/install/velodyne_simulator:/home/subham/igvc/install/velodyne_description:/home/subham/igvc/install/velodyne_gazebo_plugins:/home/subham/igvc/install/igvc_simulation:/home/subham/igvc/install/igvc_description:/home/subham/colcon_ws/install/ur_simulation_gz:/home/subham/colcon_ws/install/ur_description:/home/subham/colcon_ws/install/ur5_control_2481:/home/subham/colcon_ws/install/s2481_ebot_description:/home/subham/colcon_ws/install/linkattacher_msgs:/home/subham/colcon_ws/install/eyantra_warehouse:/home/subham/colcon_ws/install/ackerman_description:/home/subham/omokai_ws/install/llm_navigation:/home/subham/Edge_AI_for_ADAS_and_Autonomous_Systems/install/adas_perception:/home/subham/Edge_AI_for_ADAS_and_Autonomous_Systems/install/adas_navigation:/home/subham/rover_ws/install/rover_navigation:/home/subham/anvrit_ws/install/anvrit_perception:/home/subham/anvrit_ws/install/anvrit_odometry:/home/subham/anvrit_ws/install/anvrit_nav2:/home/subham/igvc/install/igvc_perception:/home/subham/igvc/install/igvc_navigation:/home/subham/colcon_ws/install/ros2ai:/opt/ros/humble /usr/bin/cmake /media/subham/85dce0f4-2e29-4540-9a32-801850cfcef6/subham/LidarMapping2.5D/src/velodyne/velodyne_description -DAMENT_CMAKE_SYMLINK_INSTALL=1 -DCMAKE_INSTALL_PREFIX=/media/subham/85dce0f4-2e29-4540-9a32-801850cfcef6/subham/LidarMapping2.5D/install/velodyne_description[0m
[68.199s] [34mcolcon.colcon_core.event_handler.log_command[0m [1;30mDEBUG[0m [32mInvoked command in '/media/subham/85dce0f4-2e29-4540-9a32-801850cfcef6/subham/LidarMapping2.5D/build/velodyne_description' returned '0': CMAKE_PREFIX_PATH=/media/subham/85dce0f4-2e29-4540-9a32-801850cfcef6/subham/LidarMapping2.5D/install/velodyne_gazebo_plugins:/media/subham/85dce0f4-2e29-4540-9a32-801850cfcef6/subham/LidarMapping2.5D/install/segmentation_lidar:/media/subham/85dce0f4-2e29-4540-9a32-801850cfcef6/subham/LidarMapping2.5D/install/velodyne_simulator:/media/subham/85dce0f4-2e29-4540-9a32-801850cfcef6/subham/LidarMapping2.5D/install/velodyne_description:/media/subham/85dce0f4-2e29-4540-9a32-801850cfcef6/subham/LidarMapping2.5D/install/salsanext_ros2:/media/subham/85dce0f4-2e29-4540-9a32-801850cfcef6/subham/LidarMapping2.5D/install/patchwork_plusplus:/media/subham/85dce0f4-2e29-4540-9a32-801850cfcef6/subham/LidarMapping2.5D/install/lid_simulation:/media/subham/85dce0f4-2e29-4540-9a32-801850cfcef6/subham/LidarMapping2.5D/install/lid_description:/media/subham/85dce0f4-2e29-4540-9a32-801850cfcef6/subham/LidarMapping2.5D/install/jsk_recognition_msgs:/media/subham/85dce0f4-2e29-4540-9a32-801850cfcef6/subham/LidarMapping2.5D/install/height_mapping_ros2:/media/subham/85dce0f4-2e29-4540-9a32-801850cfcef6/subham/LidarMapping2.5D/install/height_mapping_core:/media/subham/85dce0f4-2e29-4540-9a32-801850cfcef6/subham/LidarMapping2.5D/install/fastdem_ros2:/media/subham/85dce0f4-2e29-4540-9a32-801850cfcef6/subham/LidarMapping2.5D/install/fastdem:/home/subham/omokai_ws/install/llm_simulation:/home/subham/omokai_ws/install/llm_prompt:/home/subham/omokai_ws/install/llm_description:/home/subham/Edge_AI_for_ADAS_and_Autonomous_Systems/install/adas_simulation:/home/subham/Edge_AI_for_ADAS_and_Autonomous_Systems/install/adas_description:/home/subham/rover_ws/install/rover_gazebo:/home/subham/rover_ws/install/rover_description:/home/subham/rover_ws/install/rf2o_laser_odometry:/home/subham/anvrit_ws/install/rplidar_ros:/home/subham/anvrit_ws/install/astra_camera:/home/subham/anvrit_ws/install/astra_camera_msgs:/home/subham/anvrit_ws/install/anvrit_description:/home/subham/igvc/install/velodyne_simulator:/home/subham/igvc/install/velodyne_description:/home/subham/igvc/install/velodyne_gazebo_plugins:/home/subham/igvc/install/igvc_simulation:/home/subham/igvc/install/igvc_description:/home/subham/colcon_ws/install/ur_simulation_gz:/home/subham/colcon_ws/install/ur_description:/home/subham/colcon_ws/install/ur5_control_2481:/home/subham/colcon_ws/install/s2481_ebot_description:/home/subham/colcon_ws/install/linkattacher_msgs:/home/subham/colcon_ws/install/eyantra_warehouse:/home/subham/colcon_ws/install/ackerman_description:/home/subham/omokai_ws/install/llm_navigation:/home/subham/Edge_AI_for_ADAS_and_Autonomous_Systems/install/adas_perception:/home/subham/Edge_AI_for_ADAS_and_Autonomous_Systems/install/adas_navigation:/home/subham/rover_ws/install/rover_navigation:/home/subham/anvrit_ws/install/anvrit_perception:/home/subham/anvrit_ws/install/anvrit_odometry:/home/subham/anvrit_ws/install/anvrit_nav2:/home/subham/igvc/install/igvc_perception:/home/subham/igvc/install/igvc_navigation:/home/subham/colcon_ws/install/ros2ai:/opt/ros/humble /usr/bin/cmake /media/subham/85dce0f4-2e29-4540-9a32-801850cfcef6/subham/LidarMapping2.5D/src/velodyne/velodyne_description -DAMENT_CMAKE_SYMLINK_INSTALL=1 -DCMAKE_INSTALL_PREFIX=/media/subham/85dce0f4-2e29-4540-9a32-801850cfcef6/subham/LidarMapping2.5D/install/velodyne_description[0m
[68.199s] [34mcolcon.colcon_core.event_handler.log_command[0m [1;30mDEBUG[0m [32mInvoking command in '/media/subham/85dce0f4-2e29-4540-9a32-801850cfcef6/subham/LidarMapping2.5D/build/velodyne_description': CMAKE_PREFIX_PATH=/media/subham/85dce0f4-2e29-4540-9a32-801850cfcef6/subham/LidarMapping2.5D/install/velodyne_gazebo_plugins:/media/subham/85dce0f4-2e29-4540-9a32-801850cfcef6/subham/LidarMapping2.5D/install/segmentation_lidar:/media/subham/85dce0f4-2e29-4540-9a32-801850cfcef6/subham/LidarMapping2.5D/install/velodyne_simulator:/media/subham/85dce0f4-2e29-4540-9a32-801850cfcef6/subham/LidarMapping2.5D/install/velodyne_description:/media/subham/85dce0f4-2e29-4540-9a32-801850cfcef6/subham/LidarMapping2.5D/install/salsanext_ros2:/media/subham/85dce0f4-2e29-4540-9a32-801850cfcef6/subham/LidarMapping2.5D/install/patchwork_plusplus:/media/subham/85dce0f4-2e29-4540-9a32-801850cfcef6/subham/LidarMapping2.5D/install/lid_simulation:/media/subham/85dce0f4-2e29-4540-9a32-801850cfcef6/subham/LidarMapping2.5D/install/lid_description:/media/subham/85dce0f4-2e29-4540-9a32-801850cfcef6/subham/LidarMapping2.5D/install/jsk_recognition_msgs:/media/subham/85dce0f4-2e29-4540-9a32-801850cfcef6/subham/LidarMapping2.5D/install/height_mapping_ros2:/media/subham/85dce0f4-2e29-4540-9a32-801850cfcef6/subham/LidarMapping2.5D/install/height_mapping_core:/media/subham/85dce0f4-2e29-4540-9a32-801850cfcef6/subham/LidarMapping2.5D/install/fastdem_ros2:/media/subham/85dce0f4-2e29-4540-9a32-801850cfcef6/subham/LidarMapping2.5D/install/fastdem:/home/subham/omokai_ws/install/llm_simulation:/home/subham/omokai_ws/install/llm_prompt:/home/subham/omokai_ws/install/llm_description:/home/subham/Edge_AI_for_ADAS_and_Autonomous_Systems/install/adas_simulation:/home/subham/Edge_AI_for_ADAS_and_Autonomous_Systems/install/adas_description:/home/subham/rover_ws/install/rover_gazebo:/home/subham/rover_ws/install/rover_description:/home/subham/rover_ws/install/rf2o_laser_odometry:/home/subham/anvrit_ws/install/rplidar_ros:/home/subham/anvrit_ws/install/astra_camera:/home/subham/anvrit_ws/install/astra_camera_msgs:/home/subham/anvrit_ws/install/anvrit_description:/home/subham/igvc/install/velodyne_simulator:/home/subham/igvc/install/velodyne_description:/home/subham/igvc/install/velodyne_gazebo_plugins:/home/subham/igvc/install/igvc_simulation:/home/subham/igvc/install/igvc_description:/home/subham/colcon_ws/install/ur_simulation_gz:/home/subham/colcon_ws/install/ur_description:/home/subham/colcon_ws/install/ur5_control_2481:/home/subham/colcon_ws/install/s2481_ebot_description:/home/subham/colcon_ws/install/linkattacher_msgs:/home/subham/colcon_ws/install/eyantra_warehouse:/home/subham/colcon_ws/install/ackerman_description:/home/subham/omokai_ws/install/llm_navigation:/home/subham/Edge_AI_for_ADAS_and_Autonomous_Systems/install/adas_perception:/home/subham/Edge_AI_for_ADAS_and_Autonomous_Systems/install/adas_navigation:/home/subham/rover_ws/install/rover_navigation:/home/subham/anvrit_ws/install/anvrit_perception:/home/subham/anvrit_ws/install/anvrit_odometry:/home/subham/anvrit_ws/install/anvrit_nav2:/home/subham/igvc/install/igvc_perception:/home/subham/igvc/install/igvc_navigation:/home/subham/colcon_ws/install/ros2ai:/opt/ros/humble /usr/bin/cmake --build /media/subham/85dce0f4-2e29-4540-9a32-801850cfcef6/subham/LidarMapping2.5D/build/velodyne_description[0m
[68.263s] [34mcolcon.colcon_core.event_handler.log_command[0m [1;30mDEBUG[0m [32mInvoked command in '/media/subham/85dce0f4-2e29-4540-9a32-801850cfcef6/subham/LidarMapping2.5D/build/velodyne_description' returned '0': CMAKE_PREFIX_PATH=/media/subham/85dce0f4-2e29-4540-9a32-801850cfcef6/subham/LidarMapping2.5D/install/velodyne_gazebo_plugins:/media/subham/85dce0f4-2e29-4540-9a32-801850cfcef6/subham/LidarMapping2.5D/install/segmentation_lidar:/media/subham/85dce0f4-2e29-4540-9a32-801850cfcef6/subham/LidarMapping2.5D/install/velodyne_simulator:/media/subham/85dce0f4-2e29-4540-9a32-801850cfcef6/subham/LidarMapping2.5D/install/velodyne_description:/media/subham/85dce0f4-2e29-4540-9a32-801850cfcef6/subham/LidarMapping2.5D/install/salsanext_ros2:/media/subham/85dce0f4-2e29-4540-9a32-801850cfcef6/subham/LidarMapping2.5D/install/patchwork_plusplus:/media/subham/85dce0f4-2e29-4540-9a32-801850cfcef6/subham/LidarMapping2.5D/install/lid_simulation:/media/subham/85dce0f4-2e29-4540-9a32-801850cfcef6/subham/LidarMapping2.5D/install/lid_description:/media/subham/85dce0f4-2e29-4540-9a32-801850cfcef6/subham/LidarMapping2.5D/install/jsk_recognition_msgs:/media/subham/85dce0f4-2e29-4540-9a32-801850cfcef6/subham/LidarMapping2.5D/install/height_mapping_ros2:/media/subham/85dce0f4-2e29-4540-9a32-801850cfcef6/subham/LidarMapping2.5D/install/height_mapping_core:/media/subham/85dce0f4-2e29-4540-9a32-801850cfcef6/subham/LidarMapping2.5D/install/fastdem_ros2:/media/subham/85dce0f4-2e29-4540-9a32-801850cfcef6/subham/LidarMapping2.5D/install/fastdem:/home/subham/omokai_ws/install/llm_simulation:/home/subham/omokai_ws/install/llm_prompt:/home/subham/omokai_ws/install/llm_description:/home/subham/Edge_AI_for_ADAS_and_Autonomous_Systems/install/adas_simulation:/home/subham/Edge_AI_for_ADAS_and_Autonomous_Systems/install/adas_description:/home/subham/rover_ws/install/rover_gazebo:/home/subham/rover_ws/install/rover_description:/home/subham/rover_ws/install/rf2o_laser_odometry:/home/subham/anvrit_ws/install/rplidar_ros:/home/subham/anvrit_ws/install/astra_camera:/home/subham/anvrit_ws/install/astra_camera_msgs:/home/subham/anvrit_ws/install/anvrit_description:/home/subham/igvc/install/velodyne_simulator:/home/subham/igvc/install/velodyne_description:/home/subham/igvc/install/velodyne_gazebo_plugins:/home/subham/igvc/install/igvc_simulation:/home/subham/igvc/install/igvc_description:/home/subham/colcon_ws/install/ur_simulation_gz:/home/subham/colcon_ws/install/ur_description:/home/subham/colcon_ws/install/ur5_control_2481:/home/subham/colcon_ws/install/s2481_ebot_description:/home/subham/colcon_ws/install/linkattacher_msgs:/home/subham/colcon_ws/install/eyantra_warehouse:/home/subham/colcon_ws/install/ackerman_description:/home/subham/omokai_ws/install/llm_navigation:/home/subham/Edge_AI_for_ADAS_and_Autonomous_Systems/install/adas_perception:/home/subham/Edge_AI_for_ADAS_and_Autonomous_Systems/install/adas_navigation:/home/subham/rover_ws/install/rover_navigation:/home/subham/anvrit_ws/install/anvrit_perception:/home/subham/anvrit_ws/install/anvrit_odometry:/home/subham/anvrit_ws/install/anvrit_nav2:/home/subham/igvc/install/igvc_perception:/home/subham/igvc/install/igvc_navigation:/home/subham/colcon_ws/install/ros2ai:/opt/ros/humble /usr/bin/cmake --build /media/subham/85dce0f4-2e29-4540-9a32-801850cfcef6/subham/LidarMapping2.5D/build/velodyne_description[0m
[68.265s] [34mcolcon.colcon_core.event_handler.log_command[0m [1;30mDEBUG[0m [32mInvoking command in '/media/subham/85dce0f4-2e29-4540-9a32-801850cfcef6/subham/LidarMapping2.5D/build/velodyne_description': CMAKE_PREFIX_PATH=/media/subham/85dce0f4-2e29-4540-9a32-801850cfcef6/subham/LidarMapping2.5D/install/velodyne_gazebo_plugins:/media/subham/85dce0f4-2e29-4540-9a32-801850cfcef6/subham/LidarMapping2.5D/install/segmentation_lidar:/media/subham/85dce0f4-2e29-4540-9a32-801850cfcef6/subham/LidarMapping2.5D/install/velodyne_simulator:/media/subham/85dce0f4-2e29-4540-9a32-801850cfcef6/subham/LidarMapping2.5D/install/velodyne_description:/media/subham/85dce0f4-2e29-4540-9a32-801850cfcef6/subham/LidarMapping2.5D/install/salsanext_ros2:/media/subham/85dce0f4-2e29-4540-9a32-801850cfcef6/subham/LidarMapping2.5D/install/patchwork_plusplus:/media/subham/85dce0f4-2e29-4540-9a32-801850cfcef6/subham/LidarMapping2.5D/install/lid_simulation:/media/subham/85dce0f4-2e29-4540-9a32-801850cfcef6/subham/LidarMapping2.5D/install/lid_description:/media/subham/85dce0f4-2e29-4540-9a32-801850cfcef6/subham/LidarMapping2.5D/install/jsk_recognition_msgs:/media/subham/85dce0f4-2e29-4540-9a32-801850cfcef6/subham/LidarMapping2.5D/install/height_mapping_ros2:/media/subham/85dce0f4-2e29-4540-9a32-801850cfcef6/subham/LidarMapping2.5D/install/height_mapping_core:/media/subham/85dce0f4-2e29-4540-9a32-801850cfcef6/subham/LidarMapping2.5D/install/fastdem_ros2:/media/subham/85dce0f4-2e29-4540-9a32-801850cfcef6/subham/LidarMapping2.5D/install/fastdem:/home/subham/omokai_ws/install/llm_simulation:/home/subham/omokai_ws/install/llm_prompt:/home/subham/omokai_ws/install/llm_description:/home/subham/Edge_AI_for_ADAS_and_Autonomous_Systems/install/adas_simulation:/home/subham/Edge_AI_for_ADAS_and_Autonomous_Systems/install/adas_description:/home/subham/rover_ws/install/rover_gazebo:/home/subham/rover_ws/install/rover_description:/home/subham/rover_ws/install/rf2o_laser_odometry:/home/subham/anvrit_ws/install/rplidar_ros:/home/subham/anvrit_ws/install/astra_camera:/home/subham/anvrit_ws/install/astra_camera_msgs:/home/subham/anvrit_ws/install/anvrit_description:/home/subham/igvc/install/velodyne_simulator:/home/subham/igvc/install/velodyne_description:/home/subham/igvc/install/velodyne_gazebo_plugins:/home/subham/igvc/install/igvc_simulation:/home/subham/igvc/install/igvc_description:/home/subham/colcon_ws/install/ur_simulation_gz:/home/subham/colcon_ws/install/ur_description:/home/subham/colcon_ws/install/ur5_control_2481:/home/subham/colcon_ws/install/s2481_ebot_description:/home/subham/colcon_ws/install/linkattacher_msgs:/home/subham/colcon_ws/install/eyantra_warehouse:/home/subham/colcon_ws/install/ackerman_description:/home/subham/omokai_ws/install/llm_navigation:/home/subham/Edge_AI_for_ADAS_and_Autonomous_Systems/install/adas_perception:/home/subham/Edge_AI_for_ADAS_and_Autonomous_Systems/install/adas_navigation:/home/subham/rover_ws/install/rover_navigation:/home/subham/anvrit_ws/install/anvrit_perception:/home/subham/anvrit_ws/install/anvrit_odometry:/home/subham/anvrit_ws/install/anvrit_nav2:/home/subham/igvc/install/igvc_perception:/home/subham/igvc/install/igvc_navigation:/home/subham/colcon_ws/install/ros2ai:/opt/ros/humble /usr/bin/cmake --install /media/subham/85dce0f4-2e29-4540-9a32-801850cfcef6/subham/LidarMapping2.5D/build/velodyne_description[0m
[68.772s] [34mcolcon.colcon_core.environment[0m [1;30mLevel 1[0m create_environment_scripts_only(velodyne_description)
[68.773s] [34mcolcon.colcon_core.environment[0m [1;30mLevel 1[0m checking '/media/subham/85dce0f4-2e29-4540-9a32-801850cfcef6/subham/LidarMapping2.5D/install/velodyne_description' for CMake module files
[68.774s] [34mcolcon.colcon_core.event_handler.log_command[0m [1;30mDEBUG[0m [32mInvoked command in '/media/subham/85dce0f4-2e29-4540-9a32-801850cfcef6/subham/LidarMapping2.5D/build/velodyne_description' returned '0': CMAKE_PREFIX_PATH=/media/subham/85dce0f4-2e29-4540-9a32-801850cfcef6/subham/LidarMapping2.5D/install/velodyne_gazebo_plugins:/media/subham/85dce0f4-2e29-4540-9a32-801850cfcef6/subham/LidarMapping2.5D/install/segmentation_lidar:/media/subham/85dce0f4-2e29-4540-9a32-801850cfcef6/subham/LidarMapping2.5D/install/velodyne_simulator:/media/subham/85dce0f4-2e29-4540-9a32-801850cfcef6/subham/LidarMapping2.5D/install/velodyne_description:/media/subham/85dce0f4-2e29-4540-9a32-801850cfcef6/subham/LidarMapping2.5D/install/salsanext_ros2:/media/subham/85dce0f4-2e29-4540-9a32-801850cfcef6/subham/LidarMapping2.5D/install/patchwork_plusplus:/media/subham/85dce0f4-2e29-4540-9a32-801850cfcef6/subham/LidarMapping2.5D/install/lid_simulation:/media/subham/85dce0f4-2e29-4540-9a32-801850cfcef6/subham/LidarMapping2.5D/install/lid_description:/media/subham/85dce0f4-2e29-4540-9a32-801850cfcef6/subham/LidarMapping2.5D/install/jsk_recognition_msgs:/media/subham/85dce0f4-2e29-4540-9a32-801850cfcef6/subham/LidarMapping2.5D/install/height_mapping_ros2:/media/subham/85dce0f4-2e29-4540-9a32-801850cfcef6/subham/LidarMapping2.5D/install/height_mapping_core:/media/subham/85dce0f4-2e29-4540-9a32-801850cfcef6/subham/LidarMapping2.5D/install/fastdem_ros2:/media/subham/85dce0f4-2e29-4540-9a32-801850cfcef6/subham/LidarMapping2.5D/install/fastdem:/home/subham/omokai_ws/install/llm_simulation:/home/subham/omokai_ws/install/llm_prompt:/home/subham/omokai_ws/install/llm_description:/home/subham/Edge_AI_for_ADAS_and_Autonomous_Systems/install/adas_simulation:/home/subham/Edge_AI_for_ADAS_and_Autonomous_Systems/install/adas_description:/home/subham/rover_ws/install/rover_gazebo:/home/subham/rover_ws/install/rover_description:/home/subham/rover_ws/install/rf2o_laser_odometry:/home/subham/anvrit_ws/install/rplidar_ros:/home/subham/anvrit_ws/install/astra_camera:/home/subham/anvrit_ws/install/astra_camera_msgs:/home/subham/anvrit_ws/install/anvrit_description:/home/subham/igvc/install/velodyne_simulator:/home/subham/igvc/install/velodyne_description:/home/subham/igvc/install/velodyne_gazebo_plugins:/home/subham/igvc/install/igvc_simulation:/home/subham/igvc/install/igvc_description:/home/subham/colcon_ws/install/ur_simulation_gz:/home/subham/colcon_ws/install/ur_description:/home/subham/colcon_ws/install/ur5_control_2481:/home/subham/colcon_ws/install/s2481_ebot_description:/home/subham/colcon_ws/install/linkattacher_msgs:/home/subham/colcon_ws/install/eyantra_warehouse:/home/subham/colcon_ws/install/ackerman_description:/home/subham/omokai_ws/install/llm_navigation:/home/subham/Edge_AI_for_ADAS_and_Autonomous_Systems/install/adas_perception:/home/subham/Edge_AI_for_ADAS_and_Autonomous_Systems/install/adas_navigation:/home/subham/rover_ws/install/rover_navigation:/home/subham/anvrit_ws/install/anvrit_perception:/home/subham/anvrit_ws/install/anvrit_odometry:/home/subham/anvrit_ws/install/anvrit_nav2:/home/subham/igvc/install/igvc_perception:/home/subham/igvc/install/igvc_navigation:/home/subham/colcon_ws/install/ros2ai:/opt/ros/humble /usr/bin/cmake --install /media/subham/85dce0f4-2e29-4540-9a32-801850cfcef6/subham/LidarMapping2.5D/build/velodyne_description[0m
[68.774s] [34mcolcon.colcon_core.environment[0m [1;30mLevel 1[0m checking '/media/subham/85dce0f4-2e29-4540-9a32-801850cfcef6/subham/LidarMapping2.5D/install/velodyne_description' for CMake config files
[68.775s] [34mcolcon.colcon_core.shell[0m [1;30mLevel 1[0m create_environment_hook('velodyne_description', 'cmake_prefix_path')
[68.776s] [34mcolcon.colcon_core.shell[0m [1;30mINFO[0m Creating environment hook '/media/subham/85dce0f4-2e29-4540-9a32-801850cfcef6/subham/LidarMapping2.5D/install/velodyne_description/share/velodyne_description/hook/cmake_prefix_path.ps1'
[68.777s] [34mcolcon.colcon_core.shell[0m [1;30mINFO[0m Creating environment descriptor '/media/subham/85dce0f4-2e29-4540-9a32-801850cfcef6/subham/LidarMapping2.5D/install/velodyne_description/share/velodyne_description/hook/cmake_prefix_path.dsv'
[68.778s] [34mcolcon.colcon_core.shell[0m [1;30mINFO[0m Creating environment hook '/media/subham/85dce0f4-2e29-4540-9a32-801850cfcef6/subham/LidarMapping2.5D/install/velodyne_description/share/velodyne_description/hook/cmake_prefix_path.sh'
[68.780s] [34mcolcon.colcon_core.environment[0m [1;30mLevel 1[0m checking '/media/subham/85dce0f4-2e29-4540-9a32-801850cfcef6/subham/LidarMapping2.5D/install/velodyne_description/bin'
[68.780s] [34mcolcon.colcon_core.environment[0m [1;30mLevel 1[0m checking '/media/subham/85dce0f4-2e29-4540-9a32-801850cfcef6/subham/LidarMapping2.5D/install/velodyne_description/lib/pkgconfig/velodyne_description.pc'
[68.781s] [34mcolcon.colcon_core.environment[0m [1;30mLevel 1[0m checking '/media/subham/85dce0f4-2e29-4540-9a32-801850cfcef6/subham/LidarMapping2.5D/install/velodyne_description/lib/python3.10/site-packages'
[68.781s] [34mcolcon.colcon_core.environment[0m [1;30mLevel 1[0m checking '/media/subham/85dce0f4-2e29-4540-9a32-801850cfcef6/subham/LidarMapping2.5D/install/velodyne_description/bin'
[68.782s] [34mcolcon.colcon_core.shell[0m [1;30mINFO[0m Creating package script '/media/subham/85dce0f4-2e29-4540-9a32-801850cfcef6/subham/LidarMapping2.5D/install/velodyne_description/share/velodyne_description/package.ps1'
[68.784s] [34mcolcon.colcon_core.shell[0m [1;30mINFO[0m Creating package descriptor '/media/subham/85dce0f4-2e29-4540-9a32-801850cfcef6/subham/LidarMapping2.5D/install/velodyne_description/share/velodyne_description/package.dsv'
[68.784s] [34mcolcon.colcon_core.shell[0m [1;30mINFO[0m Creating package script '/media/subham/85dce0f4-2e29-4540-9a32-801850cfcef6/subham/LidarMapping2.5D/install/velodyne_description/share/velodyne_description/package.sh'
[68.785s] [34mcolcon.colcon_core.shell[0m [1;30mINFO[0m Creating package script '/media/subham/85dce0f4-2e29-4540-9a32-801850cfcef6/subham/LidarMapping2.5D/install/velodyne_description/share/velodyne_description/package.bash'
[68.786s] [34mcolcon.colcon_core.shell[0m [1;30mINFO[0m Creating package script '/media/subham/85dce0f4-2e29-4540-9a32-801850cfcef6/subham/LidarMapping2.5D/install/velodyne_description/share/velodyne_description/package.zsh'
[68.787s] [34mcolcon.colcon_core.environment[0m [1;30mLevel 1[0m create_file_with_runtime_dependencies(/media/subham/85dce0f4-2e29-4540-9a32-801850cfcef6/subham/LidarMapping2.5D/install/velodyne_description/share/colcon-core/packages/velodyne_description)
[68.788s] [34mcolcon.colcon_core.environment[0m [1;30mLevel 1[0m create_environment_scripts_only(velodyne_description)
[68.789s] [34mcolcon.colcon_core.environment[0m [1;30mLevel 1[0m checking '/media/subham/85dce0f4-2e29-4540-9a32-801850cfcef6/subham/LidarMapping2.5D/install/velodyne_description' for CMake module files
[68.790s] [34mcolcon.colcon_core.environment[0m [1;30mLevel 1[0m checking '/media/subham/85dce0f4-2e29-4540-9a32-801850cfcef6/subham/LidarMapping2.5D/install/velodyne_description' for CMake config files
[68.790s] [34mcolcon.colcon_core.shell[0m [1;30mLevel 1[0m create_environment_hook('velodyne_description', 'cmake_prefix_path')
[68.791s] [34mcolcon.colcon_core.shell[0m [1;30mINFO[0m Creating environment hook '/media/subham/85dce0f4-2e29-4540-9a32-801850cfcef6/subham/LidarMapping2.5D/install/velodyne_description/share/velodyne_description/hook/cmake_prefix_path.ps1'
[68.792s] [34mcolcon.colcon_core.shell[0m [1;30mINFO[0m Creating environment descriptor '/media/subham/85dce0f4-2e29-4540-9a32-801850cfcef6/subham/LidarMapping2.5D/install/velodyne_description/share/velodyne_description/hook/cmake_prefix_path.dsv'
[68.793s] [34mcolcon.colcon_core.shell[0m [1;30mINFO[0m Creating environment hook '/media/subham/85dce0f4-2e29-4540-9a32-801850cfcef6/subham/LidarMapping2.5D/install/velodyne_description/share/velodyne_description/hook/cmake_prefix_path.sh'
[68.794s] [34mcolcon.colcon_core.environment[0m [1;30mLevel 1[0m checking '/media/subham/85dce0f4-2e29-4540-9a32-801850cfcef6/subham/LidarMapping2.5D/install/velodyne_description/bin'
[68.794s] [34mcolcon.colcon_core.environment[0m [1;30mLevel 1[0m checking '/media/subham/85dce0f4-2e29-4540-9a32-801850cfcef6/subham/LidarMapping2.5D/install/velodyne_description/lib/pkgconfig/velodyne_description.pc'
[68.794s] [34mcolcon.colcon_core.environment[0m [1;30mLevel 1[0m checking '/media/subham/85dce0f4-2e29-4540-9a32-801850cfcef6/subham/LidarMapping2.5D/install/velodyne_description/lib/python3.10/site-packages'
[68.795s] [34mcolcon.colcon_core.environment[0m [1;30mLevel 1[0m checking '/media/subham/85dce0f4-2e29-4540-9a32-801850cfcef6/subham/LidarMapping2.5D/install/velodyne_description/bin'
[68.796s] [34mcolcon.colcon_core.shell[0m [1;30mINFO[0m Creating package script '/media/subham/85dce0f4-2e29-4540-9a32-801850cfcef6/subham/LidarMapping2.5D/install/velodyne_description/share/velodyne_description/package.ps1'
[68.797s] [34mcolcon.colcon_core.shell[0m [1;30mINFO[0m Creating package descriptor '/media/subham/85dce0f4-2e29-4540-9a32-801850cfcef6/subham/LidarMapping2.5D/install/velodyne_description/share/velodyne_description/package.dsv'
[68.798s] [34mcolcon.colcon_core.shell[0m [1;30mINFO[0m Creating package script '/media/subham/85dce0f4-2e29-4540-9a32-801850cfcef6/subham/LidarMapping2.5D/install/velodyne_description/share/velodyne_description/package.sh'
[68.800s] [34mcolcon.colcon_core.shell[0m [1;30mINFO[0m Creating package script '/media/subham/85dce0f4-2e29-4540-9a32-801850cfcef6/subham/LidarMapping2.5D/install/velodyne_description/share/velodyne_description/package.bash'
[68.801s] [34mcolcon.colcon_core.shell[0m [1;30mINFO[0m Creating package script '/media/subham/85dce0f4-2e29-4540-9a32-801850cfcef6/subham/LidarMapping2.5D/install/velodyne_description/share/velodyne_description/package.zsh'
[68.802s] [34mcolcon.colcon_core.environment[0m [1;30mLevel 1[0m create_file_with_runtime_dependencies(/media/subham/85dce0f4-2e29-4540-9a32-801850cfcef6/subham/LidarMapping2.5D/install/velodyne_description/share/colcon-core/packages/velodyne_description)
[68.803s] [34mcolcon.colcon_core.executor.sequential[0m [1;30mDEBUG[0m [32mrun_until_complete 'velodyne_description' finished with '0'[0m
[68.803s] [34mcolcon.colcon_core.executor.sequential[0m [1;30mDEBUG[0m [32mrun_until_complete 'velodyne_simulator'[0m
[68.803s] [34mcolcon.colcon_ros.task.ament_cmake.build[0m [1;30mINFO[0m Building ROS package in '/media/subham/85dce0f4-2e29-4540-9a32-801850cfcef6/subham/LidarMapping2.5D/src/velodyne/velodyne_simulator' with build type 'ament_cmake'
[68.803s] [34mcolcon.colcon_cmake.task.cmake.build[0m [1;30mINFO[0m Building CMake package in '/media/subham/85dce0f4-2e29-4540-9a32-801850cfcef6/subham/LidarMapping2.5D/src/velodyne/velodyne_simulator'
[68.804s] [34mcolcon.colcon_core.shell[0m [1;30mINFO[0m Skip shell extension 'powershell' for command environment: Not usable outside of PowerShell
[68.804s] [34mcolcon.colcon_core.shell[0m [1;30mDEBUG[0m [32mSkip shell extension 'dsv' for command environment[0m
[68.827s] [34mcolcon.colcon_core.event_handler.log_command[0m [1;30mDEBUG[0m [32mInvoking command in '/media/subham/85dce0f4-2e29-4540-9a32-801850cfcef6/subham/LidarMapping2.5D/build/velodyne_simulator': CMAKE_PREFIX_PATH=/media/subham/85dce0f4-2e29-4540-9a32-801850cfcef6/subham/LidarMapping2.5D/install/velodyne_description:/media/subham/85dce0f4-2e29-4540-9a32-801850cfcef6/subham/LidarMapping2.5D/install/velodyne_gazebo_plugins:/media/subham/85dce0f4-2e29-4540-9a32-801850cfcef6/subham/LidarMapping2.5D/install/segmentation_lidar:/media/subham/85dce0f4-2e29-4540-9a32-801850cfcef6/subham/LidarMapping2.5D/install/velodyne_simulator:/media/subham/85dce0f4-2e29-4540-9a32-801850cfcef6/subham/LidarMapping2.5D/install/salsanext_ros2:/media/subham/85dce0f4-2e29-4540-9a32-801850cfcef6/subham/LidarMapping2.5D/install/patchwork_plusplus:/media/subham/85dce0f4-2e29-4540-9a32-801850cfcef6/subham/LidarMapping2.5D/install/lid_simulation:/media/subham/85dce0f4-2e29-4540-9a32-801850cfcef6/subham/LidarMapping2.5D/install/lid_description:/media/subham/85dce0f4-2e29-4540-9a32-801850cfcef6/subham/LidarMapping2.5D/install/jsk_recognition_msgs:/media/subham/85dce0f4-2e29-4540-9a32-801850cfcef6/subham/LidarMapping2.5D/install/height_mapping_ros2:/media/subham/85dce0f4-2e29-4540-9a32-801850cfcef6/subham/LidarMapping2.5D/install/height_mapping_core:/media/subham/85dce0f4-2e29-4540-9a32-801850cfcef6/subham/LidarMapping2.5D/install/fastdem_ros2:/media/subham/85dce0f4-2e29-4540-9a32-801850cfcef6/subham/LidarMapping2.5D/install/fastdem:/home/subham/omokai_ws/install/llm_simulation:/home/subham/omokai_ws/install/llm_prompt:/home/subham/omokai_ws/install/llm_description:/home/subham/Edge_AI_for_ADAS_and_Autonomous_Systems/install/adas_simulation:/home/subham/Edge_AI_for_ADAS_and_Autonomous_Systems/install/adas_description:/home/subham/rover_ws/install/rover_gazebo:/home/subham/rover_ws/install/rover_description:/home/subham/rover_ws/install/rf2o_laser_odometry:/home/subham/anvrit_ws/install/rplidar_ros:/home/subham/anvrit_ws/install/astra_camera:/home/subham/anvrit_ws/install/astra_camera_msgs:/home/subham/anvrit_ws/install/anvrit_description:/home/subham/igvc/install/velodyne_simulator:/home/subham/igvc/install/velodyne_description:/home/subham/igvc/install/velodyne_gazebo_plugins:/home/subham/igvc/install/igvc_simulation:/home/subham/igvc/install/igvc_description:/home/subham/colcon_ws/install/ur_simulation_gz:/home/subham/colcon_ws/install/ur_description:/home/subham/colcon_ws/install/ur5_control_2481:/home/subham/colcon_ws/install/s2481_ebot_description:/home/subham/colcon_ws/install/linkattacher_msgs:/home/subham/colcon_ws/install/eyantra_warehouse:/home/subham/colcon_ws/install/ackerman_description:/home/subham/omokai_ws/install/llm_navigation:/home/subham/Edge_AI_for_ADAS_and_Autonomous_Systems/install/adas_perception:/home/subham/Edge_AI_for_ADAS_and_Autonomous_Systems/install/adas_navigation:/home/subham/rover_ws/install/rover_navigation:/home/subham/anvrit_ws/install/anvrit_perception:/home/subham/anvrit_ws/install/anvrit_odometry:/home/subham/anvrit_ws/install/anvrit_nav2:/home/subham/igvc/install/igvc_perception:/home/subham/igvc/install/igvc_navigation:/home/subham/colcon_ws/install/ros2ai:/opt/ros/humble /usr/bin/cmake /media/subham/85dce0f4-2e29-4540-9a32-801850cfcef6/subham/LidarMapping2.5D/src/velodyne/velodyne_simulator -DAMENT_CMAKE_SYMLINK_INSTALL=1 -DCMAKE_INSTALL_PREFIX=/media/subham/85dce0f4-2e29-4540-9a32-801850cfcef6/subham/LidarMapping2.5D/install/velodyne_simulator[0m
[70.192s] [34mcolcon.colcon_core.event_handler.log_command[0m [1;30mDEBUG[0m [32mInvoked command in '/media/subham/85dce0f4-2e29-4540-9a32-801850cfcef6/subham/LidarMapping2.5D/build/velodyne_simulator' returned '0': CMAKE_PREFIX_PATH=/media/subham/85dce0f4-2e29-4540-9a32-801850cfcef6/subham/LidarMapping2.5D/install/velodyne_description:/media/subham/85dce0f4-2e29-4540-9a32-801850cfcef6/subham/LidarMapping2.5D/install/velodyne_gazebo_plugins:/media/subham/85dce0f4-2e29-4540-9a32-801850cfcef6/subham/LidarMapping2.5D/install/segmentation_lidar:/media/subham/85dce0f4-2e29-4540-9a32-801850cfcef6/subham/LidarMapping2.5D/install/velodyne_simulator:/media/subham/85dce0f4-2e29-4540-9a32-801850cfcef6/subham/LidarMapping2.5D/install/salsanext_ros2:/media/subham/85dce0f4-2e29-4540-9a32-801850cfcef6/subham/LidarMapping2.5D/install/patchwork_plusplus:/media/subham/85dce0f4-2e29-4540-9a32-801850cfcef6/subham/LidarMapping2.5D/install/lid_simulation:/media/subham/85dce0f4-2e29-4540-9a32-801850cfcef6/subham/LidarMapping2.5D/install/lid_description:/media/subham/85dce0f4-2e29-4540-9a32-801850cfcef6/subham/LidarMapping2.5D/install/jsk_recognition_msgs:/media/subham/85dce0f4-2e29-4540-9a32-801850cfcef6/subham/LidarMapping2.5D/install/height_mapping_ros2:/media/subham/85dce0f4-2e29-4540-9a32-801850cfcef6/subham/LidarMapping2.5D/install/height_mapping_core:/media/subham/85dce0f4-2e29-4540-9a32-801850cfcef6/subham/LidarMapping2.5D/install/fastdem_ros2:/media/subham/85dce0f4-2e29-4540-9a32-801850cfcef6/subham/LidarMapping2.5D/install/fastdem:/home/subham/omokai_ws/install/llm_simulation:/home/subham/omokai_ws/install/llm_prompt:/home/subham/omokai_ws/install/llm_description:/home/subham/Edge_AI_for_ADAS_and_Autonomous_Systems/install/adas_simulation:/home/subham/Edge_AI_for_ADAS_and_Autonomous_Systems/install/adas_description:/home/subham/rover_ws/install/rover_gazebo:/home/subham/rover_ws/install/rover_description:/home/subham/rover_ws/install/rf2o_laser_odometry:/home/subham/anvrit_ws/install/rplidar_ros:/home/subham/anvrit_ws/install/astra_camera:/home/subham/anvrit_ws/install/astra_camera_msgs:/home/subham/anvrit_ws/install/anvrit_description:/home/subham/igvc/install/velodyne_simulator:/home/subham/igvc/install/velodyne_description:/home/subham/igvc/install/velodyne_gazebo_plugins:/home/subham/igvc/install/igvc_simulation:/home/subham/igvc/install/igvc_description:/home/subham/colcon_ws/install/ur_simulation_gz:/home/subham/colcon_ws/install/ur_description:/home/subham/colcon_ws/install/ur5_control_2481:/home/subham/colcon_ws/install/s2481_ebot_description:/home/subham/colcon_ws/install/linkattacher_msgs:/home/subham/colcon_ws/install/eyantra_warehouse:/home/subham/colcon_ws/install/ackerman_description:/home/subham/omokai_ws/install/llm_navigation:/home/subham/Edge_AI_for_ADAS_and_Autonomous_Systems/install/adas_perception:/home/subham/Edge_AI_for_ADAS_and_Autonomous_Systems/install/adas_navigation:/home/subham/rover_ws/install/rover_navigation:/home/subham/anvrit_ws/install/anvrit_perception:/home/subham/anvrit_ws/install/anvrit_odometry:/home/subham/anvrit_ws/install/anvrit_nav2:/home/subham/igvc/install/igvc_perception:/home/subham/igvc/install/igvc_navigation:/home/subham/colcon_ws/install/ros2ai:/opt/ros/humble /usr/bin/cmake /media/subham/85dce0f4-2e29-4540-9a32-801850cfcef6/subham/LidarMapping2.5D/src/velodyne/velodyne_simulator -DAMENT_CMAKE_SYMLINK_INSTALL=1 -DCMAKE_INSTALL_PREFIX=/media/subham/85dce0f4-2e29-4540-9a32-801850cfcef6/subham/LidarMapping2.5D/install/velodyne_simulator[0m
[70.194s] [34mcolcon.colcon_core.event_handler.log_command[0m [1;30mDEBUG[0m [32mInvoking command in '/media/subham/85dce0f4-2e29-4540-9a32-801850cfcef6/subham/LidarMapping2.5D/build/velodyne_simulator': CMAKE_PREFIX_PATH=/media/subham/85dce0f4-2e29-4540-9a32-801850cfcef6/subham/LidarMapping2.5D/install/velodyne_description:/media/subham/85dce0f4-2e29-4540-9a32-801850cfcef6/subham/LidarMapping2.5D/install/velodyne_gazebo_plugins:/media/subham/85dce0f4-2e29-4540-9a32-801850cfcef6/subham/LidarMapping2.5D/install/segmentation_lidar:/media/subham/85dce0f4-2e29-4540-9a32-801850cfcef6/subham/LidarMapping2.5D/install/velodyne_simulator:/media/subham/85dce0f4-2e29-4540-9a32-801850cfcef6/subham/LidarMapping2.5D/install/salsanext_ros2:/media/subham/85dce0f4-2e29-4540-9a32-801850cfcef6/subham/LidarMapping2.5D/install/patchwork_plusplus:/media/subham/85dce0f4-2e29-4540-9a32-801850cfcef6/subham/LidarMapping2.5D/install/lid_simulation:/media/subham/85dce0f4-2e29-4540-9a32-801850cfcef6/subham/LidarMapping2.5D/install/lid_description:/media/subham/85dce0f4-2e29-4540-9a32-801850cfcef6/subham/LidarMapping2.5D/install/jsk_recognition_msgs:/media/subham/85dce0f4-2e29-4540-9a32-801850cfcef6/subham/LidarMapping2.5D/install/height_mapping_ros2:/media/subham/85dce0f4-2e29-4540-9a32-801850cfcef6/subham/LidarMapping2.5D/install/height_mapping_core:/media/subham/85dce0f4-2e29-4540-9a32-801850cfcef6/subham/LidarMapping2.5D/install/fastdem_ros2:/media/subham/85dce0f4-2e29-4540-9a32-801850cfcef6/subham/LidarMapping2.5D/install/fastdem:/home/subham/omokai_ws/install/llm_simulation:/home/subham/omokai_ws/install/llm_prompt:/home/subham/omokai_ws/install/llm_description:/home/subham/Edge_AI_for_ADAS_and_Autonomous_Systems/install/adas_simulation:/home/subham/Edge_AI_for_ADAS_and_Autonomous_Systems/install/adas_description:/home/subham/rover_ws/install/rover_gazebo:/home/subham/rover_ws/install/rover_description:/home/subham/rover_ws/install/rf2o_laser_odometry:/home/subham/anvrit_ws/install/rplidar_ros:/home/subham/anvrit_ws/install/astra_camera:/home/subham/anvrit_ws/install/astra_camera_msgs:/home/subham/anvrit_ws/install/anvrit_description:/home/subham/igvc/install/velodyne_simulator:/home/subham/igvc/install/velodyne_description:/home/subham/igvc/install/velodyne_gazebo_plugins:/home/subham/igvc/install/igvc_simulation:/home/subham/igvc/install/igvc_description:/home/subham/colcon_ws/install/ur_simulation_gz:/home/subham/colcon_ws/install/ur_description:/home/subham/colcon_ws/install/ur5_control_2481:/home/subham/colcon_ws/install/s2481_ebot_description:/home/subham/colcon_ws/install/linkattacher_msgs:/home/subham/colcon_ws/install/eyantra_warehouse:/home/subham/colcon_ws/install/ackerman_description:/home/subham/omokai_ws/install/llm_navigation:/home/subham/Edge_AI_for_ADAS_and_Autonomous_Systems/install/adas_perception:/home/subham/Edge_AI_for_ADAS_and_Autonomous_Systems/install/adas_navigation:/home/subham/rover_ws/install/rover_navigation:/home/subham/anvrit_ws/install/anvrit_perception:/home/subham/anvrit_ws/install/anvrit_odometry:/home/subham/anvrit_ws/install/anvrit_nav2:/home/subham/igvc/install/igvc_perception:/home/subham/igvc/install/igvc_navigation:/home/subham/colcon_ws/install/ros2ai:/opt/ros/humble /usr/bin/cmake --build /media/subham/85dce0f4-2e29-4540-9a32-801850cfcef6/subham/LidarMapping2.5D/build/velodyne_simulator[0m
[70.266s] [34mcolcon.colcon_core.event_handler.log_command[0m [1;30mDEBUG[0m [32mInvoked command in '/media/subham/85dce0f4-2e29-4540-9a32-801850cfcef6/subham/LidarMapping2.5D/build/velodyne_simulator' returned '0': CMAKE_PREFIX_PATH=/media/subham/85dce0f4-2e29-4540-9a32-801850cfcef6/subham/LidarMapping2.5D/install/velodyne_description:/media/subham/85dce0f4-2e29-4540-9a32-801850cfcef6/subham/LidarMapping2.5D/install/velodyne_gazebo_plugins:/media/subham/85dce0f4-2e29-4540-9a32-801850cfcef6/subham/LidarMapping2.5D/install/segmentation_lidar:/media/subham/85dce0f4-2e29-4540-9a32-801850cfcef6/subham/LidarMapping2.5D/install/velodyne_simulator:/media/subham/85dce0f4-2e29-4540-9a32-801850cfcef6/subham/LidarMapping2.5D/install/salsanext_ros2:/media/subham/85dce0f4-2e29-4540-9a32-801850cfcef6/subham/LidarMapping2.5D/install/patchwork_plusplus:/media/subham/85dce0f4-2e29-4540-9a32-801850cfcef6/subham/LidarMapping2.5D/install/lid_simulation:/media/subham/85dce0f4-2e29-4540-9a32-801850cfcef6/subham/LidarMapping2.5D/install/lid_description:/media/subham/85dce0f4-2e29-4540-9a32-801850cfcef6/subham/LidarMapping2.5D/install/jsk_recognition_msgs:/media/subham/85dce0f4-2e29-4540-9a32-801850cfcef6/subham/LidarMapping2.5D/install/height_mapping_ros2:/media/subham/85dce0f4-2e29-4540-9a32-801850cfcef6/subham/LidarMapping2.5D/install/height_mapping_core:/media/subham/85dce0f4-2e29-4540-9a32-801850cfcef6/subham/LidarMapping2.5D/install/fastdem_ros2:/media/subham/85dce0f4-2e29-4540-9a32-801850cfcef6/subham/LidarMapping2.5D/install/fastdem:/home/subham/omokai_ws/install/llm_simulation:/home/subham/omokai_ws/install/llm_prompt:/home/subham/omokai_ws/install/llm_description:/home/subham/Edge_AI_for_ADAS_and_Autonomous_Systems/install/adas_simulation:/home/subham/Edge_AI_for_ADAS_and_Autonomous_Systems/install/adas_description:/home/subham/rover_ws/install/rover_gazebo:/home/subham/rover_ws/install/rover_description:/home/subham/rover_ws/install/rf2o_laser_odometry:/home/subham/anvrit_ws/install/rplidar_ros:/home/subham/anvrit_ws/install/astra_camera:/home/subham/anvrit_ws/install/astra_camera_msgs:/home/subham/anvrit_ws/install/anvrit_description:/home/subham/igvc/install/velodyne_simulator:/home/subham/igvc/install/velodyne_description:/home/subham/igvc/install/velodyne_gazebo_plugins:/home/subham/igvc/install/igvc_simulation:/home/subham/igvc/install/igvc_description:/home/subham/colcon_ws/install/ur_simulation_gz:/home/subham/colcon_ws/install/ur_description:/home/subham/colcon_ws/install/ur5_control_2481:/home/subham/colcon_ws/install/s2481_ebot_description:/home/subham/colcon_ws/install/linkattacher_msgs:/home/subham/colcon_ws/install/eyantra_warehouse:/home/subham/colcon_ws/install/ackerman_description:/home/subham/omokai_ws/install/llm_navigation:/home/subham/Edge_AI_for_ADAS_and_Autonomous_Systems/install/adas_perception:/home/subham/Edge_AI_for_ADAS_and_Autonomous_Systems/install/adas_navigation:/home/subham/rover_ws/install/rover_navigation:/home/subham/anvrit_ws/install/anvrit_perception:/home/subham/anvrit_ws/install/anvrit_odometry:/home/subham/anvrit_ws/install/anvrit_nav2:/home/subham/igvc/install/igvc_perception:/home/subham/igvc/install/igvc_navigation:/home/subham/colcon_ws/install/ros2ai:/opt/ros/humble /usr/bin/cmake --build /media/subham/85dce0f4-2e29-4540-9a32-801850cfcef6/subham/LidarMapping2.5D/build/velodyne_simulator[0m
[70.267s] [34mcolcon.colcon_core.event_handler.log_command[0m [1;30mDEBUG[0m [32mInvoking command in '/media/subham/85dce0f4-2e29-4540-9a32-801850cfcef6/subham/LidarMapping2.5D/build/velodyne_simulator': CMAKE_PREFIX_PATH=/media/subham/85dce0f4-2e29-4540-9a32-801850cfcef6/subham/LidarMapping2.5D/install/velodyne_description:/media/subham/85dce0f4-2e29-4540-9a32-801850cfcef6/subham/LidarMapping2.5D/install/velodyne_gazebo_plugins:/media/subham/85dce0f4-2e29-4540-9a32-801850cfcef6/subham/LidarMapping2.5D/install/segmentation_lidar:/media/subham/85dce0f4-2e29-4540-9a32-801850cfcef6/subham/LidarMapping2.5D/install/velodyne_simulator:/media/subham/85dce0f4-2e29-4540-9a32-801850cfcef6/subham/LidarMapping2.5D/install/salsanext_ros2:/media/subham/85dce0f4-2e29-4540-9a32-801850cfcef6/subham/LidarMapping2.5D/install/patchwork_plusplus:/media/subham/85dce0f4-2e29-4540-9a32-801850cfcef6/subham/LidarMapping2.5D/install/lid_simulation:/media/subham/85dce0f4-2e29-4540-9a32-801850cfcef6/subham/LidarMapping2.5D/install/lid_description:/media/subham/85dce0f4-2e29-4540-9a32-801850cfcef6/subham/LidarMapping2.5D/install/jsk_recognition_msgs:/media/subham/85dce0f4-2e29-4540-9a32-801850cfcef6/subham/LidarMapping2.5D/install/height_mapping_ros2:/media/subham/85dce0f4-2e29-4540-9a32-801850cfcef6/subham/LidarMapping2.5D/install/height_mapping_core:/media/subham/85dce0f4-2e29-4540-9a32-801850cfcef6/subham/LidarMapping2.5D/install/fastdem_ros2:/media/subham/85dce0f4-2e29-4540-9a32-801850cfcef6/subham/LidarMapping2.5D/install/fastdem:/home/subham/omokai_ws/install/llm_simulation:/home/subham/omokai_ws/install/llm_prompt:/home/subham/omokai_ws/install/llm_description:/home/subham/Edge_AI_for_ADAS_and_Autonomous_Systems/install/adas_simulation:/home/subham/Edge_AI_for_ADAS_and_Autonomous_Systems/install/adas_description:/home/subham/rover_ws/install/rover_gazebo:/home/subham/rover_ws/install/rover_description:/home/subham/rover_ws/install/rf2o_laser_odometry:/home/subham/anvrit_ws/install/rplidar_ros:/home/subham/anvrit_ws/install/astra_camera:/home/subham/anvrit_ws/install/astra_camera_msgs:/home/subham/anvrit_ws/install/anvrit_description:/home/subham/igvc/install/velodyne_simulator:/home/subham/igvc/install/velodyne_description:/home/subham/igvc/install/velodyne_gazebo_plugins:/home/subham/igvc/install/igvc_simulation:/home/subham/igvc/install/igvc_description:/home/subham/colcon_ws/install/ur_simulation_gz:/home/subham/colcon_ws/install/ur_description:/home/subham/colcon_ws/install/ur5_control_2481:/home/subham/colcon_ws/install/s2481_ebot_description:/home/subham/colcon_ws/install/linkattacher_msgs:/home/subham/colcon_ws/install/eyantra_warehouse:/home/subham/colcon_ws/install/ackerman_description:/home/subham/omokai_ws/install/llm_navigation:/home/subham/Edge_AI_for_ADAS_and_Autonomous_Systems/install/adas_perception:/home/subham/Edge_AI_for_ADAS_and_Autonomous_Systems/install/adas_navigation:/home/subham/rover_ws/install/rover_navigation:/home/subham/anvrit_ws/install/anvrit_perception:/home/subham/anvrit_ws/install/anvrit_odometry:/home/subham/anvrit_ws/install/anvrit_nav2:/home/subham/igvc/install/igvc_perception:/home/subham/igvc/install/igvc_navigation:/home/subham/colcon_ws/install/ros2ai:/opt/ros/humble /usr/bin/cmake --install /media/subham/85dce0f4-2e29-4540-9a32-801850cfcef6/subham/LidarMapping2.5D/build/velodyne_simulator[0m
[70.516s] [34mcolcon.colcon_core.environment[0m [1;30mLevel 1[0m create_environment_scripts_only(velodyne_simulator)
[70.516s] [34mcolcon.colcon_core.environment[0m [1;30mLevel 1[0m checking '/media/subham/85dce0f4-2e29-4540-9a32-801850cfcef6/subham/LidarMapping2.5D/install/velodyne_simulator' for CMake module files
[70.517s] [34mcolcon.colcon_core.event_handler.log_command[0m [1;30mDEBUG[0m [32mInvoked command in '/media/subham/85dce0f4-2e29-4540-9a32-801850cfcef6/subham/LidarMapping2.5D/build/velodyne_simulator' returned '0': CMAKE_PREFIX_PATH=/media/subham/85dce0f4-2e29-4540-9a32-801850cfcef6/subham/LidarMapping2.5D/install/velodyne_description:/media/subham/85dce0f4-2e29-4540-9a32-801850cfcef6/subham/LidarMapping2.5D/install/velodyne_gazebo_plugins:/media/subham/85dce0f4-2e29-4540-9a32-801850cfcef6/subham/LidarMapping2.5D/install/segmentation_lidar:/media/subham/85dce0f4-2e29-4540-9a32-801850cfcef6/subham/LidarMapping2.5D/install/velodyne_simulator:/media/subham/85dce0f4-2e29-4540-9a32-801850cfcef6/subham/LidarMapping2.5D/install/salsanext_ros2:/media/subham/85dce0f4-2e29-4540-9a32-801850cfcef6/subham/LidarMapping2.5D/install/patchwork_plusplus:/media/subham/85dce0f4-2e29-4540-9a32-801850cfcef6/subham/LidarMapping2.5D/install/lid_simulation:/media/subham/85dce0f4-2e29-4540-9a32-801850cfcef6/subham/LidarMapping2.5D/install/lid_description:/media/subham/85dce0f4-2e29-4540-9a32-801850cfcef6/subham/LidarMapping2.5D/install/jsk_recognition_msgs:/media/subham/85dce0f4-2e29-4540-9a32-801850cfcef6/subham/LidarMapping2.5D/install/height_mapping_ros2:/media/subham/85dce0f4-2e29-4540-9a32-801850cfcef6/subham/LidarMapping2.5D/install/height_mapping_core:/media/subham/85dce0f4-2e29-4540-9a32-801850cfcef6/subham/LidarMapping2.5D/install/fastdem_ros2:/media/subham/85dce0f4-2e29-4540-9a32-801850cfcef6/subham/LidarMapping2.5D/install/fastdem:/home/subham/omokai_ws/install/llm_simulation:/home/subham/omokai_ws/install/llm_prompt:/home/subham/omokai_ws/install/llm_description:/home/subham/Edge_AI_for_ADAS_and_Autonomous_Systems/install/adas_simulation:/home/subham/Edge_AI_for_ADAS_and_Autonomous_Systems/install/adas_description:/home/subham/rover_ws/install/rover_gazebo:/home/subham/rover_ws/install/rover_description:/home/subham/rover_ws/install/rf2o_laser_odometry:/home/subham/anvrit_ws/install/rplidar_ros:/home/subham/anvrit_ws/install/astra_camera:/home/subham/anvrit_ws/install/astra_camera_msgs:/home/subham/anvrit_ws/install/anvrit_description:/home/subham/igvc/install/velodyne_simulator:/home/subham/igvc/install/velodyne_description:/home/subham/igvc/install/velodyne_gazebo_plugins:/home/subham/igvc/install/igvc_simulation:/home/subham/igvc/install/igvc_description:/home/subham/colcon_ws/install/ur_simulation_gz:/home/subham/colcon_ws/install/ur_description:/home/subham/colcon_ws/install/ur5_control_2481:/home/subham/colcon_ws/install/s2481_ebot_description:/home/subham/colcon_ws/install/linkattacher_msgs:/home/subham/colcon_ws/install/eyantra_warehouse:/home/subham/colcon_ws/install/ackerman_description:/home/subham/omokai_ws/install/llm_navigation:/home/subham/Edge_AI_for_ADAS_and_Autonomous_Systems/install/adas_perception:/home/subham/Edge_AI_for_ADAS_and_Autonomous_Systems/install/adas_navigation:/home/subham/rover_ws/install/rover_navigation:/home/subham/anvrit_ws/install/anvrit_perception:/home/subham/anvrit_ws/install/anvrit_odometry:/home/subham/anvrit_ws/install/anvrit_nav2:/home/subham/igvc/install/igvc_perception:/home/subham/igvc/install/igvc_navigation:/home/subham/colcon_ws/install/ros2ai:/opt/ros/humble /usr/bin/cmake --install /media/subham/85dce0f4-2e29-4540-9a32-801850cfcef6/subham/LidarMapping2.5D/build/velodyne_simulator[0m
[70.518s] [34mcolcon.colcon_core.environment[0m [1;30mLevel 1[0m checking '/media/subham/85dce0f4-2e29-4540-9a32-801850cfcef6/subham/LidarMapping2.5D/install/velodyne_simulator' for CMake config files
[70.518s] [34mcolcon.colcon_core.shell[0m [1;30mLevel 1[0m create_environment_hook('velodyne_simulator', 'cmake_prefix_path')
[70.519s] [34mcolcon.colcon_core.shell[0m [1;30mINFO[0m Creating environment hook '/media/subham/85dce0f4-2e29-4540-9a32-801850cfcef6/subham/LidarMapping2.5D/install/velodyne_simulator/share/velodyne_simulator/hook/cmake_prefix_path.ps1'
[70.519s] [34mcolcon.colcon_core.shell[0m [1;30mINFO[0m Creating environment descriptor '/media/subham/85dce0f4-2e29-4540-9a32-801850cfcef6/subham/LidarMapping2.5D/install/velodyne_simulator/share/velodyne_simulator/hook/cmake_prefix_path.dsv'
[70.520s] [34mcolcon.colcon_core.shell[0m [1;30mINFO[0m Creating environment hook '/media/subham/85dce0f4-2e29-4540-9a32-801850cfcef6/subham/LidarMapping2.5D/install/velodyne_simulator/share/velodyne_simulator/hook/cmake_prefix_path.sh'
[70.520s] [34mcolcon.colcon_core.environment[0m [1;30mLevel 1[0m checking '/media/subham/85dce0f4-2e29-4540-9a32-801850cfcef6/subham/LidarMapping2.5D/install/velodyne_simulator/bin'
[70.520s] [34mcolcon.colcon_core.environment[0m [1;30mLevel 1[0m checking '/media/subham/85dce0f4-2e29-4540-9a32-801850cfcef6/subham/LidarMapping2.5D/install/velodyne_simulator/lib/pkgconfig/velodyne_simulator.pc'
[70.520s] [34mcolcon.colcon_core.environment[0m [1;30mLevel 1[0m checking '/media/subham/85dce0f4-2e29-4540-9a32-801850cfcef6/subham/LidarMapping2.5D/install/velodyne_simulator/lib/python3.10/site-packages'
[70.521s] [34mcolcon.colcon_core.environment[0m [1;30mLevel 1[0m checking '/media/subham/85dce0f4-2e29-4540-9a32-801850cfcef6/subham/LidarMapping2.5D/install/velodyne_simulator/bin'
[70.521s] [34mcolcon.colcon_core.shell[0m [1;30mINFO[0m Creating package script '/media/subham/85dce0f4-2e29-4540-9a32-801850cfcef6/subham/LidarMapping2.5D/install/velodyne_simulator/share/velodyne_simulator/package.ps1'
[70.522s] [34mcolcon.colcon_core.shell[0m [1;30mINFO[0m Creating package descriptor '/media/subham/85dce0f4-2e29-4540-9a32-801850cfcef6/subham/LidarMapping2.5D/install/velodyne_simulator/share/velodyne_simulator/package.dsv'
[70.523s] [34mcolcon.colcon_core.shell[0m [1;30mINFO[0m Creating package script '/media/subham/85dce0f4-2e29-4540-9a32-801850cfcef6/subham/LidarMapping2.5D/install/velodyne_simulator/share/velodyne_simulator/package.sh'
[70.523s] [34mcolcon.colcon_core.shell[0m [1;30mINFO[0m Creating package script '/media/subham/85dce0f4-2e29-4540-9a32-801850cfcef6/subham/LidarMapping2.5D/install/velodyne_simulator/share/velodyne_simulator/package.bash'
[70.524s] [34mcolcon.colcon_core.shell[0m [1;30mINFO[0m Creating package script '/media/subham/85dce0f4-2e29-4540-9a32-801850cfcef6/subham/LidarMapping2.5D/install/velodyne_simulator/share/velodyne_simulator/package.zsh'
[70.524s] [34mcolcon.colcon_core.environment[0m [1;30mLevel 1[0m create_file_with_runtime_dependencies(/media/subham/85dce0f4-2e29-4540-9a32-801850cfcef6/subham/LidarMapping2.5D/install/velodyne_simulator/share/colcon-core/packages/velodyne_simulator)
[70.524s] [34mcolcon.colcon_core.environment[0m [1;30mLevel 1[0m create_environment_scripts_only(velodyne_simulator)
[70.525s] [34mcolcon.colcon_core.environment[0m [1;30mLevel 1[0m checking '/media/subham/85dce0f4-2e29-4540-9a32-801850cfcef6/subham/LidarMapping2.5D/install/velodyne_simulator' for CMake module files
[70.525s] [34mcolcon.colcon_core.environment[0m [1;30mLevel 1[0m checking '/media/subham/85dce0f4-2e29-4540-9a32-801850cfcef6/subham/LidarMapping2.5D/install/velodyne_simulator' for CMake config files
[70.525s] [34mcolcon.colcon_core.shell[0m [1;30mLevel 1[0m create_environment_hook('velodyne_simulator', 'cmake_prefix_path')
[70.525s] [34mcolcon.colcon_core.shell[0m [1;30mINFO[0m Creating environment hook '/media/subham/85dce0f4-2e29-4540-9a32-801850cfcef6/subham/LidarMapping2.5D/install/velodyne_simulator/share/velodyne_simulator/hook/cmake_prefix_path.ps1'
[70.526s] [34mcolcon.colcon_core.shell[0m [1;30mINFO[0m Creating environment descriptor '/media/subham/85dce0f4-2e29-4540-9a32-801850cfcef6/subham/LidarMapping2.5D/install/velodyne_simulator/share/velodyne_simulator/hook/cmake_prefix_path.dsv'
[70.526s] [34mcolcon.colcon_core.shell[0m [1;30mINFO[0m Creating environment hook '/media/subham/85dce0f4-2e29-4540-9a32-801850cfcef6/subham/LidarMapping2.5D/install/velodyne_simulator/share/velodyne_simulator/hook/cmake_prefix_path.sh'
[70.526s] [34mcolcon.colcon_core.environment[0m [1;30mLevel 1[0m checking '/media/subham/85dce0f4-2e29-4540-9a32-801850cfcef6/subham/LidarMapping2.5D/install/velodyne_simulator/bin'
[70.526s] [34mcolcon.colcon_core.environment[0m [1;30mLevel 1[0m checking '/media/subham/85dce0f4-2e29-4540-9a32-801850cfcef6/subham/LidarMapping2.5D/install/velodyne_simulator/lib/pkgconfig/velodyne_simulator.pc'
[70.526s] [34mcolcon.colcon_core.environment[0m [1;30mLevel 1[0m checking '/media/subham/85dce0f4-2e29-4540-9a32-801850cfcef6/subham/LidarMapping2.5D/install/velodyne_simulator/lib/python3.10/site-packages'
[70.527s] [34mcolcon.colcon_core.environment[0m [1;30mLevel 1[0m checking '/media/subham/85dce0f4-2e29-4540-9a32-801850cfcef6/subham/LidarMapping2.5D/install/velodyne_simulator/bin'
[70.527s] [34mcolcon.colcon_core.shell[0m [1;30mINFO[0m Creating package script '/media/subham/85dce0f4-2e29-4540-9a32-801850cfcef6/subham/LidarMapping2.5D/install/velodyne_simulator/share/velodyne_simulator/package.ps1'
[70.527s] [34mcolcon.colcon_core.shell[0m [1;30mINFO[0m Creating package descriptor '/media/subham/85dce0f4-2e29-4540-9a32-801850cfcef6/subham/LidarMapping2.5D/install/velodyne_simulator/share/velodyne_simulator/package.dsv'
[70.528s] [34mcolcon.colcon_core.shell[0m [1;30mINFO[0m Creating package script '/media/subham/85dce0f4-2e29-4540-9a32-801850cfcef6/subham/LidarMapping2.5D/install/velodyne_simulator/share/velodyne_simulator/package.sh'
[70.528s] [34mcolcon.colcon_core.shell[0m [1;30mINFO[0m Creating package script '/media/subham/85dce0f4-2e29-4540-9a32-801850cfcef6/subham/LidarMapping2.5D/install/velodyne_simulator/share/velodyne_simulator/package.bash'
[70.528s] [34mcolcon.colcon_core.shell[0m [1;30mINFO[0m Creating package script '/media/subham/85dce0f4-2e29-4540-9a32-801850cfcef6/subham/LidarMapping2.5D/install/velodyne_simulator/share/velodyne_simulator/package.zsh'
[70.529s] [34mcolcon.colcon_core.environment[0m [1;30mLevel 1[0m create_file_with_runtime_dependencies(/media/subham/85dce0f4-2e29-4540-9a32-801850cfcef6/subham/LidarMapping2.5D/install/velodyne_simulator/share/colcon-core/packages/velodyne_simulator)
[70.529s] [34mcolcon.colcon_core.executor.sequential[0m [1;30mDEBUG[0m [32mrun_until_complete 'velodyne_simulator' finished with '0'[0m
[70.529s] [34mcolcon.colcon_core.executor.sequential[0m [1;30mDEBUG[0m [32mclosing loop[0m
[70.529s] [34mcolcon.colcon_core.executor.sequential[0m [1;30mDEBUG[0m [32mloop closed[0m
[70.529s] [34mcolcon.colcon_core.event_reactor[0m [1;30mDEBUG[0m [32mjoining thread[0m
[70.538s] [34mcolcon.colcon_core.plugin_system[0m [1;30mINFO[0m Skipping extension 'colcon_notification.desktop_notification.terminal_notifier': Not used on non-Darwin systems
[70.538s] [34mcolcon.colcon_core.plugin_system[0m [1;30mINFO[0m Skipping extension 'colcon_notification.desktop_notification.win32': Not used on non-Windows systems
[70.538s] [34mcolcon.colcon_notification.desktop_notification[0m [1;30mINFO[0m Sending desktop notification using 'notify2'
[70.549s] [34mcolcon.colcon_core.event_reactor[0m [1;30mDEBUG[0m [32mjoined thread[0m
[70.550s] [34mcolcon.colcon_core.shell[0m [1;30mINFO[0m Creating prefix script '/media/subham/85dce0f4-2e29-4540-9a32-801850cfcef6/subham/LidarMapping2.5D/install/local_setup.ps1'
[70.552s] [34mcolcon.colcon_core.shell[0m [1;30mINFO[0m Creating prefix util module '/media/subham/85dce0f4-2e29-4540-9a32-801850cfcef6/subham/LidarMapping2.5D/install/_local_setup_util_ps1.py'
[70.553s] [34mcolcon.colcon_core.shell[0m [1;30mINFO[0m Creating prefix chain script '/media/subham/85dce0f4-2e29-4540-9a32-801850cfcef6/subham/LidarMapping2.5D/install/setup.ps1'
[70.557s] [34mcolcon.colcon_core.shell[0m [1;30mINFO[0m Creating prefix script '/media/subham/85dce0f4-2e29-4540-9a32-801850cfcef6/subham/LidarMapping2.5D/install/local_setup.sh'
[70.558s] [34mcolcon.colcon_core.shell[0m [1;30mINFO[0m Creating prefix util module '/media/subham/85dce0f4-2e29-4540-9a32-801850cfcef6/subham/LidarMapping2.5D/install/_local_setup_util_sh.py'
[70.559s] [34mcolcon.colcon_core.shell[0m [1;30mINFO[0m Creating prefix chain script '/media/subham/85dce0f4-2e29-4540-9a32-801850cfcef6/subham/LidarMapping2.5D/install/setup.sh'
[70.561s] [34mcolcon.colcon_core.shell[0m [1;30mINFO[0m Creating prefix script '/media/subham/85dce0f4-2e29-4540-9a32-801850cfcef6/subham/LidarMapping2.5D/install/local_setup.bash'
[70.562s] [34mcolcon.colcon_core.shell[0m [1;30mINFO[0m Creating prefix chain script '/media/subham/85dce0f4-2e29-4540-9a32-801850cfcef6/subham/LidarMapping2.5D/install/setup.bash'
[70.565s] [34mcolcon.colcon_core.shell[0m [1;30mINFO[0m Creating prefix script '/media/subham/85dce0f4-2e29-4540-9a32-801850cfcef6/subham/LidarMapping2.5D/install/local_setup.zsh'
[70.565s] [34mcolcon.colcon_core.shell[0m [1;30mINFO[0m Creating prefix chain script '/media/subham/85dce0f4-2e29-4540-9a32-801850cfcef6/subham/LidarMapping2.5D/install/setup.zsh'
