[0.517s] [34mcolcon[0m [1;30mDEBUG[0m [32mCommand line arguments: ['/usr/bin/colcon', 'build', '--packages-select', 'segmentation_lidar', '--cmake-args', '-DCMAKE_BUILD_TYPE=Release'][0m
[0.517s] [34mcolcon[0m [1;30mDEBUG[0m [32mParsed command line arguments: Namespace(log_base=None, log_level=None, verb_name='build', build_base='build', install_base='install', merge_install=False, symlink_install=False, test_result_base=None, continue_on_error=False, executor='parallel', parallel_workers=12, event_handlers=None, ignore_user_meta=False, metas=['./colcon.meta'], base_paths=['.'], packages_ignore=None, packages_ignore_regex=None, paths=None, packages_up_to=None, packages_up_to_regex=None, packages_above=None, packages_above_and_dependencies=None, packages_above_depth=None, packages_select_by_dep=None, packages_skip_by_dep=None, packages_skip_up_to=None, packages_select_build_failed=False, packages_skip_build_finished=False, packages_select_test_failures=False, packages_skip_test_passed=False, packages_select=['segmentation_lidar'], packages_skip=None, packages_select_regex=None, packages_skip_regex=None, packages_start=None, packages_end=None, allow_overriding=[], cmake_args=['-DCMAKE_BUILD_TYPE=Release'], cmake_target=None, cmake_target_skip_unavailable=False, cmake_clean_cache=False, cmake_clean_first=False, cmake_force_configure=False, ament_cmake_args=None, catkin_cmake_args=None, catkin_skip_building_tests=False, mixin_files=None, mixin=None, verb_parser=<colcon_mixin.mixin.mixin_argument.MixinArgumentDecorator object at 0x722082795bd0>, verb_extension=<colcon_core.verb.build.BuildVerb object at 0x7220827956f0>, main=<bound method BuildVerb.main of <colcon_core.verb.build.BuildVerb object at 0x7220827956f0>>, mixin_verb=('build',))[0m
[0.616s] [34mcolcon.colcon_core.package_discovery[0m [1;30mLevel 1[0m discover_packages(colcon_meta) check parameters
[0.617s] [34mcolcon.colcon_core.package_discovery[0m [1;30mLevel 1[0m discover_packages(recursive) check parameters
[0.617s] [34mcolcon.colcon_core.package_discovery[0m [1;30mLevel 1[0m discover_packages(ignore) check parameters
[0.617s] [34mcolcon.colcon_core.package_discovery[0m [1;30mLevel 1[0m discover_packages(path) check parameters
[0.617s] [34mcolcon.colcon_core.package_discovery[0m [1;30mLevel 1[0m discover_packages(colcon_meta) discover
[0.617s] [34mcolcon.colcon_core.package_discovery[0m [1;30mLevel 1[0m discover_packages(recursive) discover
[0.617s] [34mcolcon.colcon_core.package_discovery[0m [1;30mINFO[0m Crawling recursively for packages in '/media/subham/85dce0f4-2e29-4540-9a32-801850cfcef6/subham/LidarMapping2.5D'
[0.617s] [34mcolcon.colcon_core.package_identification[0m [1;30mLevel 1[0m _identify(.) by extensions ['ignore', 'ignore_ament_install']
[0.618s] [34mcolcon.colcon_core.package_identification[0m [1;30mLevel 1[0m _identify(.) by extension 'ignore'
[0.618s] [34mcolcon.colcon_core.package_identification[0m [1;30mLevel 1[0m _identify(.) by extension 'ignore_ament_install'
[0.618s] [34mcolcon.colcon_core.package_identification[0m [1;30mLevel 1[0m _identify(.) by extensions ['colcon_pkg']
[0.618s] [34mcolcon.colcon_core.package_identification[0m [1;30mLevel 1[0m _identify(.) by extension 'colcon_pkg'
[0.618s] [34mcolcon.colcon_core.package_identification[0m [1;30mLevel 1[0m _identify(.) by extensions ['colcon_meta']
[0.618s] [34mcolcon.colcon_core.package_identification[0m [1;30mLevel 1[0m _identify(.) by extension 'colcon_meta'
[0.618s] [34mcolcon.colcon_core.package_identification[0m [1;30mLevel 1[0m _identify(.) by extensions ['ros']
[0.618s] [34mcolcon.colcon_core.package_identification[0m [1;30mLevel 1[0m _identify(.) by extension 'ros'
[0.656s] [34mcolcon.colcon_core.package_identification[0m [1;30mLevel 1[0m _identify(.) by extensions ['cmake', 'python']
[0.656s] [34mcolcon.colcon_core.package_identification[0m [1;30mLevel 1[0m _identify(.) by extension 'cmake'
[0.656s] [34mcolcon.colcon_core.package_identification[0m [1;30mLevel 1[0m _identify(.) by extension 'python'
[0.657s] [34mcolcon.colcon_core.package_identification[0m [1;30mLevel 1[0m _identify(.) by extensions ['python_setup_py']
[0.657s] [34mcolcon.colcon_core.package_identification[0m [1;30mLevel 1[0m _identify(.) by extension 'python_setup_py'
[0.657s] [34mcolcon.colcon_core.package_identification[0m [1;30mLevel 1[0m _identify(build) by extensions ['ignore', 'ignore_ament_install']
[0.657s] [34mcolcon.colcon_core.package_identification[0m [1;30mLevel 1[0m _identify(build) by extension 'ignore'
[0.657s] [34mcolcon.colcon_core.package_identification[0m [1;30mLevel 1[0m _identify(build) ignored
[0.657s] [34mcolcon.colcon_core.package_identification[0m [1;30mLevel 1[0m _identify(install) by extensions ['ignore', 'ignore_ament_install']
[0.658s] [34mcolcon.colcon_core.package_identification[0m [1;30mLevel 1[0m _identify(install) by extension 'ignore'
[0.658s] [34mcolcon.colcon_core.package_identification[0m [1;30mLevel 1[0m _identify(install) ignored
[0.658s] [34mcolcon.colcon_core.package_identification[0m [1;30mLevel 1[0m _identify(log) by extensions ['ignore', 'ignore_ament_install']
[0.658s] [34mcolcon.colcon_core.package_identification[0m [1;30mLevel 1[0m _identify(log) by extension 'ignore'
[0.658s] [34mcolcon.colcon_core.package_identification[0m [1;30mLevel 1[0m _identify(log) ignored
[0.659s] [34mcolcon.colcon_core.package_identification[0m [1;30mLevel 1[0m _identify(src) by extensions ['ignore', 'ignore_ament_install']
[0.659s] [34mcolcon.colcon_core.package_identification[0m [1;30mLevel 1[0m _identify(src) by extension 'ignore'
[0.659s] [34mcolcon.colcon_core.package_identification[0m [1;30mLevel 1[0m _identify(src) by extension 'ignore_ament_install'
[0.659s] [34mcolcon.colcon_core.package_identification[0m [1;30mLevel 1[0m _identify(src) by extensions ['colcon_pkg']
[0.659s] [34mcolcon.colcon_core.package_identification[0m [1;30mLevel 1[0m _identify(src) by extension 'colcon_pkg'
[0.659s] [34mcolcon.colcon_core.package_identification[0m [1;30mLevel 1[0m _identify(src) by extensions ['colcon_meta']
[0.659s] [34mcolcon.colcon_core.package_identification[0m [1;30mLevel 1[0m _identify(src) by extension 'colcon_meta'
[0.659s] [34mcolcon.colcon_core.package_identification[0m [1;30mLevel 1[0m _identify(src) by extensions ['ros']
[0.660s] [34mcolcon.colcon_core.package_identification[0m [1;30mLevel 1[0m _identify(src) by extension 'ros'
[0.660s] [34mcolcon.colcon_core.package_identification[0m [1;30mLevel 1[0m _identify(src) by extensions ['cmake', 'python']
[0.660s] [34mcolcon.colcon_core.package_identification[0m [1;30mLevel 1[0m _identify(src) by extension 'cmake'
[0.660s] [34mcolcon.colcon_core.package_identification[0m [1;30mLevel 1[0m _identify(src) by extension 'python'
[0.660s] [34mcolcon.colcon_core.package_identification[0m [1;30mLevel 1[0m _identify(src) by extensions ['python_setup_py']
[0.660s] [34mcolcon.colcon_core.package_identification[0m [1;30mLevel 1[0m _identify(src) by extension 'python_setup_py'
[0.660s] [34mcolcon.colcon_core.package_identification[0m [1;30mLevel 1[0m _identify(src/FastDEM) by extensions ['ignore', 'ignore_ament_install']
[0.660s] [34mcolcon.colcon_core.package_identification[0m [1;30mLevel 1[0m _identify(src/FastDEM) by extension 'ignore'
[0.661s] [34mcolcon.colcon_core.package_identification[0m [1;30mLevel 1[0m _identify(src/FastDEM) by extension 'ignore_ament_install'
[0.661s] [34mcolcon.colcon_core.package_identification[0m [1;30mLevel 1[0m _identify(src/FastDEM) by extensions ['colcon_pkg']
[0.661s] [34mcolcon.colcon_core.package_identification[0m [1;30mLevel 1[0m _identify(src/FastDEM) by extension 'colcon_pkg'
[0.661s] [34mcolcon.colcon_core.package_identification[0m [1;30mLevel 1[0m _identify(src/FastDEM) by extensions ['colcon_meta']
[0.661s] [34mcolcon.colcon_core.package_identification[0m [1;30mLevel 1[0m _identify(src/FastDEM) by extension 'colcon_meta'
[0.661s] [34mcolcon.colcon_core.package_identification[0m [1;30mLevel 1[0m _identify(src/FastDEM) by extensions ['ros']
[0.661s] [34mcolcon.colcon_core.package_identification[0m [1;30mLevel 1[0m _identify(src/FastDEM) by extension 'ros'
[0.661s] [34mcolcon.colcon_core.package_identification[0m [1;30mLevel 1[0m _identify(src/FastDEM) by extensions ['cmake', 'python']
[0.661s] [34mcolcon.colcon_core.package_identification[0m [1;30mLevel 1[0m _identify(src/FastDEM) by extension 'cmake'
[0.661s] [34mcolcon.colcon_core.package_identification[0m [1;30mLevel 1[0m _identify(src/FastDEM) by extension 'python'
[0.662s] [34mcolcon.colcon_core.package_identification[0m [1;30mLevel 1[0m _identify(src/FastDEM) by extensions ['python_setup_py']
[0.662s] [34mcolcon.colcon_core.package_identification[0m [1;30mLevel 1[0m _identify(src/FastDEM) by extension 'python_setup_py'
[0.662s] [34mcolcon.colcon_core.package_identification[0m [1;30mLevel 1[0m _identify(src/FastDEM/assets) by extensions ['ignore', 'ignore_ament_install']
[0.662s] [34mcolcon.colcon_core.package_identification[0m [1;30mLevel 1[0m _identify(src/FastDEM/assets) by extension 'ignore'
[0.662s] [34mcolcon.colcon_core.package_identification[0m [1;30mLevel 1[0m _identify(src/FastDEM/assets) by extension 'ignore_ament_install'
[0.662s] [34mcolcon.colcon_core.package_identification[0m [1;30mLevel 1[0m _identify(src/FastDEM/assets) by extensions ['colcon_pkg']
[0.662s] [34mcolcon.colcon_core.package_identification[0m [1;30mLevel 1[0m _identify(src/FastDEM/assets) by extension 'colcon_pkg'
[0.662s] [34mcolcon.colcon_core.package_identification[0m [1;30mLevel 1[0m _identify(src/FastDEM/assets) by extensions ['colcon_meta']
[0.662s] [34mcolcon.colcon_core.package_identification[0m [1;30mLevel 1[0m _identify(src/FastDEM/assets) by extension 'colcon_meta'
[0.663s] [34mcolcon.colcon_core.package_identification[0m [1;30mLevel 1[0m _identify(src/FastDEM/assets) by extensions ['ros']
[0.663s] [34mcolcon.colcon_core.package_identification[0m [1;30mLevel 1[0m _identify(src/FastDEM/assets) by extension 'ros'
[0.663s] [34mcolcon.colcon_core.package_identification[0m [1;30mLevel 1[0m _identify(src/FastDEM/assets) by extensions ['cmake', 'python']
[0.663s] [34mcolcon.colcon_core.package_identification[0m [1;30mLevel 1[0m _identify(src/FastDEM/assets) by extension 'cmake'
[0.663s] [34mcolcon.colcon_core.package_identification[0m [1;30mLevel 1[0m _identify(src/FastDEM/assets) by extension 'python'
[0.663s] [34mcolcon.colcon_core.package_identification[0m [1;30mLevel 1[0m _identify(src/FastDEM/assets) by extensions ['python_setup_py']
[0.663s] [34mcolcon.colcon_core.package_identification[0m [1;30mLevel 1[0m _identify(src/FastDEM/assets) by extension 'python_setup_py'
[0.664s] [34mcolcon.colcon_core.package_identification[0m [1;30mLevel 1[0m _identify(src/FastDEM/fastdem) by extensions ['ignore', 'ignore_ament_install']
[0.664s] [34mcolcon.colcon_core.package_identification[0m [1;30mLevel 1[0m _identify(src/FastDEM/fastdem) by extension 'ignore'
[0.664s] [34mcolcon.colcon_core.package_identification[0m [1;30mLevel 1[0m _identify(src/FastDEM/fastdem) by extension 'ignore_ament_install'
[0.664s] [34mcolcon.colcon_core.package_identification[0m [1;30mLevel 1[0m _identify(src/FastDEM/fastdem) by extensions ['colcon_pkg']
[0.664s] [34mcolcon.colcon_core.package_identification[0m [1;30mLevel 1[0m _identify(src/FastDEM/fastdem) by extension 'colcon_pkg'
[0.665s] [34mcolcon.colcon_core.package_identification[0m [1;30mLevel 1[0m _identify(src/FastDEM/fastdem) by extensions ['colcon_meta']
[0.665s] [34mcolcon.colcon_core.package_identification[0m [1;30mLevel 1[0m _identify(src/FastDEM/fastdem) by extension 'colcon_meta'
[0.665s] [34mcolcon.colcon_core.package_identification[0m [1;30mLevel 1[0m _identify(src/FastDEM/fastdem) by extensions ['ros']
[0.665s] [34mcolcon.colcon_core.package_identification[0m [1;30mLevel 1[0m _identify(src/FastDEM/fastdem) by extension 'ros'
[0.672s] [34mcolcon.colcon_core.package_identification[0m [1;30mDEBUG[0m [32mPackage 'src/FastDEM/fastdem' with type 'ros.cmake' and name 'fastdem'[0m
[0.673s] [34mcolcon.colcon_core.package_identification[0m [1;30mLevel 1[0m _identify(src/FastDEM/ros1) by extensions ['ignore', 'ignore_ament_install']
[0.673s] [34mcolcon.colcon_core.package_identification[0m [1;30mLevel 1[0m _identify(src/FastDEM/ros1) by extension 'ignore'
[0.673s] [34mcolcon.colcon_core.package_identification[0m [1;30mLevel 1[0m _identify(src/FastDEM/ros1) by extension 'ignore_ament_install'
[0.673s] [34mcolcon.colcon_core.package_identification[0m [1;30mLevel 1[0m _identify(src/FastDEM/ros1) by extensions ['colcon_pkg']
[0.673s] [34mcolcon.colcon_core.package_identification[0m [1;30mLevel 1[0m _identify(src/FastDEM/ros1) by extension 'colcon_pkg'
[0.673s] [34mcolcon.colcon_core.package_identification[0m [1;30mLevel 1[0m _identify(src/FastDEM/ros1) by extensions ['colcon_meta']
[0.673s] [34mcolcon.colcon_core.package_identification[0m [1;30mLevel 1[0m _identify(src/FastDEM/ros1) by extension 'colcon_meta'
[0.674s] [34mcolcon.colcon_core.package_identification[0m [1;30mLevel 1[0m _identify(src/FastDEM/ros1) by extensions ['ros']
[0.674s] [34mcolcon.colcon_core.package_identification[0m [1;30mLevel 1[0m _identify(src/FastDEM/ros1) by extension 'ros'
[0.676s] [34mcolcon.colcon_core.package_identification[0m [1;30mDEBUG[0m [32mPackage 'src/FastDEM/ros1' with type 'ros.catkin' and name 'fastdem_ros'[0m
[0.676s] [34mcolcon.colcon_core.package_identification[0m [1;30mLevel 1[0m _identify(src/FastDEM/ros2) by extensions ['ignore', 'ignore_ament_install']
[0.677s] [34mcolcon.colcon_core.package_identification[0m [1;30mLevel 1[0m _identify(src/FastDEM/ros2) by extension 'ignore'
[0.677s] [34mcolcon.colcon_core.package_identification[0m [1;30mLevel 1[0m _identify(src/FastDEM/ros2) by extension 'ignore_ament_install'
[0.677s] [34mcolcon.colcon_core.package_identification[0m [1;30mLevel 1[0m _identify(src/FastDEM/ros2) by extensions ['colcon_pkg']
[0.677s] [34mcolcon.colcon_core.package_identification[0m [1;30mLevel 1[0m _identify(src/FastDEM/ros2) by extension 'colcon_pkg'
[0.677s] [34mcolcon.colcon_core.package_identification[0m [1;30mLevel 1[0m _identify(src/FastDEM/ros2) by extensions ['colcon_meta']
[0.677s] [34mcolcon.colcon_core.package_identification[0m [1;30mLevel 1[0m _identify(src/FastDEM/ros2) by extension 'colcon_meta'
[0.677s] [34mcolcon.colcon_core.package_identification[0m [1;30mLevel 1[0m _identify(src/FastDEM/ros2) by extensions ['ros']
[0.677s] [34mcolcon.colcon_core.package_identification[0m [1;30mLevel 1[0m _identify(src/FastDEM/ros2) by extension 'ros'
[0.680s] [34mcolcon.colcon_core.package_identification[0m [1;30mDEBUG[0m [32mPackage 'src/FastDEM/ros2' with type 'ros.ament_cmake' and name 'fastdem_ros2'[0m
[0.680s] [34mcolcon.colcon_core.package_identification[0m [1;30mLevel 1[0m _identify(src/SalsaNext) by extensions ['ignore', 'ignore_ament_install']
[0.680s] [34mcolcon.colcon_core.package_identification[0m [1;30mLevel 1[0m _identify(src/SalsaNext) by extension 'ignore'
[0.680s] [34mcolcon.colcon_core.package_identification[0m [1;30mLevel 1[0m _identify(src/SalsaNext) by extension 'ignore_ament_install'
[0.681s] [34mcolcon.colcon_core.package_identification[0m [1;30mLevel 1[0m _identify(src/SalsaNext) by extensions ['colcon_pkg']
[0.681s] [34mcolcon.colcon_core.package_identification[0m [1;30mLevel 1[0m _identify(src/SalsaNext) by extension 'colcon_pkg'
[0.681s] [34mcolcon.colcon_core.package_identification[0m [1;30mLevel 1[0m _identify(src/SalsaNext) by extensions ['colcon_meta']
[0.681s] [34mcolcon.colcon_core.package_identification[0m [1;30mLevel 1[0m _identify(src/SalsaNext) by extension 'colcon_meta'
[0.681s] [34mcolcon.colcon_core.package_identification[0m [1;30mLevel 1[0m _identify(src/SalsaNext) by extensions ['ros']
[0.681s] [34mcolcon.colcon_core.package_identification[0m [1;30mLevel 1[0m _identify(src/SalsaNext) by extension 'ros'
[0.681s] [34mcolcon.colcon_core.package_identification[0m [1;30mLevel 1[0m _identify(src/SalsaNext) by extensions ['cmake', 'python']
[0.681s] [34mcolcon.colcon_core.package_identification[0m [1;30mLevel 1[0m _identify(src/SalsaNext) by extension 'cmake'
[0.681s] [34mcolcon.colcon_core.package_identification[0m [1;30mLevel 1[0m _identify(src/SalsaNext) by extension 'python'
[0.681s] [34mcolcon.colcon_core.package_identification[0m [1;30mLevel 1[0m _identify(src/SalsaNext) by extensions ['python_setup_py']
[0.681s] [34mcolcon.colcon_core.package_identification[0m [1;30mLevel 1[0m _identify(src/SalsaNext) by extension 'python_setup_py'
[0.682s] [34mcolcon.colcon_core.package_identification[0m [1;30mLevel 1[0m _identify(src/SalsaNext/__pycache__) by extensions ['ignore', 'ignore_ament_install']
[0.682s] [34mcolcon.colcon_core.package_identification[0m [1;30mLevel 1[0m _identify(src/SalsaNext/__pycache__) by extension 'ignore'
[0.682s] [34mcolcon.colcon_core.package_identification[0m [1;30mLevel 1[0m _identify(src/SalsaNext/__pycache__) by extension 'ignore_ament_install'
[0.682s] [34mcolcon.colcon_core.package_identification[0m [1;30mLevel 1[0m _identify(src/SalsaNext/__pycache__) by extensions ['colcon_pkg']
[0.682s] [34mcolcon.colcon_core.package_identification[0m [1;30mLevel 1[0m _identify(src/SalsaNext/__pycache__) by extension 'colcon_pkg'
[0.682s] [34mcolcon.colcon_core.package_identification[0m [1;30mLevel 1[0m _identify(src/SalsaNext/__pycache__) by extensions ['colcon_meta']
[0.682s] [34mcolcon.colcon_core.package_identification[0m [1;30mLevel 1[0m _identify(src/SalsaNext/__pycache__) by extension 'colcon_meta'
[0.682s] [34mcolcon.colcon_core.package_identification[0m [1;30mLevel 1[0m _identify(src/SalsaNext/__pycache__) by extensions ['ros']
[0.682s] [34mcolcon.colcon_core.package_identification[0m [1;30mLevel 1[0m _identify(src/SalsaNext/__pycache__) by extension 'ros'
[0.683s] [34mcolcon.colcon_core.package_identification[0m [1;30mLevel 1[0m _identify(src/SalsaNext/__pycache__) by extensions ['cmake', 'python']
[0.683s] [34mcolcon.colcon_core.package_identification[0m [1;30mLevel 1[0m _identify(src/SalsaNext/__pycache__) by extension 'cmake'
[0.683s] [34mcolcon.colcon_core.package_identification[0m [1;30mLevel 1[0m _identify(src/SalsaNext/__pycache__) by extension 'python'
[0.683s] [34mcolcon.colcon_core.package_identification[0m [1;30mLevel 1[0m _identify(src/SalsaNext/__pycache__) by extensions ['python_setup_py']
[0.683s] [34mcolcon.colcon_core.package_identification[0m [1;30mLevel 1[0m _identify(src/SalsaNext/__pycache__) by extension 'python_setup_py'
[0.683s] [34mcolcon.colcon_core.package_identification[0m [1;30mLevel 1[0m _identify(src/SalsaNext/images) by extensions ['ignore', 'ignore_ament_install']
[0.683s] [34mcolcon.colcon_core.package_identification[0m [1;30mLevel 1[0m _identify(src/SalsaNext/images) by extension 'ignore'
[0.683s] [34mcolcon.colcon_core.package_identification[0m [1;30mLevel 1[0m _identify(src/SalsaNext/images) by extension 'ignore_ament_install'
[0.684s] [34mcolcon.colcon_core.package_identification[0m [1;30mLevel 1[0m _identify(src/SalsaNext/images) by extensions ['colcon_pkg']
[0.684s] [34mcolcon.colcon_core.package_identification[0m [1;30mLevel 1[0m _identify(src/SalsaNext/images) by extension 'colcon_pkg'
[0.684s] [34mcolcon.colcon_core.package_identification[0m [1;30mLevel 1[0m _identify(src/SalsaNext/images) by extensions ['colcon_meta']
[0.684s] [34mcolcon.colcon_core.package_identification[0m [1;30mLevel 1[0m _identify(src/SalsaNext/images) by extension 'colcon_meta'
[0.684s] [34mcolcon.colcon_core.package_identification[0m [1;30mLevel 1[0m _identify(src/SalsaNext/images) by extensions ['ros']
[0.684s] [34mcolcon.colcon_core.package_identification[0m [1;30mLevel 1[0m _identify(src/SalsaNext/images) by extension 'ros'
[0.684s] [34mcolcon.colcon_core.package_identification[0m [1;30mLevel 1[0m _identify(src/SalsaNext/images) by extensions ['cmake', 'python']
[0.684s] [34mcolcon.colcon_core.package_identification[0m [1;30mLevel 1[0m _identify(src/SalsaNext/images) by extension 'cmake'
[0.684s] [34mcolcon.colcon_core.package_identification[0m [1;30mLevel 1[0m _identify(src/SalsaNext/images) by extension 'python'
[0.684s] [34mcolcon.colcon_core.package_identification[0m [1;30mLevel 1[0m _identify(src/SalsaNext/images) by extensions ['python_setup_py']
[0.684s] [34mcolcon.colcon_core.package_identification[0m [1;30mLevel 1[0m _identify(src/SalsaNext/images) by extension 'python_setup_py'
[0.685s] [34mcolcon.colcon_core.package_identification[0m [1;30mLevel 1[0m _identify(src/SalsaNext/pretrained_weights) by extensions ['ignore', 'ignore_ament_install']
[0.685s] [34mcolcon.colcon_core.package_identification[0m [1;30mLevel 1[0m _identify(src/SalsaNext/pretrained_weights) by extension 'ignore'
[0.685s] [34mcolcon.colcon_core.package_identification[0m [1;30mLevel 1[0m _identify(src/SalsaNext/pretrained_weights) by extension 'ignore_ament_install'
[0.685s] [34mcolcon.colcon_core.package_identification[0m [1;30mLevel 1[0m _identify(src/SalsaNext/pretrained_weights) by extensions ['colcon_pkg']
[0.685s] [34mcolcon.colcon_core.package_identification[0m [1;30mLevel 1[0m _identify(src/SalsaNext/pretrained_weights) by extension 'colcon_pkg'
[0.685s] [34mcolcon.colcon_core.package_identification[0m [1;30mLevel 1[0m _identify(src/SalsaNext/pretrained_weights) by extensions ['colcon_meta']
[0.685s] [34mcolcon.colcon_core.package_identification[0m [1;30mLevel 1[0m _identify(src/SalsaNext/pretrained_weights) by extension 'colcon_meta'
[0.685s] [34mcolcon.colcon_core.package_identification[0m [1;30mLevel 1[0m _identify(src/SalsaNext/pretrained_weights) by extensions ['ros']
[0.686s] [34mcolcon.colcon_core.package_identification[0m [1;30mLevel 1[0m _identify(src/SalsaNext/pretrained_weights) by extension 'ros'
[0.686s] [34mcolcon.colcon_core.package_identification[0m [1;30mLevel 1[0m _identify(src/SalsaNext/pretrained_weights) by extensions ['cmake', 'python']
[0.686s] [34mcolcon.colcon_core.package_identification[0m [1;30mLevel 1[0m _identify(src/SalsaNext/pretrained_weights) by extension 'cmake'
[0.686s] [34mcolcon.colcon_core.package_identification[0m [1;30mLevel 1[0m _identify(src/SalsaNext/pretrained_weights) by extension 'python'
[0.686s] [34mcolcon.colcon_core.package_identification[0m [1;30mLevel 1[0m _identify(src/SalsaNext/pretrained_weights) by extensions ['python_setup_py']
[0.686s] [34mcolcon.colcon_core.package_identification[0m [1;30mLevel 1[0m _identify(src/SalsaNext/pretrained_weights) by extension 'python_setup_py'
[0.686s] [34mcolcon.colcon_core.package_identification[0m [1;30mLevel 1[0m _identify(src/SalsaNext/pretrained_weights/pretrained) by extensions ['ignore', 'ignore_ament_install']
[0.686s] [34mcolcon.colcon_core.package_identification[0m [1;30mLevel 1[0m _identify(src/SalsaNext/pretrained_weights/pretrained) by extension 'ignore'
[0.686s] [34mcolcon.colcon_core.package_identification[0m [1;30mLevel 1[0m _identify(src/SalsaNext/pretrained_weights/pretrained) by extension 'ignore_ament_install'
[0.687s] [34mcolcon.colcon_core.package_identification[0m [1;30mLevel 1[0m _identify(src/SalsaNext/pretrained_weights/pretrained) by extensions ['colcon_pkg']
[0.687s] [34mcolcon.colcon_core.package_identification[0m [1;30mLevel 1[0m _identify(src/SalsaNext/pretrained_weights/pretrained) by extension 'colcon_pkg'
[0.687s] [34mcolcon.colcon_core.package_identification[0m [1;30mLevel 1[0m _identify(src/SalsaNext/pretrained_weights/pretrained) by extensions ['colcon_meta']
[0.687s] [34mcolcon.colcon_core.package_identification[0m [1;30mLevel 1[0m _identify(src/SalsaNext/pretrained_weights/pretrained) by extension 'colcon_meta'
[0.687s] [34mcolcon.colcon_core.package_identification[0m [1;30mLevel 1[0m _identify(src/SalsaNext/pretrained_weights/pretrained) by extensions ['ros']
[0.687s] [34mcolcon.colcon_core.package_identification[0m [1;30mLevel 1[0m _identify(src/SalsaNext/pretrained_weights/pretrained) by extension 'ros'
[0.687s] [34mcolcon.colcon_core.package_identification[0m [1;30mLevel 1[0m _identify(src/SalsaNext/pretrained_weights/pretrained) by extensions ['cmake', 'python']
[0.687s] [34mcolcon.colcon_core.package_identification[0m [1;30mLevel 1[0m _identify(src/SalsaNext/pretrained_weights/pretrained) by extension 'cmake'
[0.687s] [34mcolcon.colcon_core.package_identification[0m [1;30mLevel 1[0m _identify(src/SalsaNext/pretrained_weights/pretrained) by extension 'python'
[0.687s] [34mcolcon.colcon_core.package_identification[0m [1;30mLevel 1[0m _identify(src/SalsaNext/pretrained_weights/pretrained) by extensions ['python_setup_py']
[0.688s] [34mcolcon.colcon_core.package_identification[0m [1;30mLevel 1[0m _identify(src/SalsaNext/pretrained_weights/pretrained) by extension 'python_setup_py'
[0.688s] [34mcolcon.colcon_core.package_identification[0m [1;30mLevel 1[0m _identify(src/SalsaNext/pretrained_weights/pretrained/__MACOSX) by extensions ['ignore', 'ignore_ament_install']
[0.688s] [34mcolcon.colcon_core.package_identification[0m [1;30mLevel 1[0m _identify(src/SalsaNext/pretrained_weights/pretrained/__MACOSX) by extension 'ignore'
[0.688s] [34mcolcon.colcon_core.package_identification[0m [1;30mLevel 1[0m _identify(src/SalsaNext/pretrained_weights/pretrained/__MACOSX) by extension 'ignore_ament_install'
[0.688s] [34mcolcon.colcon_core.package_identification[0m [1;30mLevel 1[0m _identify(src/SalsaNext/pretrained_weights/pretrained/__MACOSX) by extensions ['colcon_pkg']
[0.688s] [34mcolcon.colcon_core.package_identification[0m [1;30mLevel 1[0m _identify(src/SalsaNext/pretrained_weights/pretrained/__MACOSX) by extension 'colcon_pkg'
[0.689s] [34mcolcon.colcon_core.package_identification[0m [1;30mLevel 1[0m _identify(src/SalsaNext/pretrained_weights/pretrained/__MACOSX) by extensions ['colcon_meta']
[0.689s] [34mcolcon.colcon_core.package_identification[0m [1;30mLevel 1[0m _identify(src/SalsaNext/pretrained_weights/pretrained/__MACOSX) by extension 'colcon_meta'
[0.689s] [34mcolcon.colcon_core.package_identification[0m [1;30mLevel 1[0m _identify(src/SalsaNext/pretrained_weights/pretrained/__MACOSX) by extensions ['ros']
[0.689s] [34mcolcon.colcon_core.package_identification[0m [1;30mLevel 1[0m _identify(src/SalsaNext/pretrained_weights/pretrained/__MACOSX) by extension 'ros'
[0.689s] [34mcolcon.colcon_core.package_identification[0m [1;30mLevel 1[0m _identify(src/SalsaNext/pretrained_weights/pretrained/__MACOSX) by extensions ['cmake', 'python']
[0.689s] [34mcolcon.colcon_core.package_identification[0m [1;30mLevel 1[0m _identify(src/SalsaNext/pretrained_weights/pretrained/__MACOSX) by extension 'cmake'
[0.689s] [34mcolcon.colcon_core.package_identification[0m [1;30mLevel 1[0m _identify(src/SalsaNext/pretrained_weights/pretrained/__MACOSX) by extension 'python'
[0.689s] [34mcolcon.colcon_core.package_identification[0m [1;30mLevel 1[0m _identify(src/SalsaNext/pretrained_weights/pretrained/__MACOSX) by extensions ['python_setup_py']
[0.689s] [34mcolcon.colcon_core.package_identification[0m [1;30mLevel 1[0m _identify(src/SalsaNext/pretrained_weights/pretrained/__MACOSX) by extension 'python_setup_py'
[0.690s] [34mcolcon.colcon_core.package_identification[0m [1;30mLevel 1[0m _identify(src/SalsaNext/pretrained_weights/pretrained/__MACOSX/pretrained) by extensions ['ignore', 'ignore_ament_install']
[0.690s] [34mcolcon.colcon_core.package_identification[0m [1;30mLevel 1[0m _identify(src/SalsaNext/pretrained_weights/pretrained/__MACOSX/pretrained) by extension 'ignore'
[0.690s] [34mcolcon.colcon_core.package_identification[0m [1;30mLevel 1[0m _identify(src/SalsaNext/pretrained_weights/pretrained/__MACOSX/pretrained) by extension 'ignore_ament_install'
[0.690s] [34mcolcon.colcon_core.package_identification[0m [1;30mLevel 1[0m _identify(src/SalsaNext/pretrained_weights/pretrained/__MACOSX/pretrained) by extensions ['colcon_pkg']
[0.690s] [34mcolcon.colcon_core.package_identification[0m [1;30mLevel 1[0m _identify(src/SalsaNext/pretrained_weights/pretrained/__MACOSX/pretrained) by extension 'colcon_pkg'
[0.690s] [34mcolcon.colcon_core.package_identification[0m [1;30mLevel 1[0m _identify(src/SalsaNext/pretrained_weights/pretrained/__MACOSX/pretrained) by extensions ['colcon_meta']
[0.690s] [34mcolcon.colcon_core.package_identification[0m [1;30mLevel 1[0m _identify(src/SalsaNext/pretrained_weights/pretrained/__MACOSX/pretrained) by extension 'colcon_meta'
[0.690s] [34mcolcon.colcon_core.package_identification[0m [1;30mLevel 1[0m _identify(src/SalsaNext/pretrained_weights/pretrained/__MACOSX/pretrained) by extensions ['ros']
[0.690s] [34mcolcon.colcon_core.package_identification[0m [1;30mLevel 1[0m _identify(src/SalsaNext/pretrained_weights/pretrained/__MACOSX/pretrained) by extension 'ros'
[0.691s] [34mcolcon.colcon_core.package_identification[0m [1;30mLevel 1[0m _identify(src/SalsaNext/pretrained_weights/pretrained/__MACOSX/pretrained) by extensions ['cmake', 'python']
[0.691s] [34mcolcon.colcon_core.package_identification[0m [1;30mLevel 1[0m _identify(src/SalsaNext/pretrained_weights/pretrained/__MACOSX/pretrained) by extension 'cmake'
[0.691s] [34mcolcon.colcon_core.package_identification[0m [1;30mLevel 1[0m _identify(src/SalsaNext/pretrained_weights/pretrained/__MACOSX/pretrained) by extension 'python'
[0.691s] [34mcolcon.colcon_core.package_identification[0m [1;30mLevel 1[0m _identify(src/SalsaNext/pretrained_weights/pretrained/__MACOSX/pretrained) by extensions ['python_setup_py']
[0.691s] [34mcolcon.colcon_core.package_identification[0m [1;30mLevel 1[0m _identify(src/SalsaNext/pretrained_weights/pretrained/__MACOSX/pretrained) by extension 'python_setup_py'
[0.691s] [34mcolcon.colcon_core.package_identification[0m [1;30mLevel 1[0m _identify(src/SalsaNext/pretrained_weights/pretrained/pretrained) by extensions ['ignore', 'ignore_ament_install']
[0.691s] [34mcolcon.colcon_core.package_identification[0m [1;30mLevel 1[0m _identify(src/SalsaNext/pretrained_weights/pretrained/pretrained) by extension 'ignore'
[0.691s] [34mcolcon.colcon_core.package_identification[0m [1;30mLevel 1[0m _identify(src/SalsaNext/pretrained_weights/pretrained/pretrained) by extension 'ignore_ament_install'
[0.692s] [34mcolcon.colcon_core.package_identification[0m [1;30mLevel 1[0m _identify(src/SalsaNext/pretrained_weights/pretrained/pretrained) by extensions ['colcon_pkg']
[0.692s] [34mcolcon.colcon_core.package_identification[0m [1;30mLevel 1[0m _identify(src/SalsaNext/pretrained_weights/pretrained/pretrained) by extension 'colcon_pkg'
[0.692s] [34mcolcon.colcon_core.package_identification[0m [1;30mLevel 1[0m _identify(src/SalsaNext/pretrained_weights/pretrained/pretrained) by extensions ['colcon_meta']
[0.692s] [34mcolcon.colcon_core.package_identification[0m [1;30mLevel 1[0m _identify(src/SalsaNext/pretrained_weights/pretrained/pretrained) by extension 'colcon_meta'
[0.692s] [34mcolcon.colcon_core.package_identification[0m [1;30mLevel 1[0m _identify(src/SalsaNext/pretrained_weights/pretrained/pretrained) by extensions ['ros']
[0.692s] [34mcolcon.colcon_core.package_identification[0m [1;30mLevel 1[0m _identify(src/SalsaNext/pretrained_weights/pretrained/pretrained) by extension 'ros'
[0.692s] [34mcolcon.colcon_core.package_identification[0m [1;30mLevel 1[0m _identify(src/SalsaNext/pretrained_weights/pretrained/pretrained) by extensions ['cmake', 'python']
[0.692s] [34mcolcon.colcon_core.package_identification[0m [1;30mLevel 1[0m _identify(src/SalsaNext/pretrained_weights/pretrained/pretrained) by extension 'cmake'
[0.692s] [34mcolcon.colcon_core.package_identification[0m [1;30mLevel 1[0m _identify(src/SalsaNext/pretrained_weights/pretrained/pretrained) by extension 'python'
[0.692s] [34mcolcon.colcon_core.package_identification[0m [1;30mLevel 1[0m _identify(src/SalsaNext/pretrained_weights/pretrained/pretrained) by extensions ['python_setup_py']
[0.693s] [34mcolcon.colcon_core.package_identification[0m [1;30mLevel 1[0m _identify(src/SalsaNext/pretrained_weights/pretrained/pretrained) by extension 'python_setup_py'
[0.693s] [34mcolcon.colcon_core.package_identification[0m [1;30mLevel 1[0m _identify(src/SalsaNext/train) by extensions ['ignore', 'ignore_ament_install']
[0.693s] [34mcolcon.colcon_core.package_identification[0m [1;30mLevel 1[0m _identify(src/SalsaNext/train) by extension 'ignore'
[0.693s] [34mcolcon.colcon_core.package_identification[0m [1;30mLevel 1[0m _identify(src/SalsaNext/train) by extension 'ignore_ament_install'
[0.693s] [34mcolcon.colcon_core.package_identification[0m [1;30mLevel 1[0m _identify(src/SalsaNext/train) by extensions ['colcon_pkg']
[0.693s] [34mcolcon.colcon_core.package_identification[0m [1;30mLevel 1[0m _identify(src/SalsaNext/train) by extension 'colcon_pkg'
[0.693s] [34mcolcon.colcon_core.package_identification[0m [1;30mLevel 1[0m _identify(src/SalsaNext/train) by extensions ['colcon_meta']
[0.693s] [34mcolcon.colcon_core.package_identification[0m [1;30mLevel 1[0m _identify(src/SalsaNext/train) by extension 'colcon_meta'
[0.694s] [34mcolcon.colcon_core.package_identification[0m [1;30mLevel 1[0m _identify(src/SalsaNext/train) by extensions ['ros']
[0.694s] [34mcolcon.colcon_core.package_identification[0m [1;30mLevel 1[0m _identify(src/SalsaNext/train) by extension 'ros'
[0.694s] [34mcolcon.colcon_core.package_identification[0m [1;30mLevel 1[0m _identify(src/SalsaNext/train) by extensions ['cmake', 'python']
[0.694s] [34mcolcon.colcon_core.package_identification[0m [1;30mLevel 1[0m _identify(src/SalsaNext/train) by extension 'cmake'
[0.694s] [34mcolcon.colcon_core.package_identification[0m [1;30mLevel 1[0m _identify(src/SalsaNext/train) by extension 'python'
[0.694s] [34mcolcon.colcon_core.package_identification[0m [1;30mLevel 1[0m _identify(src/SalsaNext/train) by extensions ['python_setup_py']
[0.694s] [34mcolcon.colcon_core.package_identification[0m [1;30mLevel 1[0m _identify(src/SalsaNext/train) by extension 'python_setup_py'
[0.694s] [34mcolcon.colcon_core.package_identification[0m [1;30mLevel 1[0m _identify(src/SalsaNext/train/__pycache__) by extensions ['ignore', 'ignore_ament_install']
[0.694s] [34mcolcon.colcon_core.package_identification[0m [1;30mLevel 1[0m _identify(src/SalsaNext/train/__pycache__) by extension 'ignore'
[0.695s] [34mcolcon.colcon_core.package_identification[0m [1;30mLevel 1[0m _identify(src/SalsaNext/train/__pycache__) by extension 'ignore_ament_install'
[0.695s] [34mcolcon.colcon_core.package_identification[0m [1;30mLevel 1[0m _identify(src/SalsaNext/train/__pycache__) by extensions ['colcon_pkg']
[0.695s] [34mcolcon.colcon_core.package_identification[0m [1;30mLevel 1[0m _identify(src/SalsaNext/train/__pycache__) by extension 'colcon_pkg'
[0.695s] [34mcolcon.colcon_core.package_identification[0m [1;30mLevel 1[0m _identify(src/SalsaNext/train/__pycache__) by extensions ['colcon_meta']
[0.695s] [34mcolcon.colcon_core.package_identification[0m [1;30mLevel 1[0m _identify(src/SalsaNext/train/__pycache__) by extension 'colcon_meta'
[0.695s] [34mcolcon.colcon_core.package_identification[0m [1;30mLevel 1[0m _identify(src/SalsaNext/train/__pycache__) by extensions ['ros']
[0.695s] [34mcolcon.colcon_core.package_identification[0m [1;30mLevel 1[0m _identify(src/SalsaNext/train/__pycache__) by extension 'ros'
[0.695s] [34mcolcon.colcon_core.package_identification[0m [1;30mLevel 1[0m _identify(src/SalsaNext/train/__pycache__) by extensions ['cmake', 'python']
[0.695s] [34mcolcon.colcon_core.package_identification[0m [1;30mLevel 1[0m _identify(src/SalsaNext/train/__pycache__) by extension 'cmake'
[0.695s] [34mcolcon.colcon_core.package_identification[0m [1;30mLevel 1[0m _identify(src/SalsaNext/train/__pycache__) by extension 'python'
[0.696s] [34mcolcon.colcon_core.package_identification[0m [1;30mLevel 1[0m _identify(src/SalsaNext/train/__pycache__) by extensions ['python_setup_py']
[0.696s] [34mcolcon.colcon_core.package_identification[0m [1;30mLevel 1[0m _identify(src/SalsaNext/train/__pycache__) by extension 'python_setup_py'
[0.696s] [34mcolcon.colcon_core.package_identification[0m [1;30mLevel 1[0m _identify(src/SalsaNext/train/common) by extensions ['ignore', 'ignore_ament_install']
[0.696s] [34mcolcon.colcon_core.package_identification[0m [1;30mLevel 1[0m _identify(src/SalsaNext/train/common) by extension 'ignore'
[0.696s] [34mcolcon.colcon_core.package_identification[0m [1;30mLevel 1[0m _identify(src/SalsaNext/train/common) by extension 'ignore_ament_install'
[0.696s] [34mcolcon.colcon_core.package_identification[0m [1;30mLevel 1[0m _identify(src/SalsaNext/train/common) by extensions ['colcon_pkg']
[0.696s] [34mcolcon.colcon_core.package_identification[0m [1;30mLevel 1[0m _identify(src/SalsaNext/train/common) by extension 'colcon_pkg'
[0.696s] [34mcolcon.colcon_core.package_identification[0m [1;30mLevel 1[0m _identify(src/SalsaNext/train/common) by extensions ['colcon_meta']
[0.697s] [34mcolcon.colcon_core.package_identification[0m [1;30mLevel 1[0m _identify(src/SalsaNext/train/common) by extension 'colcon_meta'
[0.697s] [34mcolcon.colcon_core.package_identification[0m [1;30mLevel 1[0m _identify(src/SalsaNext/train/common) by extensions ['ros']
[0.697s] [34mcolcon.colcon_core.package_identification[0m [1;30mLevel 1[0m _identify(src/SalsaNext/train/common) by extension 'ros'
[0.697s] [34mcolcon.colcon_core.package_identification[0m [1;30mLevel 1[0m _identify(src/SalsaNext/train/common) by extensions ['cmake', 'python']
[0.697s] [34mcolcon.colcon_core.package_identification[0m [1;30mLevel 1[0m _identify(src/SalsaNext/train/common) by extension 'cmake'
[0.697s] [34mcolcon.colcon_core.package_identification[0m [1;30mLevel 1[0m _identify(src/SalsaNext/train/common) by extension 'python'
[0.697s] [34mcolcon.colcon_core.package_identification[0m [1;30mLevel 1[0m _identify(src/SalsaNext/train/common) by extensions ['python_setup_py']
[0.697s] [34mcolcon.colcon_core.package_identification[0m [1;30mLevel 1[0m _identify(src/SalsaNext/train/common) by extension 'python_setup_py'
[0.697s] [34mcolcon.colcon_core.package_identification[0m [1;30mLevel 1[0m _identify(src/SalsaNext/train/common/sync_batchnorm) by extensions ['ignore', 'ignore_ament_install']
[0.698s] [34mcolcon.colcon_core.package_identification[0m [1;30mLevel 1[0m _identify(src/SalsaNext/train/common/sync_batchnorm) by extension 'ignore'
[0.698s] [34mcolcon.colcon_core.package_identification[0m [1;30mLevel 1[0m _identify(src/SalsaNext/train/common/sync_batchnorm) by extension 'ignore_ament_install'
[0.698s] [34mcolcon.colcon_core.package_identification[0m [1;30mLevel 1[0m _identify(src/SalsaNext/train/common/sync_batchnorm) by extensions ['colcon_pkg']
[0.698s] [34mcolcon.colcon_core.package_identification[0m [1;30mLevel 1[0m _identify(src/SalsaNext/train/common/sync_batchnorm) by extension 'colcon_pkg'
[0.698s] [34mcolcon.colcon_core.package_identification[0m [1;30mLevel 1[0m _identify(src/SalsaNext/train/common/sync_batchnorm) by extensions ['colcon_meta']
[0.698s] [34mcolcon.colcon_core.package_identification[0m [1;30mLevel 1[0m _identify(src/SalsaNext/train/common/sync_batchnorm) by extension 'colcon_meta'
[0.698s] [34mcolcon.colcon_core.package_identification[0m [1;30mLevel 1[0m _identify(src/SalsaNext/train/common/sync_batchnorm) by extensions ['ros']
[0.698s] [34mcolcon.colcon_core.package_identification[0m [1;30mLevel 1[0m _identify(src/SalsaNext/train/common/sync_batchnorm) by extension 'ros'
[0.698s] [34mcolcon.colcon_core.package_identification[0m [1;30mLevel 1[0m _identify(src/SalsaNext/train/common/sync_batchnorm) by extensions ['cmake', 'python']
[0.698s] [34mcolcon.colcon_core.package_identification[0m [1;30mLevel 1[0m _identify(src/SalsaNext/train/common/sync_batchnorm) by extension 'cmake'
[0.699s] [34mcolcon.colcon_core.package_identification[0m [1;30mLevel 1[0m _identify(src/SalsaNext/train/common/sync_batchnorm) by extension 'python'
[0.699s] [34mcolcon.colcon_core.package_identification[0m [1;30mLevel 1[0m _identify(src/SalsaNext/train/common/sync_batchnorm) by extensions ['python_setup_py']
[0.699s] [34mcolcon.colcon_core.package_identification[0m [1;30mLevel 1[0m _identify(src/SalsaNext/train/common/sync_batchnorm) by extension 'python_setup_py'
[0.699s] [34mcolcon.colcon_core.package_identification[0m [1;30mLevel 1[0m _identify(src/SalsaNext/train/tasks) by extensions ['ignore', 'ignore_ament_install']
[0.699s] [34mcolcon.colcon_core.package_identification[0m [1;30mLevel 1[0m _identify(src/SalsaNext/train/tasks) by extension 'ignore'
[0.699s] [34mcolcon.colcon_core.package_identification[0m [1;30mLevel 1[0m _identify(src/SalsaNext/train/tasks) by extension 'ignore_ament_install'
[0.700s] [34mcolcon.colcon_core.package_identification[0m [1;30mLevel 1[0m _identify(src/SalsaNext/train/tasks) by extensions ['colcon_pkg']
[0.700s] [34mcolcon.colcon_core.package_identification[0m [1;30mLevel 1[0m _identify(src/SalsaNext/train/tasks) by extension 'colcon_pkg'
[0.700s] [34mcolcon.colcon_core.package_identification[0m [1;30mLevel 1[0m _identify(src/SalsaNext/train/tasks) by extensions ['colcon_meta']
[0.700s] [34mcolcon.colcon_core.package_identification[0m [1;30mLevel 1[0m _identify(src/SalsaNext/train/tasks) by extension 'colcon_meta'
[0.700s] [34mcolcon.colcon_core.package_identification[0m [1;30mLevel 1[0m _identify(src/SalsaNext/train/tasks) by extensions ['ros']
[0.700s] [34mcolcon.colcon_core.package_identification[0m [1;30mLevel 1[0m _identify(src/SalsaNext/train/tasks) by extension 'ros'
[0.700s] [34mcolcon.colcon_core.package_identification[0m [1;30mLevel 1[0m _identify(src/SalsaNext/train/tasks) by extensions ['cmake', 'python']
[0.700s] [34mcolcon.colcon_core.package_identification[0m [1;30mLevel 1[0m _identify(src/SalsaNext/train/tasks) by extension 'cmake'
[0.700s] [34mcolcon.colcon_core.package_identification[0m [1;30mLevel 1[0m _identify(src/SalsaNext/train/tasks) by extension 'python'
[0.700s] [34mcolcon.colcon_core.package_identification[0m [1;30mLevel 1[0m _identify(src/SalsaNext/train/tasks) by extensions ['python_setup_py']
[0.701s] [34mcolcon.colcon_core.package_identification[0m [1;30mLevel 1[0m _identify(src/SalsaNext/train/tasks) by extension 'python_setup_py'
[0.701s] [34mcolcon.colcon_core.package_identification[0m [1;30mLevel 1[0m _identify(src/SalsaNext/train/tasks/__pycache__) by extensions ['ignore', 'ignore_ament_install']
[0.701s] [34mcolcon.colcon_core.package_identification[0m [1;30mLevel 1[0m _identify(src/SalsaNext/train/tasks/__pycache__) by extension 'ignore'
[0.701s] [34mcolcon.colcon_core.package_identification[0m [1;30mLevel 1[0m _identify(src/SalsaNext/train/tasks/__pycache__) by extension 'ignore_ament_install'
[0.701s] [34mcolcon.colcon_core.package_identification[0m [1;30mLevel 1[0m _identify(src/SalsaNext/train/tasks/__pycache__) by extensions ['colcon_pkg']
[0.701s] [34mcolcon.colcon_core.package_identification[0m [1;30mLevel 1[0m _identify(src/SalsaNext/train/tasks/__pycache__) by extension 'colcon_pkg'
[0.701s] [34mcolcon.colcon_core.package_identification[0m [1;30mLevel 1[0m _identify(src/SalsaNext/train/tasks/__pycache__) by extensions ['colcon_meta']
[0.701s] [34mcolcon.colcon_core.package_identification[0m [1;30mLevel 1[0m _identify(src/SalsaNext/train/tasks/__pycache__) by extension 'colcon_meta'
[0.702s] [34mcolcon.colcon_core.package_identification[0m [1;30mLevel 1[0m _identify(src/SalsaNext/train/tasks/__pycache__) by extensions ['ros']
[0.702s] [34mcolcon.colcon_core.package_identification[0m [1;30mLevel 1[0m _identify(src/SalsaNext/train/tasks/__pycache__) by extension 'ros'
[0.702s] [34mcolcon.colcon_core.package_identification[0m [1;30mLevel 1[0m _identify(src/SalsaNext/train/tasks/__pycache__) by extensions ['cmake', 'python']
[0.702s] [34mcolcon.colcon_core.package_identification[0m [1;30mLevel 1[0m _identify(src/SalsaNext/train/tasks/__pycache__) by extension 'cmake'
[0.702s] [34mcolcon.colcon_core.package_identification[0m [1;30mLevel 1[0m _identify(src/SalsaNext/train/tasks/__pycache__) by extension 'python'
[0.702s] [34mcolcon.colcon_core.package_identification[0m [1;30mLevel 1[0m _identify(src/SalsaNext/train/tasks/__pycache__) by extensions ['python_setup_py']
[0.702s] [34mcolcon.colcon_core.package_identification[0m [1;30mLevel 1[0m _identify(src/SalsaNext/train/tasks/__pycache__) by extension 'python_setup_py'
[0.702s] [34mcolcon.colcon_core.package_identification[0m [1;30mLevel 1[0m _identify(src/SalsaNext/train/tasks/semantic) by extensions ['ignore', 'ignore_ament_install']
[0.703s] [34mcolcon.colcon_core.package_identification[0m [1;30mLevel 1[0m _identify(src/SalsaNext/train/tasks/semantic) by extension 'ignore'
[0.703s] [34mcolcon.colcon_core.package_identification[0m [1;30mLevel 1[0m _identify(src/SalsaNext/train/tasks/semantic) by extension 'ignore_ament_install'
[0.703s] [34mcolcon.colcon_core.package_identification[0m [1;30mLevel 1[0m _identify(src/SalsaNext/train/tasks/semantic) by extensions ['colcon_pkg']
[0.703s] [34mcolcon.colcon_core.package_identification[0m [1;30mLevel 1[0m _identify(src/SalsaNext/train/tasks/semantic) by extension 'colcon_pkg'
[0.703s] [34mcolcon.colcon_core.package_identification[0m [1;30mLevel 1[0m _identify(src/SalsaNext/train/tasks/semantic) by extensions ['colcon_meta']
[0.703s] [34mcolcon.colcon_core.package_identification[0m [1;30mLevel 1[0m _identify(src/SalsaNext/train/tasks/semantic) by extension 'colcon_meta'
[0.703s] [34mcolcon.colcon_core.package_identification[0m [1;30mLevel 1[0m _identify(src/SalsaNext/train/tasks/semantic) by extensions ['ros']
[0.703s] [34mcolcon.colcon_core.package_identification[0m [1;30mLevel 1[0m _identify(src/SalsaNext/train/tasks/semantic) by extension 'ros'
[0.703s] [34mcolcon.colcon_core.package_identification[0m [1;30mLevel 1[0m _identify(src/SalsaNext/train/tasks/semantic) by extensions ['cmake', 'python']
[0.703s] [34mcolcon.colcon_core.package_identification[0m [1;30mLevel 1[0m _identify(src/SalsaNext/train/tasks/semantic) by extension 'cmake'
[0.703s] [34mcolcon.colcon_core.package_identification[0m [1;30mLevel 1[0m _identify(src/SalsaNext/train/tasks/semantic) by extension 'python'
[0.704s] [34mcolcon.colcon_core.package_identification[0m [1;30mLevel 1[0m _identify(src/SalsaNext/train/tasks/semantic) by extensions ['python_setup_py']
[0.704s] [34mcolcon.colcon_core.package_identification[0m [1;30mLevel 1[0m _identify(src/SalsaNext/train/tasks/semantic) by extension 'python_setup_py'
[0.704s] [34mcolcon.colcon_core.package_identification[0m [1;30mLevel 1[0m _identify(src/SalsaNext/train/tasks/semantic/__pycache__) by extensions ['ignore', 'ignore_ament_install']
[0.704s] [34mcolcon.colcon_core.package_identification[0m [1;30mLevel 1[0m _identify(src/SalsaNext/train/tasks/semantic/__pycache__) by extension 'ignore'
[0.704s] [34mcolcon.colcon_core.package_identification[0m [1;30mLevel 1[0m _identify(src/SalsaNext/train/tasks/semantic/__pycache__) by extension 'ignore_ament_install'
[0.704s] [34mcolcon.colcon_core.package_identification[0m [1;30mLevel 1[0m _identify(src/SalsaNext/train/tasks/semantic/__pycache__) by extensions ['colcon_pkg']
[0.704s] [34mcolcon.colcon_core.package_identification[0m [1;30mLevel 1[0m _identify(src/SalsaNext/train/tasks/semantic/__pycache__) by extension 'colcon_pkg'
[0.704s] [34mcolcon.colcon_core.package_identification[0m [1;30mLevel 1[0m _identify(src/SalsaNext/train/tasks/semantic/__pycache__) by extensions ['colcon_meta']
[0.705s] [34mcolcon.colcon_core.package_identification[0m [1;30mLevel 1[0m _identify(src/SalsaNext/train/tasks/semantic/__pycache__) by extension 'colcon_meta'
[0.705s] [34mcolcon.colcon_core.package_identification[0m [1;30mLevel 1[0m _identify(src/SalsaNext/train/tasks/semantic/__pycache__) by extensions ['ros']
[0.705s] [34mcolcon.colcon_core.package_identification[0m [1;30mLevel 1[0m _identify(src/SalsaNext/train/tasks/semantic/__pycache__) by extension 'ros'
[0.705s] [34mcolcon.colcon_core.package_identification[0m [1;30mLevel 1[0m _identify(src/SalsaNext/train/tasks/semantic/__pycache__) by extensions ['cmake', 'python']
[0.705s] [34mcolcon.colcon_core.package_identification[0m [1;30mLevel 1[0m _identify(src/SalsaNext/train/tasks/semantic/__pycache__) by extension 'cmake'
[0.705s] [34mcolcon.colcon_core.package_identification[0m [1;30mLevel 1[0m _identify(src/SalsaNext/train/tasks/semantic/__pycache__) by extension 'python'
[0.705s] [34mcolcon.colcon_core.package_identification[0m [1;30mLevel 1[0m _identify(src/SalsaNext/train/tasks/semantic/__pycache__) by extensions ['python_setup_py']
[0.705s] [34mcolcon.colcon_core.package_identification[0m [1;30mLevel 1[0m _identify(src/SalsaNext/train/tasks/semantic/__pycache__) by extension 'python_setup_py'
[0.705s] [34mcolcon.colcon_core.package_identification[0m [1;30mLevel 1[0m _identify(src/SalsaNext/train/tasks/semantic/config) by extensions ['ignore', 'ignore_ament_install']
[0.706s] [34mcolcon.colcon_core.package_identification[0m [1;30mLevel 1[0m _identify(src/SalsaNext/train/tasks/semantic/config) by extension 'ignore'
[0.706s] [34mcolcon.colcon_core.package_identification[0m [1;30mLevel 1[0m _identify(src/SalsaNext/train/tasks/semantic/config) by extension 'ignore_ament_install'
[0.706s] [34mcolcon.colcon_core.package_identification[0m [1;30mLevel 1[0m _identify(src/SalsaNext/train/tasks/semantic/config) by extensions ['colcon_pkg']
[0.706s] [34mcolcon.colcon_core.package_identification[0m [1;30mLevel 1[0m _identify(src/SalsaNext/train/tasks/semantic/config) by extension 'colcon_pkg'
[0.706s] [34mcolcon.colcon_core.package_identification[0m [1;30mLevel 1[0m _identify(src/SalsaNext/train/tasks/semantic/config) by extensions ['colcon_meta']
[0.706s] [34mcolcon.colcon_core.package_identification[0m [1;30mLevel 1[0m _identify(src/SalsaNext/train/tasks/semantic/config) by extension 'colcon_meta'
[0.706s] [34mcolcon.colcon_core.package_identification[0m [1;30mLevel 1[0m _identify(src/SalsaNext/train/tasks/semantic/config) by extensions ['ros']
[0.706s] [34mcolcon.colcon_core.package_identification[0m [1;30mLevel 1[0m _identify(src/SalsaNext/train/tasks/semantic/config) by extension 'ros'
[0.706s] [34mcolcon.colcon_core.package_identification[0m [1;30mLevel 1[0m _identify(src/SalsaNext/train/tasks/semantic/config) by extensions ['cmake', 'python']
[0.707s] [34mcolcon.colcon_core.package_identification[0m [1;30mLevel 1[0m _identify(src/SalsaNext/train/tasks/semantic/config) by extension 'cmake'
[0.707s] [34mcolcon.colcon_core.package_identification[0m [1;30mLevel 1[0m _identify(src/SalsaNext/train/tasks/semantic/config) by extension 'python'
[0.707s] [34mcolcon.colcon_core.package_identification[0m [1;30mLevel 1[0m _identify(src/SalsaNext/train/tasks/semantic/config) by extensions ['python_setup_py']
[0.707s] [34mcolcon.colcon_core.package_identification[0m [1;30mLevel 1[0m _identify(src/SalsaNext/train/tasks/semantic/config) by extension 'python_setup_py'
[0.707s] [34mcolcon.colcon_core.package_identification[0m [1;30mLevel 1[0m _identify(src/SalsaNext/train/tasks/semantic/config/labels) by extensions ['ignore', 'ignore_ament_install']
[0.707s] [34mcolcon.colcon_core.package_identification[0m [1;30mLevel 1[0m _identify(src/SalsaNext/train/tasks/semantic/config/labels) by extension 'ignore'
[0.707s] [34mcolcon.colcon_core.package_identification[0m [1;30mLevel 1[0m _identify(src/SalsaNext/train/tasks/semantic/config/labels) by extension 'ignore_ament_install'
[0.707s] [34mcolcon.colcon_core.package_identification[0m [1;30mLevel 1[0m _identify(src/SalsaNext/train/tasks/semantic/config/labels) by extensions ['colcon_pkg']
[0.707s] [34mcolcon.colcon_core.package_identification[0m [1;30mLevel 1[0m _identify(src/SalsaNext/train/tasks/semantic/config/labels) by extension 'colcon_pkg'
[0.708s] [34mcolcon.colcon_core.package_identification[0m [1;30mLevel 1[0m _identify(src/SalsaNext/train/tasks/semantic/config/labels) by extensions ['colcon_meta']
[0.708s] [34mcolcon.colcon_core.package_identification[0m [1;30mLevel 1[0m _identify(src/SalsaNext/train/tasks/semantic/config/labels) by extension 'colcon_meta'
[0.708s] [34mcolcon.colcon_core.package_identification[0m [1;30mLevel 1[0m _identify(src/SalsaNext/train/tasks/semantic/config/labels) by extensions ['ros']
[0.708s] [34mcolcon.colcon_core.package_identification[0m [1;30mLevel 1[0m _identify(src/SalsaNext/train/tasks/semantic/config/labels) by extension 'ros'
[0.708s] [34mcolcon.colcon_core.package_identification[0m [1;30mLevel 1[0m _identify(src/SalsaNext/train/tasks/semantic/config/labels) by extensions ['cmake', 'python']
[0.708s] [34mcolcon.colcon_core.package_identification[0m [1;30mLevel 1[0m _identify(src/SalsaNext/train/tasks/semantic/config/labels) by extension 'cmake'
[0.708s] [34mcolcon.colcon_core.package_identification[0m [1;30mLevel 1[0m _identify(src/SalsaNext/train/tasks/semantic/config/labels) by extension 'python'
[0.708s] [34mcolcon.colcon_core.package_identification[0m [1;30mLevel 1[0m _identify(src/SalsaNext/train/tasks/semantic/config/labels) by extensions ['python_setup_py']
[0.708s] [34mcolcon.colcon_core.package_identification[0m [1;30mLevel 1[0m _identify(src/SalsaNext/train/tasks/semantic/config/labels) by extension 'python_setup_py'
[0.709s] [34mcolcon.colcon_core.package_identification[0m [1;30mLevel 1[0m _identify(src/SalsaNext/train/tasks/semantic/dataset) by extensions ['ignore', 'ignore_ament_install']
[0.709s] [34mcolcon.colcon_core.package_identification[0m [1;30mLevel 1[0m _identify(src/SalsaNext/train/tasks/semantic/dataset) by extension 'ignore'
[0.709s] [34mcolcon.colcon_core.package_identification[0m [1;30mLevel 1[0m _identify(src/SalsaNext/train/tasks/semantic/dataset) by extension 'ignore_ament_install'
[0.709s] [34mcolcon.colcon_core.package_identification[0m [1;30mLevel 1[0m _identify(src/SalsaNext/train/tasks/semantic/dataset) by extensions ['colcon_pkg']
[0.709s] [34mcolcon.colcon_core.package_identification[0m [1;30mLevel 1[0m _identify(src/SalsaNext/train/tasks/semantic/dataset) by extension 'colcon_pkg'
[0.709s] [34mcolcon.colcon_core.package_identification[0m [1;30mLevel 1[0m _identify(src/SalsaNext/train/tasks/semantic/dataset) by extensions ['colcon_meta']
[0.709s] [34mcolcon.colcon_core.package_identification[0m [1;30mLevel 1[0m _identify(src/SalsaNext/train/tasks/semantic/dataset) by extension 'colcon_meta'
[0.709s] [34mcolcon.colcon_core.package_identification[0m [1;30mLevel 1[0m _identify(src/SalsaNext/train/tasks/semantic/dataset) by extensions ['ros']
[0.710s] [34mcolcon.colcon_core.package_identification[0m [1;30mLevel 1[0m _identify(src/SalsaNext/train/tasks/semantic/dataset) by extension 'ros'
[0.710s] [34mcolcon.colcon_core.package_identification[0m [1;30mLevel 1[0m _identify(src/SalsaNext/train/tasks/semantic/dataset) by extensions ['cmake', 'python']
[0.710s] [34mcolcon.colcon_core.package_identification[0m [1;30mLevel 1[0m _identify(src/SalsaNext/train/tasks/semantic/dataset) by extension 'cmake'
[0.710s] [34mcolcon.colcon_core.package_identification[0m [1;30mLevel 1[0m _identify(src/SalsaNext/train/tasks/semantic/dataset) by extension 'python'
[0.710s] [34mcolcon.colcon_core.package_identification[0m [1;30mLevel 1[0m _identify(src/SalsaNext/train/tasks/semantic/dataset) by extensions ['python_setup_py']
[0.710s] [34mcolcon.colcon_core.package_identification[0m [1;30mLevel 1[0m _identify(src/SalsaNext/train/tasks/semantic/dataset) by extension 'python_setup_py'
[0.710s] [34mcolcon.colcon_core.package_identification[0m [1;30mLevel 1[0m _identify(src/SalsaNext/train/tasks/semantic/dataset/kitti) by extensions ['ignore', 'ignore_ament_install']
[0.710s] [34mcolcon.colcon_core.package_identification[0m [1;30mLevel 1[0m _identify(src/SalsaNext/train/tasks/semantic/dataset/kitti) by extension 'ignore'
[0.711s] [34mcolcon.colcon_core.package_identification[0m [1;30mLevel 1[0m _identify(src/SalsaNext/train/tasks/semantic/dataset/kitti) by extension 'ignore_ament_install'
[0.711s] [34mcolcon.colcon_core.package_identification[0m [1;30mLevel 1[0m _identify(src/SalsaNext/train/tasks/semantic/dataset/kitti) by extensions ['colcon_pkg']
[0.711s] [34mcolcon.colcon_core.package_identification[0m [1;30mLevel 1[0m _identify(src/SalsaNext/train/tasks/semantic/dataset/kitti) by extension 'colcon_pkg'
[0.711s] [34mcolcon.colcon_core.package_identification[0m [1;30mLevel 1[0m _identify(src/SalsaNext/train/tasks/semantic/dataset/kitti) by extensions ['colcon_meta']
[0.711s] [34mcolcon.colcon_core.package_identification[0m [1;30mLevel 1[0m _identify(src/SalsaNext/train/tasks/semantic/dataset/kitti) by extension 'colcon_meta'
[0.711s] [34mcolcon.colcon_core.package_identification[0m [1;30mLevel 1[0m _identify(src/SalsaNext/train/tasks/semantic/dataset/kitti) by extensions ['ros']
[0.711s] [34mcolcon.colcon_core.package_identification[0m [1;30mLevel 1[0m _identify(src/SalsaNext/train/tasks/semantic/dataset/kitti) by extension 'ros'
[0.711s] [34mcolcon.colcon_core.package_identification[0m [1;30mLevel 1[0m _identify(src/SalsaNext/train/tasks/semantic/dataset/kitti) by extensions ['cmake', 'python']
[0.711s] [34mcolcon.colcon_core.package_identification[0m [1;30mLevel 1[0m _identify(src/SalsaNext/train/tasks/semantic/dataset/kitti) by extension 'cmake'
[0.711s] [34mcolcon.colcon_core.package_identification[0m [1;30mLevel 1[0m _identify(src/SalsaNext/train/tasks/semantic/dataset/kitti) by extension 'python'
[0.712s] [34mcolcon.colcon_core.package_identification[0m [1;30mLevel 1[0m _identify(src/SalsaNext/train/tasks/semantic/dataset/kitti) by extensions ['python_setup_py']
[0.712s] [34mcolcon.colcon_core.package_identification[0m [1;30mLevel 1[0m _identify(src/SalsaNext/train/tasks/semantic/dataset/kitti) by extension 'python_setup_py'
[0.712s] [34mcolcon.colcon_core.package_identification[0m [1;30mLevel 1[0m _identify(src/SalsaNext/train/tasks/semantic/modules) by extensions ['ignore', 'ignore_ament_install']
[0.712s] [34mcolcon.colcon_core.package_identification[0m [1;30mLevel 1[0m _identify(src/SalsaNext/train/tasks/semantic/modules) by extension 'ignore'
[0.712s] [34mcolcon.colcon_core.package_identification[0m [1;30mLevel 1[0m _identify(src/SalsaNext/train/tasks/semantic/modules) by extension 'ignore_ament_install'
[0.712s] [34mcolcon.colcon_core.package_identification[0m [1;30mLevel 1[0m _identify(src/SalsaNext/train/tasks/semantic/modules) by extensions ['colcon_pkg']
[0.712s] [34mcolcon.colcon_core.package_identification[0m [1;30mLevel 1[0m _identify(src/SalsaNext/train/tasks/semantic/modules) by extension 'colcon_pkg'
[0.712s] [34mcolcon.colcon_core.package_identification[0m [1;30mLevel 1[0m _identify(src/SalsaNext/train/tasks/semantic/modules) by extensions ['colcon_meta']
[0.712s] [34mcolcon.colcon_core.package_identification[0m [1;30mLevel 1[0m _identify(src/SalsaNext/train/tasks/semantic/modules) by extension 'colcon_meta'
[0.713s] [34mcolcon.colcon_core.package_identification[0m [1;30mLevel 1[0m _identify(src/SalsaNext/train/tasks/semantic/modules) by extensions ['ros']
[0.713s] [34mcolcon.colcon_core.package_identification[0m [1;30mLevel 1[0m _identify(src/SalsaNext/train/tasks/semantic/modules) by extension 'ros'
[0.713s] [34mcolcon.colcon_core.package_identification[0m [1;30mLevel 1[0m _identify(src/SalsaNext/train/tasks/semantic/modules) by extensions ['cmake', 'python']
[0.713s] [34mcolcon.colcon_core.package_identification[0m [1;30mLevel 1[0m _identify(src/SalsaNext/train/tasks/semantic/modules) by extension 'cmake'
[0.713s] [34mcolcon.colcon_core.package_identification[0m [1;30mLevel 1[0m _identify(src/SalsaNext/train/tasks/semantic/modules) by extension 'python'
[0.713s] [34mcolcon.colcon_core.package_identification[0m [1;30mLevel 1[0m _identify(src/SalsaNext/train/tasks/semantic/modules) by extensions ['python_setup_py']
[0.713s] [34mcolcon.colcon_core.package_identification[0m [1;30mLevel 1[0m _identify(src/SalsaNext/train/tasks/semantic/modules) by extension 'python_setup_py'
[0.713s] [34mcolcon.colcon_core.package_identification[0m [1;30mLevel 1[0m _identify(src/SalsaNext/train/tasks/semantic/modules/__pycache__) by extensions ['ignore', 'ignore_ament_install']
[0.714s] [34mcolcon.colcon_core.package_identification[0m [1;30mLevel 1[0m _identify(src/SalsaNext/train/tasks/semantic/modules/__pycache__) by extension 'ignore'
[0.714s] [34mcolcon.colcon_core.package_identification[0m [1;30mLevel 1[0m _identify(src/SalsaNext/train/tasks/semantic/modules/__pycache__) by extension 'ignore_ament_install'
[0.714s] [34mcolcon.colcon_core.package_identification[0m [1;30mLevel 1[0m _identify(src/SalsaNext/train/tasks/semantic/modules/__pycache__) by extensions ['colcon_pkg']
[0.714s] [34mcolcon.colcon_core.package_identification[0m [1;30mLevel 1[0m _identify(src/SalsaNext/train/tasks/semantic/modules/__pycache__) by extension 'colcon_pkg'
[0.714s] [34mcolcon.colcon_core.package_identification[0m [1;30mLevel 1[0m _identify(src/SalsaNext/train/tasks/semantic/modules/__pycache__) by extensions ['colcon_meta']
[0.714s] [34mcolcon.colcon_core.package_identification[0m [1;30mLevel 1[0m _identify(src/SalsaNext/train/tasks/semantic/modules/__pycache__) by extension 'colcon_meta'
[0.714s] [34mcolcon.colcon_core.package_identification[0m [1;30mLevel 1[0m _identify(src/SalsaNext/train/tasks/semantic/modules/__pycache__) by extensions ['ros']
[0.714s] [34mcolcon.colcon_core.package_identification[0m [1;30mLevel 1[0m _identify(src/SalsaNext/train/tasks/semantic/modules/__pycache__) by extension 'ros'
[0.714s] [34mcolcon.colcon_core.package_identification[0m [1;30mLevel 1[0m _identify(src/SalsaNext/train/tasks/semantic/modules/__pycache__) by extensions ['cmake', 'python']
[0.715s] [34mcolcon.colcon_core.package_identification[0m [1;30mLevel 1[0m _identify(src/SalsaNext/train/tasks/semantic/modules/__pycache__) by extension 'cmake'
[0.715s] [34mcolcon.colcon_core.package_identification[0m [1;30mLevel 1[0m _identify(src/SalsaNext/train/tasks/semantic/modules/__pycache__) by extension 'python'
[0.715s] [34mcolcon.colcon_core.package_identification[0m [1;30mLevel 1[0m _identify(src/SalsaNext/train/tasks/semantic/modules/__pycache__) by extensions ['python_setup_py']
[0.715s] [34mcolcon.colcon_core.package_identification[0m [1;30mLevel 1[0m _identify(src/SalsaNext/train/tasks/semantic/modules/__pycache__) by extension 'python_setup_py'
[0.715s] [34mcolcon.colcon_core.package_identification[0m [1;30mLevel 1[0m _identify(src/SalsaNext/train/tasks/semantic/postproc) by extensions ['ignore', 'ignore_ament_install']
[0.715s] [34mcolcon.colcon_core.package_identification[0m [1;30mLevel 1[0m _identify(src/SalsaNext/train/tasks/semantic/postproc) by extension 'ignore'
[0.715s] [34mcolcon.colcon_core.package_identification[0m [1;30mLevel 1[0m _identify(src/SalsaNext/train/tasks/semantic/postproc) by extension 'ignore_ament_install'
[0.715s] [34mcolcon.colcon_core.package_identification[0m [1;30mLevel 1[0m _identify(src/SalsaNext/train/tasks/semantic/postproc) by extensions ['colcon_pkg']
[0.715s] [34mcolcon.colcon_core.package_identification[0m [1;30mLevel 1[0m _identify(src/SalsaNext/train/tasks/semantic/postproc) by extension 'colcon_pkg'
[0.716s] [34mcolcon.colcon_core.package_identification[0m [1;30mLevel 1[0m _identify(src/SalsaNext/train/tasks/semantic/postproc) by extensions ['colcon_meta']
[0.716s] [34mcolcon.colcon_core.package_identification[0m [1;30mLevel 1[0m _identify(src/SalsaNext/train/tasks/semantic/postproc) by extension 'colcon_meta'
[0.716s] [34mcolcon.colcon_core.package_identification[0m [1;30mLevel 1[0m _identify(src/SalsaNext/train/tasks/semantic/postproc) by extensions ['ros']
[0.716s] [34mcolcon.colcon_core.package_identification[0m [1;30mLevel 1[0m _identify(src/SalsaNext/train/tasks/semantic/postproc) by extension 'ros'
[0.716s] [34mcolcon.colcon_core.package_identification[0m [1;30mLevel 1[0m _identify(src/SalsaNext/train/tasks/semantic/postproc) by extensions ['cmake', 'python']
[0.716s] [34mcolcon.colcon_core.package_identification[0m [1;30mLevel 1[0m _identify(src/SalsaNext/train/tasks/semantic/postproc) by extension 'cmake'
[0.716s] [34mcolcon.colcon_core.package_identification[0m [1;30mLevel 1[0m _identify(src/SalsaNext/train/tasks/semantic/postproc) by extension 'python'
[0.716s] [34mcolcon.colcon_core.package_identification[0m [1;30mLevel 1[0m _identify(src/SalsaNext/train/tasks/semantic/postproc) by extensions ['python_setup_py']
[0.716s] [34mcolcon.colcon_core.package_identification[0m [1;30mLevel 1[0m _identify(src/SalsaNext/train/tasks/semantic/postproc) by extension 'python_setup_py'
[0.717s] [34mcolcon.colcon_core.package_identification[0m [1;30mLevel 1[0m _identify(src/build) by extensions ['ignore', 'ignore_ament_install']
[0.717s] [34mcolcon.colcon_core.package_identification[0m [1;30mLevel 1[0m _identify(src/build) by extension 'ignore'
[0.717s] [34mcolcon.colcon_core.package_identification[0m [1;30mLevel 1[0m _identify(src/build) ignored
[0.717s] [34mcolcon.colcon_core.package_identification[0m [1;30mLevel 1[0m _identify(src/install) by extensions ['ignore', 'ignore_ament_install']
[0.717s] [34mcolcon.colcon_core.package_identification[0m [1;30mLevel 1[0m _identify(src/install) by extension 'ignore'
[0.717s] [34mcolcon.colcon_core.package_identification[0m [1;30mLevel 1[0m _identify(src/install) ignored
[0.717s] [34mcolcon.colcon_core.package_identification[0m [1;30mLevel 1[0m _identify(src/lid_description) by extensions ['ignore', 'ignore_ament_install']
[0.718s] [34mcolcon.colcon_core.package_identification[0m [1;30mLevel 1[0m _identify(src/lid_description) by extension 'ignore'
[0.718s] [34mcolcon.colcon_core.package_identification[0m [1;30mLevel 1[0m _identify(src/lid_description) by extension 'ignore_ament_install'
[0.718s] [34mcolcon.colcon_core.package_identification[0m [1;30mLevel 1[0m _identify(src/lid_description) by extensions ['colcon_pkg']
[0.718s] [34mcolcon.colcon_core.package_identification[0m [1;30mLevel 1[0m _identify(src/lid_description) by extension 'colcon_pkg'
[0.718s] [34mcolcon.colcon_core.package_identification[0m [1;30mLevel 1[0m _identify(src/lid_description) by extensions ['colcon_meta']
[0.718s] [34mcolcon.colcon_core.package_identification[0m [1;30mLevel 1[0m _identify(src/lid_description) by extension 'colcon_meta'
[0.718s] [34mcolcon.colcon_core.package_identification[0m [1;30mLevel 1[0m _identify(src/lid_description) by extensions ['ros']
[0.718s] [34mcolcon.colcon_core.package_identification[0m [1;30mLevel 1[0m _identify(src/lid_description) by extension 'ros'
[0.720s] [34mcolcon.colcon_core.package_identification[0m [1;30mDEBUG[0m [32mPackage 'src/lid_description' with type 'ros.ament_cmake' and name 'lid_description'[0m
[0.720s] [34mcolcon.colcon_core.package_identification[0m [1;30mLevel 1[0m _identify(src/lid_simulation) by extensions ['ignore', 'ignore_ament_install']
[0.720s] [34mcolcon.colcon_core.package_identification[0m [1;30mLevel 1[0m _identify(src/lid_simulation) by extension 'ignore'
[0.720s] [34mcolcon.colcon_core.package_identification[0m [1;30mLevel 1[0m _identify(src/lid_simulation) by extension 'ignore_ament_install'
[0.720s] [34mcolcon.colcon_core.package_identification[0m [1;30mLevel 1[0m _identify(src/lid_simulation) by extensions ['colcon_pkg']
[0.721s] [34mcolcon.colcon_core.package_identification[0m [1;30mLevel 1[0m _identify(src/lid_simulation) by extension 'colcon_pkg'
[0.721s] [34mcolcon.colcon_core.package_identification[0m [1;30mLevel 1[0m _identify(src/lid_simulation) by extensions ['colcon_meta']
[0.721s] [34mcolcon.colcon_core.package_identification[0m [1;30mLevel 1[0m _identify(src/lid_simulation) by extension 'colcon_meta'
[0.721s] [34mcolcon.colcon_core.package_identification[0m [1;30mLevel 1[0m _identify(src/lid_simulation) by extensions ['ros']
[0.721s] [34mcolcon.colcon_core.package_identification[0m [1;30mLevel 1[0m _identify(src/lid_simulation) by extension 'ros'
[0.722s] [34mcolcon.colcon_core.package_identification[0m [1;30mDEBUG[0m [32mPackage 'src/lid_simulation' with type 'ros.ament_cmake' and name 'lid_simulation'[0m
[0.722s] [34mcolcon.colcon_core.package_identification[0m [1;30mLevel 1[0m _identify(src/log) by extensions ['ignore', 'ignore_ament_install']
[0.722s] [34mcolcon.colcon_core.package_identification[0m [1;30mLevel 1[0m _identify(src/log) by extension 'ignore'
[0.723s] [34mcolcon.colcon_core.package_identification[0m [1;30mLevel 1[0m _identify(src/log) ignored
[0.723s] [34mcolcon.colcon_core.package_identification[0m [1;30mLevel 1[0m _identify(src/patchwork-plusplus-ros2) by extensions ['ignore', 'ignore_ament_install']
[0.723s] [34mcolcon.colcon_core.package_identification[0m [1;30mLevel 1[0m _identify(src/patchwork-plusplus-ros2) by extension 'ignore'
[0.723s] [34mcolcon.colcon_core.package_identification[0m [1;30mLevel 1[0m _identify(src/patchwork-plusplus-ros2) by extension 'ignore_ament_install'
[0.723s] [34mcolcon.colcon_core.package_identification[0m [1;30mLevel 1[0m _identify(src/patchwork-plusplus-ros2) by extensions ['colcon_pkg']
[0.723s] [34mcolcon.colcon_core.package_identification[0m [1;30mLevel 1[0m _identify(src/patchwork-plusplus-ros2) by extension 'colcon_pkg'
[0.723s] [34mcolcon.colcon_core.package_identification[0m [1;30mLevel 1[0m _identify(src/patchwork-plusplus-ros2) by extensions ['colcon_meta']
[0.723s] [34mcolcon.colcon_core.package_identification[0m [1;30mLevel 1[0m _identify(src/patchwork-plusplus-ros2) by extension 'colcon_meta'
[0.723s] [34mcolcon.colcon_core.package_identification[0m [1;30mLevel 1[0m _identify(src/patchwork-plusplus-ros2) by extensions ['ros']
[0.724s] [34mcolcon.colcon_core.package_identification[0m [1;30mLevel 1[0m _identify(src/patchwork-plusplus-ros2) by extension 'ros'
[0.724s] [34mcolcon.colcon_core.package_identification[0m [1;30mLevel 1[0m _identify(src/patchwork-plusplus-ros2) by extensions ['cmake', 'python']
[0.724s] [34mcolcon.colcon_core.package_identification[0m [1;30mLevel 1[0m _identify(src/patchwork-plusplus-ros2) by extension 'cmake'
[0.724s] [34mcolcon.colcon_core.package_identification[0m [1;30mLevel 1[0m _identify(src/patchwork-plusplus-ros2) by extension 'python'
[0.724s] [34mcolcon.colcon_core.package_identification[0m [1;30mLevel 1[0m _identify(src/patchwork-plusplus-ros2) by extensions ['python_setup_py']
[0.724s] [34mcolcon.colcon_core.package_identification[0m [1;30mLevel 1[0m _identify(src/patchwork-plusplus-ros2) by extension 'python_setup_py'
[0.724s] [34mcolcon.colcon_core.package_identification[0m [1;30mLevel 1[0m _identify(src/patchwork-plusplus-ros2/jsk_recognition_msgs) by extensions ['ignore', 'ignore_ament_install']
[0.724s] [34mcolcon.colcon_core.package_identification[0m [1;30mLevel 1[0m _identify(src/patchwork-plusplus-ros2/jsk_recognition_msgs) by extension 'ignore'
[0.725s] [34mcolcon.colcon_core.package_identification[0m [1;30mLevel 1[0m _identify(src/patchwork-plusplus-ros2/jsk_recognition_msgs) by extension 'ignore_ament_install'
[0.725s] [34mcolcon.colcon_core.package_identification[0m [1;30mLevel 1[0m _identify(src/patchwork-plusplus-ros2/jsk_recognition_msgs) by extensions ['colcon_pkg']
[0.725s] [34mcolcon.colcon_core.package_identification[0m [1;30mLevel 1[0m _identify(src/patchwork-plusplus-ros2/jsk_recognition_msgs) by extension 'colcon_pkg'
[0.725s] [34mcolcon.colcon_core.package_identification[0m [1;30mLevel 1[0m _identify(src/patchwork-plusplus-ros2/jsk_recognition_msgs) by extensions ['colcon_meta']
[0.725s] [34mcolcon.colcon_core.package_identification[0m [1;30mLevel 1[0m _identify(src/patchwork-plusplus-ros2/jsk_recognition_msgs) by extension 'colcon_meta'
[0.725s] [34mcolcon.colcon_core.package_identification[0m [1;30mLevel 1[0m _identify(src/patchwork-plusplus-ros2/jsk_recognition_msgs) by extensions ['ros']
[0.725s] [34mcolcon.colcon_core.package_identification[0m [1;30mLevel 1[0m _identify(src/patchwork-plusplus-ros2/jsk_recognition_msgs) by extension 'ros'
[0.727s] [34mcolcon.colcon_core.package_identification[0m [1;30mDEBUG[0m [32mPackage 'src/patchwork-plusplus-ros2/jsk_recognition_msgs' with type 'ros.ament_cmake' and name 'jsk_recognition_msgs'[0m
[0.727s] [34mcolcon.colcon_core.package_identification[0m [1;30mLevel 1[0m _identify(src/patchwork-plusplus-ros2/patchwork_plusplus) by extensions ['ignore', 'ignore_ament_install']
[0.727s] [34mcolcon.colcon_core.package_identification[0m [1;30mLevel 1[0m _identify(src/patchwork-plusplus-ros2/patchwork_plusplus) by extension 'ignore'
[0.727s] [34mcolcon.colcon_core.package_identification[0m [1;30mLevel 1[0m _identify(src/patchwork-plusplus-ros2/patchwork_plusplus) by extension 'ignore_ament_install'
[0.727s] [34mcolcon.colcon_core.package_identification[0m [1;30mLevel 1[0m _identify(src/patchwork-plusplus-ros2/patchwork_plusplus) by extensions ['colcon_pkg']
[0.727s] [34mcolcon.colcon_core.package_identification[0m [1;30mLevel 1[0m _identify(src/patchwork-plusplus-ros2/patchwork_plusplus) by extension 'colcon_pkg'
[0.728s] [34mcolcon.colcon_core.package_identification[0m [1;30mLevel 1[0m _identify(src/patchwork-plusplus-ros2/patchwork_plusplus) by extensions ['colcon_meta']
[0.728s] [34mcolcon.colcon_core.package_identification[0m [1;30mLevel 1[0m _identify(src/patchwork-plusplus-ros2/patchwork_plusplus) by extension 'colcon_meta'
[0.728s] [34mcolcon.colcon_core.package_identification[0m [1;30mLevel 1[0m _identify(src/patchwork-plusplus-ros2/patchwork_plusplus) by extensions ['ros']
[0.728s] [34mcolcon.colcon_core.package_identification[0m [1;30mLevel 1[0m _identify(src/patchwork-plusplus-ros2/patchwork_plusplus) by extension 'ros'
[0.730s] [34mcolcon.colcon_core.package_identification[0m [1;30mDEBUG[0m [32mPackage 'src/patchwork-plusplus-ros2/patchwork_plusplus' with type 'ros.ament_cmake' and name 'patchwork_plusplus'[0m
[0.731s] [34mcolcon.colcon_core.package_identification[0m [1;30mLevel 1[0m _identify(src/segmentation_lidar) by extensions ['ignore', 'ignore_ament_install']
[0.731s] [34mcolcon.colcon_core.package_identification[0m [1;30mLevel 1[0m _identify(src/segmentation_lidar) by extension 'ignore'
[0.731s] [34mcolcon.colcon_core.package_identification[0m [1;30mLevel 1[0m _identify(src/segmentation_lidar) by extension 'ignore_ament_install'
[0.731s] [34mcolcon.colcon_core.package_identification[0m [1;30mLevel 1[0m _identify(src/segmentation_lidar) by extensions ['colcon_pkg']
[0.731s] [34mcolcon.colcon_core.package_identification[0m [1;30mLevel 1[0m _identify(src/segmentation_lidar) by extension 'colcon_pkg'
[0.731s] [34mcolcon.colcon_core.package_identification[0m [1;30mLevel 1[0m _identify(src/segmentation_lidar) by extensions ['colcon_meta']
[0.732s] [34mcolcon.colcon_core.package_identification[0m [1;30mLevel 1[0m _identify(src/segmentation_lidar) by extension 'colcon_meta'
[0.732s] [34mcolcon.colcon_core.package_identification[0m [1;30mLevel 1[0m _identify(src/segmentation_lidar) by extensions ['ros']
[0.732s] [34mcolcon.colcon_core.package_identification[0m [1;30mLevel 1[0m _identify(src/segmentation_lidar) by extension 'ros'
[0.734s] [34mcolcon.colcon_core.package_identification[0m [1;30mDEBUG[0m [32mPackage 'src/segmentation_lidar' with type 'ros.ament_cmake' and name 'segmentation_lidar'[0m
[0.734s] [34mcolcon.colcon_core.package_identification[0m [1;30mLevel 1[0m _identify(src/velodyne) by extensions ['ignore', 'ignore_ament_install']
[0.734s] [34mcolcon.colcon_core.package_identification[0m [1;30mLevel 1[0m _identify(src/velodyne) by extension 'ignore'
[0.734s] [34mcolcon.colcon_core.package_identification[0m [1;30mLevel 1[0m _identify(src/velodyne) by extension 'ignore_ament_install'
[0.734s] [34mcolcon.colcon_core.package_identification[0m [1;30mLevel 1[0m _identify(src/velodyne) by extensions ['colcon_pkg']
[0.735s] [34mcolcon.colcon_core.package_identification[0m [1;30mLevel 1[0m _identify(src/velodyne) by extension 'colcon_pkg'
[0.735s] [34mcolcon.colcon_core.package_identification[0m [1;30mLevel 1[0m _identify(src/velodyne) by extensions ['colcon_meta']
[0.735s] [34mcolcon.colcon_core.package_identification[0m [1;30mLevel 1[0m _identify(src/velodyne) by extension 'colcon_meta'
[0.735s] [34mcolcon.colcon_core.package_identification[0m [1;30mLevel 1[0m _identify(src/velodyne) by extensions ['ros']
[0.735s] [34mcolcon.colcon_core.package_identification[0m [1;30mLevel 1[0m _identify(src/velodyne) by extension 'ros'
[0.735s] [34mcolcon.colcon_core.package_identification[0m [1;30mLevel 1[0m _identify(src/velodyne) by extensions ['cmake', 'python']
[0.735s] [34mcolcon.colcon_core.package_identification[0m [1;30mLevel 1[0m _identify(src/velodyne) by extension 'cmake'
[0.735s] [34mcolcon.colcon_core.package_identification[0m [1;30mLevel 1[0m _identify(src/velodyne) by extension 'python'
[0.735s] [34mcolcon.colcon_core.package_identification[0m [1;30mLevel 1[0m _identify(src/velodyne) by extensions ['python_setup_py']
[0.735s] [34mcolcon.colcon_core.package_identification[0m [1;30mLevel 1[0m _identify(src/velodyne) by extension 'python_setup_py'
[0.736s] [34mcolcon.colcon_core.package_identification[0m [1;30mLevel 1[0m _identify(src/velodyne/img) by extensions ['ignore', 'ignore_ament_install']
[0.736s] [34mcolcon.colcon_core.package_identification[0m [1;30mLevel 1[0m _identify(src/velodyne/img) by extension 'ignore'
[0.736s] [34mcolcon.colcon_core.package_identification[0m [1;30mLevel 1[0m _identify(src/velodyne/img) by extension 'ignore_ament_install'
[0.736s] [34mcolcon.colcon_core.package_identification[0m [1;30mLevel 1[0m _identify(src/velodyne/img) by extensions ['colcon_pkg']
[0.736s] [34mcolcon.colcon_core.package_identification[0m [1;30mLevel 1[0m _identify(src/velodyne/img) by extension 'colcon_pkg'
[0.736s] [34mcolcon.colcon_core.package_identification[0m [1;30mLevel 1[0m _identify(src/velodyne/img) by extensions ['colcon_meta']
[0.736s] [34mcolcon.colcon_core.package_identification[0m [1;30mLevel 1[0m _identify(src/velodyne/img) by extension 'colcon_meta'
[0.736s] [34mcolcon.colcon_core.package_identification[0m [1;30mLevel 1[0m _identify(src/velodyne/img) by extensions ['ros']
[0.736s] [34mcolcon.colcon_core.package_identification[0m [1;30mLevel 1[0m _identify(src/velodyne/img) by extension 'ros'
[0.737s] [34mcolcon.colcon_core.package_identification[0m [1;30mLevel 1[0m _identify(src/velodyne/img) by extensions ['cmake', 'python']
[0.737s] [34mcolcon.colcon_core.package_identification[0m [1;30mLevel 1[0m _identify(src/velodyne/img) by extension 'cmake'
[0.737s] [34mcolcon.colcon_core.package_identification[0m [1;30mLevel 1[0m _identify(src/velodyne/img) by extension 'python'
[0.737s] [34mcolcon.colcon_core.package_identification[0m [1;30mLevel 1[0m _identify(src/velodyne/img) by extensions ['python_setup_py']
[0.737s] [34mcolcon.colcon_core.package_identification[0m [1;30mLevel 1[0m _identify(src/velodyne/img) by extension 'python_setup_py'
[0.737s] [34mcolcon.colcon_core.package_identification[0m [1;30mLevel 1[0m _identify(src/velodyne/velodyne_description) by extensions ['ignore', 'ignore_ament_install']
[0.737s] [34mcolcon.colcon_core.package_identification[0m [1;30mLevel 1[0m _identify(src/velodyne/velodyne_description) by extension 'ignore'
[0.737s] [34mcolcon.colcon_core.package_identification[0m [1;30mLevel 1[0m _identify(src/velodyne/velodyne_description) by extension 'ignore_ament_install'
[0.738s] [34mcolcon.colcon_core.package_identification[0m [1;30mLevel 1[0m _identify(src/velodyne/velodyne_description) by extensions ['colcon_pkg']
[0.738s] [34mcolcon.colcon_core.package_identification[0m [1;30mLevel 1[0m _identify(src/velodyne/velodyne_description) by extension 'colcon_pkg'
[0.738s] [34mcolcon.colcon_core.package_identification[0m [1;30mLevel 1[0m _identify(src/velodyne/velodyne_description) by extensions ['colcon_meta']
[0.738s] [34mcolcon.colcon_core.package_identification[0m [1;30mLevel 1[0m _identify(src/velodyne/velodyne_description) by extension 'colcon_meta'
[0.738s] [34mcolcon.colcon_core.package_identification[0m [1;30mLevel 1[0m _identify(src/velodyne/velodyne_description) by extensions ['ros']
[0.738s] [34mcolcon.colcon_core.package_identification[0m [1;30mLevel 1[0m _identify(src/velodyne/velodyne_description) by extension 'ros'
[0.740s] [34mcolcon.colcon_core.package_identification[0m [1;30mDEBUG[0m [32mPackage 'src/velodyne/velodyne_description' with type 'ros.ament_cmake' and name 'velodyne_description'[0m
[0.740s] [34mcolcon.colcon_core.package_identification[0m [1;30mLevel 1[0m _identify(src/velodyne/velodyne_gazebo_plugins) by extensions ['ignore', 'ignore_ament_install']
[0.741s] [34mcolcon.colcon_core.package_identification[0m [1;30mLevel 1[0m _identify(src/velodyne/velodyne_gazebo_plugins) by extension 'ignore'
[0.741s] [34mcolcon.colcon_core.package_identification[0m [1;30mLevel 1[0m _identify(src/velodyne/velodyne_gazebo_plugins) by extension 'ignore_ament_install'
[0.741s] [34mcolcon.colcon_core.package_identification[0m [1;30mLevel 1[0m _identify(src/velodyne/velodyne_gazebo_plugins) by extensions ['colcon_pkg']
[0.741s] [34mcolcon.colcon_core.package_identification[0m [1;30mLevel 1[0m _identify(src/velodyne/velodyne_gazebo_plugins) by extension 'colcon_pkg'
[0.741s] [34mcolcon.colcon_core.package_identification[0m [1;30mLevel 1[0m _identify(src/velodyne/velodyne_gazebo_plugins) by extensions ['colcon_meta']
[0.741s] [34mcolcon.colcon_core.package_identification[0m [1;30mLevel 1[0m _identify(src/velodyne/velodyne_gazebo_plugins) by extension 'colcon_meta'
[0.741s] [34mcolcon.colcon_core.package_identification[0m [1;30mLevel 1[0m _identify(src/velodyne/velodyne_gazebo_plugins) by extensions ['ros']
[0.741s] [34mcolcon.colcon_core.package_identification[0m [1;30mLevel 1[0m _identify(src/velodyne/velodyne_gazebo_plugins) by extension 'ros'
[0.744s] [34mcolcon.colcon_core.package_identification[0m [1;30mDEBUG[0m [32mPackage 'src/velodyne/velodyne_gazebo_plugins' with type 'ros.ament_cmake' and name 'velodyne_gazebo_plugins'[0m
[0.745s] [34mcolcon.colcon_core.package_identification[0m [1;30mLevel 1[0m _identify(src/velodyne/velodyne_simulator) by extensions ['ignore', 'ignore_ament_install']
[0.745s] [34mcolcon.colcon_core.package_identification[0m [1;30mLevel 1[0m _identify(src/velodyne/velodyne_simulator) by extension 'ignore'
[0.745s] [34mcolcon.colcon_core.package_identification[0m [1;30mLevel 1[0m _identify(src/velodyne/velodyne_simulator) by extension 'ignore_ament_install'
[0.745s] [34mcolcon.colcon_core.package_identification[0m [1;30mLevel 1[0m _identify(src/velodyne/velodyne_simulator) by extensions ['colcon_pkg']
[0.745s] [34mcolcon.colcon_core.package_identification[0m [1;30mLevel 1[0m _identify(src/velodyne/velodyne_simulator) by extension 'colcon_pkg'
[0.745s] [34mcolcon.colcon_core.package_identification[0m [1;30mLevel 1[0m _identify(src/velodyne/velodyne_simulator) by extensions ['colcon_meta']
[0.745s] [34mcolcon.colcon_core.package_identification[0m [1;30mLevel 1[0m _identify(src/velodyne/velodyne_simulator) by extension 'colcon_meta'
[0.745s] [34mcolcon.colcon_core.package_identification[0m [1;30mLevel 1[0m _identify(src/velodyne/velodyne_simulator) by extensions ['ros']
[0.746s] [34mcolcon.colcon_core.package_identification[0m [1;30mLevel 1[0m _identify(src/velodyne/velodyne_simulator) by extension 'ros'
[0.747s] [34mcolcon.colcon_core.package_identification[0m [1;30mDEBUG[0m [32mPackage 'src/velodyne/velodyne_simulator' with type 'ros.ament_cmake' and name 'velodyne_simulator'[0m
[0.747s] [34mcolcon.colcon_core.package_discovery[0m [1;30mLevel 1[0m discover_packages(recursive) using defaults
[0.747s] [34mcolcon.colcon_core.package_discovery[0m [1;30mLevel 1[0m discover_packages(ignore) discover
[0.747s] [34mcolcon.colcon_core.package_discovery[0m [1;30mLevel 1[0m discover_packages(ignore) using defaults
[0.747s] [34mcolcon.colcon_core.package_discovery[0m [1;30mLevel 1[0m discover_packages(path) discover
[0.747s] [34mcolcon.colcon_core.package_discovery[0m [1;30mLevel 1[0m discover_packages(path) using defaults
[0.794s] [34mcolcon.colcon_core.package_selection[0m [1;30mINFO[0m Skipping not selected package 'fastdem' in 'src/FastDEM/fastdem'
[0.794s] [34mcolcon.colcon_core.package_selection[0m [1;30mINFO[0m Skipping not selected package 'jsk_recognition_msgs' in 'src/patchwork-plusplus-ros2/jsk_recognition_msgs'
[0.794s] [34mcolcon.colcon_core.package_selection[0m [1;30mINFO[0m Skipping not selected package 'lid_description' in 'src/lid_description'
[0.794s] [34mcolcon.colcon_core.package_selection[0m [1;30mINFO[0m Skipping not selected package 'lid_simulation' in 'src/lid_simulation'
[0.794s] [34mcolcon.colcon_core.package_selection[0m [1;30mINFO[0m Skipping not selected package 'velodyne_gazebo_plugins' in 'src/velodyne/velodyne_gazebo_plugins'
[0.794s] [34mcolcon.colcon_core.package_selection[0m [1;30mINFO[0m Skipping not selected package 'fastdem_ros' in 'src/FastDEM/ros1'
[0.794s] [34mcolcon.colcon_core.package_selection[0m [1;30mINFO[0m Skipping not selected package 'fastdem_ros2' in 'src/FastDEM/ros2'
[0.794s] [34mcolcon.colcon_core.package_selection[0m [1;30mINFO[0m Skipping not selected package 'patchwork_plusplus' in 'src/patchwork-plusplus-ros2/patchwork_plusplus'
[0.794s] [34mcolcon.colcon_core.package_selection[0m [1;30mINFO[0m Skipping not selected package 'velodyne_description' in 'src/velodyne/velodyne_description'
[0.794s] [34mcolcon.colcon_core.package_selection[0m [1;30mINFO[0m Skipping not selected package 'velodyne_simulator' in 'src/velodyne/velodyne_simulator'
[0.795s] [34mcolcon.colcon_core.package_discovery[0m [1;30mLevel 1[0m discover_packages(prefix_path) check parameters
[0.795s] [34mcolcon.colcon_core.package_discovery[0m [1;30mLevel 1[0m discover_packages(prefix_path) discover
[0.798s] [34mcolcon.colcon_ros.prefix_path.ament[0m [1;30mWARNING[0m [33mThe path '/media/subham/85dce0f4-2e29-4540-9a32-801850cfcef6/subham/LidarMapping2.5D/install/velodyne_simulator' in the environment variable AMENT_PREFIX_PATH doesn't exist[0m
[0.798s] [34mcolcon.colcon_ros.prefix_path.ament[0m [1;30mWARNING[0m [33mThe path '/media/subham/85dce0f4-2e29-4540-9a32-801850cfcef6/subham/LidarMapping2.5D/install/velodyne_description' in the environment variable AMENT_PREFIX_PATH doesn't exist[0m
[0.798s] [34mcolcon.colcon_ros.prefix_path.ament[0m [1;30mWARNING[0m [33mThe path '/media/subham/85dce0f4-2e29-4540-9a32-801850cfcef6/subham/LidarMapping2.5D/install/velodyne_gazebo_plugins' in the environment variable AMENT_PREFIX_PATH doesn't exist[0m
[0.799s] [34mcolcon.colcon_ros.prefix_path.ament[0m [1;30mWARNING[0m [33mThe path '/media/subham/85dce0f4-2e29-4540-9a32-801850cfcef6/subham/LidarMapping2.5D/install/salsanext_ros2' in the environment variable AMENT_PREFIX_PATH doesn't exist[0m
[0.799s] [34mcolcon.colcon_ros.prefix_path.ament[0m [1;30mWARNING[0m [33mThe path '/media/subham/85dce0f4-2e29-4540-9a32-801850cfcef6/subham/LidarMapping2.5D/install/patchwork_plusplus' in the environment variable AMENT_PREFIX_PATH doesn't exist[0m
[0.799s] [34mcolcon.colcon_ros.prefix_path.ament[0m [1;30mWARNING[0m [33mThe path '/media/subham/85dce0f4-2e29-4540-9a32-801850cfcef6/subham/LidarMapping2.5D/install/lid_simulation' in the environment variable AMENT_PREFIX_PATH doesn't exist[0m
[0.799s] [34mcolcon.colcon_ros.prefix_path.ament[0m [1;30mWARNING[0m [33mThe path '/media/subham/85dce0f4-2e29-4540-9a32-801850cfcef6/subham/LidarMapping2.5D/install/lid_description' in the environment variable AMENT_PREFIX_PATH doesn't exist[0m
[0.799s] [34mcolcon.colcon_ros.prefix_path.ament[0m [1;30mWARNING[0m [33mThe path '/media/subham/85dce0f4-2e29-4540-9a32-801850cfcef6/subham/LidarMapping2.5D/install/jsk_recognition_msgs' in the environment variable AMENT_PREFIX_PATH doesn't exist[0m
[0.799s] [34mcolcon.colcon_ros.prefix_path.ament[0m [1;30mWARNING[0m [33mThe path '/media/subham/85dce0f4-2e29-4540-9a32-801850cfcef6/subham/LidarMapping2.5D/install/height_mapping_ros2' in the environment variable AMENT_PREFIX_PATH doesn't exist[0m
[0.799s] [34mcolcon.colcon_ros.prefix_path.ament[0m [1;30mWARNING[0m [33mThe path '/media/subham/85dce0f4-2e29-4540-9a32-801850cfcef6/subham/LidarMapping2.5D/install/height_mapping_core' in the environment variable AMENT_PREFIX_PATH doesn't exist[0m
[0.799s] [34mcolcon.colcon_ros.prefix_path.ament[0m [1;30mWARNING[0m [33mThe path '/media/subham/85dce0f4-2e29-4540-9a32-801850cfcef6/subham/LidarMapping2.5D/install/fastdem_ros2' in the environment variable AMENT_PREFIX_PATH doesn't exist[0m
[0.803s] [34mcolcon.colcon_ros.prefix_path.catkin[0m [1;30mWARNING[0m [33mThe path '/media/subham/85dce0f4-2e29-4540-9a32-801850cfcef6/subham/LidarMapping2.5D/install/velodyne_simulator' in the environment variable CMAKE_PREFIX_PATH doesn't exist[0m
[0.803s] [34mcolcon.colcon_ros.prefix_path.catkin[0m [1;30mWARNING[0m [33mThe path '/media/subham/85dce0f4-2e29-4540-9a32-801850cfcef6/subham/LidarMapping2.5D/install/velodyne_description' in the environment variable CMAKE_PREFIX_PATH doesn't exist[0m
[0.803s] [34mcolcon.colcon_ros.prefix_path.catkin[0m [1;30mWARNING[0m [33mThe path '/media/subham/85dce0f4-2e29-4540-9a32-801850cfcef6/subham/LidarMapping2.5D/install/velodyne_gazebo_plugins' in the environment variable CMAKE_PREFIX_PATH doesn't exist[0m
[0.803s] [34mcolcon.colcon_ros.prefix_path.catkin[0m [1;30mWARNING[0m [33mThe path '/media/subham/85dce0f4-2e29-4540-9a32-801850cfcef6/subham/LidarMapping2.5D/install/salsanext_ros2' in the environment variable CMAKE_PREFIX_PATH doesn't exist[0m
[0.804s] [34mcolcon.colcon_ros.prefix_path.catkin[0m [1;30mWARNING[0m [33mThe path '/media/subham/85dce0f4-2e29-4540-9a32-801850cfcef6/subham/LidarMapping2.5D/install/patchwork_plusplus' in the environment variable CMAKE_PREFIX_PATH doesn't exist[0m
[0.804s] [34mcolcon.colcon_ros.prefix_path.catkin[0m [1;30mWARNING[0m [33mThe path '/media/subham/85dce0f4-2e29-4540-9a32-801850cfcef6/subham/LidarMapping2.5D/install/lid_simulation' in the environment variable CMAKE_PREFIX_PATH doesn't exist[0m
[0.804s] [34mcolcon.colcon_ros.prefix_path.catkin[0m [1;30mWARNING[0m [33mThe path '/media/subham/85dce0f4-2e29-4540-9a32-801850cfcef6/subham/LidarMapping2.5D/install/lid_description' in the environment variable CMAKE_PREFIX_PATH doesn't exist[0m
[0.804s] [34mcolcon.colcon_ros.prefix_path.catkin[0m [1;30mWARNING[0m [33mThe path '/media/subham/85dce0f4-2e29-4540-9a32-801850cfcef6/subham/LidarMapping2.5D/install/jsk_recognition_msgs' in the environment variable CMAKE_PREFIX_PATH doesn't exist[0m
[0.804s] [34mcolcon.colcon_ros.prefix_path.catkin[0m [1;30mWARNING[0m [33mThe path '/media/subham/85dce0f4-2e29-4540-9a32-801850cfcef6/subham/LidarMapping2.5D/install/height_mapping_ros2' in the environment variable CMAKE_PREFIX_PATH doesn't exist[0m
[0.804s] [34mcolcon.colcon_ros.prefix_path.catkin[0m [1;30mWARNING[0m [33mThe path '/media/subham/85dce0f4-2e29-4540-9a32-801850cfcef6/subham/LidarMapping2.5D/install/height_mapping_core' in the environment variable CMAKE_PREFIX_PATH doesn't exist[0m
[0.804s] [34mcolcon.colcon_ros.prefix_path.catkin[0m [1;30mWARNING[0m [33mThe path '/media/subham/85dce0f4-2e29-4540-9a32-801850cfcef6/subham/LidarMapping2.5D/install/fastdem_ros2' in the environment variable CMAKE_PREFIX_PATH doesn't exist[0m
[0.804s] [34mcolcon.colcon_ros.prefix_path.catkin[0m [1;30mWARNING[0m [33mThe path '/media/subham/85dce0f4-2e29-4540-9a32-801850cfcef6/subham/LidarMapping2.5D/install/fastdem' in the environment variable CMAKE_PREFIX_PATH doesn't exist[0m
[0.807s] [34mcolcon.colcon_installed_package_information.package_discovery[0m [1;30mDEBUG[0m [32mFound 1 installed packages in /media/subham/85dce0f4-2e29-4540-9a32-801850cfcef6/subham/LidarMapping2.5D/install[0m
[0.811s] [34mcolcon.colcon_installed_package_information.package_discovery[0m [1;30mDEBUG[0m [32mFound 4 installed packages in /home/subham/Edge_AI_for_ADAS_and_Autonomous_Systems/install[0m
[0.815s] [34mcolcon.colcon_installed_package_information.package_discovery[0m [1;30mDEBUG[0m [32mFound 4 installed packages in /home/subham/rover_ws/install[0m
[0.822s] [34mcolcon.colcon_installed_package_information.package_discovery[0m [1;30mDEBUG[0m [32mFound 7 installed packages in /home/subham/igvc/install[0m
[0.832s] [34mcolcon.colcon_installed_package_information.package_discovery[0m [1;30mDEBUG[0m [32mFound 8 installed packages in /home/subham/colcon_ws/install[0m
[0.839s] [34mcolcon.colcon_installed_package_information.package_discovery[0m [1;30mDEBUG[0m [32mFound 7 installed packages in /home/subham/anvrit_ws/install[0m
[0.845s] [34mcolcon.colcon_installed_package_information.package_discovery[0m [1;30mDEBUG[0m [32mFound 4 installed packages in /home/subham/omokai_ws/install[0m
[0.851s] [34mcolcon.colcon_installed_package_information.package_discovery[0m [1;30mDEBUG[0m [32mFound 512 installed packages in /opt/ros/humble[0m
[0.858s] [34mcolcon.colcon_core.package_discovery[0m [1;30mLevel 1[0m discover_packages(prefix_path) using defaults
[1.048s] [34mcolcon.colcon_core.verb[0m [1;30mLevel 5[0m set package 'segmentation_lidar' build argument 'cmake_args' from command line to '['-DCMAKE_BUILD_TYPE=Release']'
[1.048s] [34mcolcon.colcon_core.verb[0m [1;30mLevel 5[0m set package 'segmentation_lidar' build argument 'cmake_target' from command line to 'None'
[1.048s] [34mcolcon.colcon_core.verb[0m [1;30mLevel 5[0m set package 'segmentation_lidar' build argument 'cmake_target_skip_unavailable' from command line to 'False'
[1.048s] [34mcolcon.colcon_core.verb[0m [1;30mLevel 5[0m set package 'segmentation_lidar' build argument 'cmake_clean_cache' from command line to 'False'
[1.048s] [34mcolcon.colcon_core.verb[0m [1;30mLevel 5[0m set package 'segmentation_lidar' build argument 'cmake_clean_first' from command line to 'False'
[1.048s] [34mcolcon.colcon_core.verb[0m [1;30mLevel 5[0m set package 'segmentation_lidar' build argument 'cmake_force_configure' from command line to 'False'
[1.048s] [34mcolcon.colcon_core.verb[0m [1;30mLevel 5[0m set package 'segmentation_lidar' build argument 'ament_cmake_args' from command line to 'None'
[1.048s] [34mcolcon.colcon_core.verb[0m [1;30mLevel 5[0m set package 'segmentation_lidar' build argument 'catkin_cmake_args' from command line to 'None'
[1.048s] [34mcolcon.colcon_core.verb[0m [1;30mLevel 5[0m set package 'segmentation_lidar' build argument 'catkin_skip_building_tests' from command line to 'False'
[1.049s] [34mcolcon.colcon_core.verb[0m [1;30mDEBUG[0m [32mBuilding package 'segmentation_lidar' with the following arguments: {'ament_cmake_args': None, 'build_base': '/media/subham/85dce0f4-2e29-4540-9a32-801850cfcef6/subham/LidarMapping2.5D/build/segmentation_lidar', 'catkin_cmake_args': None, 'catkin_skip_building_tests': False, 'cmake_args': ['-DCMAKE_BUILD_TYPE=Release'], 'cmake_clean_cache': False, 'cmake_clean_first': False, 'cmake_force_configure': False, 'cmake_target': None, 'cmake_target_skip_unavailable': False, 'install_base': '/media/subham/85dce0f4-2e29-4540-9a32-801850cfcef6/subham/LidarMapping2.5D/install/segmentation_lidar', 'merge_install': False, 'path': '/media/subham/85dce0f4-2e29-4540-9a32-801850cfcef6/subham/LidarMapping2.5D/src/segmentation_lidar', 'symlink_install': False, 'test_result_base': None}[0m
[1.049s] [34mcolcon.colcon_core.executor[0m [1;30mINFO[0m Executing jobs using 'parallel' executor
[1.052s] [34mcolcon.colcon_parallel_executor.executor.parallel[0m [1;30mDEBUG[0m [32mrun_until_complete[0m
[1.052s] [34mcolcon.colcon_ros.task.ament_cmake.build[0m [1;30mINFO[0m Building ROS package in '/media/subham/85dce0f4-2e29-4540-9a32-801850cfcef6/subham/LidarMapping2.5D/src/segmentation_lidar' with build type 'ament_cmake'
[1.052s] [34mcolcon.colcon_cmake.task.cmake.build[0m [1;30mINFO[0m Building CMake package in '/media/subham/85dce0f4-2e29-4540-9a32-801850cfcef6/subham/LidarMapping2.5D/src/segmentation_lidar'
[1.057s] [34mcolcon.colcon_core.plugin_system[0m [1;30mINFO[0m Skipping extension 'colcon_core.shell.bat': Not used on non-Windows systems
[1.058s] [34mcolcon.colcon_core.shell[0m [1;30mINFO[0m Skip shell extension 'powershell' for command environment: Not usable outside of PowerShell
[1.058s] [34mcolcon.colcon_core.shell[0m [1;30mDEBUG[0m [32mSkip shell extension 'dsv' for command environment[0m
[1.099s] [34mcolcon.colcon_core.event_handler.log_command[0m [1;30mDEBUG[0m [32mInvoking command in '/media/subham/85dce0f4-2e29-4540-9a32-801850cfcef6/subham/LidarMapping2.5D/build/segmentation_lidar': CMAKE_PREFIX_PATH=${CMAKE_PREFIX_PATH}:/home/subham/omokai_ws/install/llm_navigation:/home/subham/Edge_AI_for_ADAS_and_Autonomous_Systems/install/adas_perception:/home/subham/Edge_AI_for_ADAS_and_Autonomous_Systems/install/adas_navigation:/home/subham/rover_ws/install/rover_navigation:/home/subham/anvrit_ws/install/anvrit_perception:/home/subham/anvrit_ws/install/anvrit_odometry:/home/subham/anvrit_ws/install/anvrit_nav2:/home/subham/igvc/install/igvc_perception:/home/subham/igvc/install/igvc_navigation:/home/subham/colcon_ws/install/ros2ai:/opt/ros/humble /usr/bin/cmake --build /media/subham/85dce0f4-2e29-4540-9a32-801850cfcef6/subham/LidarMapping2.5D/build/segmentation_lidar -- -j12 -l12[0m
[23.108s] [34mcolcon.colcon_core.event_handler.log_command[0m [1;30mDEBUG[0m [32mInvoked command in '/media/subham/85dce0f4-2e29-4540-9a32-801850cfcef6/subham/LidarMapping2.5D/build/segmentation_lidar' returned '0': CMAKE_PREFIX_PATH=${CMAKE_PREFIX_PATH}:/home/subham/omokai_ws/install/llm_navigation:/home/subham/Edge_AI_for_ADAS_and_Autonomous_Systems/install/adas_perception:/home/subham/Edge_AI_for_ADAS_and_Autonomous_Systems/install/adas_navigation:/home/subham/rover_ws/install/rover_navigation:/home/subham/anvrit_ws/install/anvrit_perception:/home/subham/anvrit_ws/install/anvrit_odometry:/home/subham/anvrit_ws/install/anvrit_nav2:/home/subham/igvc/install/igvc_perception:/home/subham/igvc/install/igvc_navigation:/home/subham/colcon_ws/install/ros2ai:/opt/ros/humble /usr/bin/cmake --build /media/subham/85dce0f4-2e29-4540-9a32-801850cfcef6/subham/LidarMapping2.5D/build/segmentation_lidar -- -j12 -l12[0m
[23.122s] [34mcolcon.colcon_core.event_handler.log_command[0m [1;30mDEBUG[0m [32mInvoking command in '/media/subham/85dce0f4-2e29-4540-9a32-801850cfcef6/subham/LidarMapping2.5D/build/segmentation_lidar': CMAKE_PREFIX_PATH=${CMAKE_PREFIX_PATH}:/home/subham/omokai_ws/install/llm_navigation:/home/subham/Edge_AI_for_ADAS_and_Autonomous_Systems/install/adas_perception:/home/subham/Edge_AI_for_ADAS_and_Autonomous_Systems/install/adas_navigation:/home/subham/rover_ws/install/rover_navigation:/home/subham/anvrit_ws/install/anvrit_perception:/home/subham/anvrit_ws/install/anvrit_odometry:/home/subham/anvrit_ws/install/anvrit_nav2:/home/subham/igvc/install/igvc_perception:/home/subham/igvc/install/igvc_navigation:/home/subham/colcon_ws/install/ros2ai:/opt/ros/humble /usr/bin/cmake --install /media/subham/85dce0f4-2e29-4540-9a32-801850cfcef6/subham/LidarMapping2.5D/build/segmentation_lidar[0m
[24.583s] [34mcolcon.colcon_core.environment[0m [1;30mLevel 1[0m create_environment_scripts_only(segmentation_lidar)
[24.584s] [34mcolcon.colcon_core.event_handler.log_command[0m [1;30mDEBUG[0m [32mInvoked command in '/media/subham/85dce0f4-2e29-4540-9a32-801850cfcef6/subham/LidarMapping2.5D/build/segmentation_lidar' returned '0': CMAKE_PREFIX_PATH=${CMAKE_PREFIX_PATH}:/home/subham/omokai_ws/install/llm_navigation:/home/subham/Edge_AI_for_ADAS_and_Autonomous_Systems/install/adas_perception:/home/subham/Edge_AI_for_ADAS_and_Autonomous_Systems/install/adas_navigation:/home/subham/rover_ws/install/rover_navigation:/home/subham/anvrit_ws/install/anvrit_perception:/home/subham/anvrit_ws/install/anvrit_odometry:/home/subham/anvrit_ws/install/anvrit_nav2:/home/subham/igvc/install/igvc_perception:/home/subham/igvc/install/igvc_navigation:/home/subham/colcon_ws/install/ros2ai:/opt/ros/humble /usr/bin/cmake --install /media/subham/85dce0f4-2e29-4540-9a32-801850cfcef6/subham/LidarMapping2.5D/build/segmentation_lidar[0m
[24.588s] [34mcolcon.colcon_core.environment[0m [1;30mLevel 1[0m checking '/media/subham/85dce0f4-2e29-4540-9a32-801850cfcef6/subham/LidarMapping2.5D/install/segmentation_lidar' for CMake module files
[24.588s] [34mcolcon.colcon_core.environment[0m [1;30mLevel 1[0m checking '/media/subham/85dce0f4-2e29-4540-9a32-801850cfcef6/subham/LidarMapping2.5D/install/segmentation_lidar' for CMake config files
[24.589s] [34mcolcon.colcon_core.shell[0m [1;30mLevel 1[0m create_environment_hook('segmentation_lidar', 'cmake_prefix_path')
[24.589s] [34mcolcon.colcon_core.shell[0m [1;30mINFO[0m Creating environment hook '/media/subham/85dce0f4-2e29-4540-9a32-801850cfcef6/subham/LidarMapping2.5D/install/segmentation_lidar/share/segmentation_lidar/hook/cmake_prefix_path.ps1'
[24.590s] [34mcolcon.colcon_core.shell[0m [1;30mINFO[0m Creating environment descriptor '/media/subham/85dce0f4-2e29-4540-9a32-801850cfcef6/subham/LidarMapping2.5D/install/segmentation_lidar/share/segmentation_lidar/hook/cmake_prefix_path.dsv'
[24.590s] [34mcolcon.colcon_core.shell[0m [1;30mINFO[0m Creating environment hook '/media/subham/85dce0f4-2e29-4540-9a32-801850cfcef6/subham/LidarMapping2.5D/install/segmentation_lidar/share/segmentation_lidar/hook/cmake_prefix_path.sh'
[24.591s] [34mcolcon.colcon_core.environment[0m [1;30mLevel 1[0m checking '/media/subham/85dce0f4-2e29-4540-9a32-801850cfcef6/subham/LidarMapping2.5D/install/segmentation_lidar/lib'
[24.591s] [34mcolcon.colcon_core.environment[0m [1;30mLevel 1[0m checking '/media/subham/85dce0f4-2e29-4540-9a32-801850cfcef6/subham/LidarMapping2.5D/install/segmentation_lidar/bin'
[24.591s] [34mcolcon.colcon_core.environment[0m [1;30mLevel 1[0m checking '/media/subham/85dce0f4-2e29-4540-9a32-801850cfcef6/subham/LidarMapping2.5D/install/segmentation_lidar/lib/pkgconfig/segmentation_lidar.pc'
[24.592s] [34mcolcon.colcon_core.environment[0m [1;30mLevel 1[0m checking '/media/subham/85dce0f4-2e29-4540-9a32-801850cfcef6/subham/LidarMapping2.5D/install/segmentation_lidar/lib/python3.10/site-packages'
[24.592s] [34mcolcon.colcon_core.environment[0m [1;30mLevel 1[0m checking '/media/subham/85dce0f4-2e29-4540-9a32-801850cfcef6/subham/LidarMapping2.5D/install/segmentation_lidar/bin'
[24.592s] [34mcolcon.colcon_core.shell[0m [1;30mINFO[0m Creating package script '/media/subham/85dce0f4-2e29-4540-9a32-801850cfcef6/subham/LidarMapping2.5D/install/segmentation_lidar/share/segmentation_lidar/package.ps1'
[24.594s] [34mcolcon.colcon_core.shell[0m [1;30mINFO[0m Creating package descriptor '/media/subham/85dce0f4-2e29-4540-9a32-801850cfcef6/subham/LidarMapping2.5D/install/segmentation_lidar/share/segmentation_lidar/package.dsv'
[24.594s] [34mcolcon.colcon_core.shell[0m [1;30mINFO[0m Creating package script '/media/subham/85dce0f4-2e29-4540-9a32-801850cfcef6/subham/LidarMapping2.5D/install/segmentation_lidar/share/segmentation_lidar/package.sh'
[24.595s] [34mcolcon.colcon_core.shell[0m [1;30mINFO[0m Creating package script '/media/subham/85dce0f4-2e29-4540-9a32-801850cfcef6/subham/LidarMapping2.5D/install/segmentation_lidar/share/segmentation_lidar/package.bash'
[24.596s] [34mcolcon.colcon_core.shell[0m [1;30mINFO[0m Creating package script '/media/subham/85dce0f4-2e29-4540-9a32-801850cfcef6/subham/LidarMapping2.5D/install/segmentation_lidar/share/segmentation_lidar/package.zsh'
[24.597s] [34mcolcon.colcon_core.environment[0m [1;30mLevel 1[0m create_file_with_runtime_dependencies(/media/subham/85dce0f4-2e29-4540-9a32-801850cfcef6/subham/LidarMapping2.5D/install/segmentation_lidar/share/colcon-core/packages/segmentation_lidar)
[24.598s] [34mcolcon.colcon_core.environment[0m [1;30mLevel 1[0m create_environment_scripts_only(segmentation_lidar)
[24.598s] [34mcolcon.colcon_core.environment[0m [1;30mLevel 1[0m checking '/media/subham/85dce0f4-2e29-4540-9a32-801850cfcef6/subham/LidarMapping2.5D/install/segmentation_lidar' for CMake module files
[24.598s] [34mcolcon.colcon_core.environment[0m [1;30mLevel 1[0m checking '/media/subham/85dce0f4-2e29-4540-9a32-801850cfcef6/subham/LidarMapping2.5D/install/segmentation_lidar' for CMake config files
[24.598s] [34mcolcon.colcon_core.shell[0m [1;30mLevel 1[0m create_environment_hook('segmentation_lidar', 'cmake_prefix_path')
[24.599s] [34mcolcon.colcon_core.shell[0m [1;30mINFO[0m Creating environment hook '/media/subham/85dce0f4-2e29-4540-9a32-801850cfcef6/subham/LidarMapping2.5D/install/segmentation_lidar/share/segmentation_lidar/hook/cmake_prefix_path.ps1'
[24.599s] [34mcolcon.colcon_core.shell[0m [1;30mINFO[0m Creating environment descriptor '/media/subham/85dce0f4-2e29-4540-9a32-801850cfcef6/subham/LidarMapping2.5D/install/segmentation_lidar/share/segmentation_lidar/hook/cmake_prefix_path.dsv'
[24.599s] [34mcolcon.colcon_core.shell[0m [1;30mINFO[0m Creating environment hook '/media/subham/85dce0f4-2e29-4540-9a32-801850cfcef6/subham/LidarMapping2.5D/install/segmentation_lidar/share/segmentation_lidar/hook/cmake_prefix_path.sh'
[24.600s] [34mcolcon.colcon_core.environment[0m [1;30mLevel 1[0m checking '/media/subham/85dce0f4-2e29-4540-9a32-801850cfcef6/subham/LidarMapping2.5D/install/segmentation_lidar/lib'
[24.600s] [34mcolcon.colcon_core.environment[0m [1;30mLevel 1[0m checking '/media/subham/85dce0f4-2e29-4540-9a32-801850cfcef6/subham/LidarMapping2.5D/install/segmentation_lidar/bin'
[24.600s] [34mcolcon.colcon_core.environment[0m [1;30mLevel 1[0m checking '/media/subham/85dce0f4-2e29-4540-9a32-801850cfcef6/subham/LidarMapping2.5D/install/segmentation_lidar/lib/pkgconfig/segmentation_lidar.pc'
[24.600s] [34mcolcon.colcon_core.environment[0m [1;30mLevel 1[0m checking '/media/subham/85dce0f4-2e29-4540-9a32-801850cfcef6/subham/LidarMapping2.5D/install/segmentation_lidar/lib/python3.10/site-packages'
[24.600s] [34mcolcon.colcon_core.environment[0m [1;30mLevel 1[0m checking '/media/subham/85dce0f4-2e29-4540-9a32-801850cfcef6/subham/LidarMapping2.5D/install/segmentation_lidar/bin'
[24.600s] [34mcolcon.colcon_core.shell[0m [1;30mINFO[0m Creating package script '/media/subham/85dce0f4-2e29-4540-9a32-801850cfcef6/subham/LidarMapping2.5D/install/segmentation_lidar/share/segmentation_lidar/package.ps1'
[24.601s] [34mcolcon.colcon_core.shell[0m [1;30mINFO[0m Creating package descriptor '/media/subham/85dce0f4-2e29-4540-9a32-801850cfcef6/subham/LidarMapping2.5D/install/segmentation_lidar/share/segmentation_lidar/package.dsv'
[24.601s] [34mcolcon.colcon_core.shell[0m [1;30mINFO[0m Creating package script '/media/subham/85dce0f4-2e29-4540-9a32-801850cfcef6/subham/LidarMapping2.5D/install/segmentation_lidar/share/segmentation_lidar/package.sh'
[24.602s] [34mcolcon.colcon_core.shell[0m [1;30mINFO[0m Creating package script '/media/subham/85dce0f4-2e29-4540-9a32-801850cfcef6/subham/LidarMapping2.5D/install/segmentation_lidar/share/segmentation_lidar/package.bash'
[24.602s] [34mcolcon.colcon_core.shell[0m [1;30mINFO[0m Creating package script '/media/subham/85dce0f4-2e29-4540-9a32-801850cfcef6/subham/LidarMapping2.5D/install/segmentation_lidar/share/segmentation_lidar/package.zsh'
[24.602s] [34mcolcon.colcon_core.environment[0m [1;30mLevel 1[0m create_file_with_runtime_dependencies(/media/subham/85dce0f4-2e29-4540-9a32-801850cfcef6/subham/LidarMapping2.5D/install/segmentation_lidar/share/colcon-core/packages/segmentation_lidar)
[24.602s] [34mcolcon.colcon_parallel_executor.executor.parallel[0m [1;30mDEBUG[0m [32mclosing loop[0m
[24.603s] [34mcolcon.colcon_parallel_executor.executor.parallel[0m [1;30mDEBUG[0m [32mloop closed[0m
[24.603s] [34mcolcon.colcon_parallel_executor.executor.parallel[0m [1;30mDEBUG[0m [32mrun_until_complete finished with '0'[0m
[24.603s] [34mcolcon.colcon_core.event_reactor[0m [1;30mDEBUG[0m [32mjoining thread[0m
[24.611s] [34mcolcon.colcon_core.plugin_system[0m [1;30mINFO[0m Skipping extension 'colcon_notification.desktop_notification.terminal_notifier': Not used on non-Darwin systems
[24.611s] [34mcolcon.colcon_core.plugin_system[0m [1;30mINFO[0m Skipping extension 'colcon_notification.desktop_notification.win32': Not used on non-Windows systems
[24.611s] [34mcolcon.colcon_notification.desktop_notification[0m [1;30mINFO[0m Sending desktop notification using 'notify2'
[24.624s] [34mcolcon.colcon_core.event_reactor[0m [1;30mDEBUG[0m [32mjoined thread[0m
[24.625s] [34mcolcon.colcon_core.shell[0m [1;30mINFO[0m Creating prefix script '/media/subham/85dce0f4-2e29-4540-9a32-801850cfcef6/subham/LidarMapping2.5D/install/local_setup.ps1'
[24.626s] [34mcolcon.colcon_core.shell[0m [1;30mINFO[0m Creating prefix util module '/media/subham/85dce0f4-2e29-4540-9a32-801850cfcef6/subham/LidarMapping2.5D/install/_local_setup_util_ps1.py'
[24.628s] [34mcolcon.colcon_core.shell[0m [1;30mINFO[0m Creating prefix chain script '/media/subham/85dce0f4-2e29-4540-9a32-801850cfcef6/subham/LidarMapping2.5D/install/setup.ps1'
[24.631s] [34mcolcon.colcon_core.shell[0m [1;30mINFO[0m Creating prefix script '/media/subham/85dce0f4-2e29-4540-9a32-801850cfcef6/subham/LidarMapping2.5D/install/local_setup.sh'
[24.631s] [34mcolcon.colcon_core.shell[0m [1;30mINFO[0m Creating prefix util module '/media/subham/85dce0f4-2e29-4540-9a32-801850cfcef6/subham/LidarMapping2.5D/install/_local_setup_util_sh.py'
[24.632s] [34mcolcon.colcon_core.shell[0m [1;30mINFO[0m Creating prefix chain script '/media/subham/85dce0f4-2e29-4540-9a32-801850cfcef6/subham/LidarMapping2.5D/install/setup.sh'
[24.634s] [34mcolcon.colcon_core.shell[0m [1;30mINFO[0m Creating prefix script '/media/subham/85dce0f4-2e29-4540-9a32-801850cfcef6/subham/LidarMapping2.5D/install/local_setup.bash'
[24.635s] [34mcolcon.colcon_core.shell[0m [1;30mINFO[0m Creating prefix chain script '/media/subham/85dce0f4-2e29-4540-9a32-801850cfcef6/subham/LidarMapping2.5D/install/setup.bash'
[24.637s] [34mcolcon.colcon_core.shell[0m [1;30mINFO[0m Creating prefix script '/media/subham/85dce0f4-2e29-4540-9a32-801850cfcef6/subham/LidarMapping2.5D/install/local_setup.zsh'
[24.638s] [34mcolcon.colcon_core.shell[0m [1;30mINFO[0m Creating prefix chain script '/media/subham/85dce0f4-2e29-4540-9a32-801850cfcef6/subham/LidarMapping2.5D/install/setup.zsh'
