[0.342s] [34mcolcon[0m [1;30mDEBUG[0m [32mCommand line arguments: ['/usr/bin/colcon', 'build', '--executor', 'sequential', '--symlink-install', '--packages-ignore', 'fastdem_ros'][0m
[0.342s] [34mcolcon[0m [1;30mDEBUG[0m [32mParsed command line arguments: Namespace(log_base=None, log_level=None, verb_name='build', build_base='build', install_base='install', merge_install=False, symlink_install=True, test_result_base=None, continue_on_error=False, executor='sequential', parallel_workers=12, event_handlers=None, ignore_user_meta=False, metas=['./colcon.meta'], base_paths=['.'], packages_ignore=['fastdem_ros'], packages_ignore_regex=None, paths=None, packages_up_to=None, packages_up_to_regex=None, packages_above=None, packages_above_and_dependencies=None, packages_above_depth=None, packages_select_by_dep=None, packages_skip_by_dep=None, packages_skip_up_to=None, packages_select_build_failed=False, packages_skip_build_finished=False, packages_select_test_failures=False, packages_skip_test_passed=False, packages_select=None, packages_skip=None, packages_select_regex=None, packages_skip_regex=None, packages_start=None, packages_end=None, allow_overriding=[], cmake_args=None, cmake_target=None, cmake_target_skip_unavailable=False, cmake_clean_cache=False, cmake_clean_first=False, cmake_force_configure=False, ament_cmake_args=None, catkin_cmake_args=None, catkin_skip_building_tests=False, mixin_files=None, mixin=None, verb_parser=<colcon_mixin.mixin.mixin_argument.MixinArgumentDecorator object at 0x75c86264db40>, verb_extension=<colcon_core.verb.build.BuildVerb object at 0x75c86264d660>, main=<bound method BuildVerb.main of <colcon_core.verb.build.BuildVerb object at 0x75c86264d660>>, mixin_verb=('build',))[0m
[0.432s] [34mcolcon.colcon_core.package_discovery[0m [1;30mLevel 1[0m discover_packages(colcon_meta) check parameters
[0.432s] [34mcolcon.colcon_core.package_discovery[0m [1;30mLevel 1[0m discover_packages(recursive) check parameters
[0.432s] [34mcolcon.colcon_core.package_discovery[0m [1;30mLevel 1[0m discover_packages(ignore) check parameters
[0.432s] [34mcolcon.colcon_core.package_discovery[0m [1;30mLevel 1[0m discover_packages(path) check parameters
[0.432s] [34mcolcon.colcon_core.package_discovery[0m [1;30mLevel 1[0m discover_packages(colcon_meta) discover
[0.432s] [34mcolcon.colcon_core.package_discovery[0m [1;30mLevel 1[0m discover_packages(recursive) discover
[0.432s] [34mcolcon.colcon_core.package_discovery[0m [1;30mINFO[0m Crawling recursively for packages in '/media/subham/85dce0f4-2e29-4540-9a32-801850cfcef6/subham/LidarMapping2.5D'
[0.433s] [34mcolcon.colcon_core.package_identification[0m [1;30mLevel 1[0m _identify(.) by extensions ['ignore', 'ignore_ament_install']
[0.433s] [34mcolcon.colcon_core.package_identification[0m [1;30mLevel 1[0m _identify(.) by extension 'ignore'
[0.433s] [34mcolcon.colcon_core.package_identification[0m [1;30mLevel 1[0m _identify(.) by extension 'ignore_ament_install'
[0.433s] [34mcolcon.colcon_core.package_identification[0m [1;30mLevel 1[0m _identify(.) by extensions ['colcon_pkg']
[0.433s] [34mcolcon.colcon_core.package_identification[0m [1;30mLevel 1[0m _identify(.) by extension 'colcon_pkg'
[0.433s] [34mcolcon.colcon_core.package_identification[0m [1;30mLevel 1[0m _identify(.) by extensions ['colcon_meta']
[0.433s] [34mcolcon.colcon_core.package_identification[0m [1;30mLevel 1[0m _identify(.) by extension 'colcon_meta'
[0.433s] [34mcolcon.colcon_core.package_identification[0m [1;30mLevel 1[0m _identify(.) by extensions ['ros']
[0.433s] [34mcolcon.colcon_core.package_identification[0m [1;30mLevel 1[0m _identify(.) by extension 'ros'
[0.465s] [34mcolcon.colcon_core.package_identification[0m [1;30mLevel 1[0m _identify(.) by extensions ['cmake', 'python']
[0.465s] [34mcolcon.colcon_core.package_identification[0m [1;30mLevel 1[0m _identify(.) by extension 'cmake'
[0.465s] [34mcolcon.colcon_core.package_identification[0m [1;30mLevel 1[0m _identify(.) by extension 'python'
[0.465s] [34mcolcon.colcon_core.package_identification[0m [1;30mLevel 1[0m _identify(.) by extensions ['python_setup_py']
[0.465s] [34mcolcon.colcon_core.package_identification[0m [1;30mLevel 1[0m _identify(.) by extension 'python_setup_py'
[0.466s] [34mcolcon.colcon_core.package_identification[0m [1;30mLevel 1[0m _identify(build) by extensions ['ignore', 'ignore_ament_install']
[0.466s] [34mcolcon.colcon_core.package_identification[0m [1;30mLevel 1[0m _identify(build) by extension 'ignore'
[0.466s] [34mcolcon.colcon_core.package_identification[0m [1;30mLevel 1[0m _identify(build) ignored
[0.466s] [34mcolcon.colcon_core.package_identification[0m [1;30mLevel 1[0m _identify(install) by extensions ['ignore', 'ignore_ament_install']
[0.466s] [34mcolcon.colcon_core.package_identification[0m [1;30mLevel 1[0m _identify(install) by extension 'ignore'
[0.466s] [34mcolcon.colcon_core.package_identification[0m [1;30mLevel 1[0m _identify(install) ignored
[0.467s] [34mcolcon.colcon_core.package_identification[0m [1;30mLevel 1[0m _identify(log) by extensions ['ignore', 'ignore_ament_install']
[0.467s] [34mcolcon.colcon_core.package_identification[0m [1;30mLevel 1[0m _identify(log) by extension 'ignore'
[0.467s] [34mcolcon.colcon_core.package_identification[0m [1;30mLevel 1[0m _identify(log) ignored
[0.467s] [34mcolcon.colcon_core.package_identification[0m [1;30mLevel 1[0m _identify(src) by extensions ['ignore', 'ignore_ament_install']
[0.467s] [34mcolcon.colcon_core.package_identification[0m [1;30mLevel 1[0m _identify(src) by extension 'ignore'
[0.467s] [34mcolcon.colcon_core.package_identification[0m [1;30mLevel 1[0m _identify(src) by extension 'ignore_ament_install'
[0.467s] [34mcolcon.colcon_core.package_identification[0m [1;30mLevel 1[0m _identify(src) by extensions ['colcon_pkg']
[0.467s] [34mcolcon.colcon_core.package_identification[0m [1;30mLevel 1[0m _identify(src) by extension 'colcon_pkg'
[0.467s] [34mcolcon.colcon_core.package_identification[0m [1;30mLevel 1[0m _identify(src) by extensions ['colcon_meta']
[0.467s] [34mcolcon.colcon_core.package_identification[0m [1;30mLevel 1[0m _identify(src) by extension 'colcon_meta'
[0.467s] [34mcolcon.colcon_core.package_identification[0m [1;30mLevel 1[0m _identify(src) by extensions ['ros']
[0.468s] [34mcolcon.colcon_core.package_identification[0m [1;30mLevel 1[0m _identify(src) by extension 'ros'
[0.468s] [34mcolcon.colcon_core.package_identification[0m [1;30mLevel 1[0m _identify(src) by extensions ['cmake', 'python']
[0.468s] [34mcolcon.colcon_core.package_identification[0m [1;30mLevel 1[0m _identify(src) by extension 'cmake'
[0.468s] [34mcolcon.colcon_core.package_identification[0m [1;30mLevel 1[0m _identify(src) by extension 'python'
[0.468s] [34mcolcon.colcon_core.package_identification[0m [1;30mLevel 1[0m _identify(src) by extensions ['python_setup_py']
[0.468s] [34mcolcon.colcon_core.package_identification[0m [1;30mLevel 1[0m _identify(src) by extension 'python_setup_py'
[0.468s] [34mcolcon.colcon_core.package_identification[0m [1;30mLevel 1[0m _identify(src/FastDEM) by extensions ['ignore', 'ignore_ament_install']
[0.468s] [34mcolcon.colcon_core.package_identification[0m [1;30mLevel 1[0m _identify(src/FastDEM) by extension 'ignore'
[0.468s] [34mcolcon.colcon_core.package_identification[0m [1;30mLevel 1[0m _identify(src/FastDEM) by extension 'ignore_ament_install'
[0.469s] [34mcolcon.colcon_core.package_identification[0m [1;30mLevel 1[0m _identify(src/FastDEM) by extensions ['colcon_pkg']
[0.469s] [34mcolcon.colcon_core.package_identification[0m [1;30mLevel 1[0m _identify(src/FastDEM) by extension 'colcon_pkg'
[0.469s] [34mcolcon.colcon_core.package_identification[0m [1;30mLevel 1[0m _identify(src/FastDEM) by extensions ['colcon_meta']
[0.469s] [34mcolcon.colcon_core.package_identification[0m [1;30mLevel 1[0m _identify(src/FastDEM) by extension 'colcon_meta'
[0.469s] [34mcolcon.colcon_core.package_identification[0m [1;30mLevel 1[0m _identify(src/FastDEM) by extensions ['ros']
[0.469s] [34mcolcon.colcon_core.package_identification[0m [1;30mLevel 1[0m _identify(src/FastDEM) by extension 'ros'
[0.469s] [34mcolcon.colcon_core.package_identification[0m [1;30mLevel 1[0m _identify(src/FastDEM) by extensions ['cmake', 'python']
[0.469s] [34mcolcon.colcon_core.package_identification[0m [1;30mLevel 1[0m _identify(src/FastDEM) by extension 'cmake'
[0.469s] [34mcolcon.colcon_core.package_identification[0m [1;30mLevel 1[0m _identify(src/FastDEM) by extension 'python'
[0.469s] [34mcolcon.colcon_core.package_identification[0m [1;30mLevel 1[0m _identify(src/FastDEM) by extensions ['python_setup_py']
[0.469s] [34mcolcon.colcon_core.package_identification[0m [1;30mLevel 1[0m _identify(src/FastDEM) by extension 'python_setup_py'
[0.470s] [34mcolcon.colcon_core.package_identification[0m [1;30mLevel 1[0m _identify(src/FastDEM/assets) by extensions ['ignore', 'ignore_ament_install']
[0.470s] [34mcolcon.colcon_core.package_identification[0m [1;30mLevel 1[0m _identify(src/FastDEM/assets) by extension 'ignore'
[0.470s] [34mcolcon.colcon_core.package_identification[0m [1;30mLevel 1[0m _identify(src/FastDEM/assets) by extension 'ignore_ament_install'
[0.470s] [34mcolcon.colcon_core.package_identification[0m [1;30mLevel 1[0m _identify(src/FastDEM/assets) by extensions ['colcon_pkg']
[0.470s] [34mcolcon.colcon_core.package_identification[0m [1;30mLevel 1[0m _identify(src/FastDEM/assets) by extension 'colcon_pkg'
[0.470s] [34mcolcon.colcon_core.package_identification[0m [1;30mLevel 1[0m _identify(src/FastDEM/assets) by extensions ['colcon_meta']
[0.470s] [34mcolcon.colcon_core.package_identification[0m [1;30mLevel 1[0m _identify(src/FastDEM/assets) by extension 'colcon_meta'
[0.470s] [34mcolcon.colcon_core.package_identification[0m [1;30mLevel 1[0m _identify(src/FastDEM/assets) by extensions ['ros']
[0.470s] [34mcolcon.colcon_core.package_identification[0m [1;30mLevel 1[0m _identify(src/FastDEM/assets) by extension 'ros'
[0.471s] [34mcolcon.colcon_core.package_identification[0m [1;30mLevel 1[0m _identify(src/FastDEM/assets) by extensions ['cmake', 'python']
[0.471s] [34mcolcon.colcon_core.package_identification[0m [1;30mLevel 1[0m _identify(src/FastDEM/assets) by extension 'cmake'
[0.471s] [34mcolcon.colcon_core.package_identification[0m [1;30mLevel 1[0m _identify(src/FastDEM/assets) by extension 'python'
[0.471s] [34mcolcon.colcon_core.package_identification[0m [1;30mLevel 1[0m _identify(src/FastDEM/assets) by extensions ['python_setup_py']
[0.471s] [34mcolcon.colcon_core.package_identification[0m [1;30mLevel 1[0m _identify(src/FastDEM/assets) by extension 'python_setup_py'
[0.471s] [34mcolcon.colcon_core.package_identification[0m [1;30mLevel 1[0m _identify(src/FastDEM/fastdem) by extensions ['ignore', 'ignore_ament_install']
[0.471s] [34mcolcon.colcon_core.package_identification[0m [1;30mLevel 1[0m _identify(src/FastDEM/fastdem) by extension 'ignore'
[0.471s] [34mcolcon.colcon_core.package_identification[0m [1;30mLevel 1[0m _identify(src/FastDEM/fastdem) by extension 'ignore_ament_install'
[0.472s] [34mcolcon.colcon_core.package_identification[0m [1;30mLevel 1[0m _identify(src/FastDEM/fastdem) by extensions ['colcon_pkg']
[0.472s] [34mcolcon.colcon_core.package_identification[0m [1;30mLevel 1[0m _identify(src/FastDEM/fastdem) by extension 'colcon_pkg'
[0.472s] [34mcolcon.colcon_core.package_identification[0m [1;30mLevel 1[0m _identify(src/FastDEM/fastdem) by extensions ['colcon_meta']
[0.472s] [34mcolcon.colcon_core.package_identification[0m [1;30mLevel 1[0m _identify(src/FastDEM/fastdem) by extension 'colcon_meta'
[0.472s] [34mcolcon.colcon_core.package_identification[0m [1;30mLevel 1[0m _identify(src/FastDEM/fastdem) by extensions ['ros']
[0.472s] [34mcolcon.colcon_core.package_identification[0m [1;30mLevel 1[0m _identify(src/FastDEM/fastdem) by extension 'ros'
[0.479s] [34mcolcon.colcon_core.package_identification[0m [1;30mDEBUG[0m [32mPackage 'src/FastDEM/fastdem' with type 'ros.cmake' and name 'fastdem'[0m
[0.479s] [34mcolcon.colcon_core.package_identification[0m [1;30mLevel 1[0m _identify(src/FastDEM/ros1) by extensions ['ignore', 'ignore_ament_install']
[0.480s] [34mcolcon.colcon_core.package_identification[0m [1;30mLevel 1[0m _identify(src/FastDEM/ros1) by extension 'ignore'
[0.480s] [34mcolcon.colcon_core.package_identification[0m [1;30mLevel 1[0m _identify(src/FastDEM/ros1) by extension 'ignore_ament_install'
[0.480s] [34mcolcon.colcon_core.package_identification[0m [1;30mLevel 1[0m _identify(src/FastDEM/ros1) by extensions ['colcon_pkg']
[0.480s] [34mcolcon.colcon_core.package_identification[0m [1;30mLevel 1[0m _identify(src/FastDEM/ros1) by extension 'colcon_pkg'
[0.480s] [34mcolcon.colcon_core.package_identification[0m [1;30mLevel 1[0m _identify(src/FastDEM/ros1) by extensions ['colcon_meta']
[0.480s] [34mcolcon.colcon_core.package_identification[0m [1;30mLevel 1[0m _identify(src/FastDEM/ros1) by extension 'colcon_meta'
[0.480s] [34mcolcon.colcon_core.package_identification[0m [1;30mLevel 1[0m _identify(src/FastDEM/ros1) by extensions ['ros']
[0.480s] [34mcolcon.colcon_core.package_identification[0m [1;30mLevel 1[0m _identify(src/FastDEM/ros1) by extension 'ros'
[0.482s] [34mcolcon.colcon_core.package_identification[0m [1;30mDEBUG[0m [32mPackage 'src/FastDEM/ros1' with type 'ros.catkin' and name 'fastdem_ros'[0m
[0.482s] [34mcolcon.colcon_core.package_identification[0m [1;30mLevel 1[0m _identify(src/FastDEM/ros2) by extensions ['ignore', 'ignore_ament_install']
[0.482s] [34mcolcon.colcon_core.package_identification[0m [1;30mLevel 1[0m _identify(src/FastDEM/ros2) by extension 'ignore'
[0.483s] [34mcolcon.colcon_core.package_identification[0m [1;30mLevel 1[0m _identify(src/FastDEM/ros2) by extension 'ignore_ament_install'
[0.483s] [34mcolcon.colcon_core.package_identification[0m [1;30mLevel 1[0m _identify(src/FastDEM/ros2) by extensions ['colcon_pkg']
[0.483s] [34mcolcon.colcon_core.package_identification[0m [1;30mLevel 1[0m _identify(src/FastDEM/ros2) by extension 'colcon_pkg'
[0.483s] [34mcolcon.colcon_core.package_identification[0m [1;30mLevel 1[0m _identify(src/FastDEM/ros2) by extensions ['colcon_meta']
[0.483s] [34mcolcon.colcon_core.package_identification[0m [1;30mLevel 1[0m _identify(src/FastDEM/ros2) by extension 'colcon_meta'
[0.483s] [34mcolcon.colcon_core.package_identification[0m [1;30mLevel 1[0m _identify(src/FastDEM/ros2) by extensions ['ros']
[0.483s] [34mcolcon.colcon_core.package_identification[0m [1;30mLevel 1[0m _identify(src/FastDEM/ros2) by extension 'ros'
[0.485s] [34mcolcon.colcon_core.package_identification[0m [1;30mDEBUG[0m [32mPackage 'src/FastDEM/ros2' with type 'ros.ament_cmake' and name 'fastdem_ros2'[0m
[0.485s] [34mcolcon.colcon_core.package_identification[0m [1;30mLevel 1[0m _identify(src/SalsaNext) by extensions ['ignore', 'ignore_ament_install']
[0.485s] [34mcolcon.colcon_core.package_identification[0m [1;30mLevel 1[0m _identify(src/SalsaNext) by extension 'ignore'
[0.485s] [34mcolcon.colcon_core.package_identification[0m [1;30mLevel 1[0m _identify(src/SalsaNext) by extension 'ignore_ament_install'
[0.486s] [34mcolcon.colcon_core.package_identification[0m [1;30mLevel 1[0m _identify(src/SalsaNext) by extensions ['colcon_pkg']
[0.486s] [34mcolcon.colcon_core.package_identification[0m [1;30mLevel 1[0m _identify(src/SalsaNext) by extension 'colcon_pkg'
[0.486s] [34mcolcon.colcon_core.package_identification[0m [1;30mLevel 1[0m _identify(src/SalsaNext) by extensions ['colcon_meta']
[0.486s] [34mcolcon.colcon_core.package_identification[0m [1;30mLevel 1[0m _identify(src/SalsaNext) by extension 'colcon_meta'
[0.486s] [34mcolcon.colcon_core.package_identification[0m [1;30mLevel 1[0m _identify(src/SalsaNext) by extensions ['ros']
[0.486s] [34mcolcon.colcon_core.package_identification[0m [1;30mLevel 1[0m _identify(src/SalsaNext) by extension 'ros'
[0.486s] [34mcolcon.colcon_core.package_identification[0m [1;30mLevel 1[0m _identify(src/SalsaNext) by extensions ['cmake', 'python']
[0.486s] [34mcolcon.colcon_core.package_identification[0m [1;30mLevel 1[0m _identify(src/SalsaNext) by extension 'cmake'
[0.486s] [34mcolcon.colcon_core.package_identification[0m [1;30mLevel 1[0m _identify(src/SalsaNext) by extension 'python'
[0.486s] [34mcolcon.colcon_core.package_identification[0m [1;30mLevel 1[0m _identify(src/SalsaNext) by extensions ['python_setup_py']
[0.486s] [34mcolcon.colcon_core.package_identification[0m [1;30mLevel 1[0m _identify(src/SalsaNext) by extension 'python_setup_py'
[0.487s] [34mcolcon.colcon_core.package_identification[0m [1;30mLevel 1[0m _identify(src/SalsaNext/__pycache__) by extensions ['ignore', 'ignore_ament_install']
[0.487s] [34mcolcon.colcon_core.package_identification[0m [1;30mLevel 1[0m _identify(src/SalsaNext/__pycache__) by extension 'ignore'
[0.487s] [34mcolcon.colcon_core.package_identification[0m [1;30mLevel 1[0m _identify(src/SalsaNext/__pycache__) by extension 'ignore_ament_install'
[0.487s] [34mcolcon.colcon_core.package_identification[0m [1;30mLevel 1[0m _identify(src/SalsaNext/__pycache__) by extensions ['colcon_pkg']
[0.487s] [34mcolcon.colcon_core.package_identification[0m [1;30mLevel 1[0m _identify(src/SalsaNext/__pycache__) by extension 'colcon_pkg'
[0.487s] [34mcolcon.colcon_core.package_identification[0m [1;30mLevel 1[0m _identify(src/SalsaNext/__pycache__) by extensions ['colcon_meta']
[0.487s] [34mcolcon.colcon_core.package_identification[0m [1;30mLevel 1[0m _identify(src/SalsaNext/__pycache__) by extension 'colcon_meta'
[0.487s] [34mcolcon.colcon_core.package_identification[0m [1;30mLevel 1[0m _identify(src/SalsaNext/__pycache__) by extensions ['ros']
[0.487s] [34mcolcon.colcon_core.package_identification[0m [1;30mLevel 1[0m _identify(src/SalsaNext/__pycache__) by extension 'ros'
[0.487s] [34mcolcon.colcon_core.package_identification[0m [1;30mLevel 1[0m _identify(src/SalsaNext/__pycache__) by extensions ['cmake', 'python']
[0.487s] [34mcolcon.colcon_core.package_identification[0m [1;30mLevel 1[0m _identify(src/SalsaNext/__pycache__) by extension 'cmake'
[0.488s] [34mcolcon.colcon_core.package_identification[0m [1;30mLevel 1[0m _identify(src/SalsaNext/__pycache__) by extension 'python'
[0.488s] [34mcolcon.colcon_core.package_identification[0m [1;30mLevel 1[0m _identify(src/SalsaNext/__pycache__) by extensions ['python_setup_py']
[0.488s] [34mcolcon.colcon_core.package_identification[0m [1;30mLevel 1[0m _identify(src/SalsaNext/__pycache__) by extension 'python_setup_py'
[0.488s] [34mcolcon.colcon_core.package_identification[0m [1;30mLevel 1[0m _identify(src/SalsaNext/images) by extensions ['ignore', 'ignore_ament_install']
[0.488s] [34mcolcon.colcon_core.package_identification[0m [1;30mLevel 1[0m _identify(src/SalsaNext/images) by extension 'ignore'
[0.488s] [34mcolcon.colcon_core.package_identification[0m [1;30mLevel 1[0m _identify(src/SalsaNext/images) by extension 'ignore_ament_install'
[0.488s] [34mcolcon.colcon_core.package_identification[0m [1;30mLevel 1[0m _identify(src/SalsaNext/images) by extensions ['colcon_pkg']
[0.488s] [34mcolcon.colcon_core.package_identification[0m [1;30mLevel 1[0m _identify(src/SalsaNext/images) by extension 'colcon_pkg'
[0.488s] [34mcolcon.colcon_core.package_identification[0m [1;30mLevel 1[0m _identify(src/SalsaNext/images) by extensions ['colcon_meta']
[0.488s] [34mcolcon.colcon_core.package_identification[0m [1;30mLevel 1[0m _identify(src/SalsaNext/images) by extension 'colcon_meta'
[0.489s] [34mcolcon.colcon_core.package_identification[0m [1;30mLevel 1[0m _identify(src/SalsaNext/images) by extensions ['ros']
[0.489s] [34mcolcon.colcon_core.package_identification[0m [1;30mLevel 1[0m _identify(src/SalsaNext/images) by extension 'ros'
[0.489s] [34mcolcon.colcon_core.package_identification[0m [1;30mLevel 1[0m _identify(src/SalsaNext/images) by extensions ['cmake', 'python']
[0.489s] [34mcolcon.colcon_core.package_identification[0m [1;30mLevel 1[0m _identify(src/SalsaNext/images) by extension 'cmake'
[0.489s] [34mcolcon.colcon_core.package_identification[0m [1;30mLevel 1[0m _identify(src/SalsaNext/images) by extension 'python'
[0.489s] [34mcolcon.colcon_core.package_identification[0m [1;30mLevel 1[0m _identify(src/SalsaNext/images) by extensions ['python_setup_py']
[0.489s] [34mcolcon.colcon_core.package_identification[0m [1;30mLevel 1[0m _identify(src/SalsaNext/images) by extension 'python_setup_py'
[0.489s] [34mcolcon.colcon_core.package_identification[0m [1;30mLevel 1[0m _identify(src/SalsaNext/pretrained_weights) by extensions ['ignore', 'ignore_ament_install']
[0.489s] [34mcolcon.colcon_core.package_identification[0m [1;30mLevel 1[0m _identify(src/SalsaNext/pretrained_weights) by extension 'ignore'
[0.489s] [34mcolcon.colcon_core.package_identification[0m [1;30mLevel 1[0m _identify(src/SalsaNext/pretrained_weights) by extension 'ignore_ament_install'
[0.490s] [34mcolcon.colcon_core.package_identification[0m [1;30mLevel 1[0m _identify(src/SalsaNext/pretrained_weights) by extensions ['colcon_pkg']
[0.490s] [34mcolcon.colcon_core.package_identification[0m [1;30mLevel 1[0m _identify(src/SalsaNext/pretrained_weights) by extension 'colcon_pkg'
[0.490s] [34mcolcon.colcon_core.package_identification[0m [1;30mLevel 1[0m _identify(src/SalsaNext/pretrained_weights) by extensions ['colcon_meta']
[0.490s] [34mcolcon.colcon_core.package_identification[0m [1;30mLevel 1[0m _identify(src/SalsaNext/pretrained_weights) by extension 'colcon_meta'
[0.490s] [34mcolcon.colcon_core.package_identification[0m [1;30mLevel 1[0m _identify(src/SalsaNext/pretrained_weights) by extensions ['ros']
[0.490s] [34mcolcon.colcon_core.package_identification[0m [1;30mLevel 1[0m _identify(src/SalsaNext/pretrained_weights) by extension 'ros'
[0.490s] [34mcolcon.colcon_core.package_identification[0m [1;30mLevel 1[0m _identify(src/SalsaNext/pretrained_weights) by extensions ['cmake', 'python']
[0.490s] [34mcolcon.colcon_core.package_identification[0m [1;30mLevel 1[0m _identify(src/SalsaNext/pretrained_weights) by extension 'cmake'
[0.490s] [34mcolcon.colcon_core.package_identification[0m [1;30mLevel 1[0m _identify(src/SalsaNext/pretrained_weights) by extension 'python'
[0.490s] [34mcolcon.colcon_core.package_identification[0m [1;30mLevel 1[0m _identify(src/SalsaNext/pretrained_weights) by extensions ['python_setup_py']
[0.490s] [34mcolcon.colcon_core.package_identification[0m [1;30mLevel 1[0m _identify(src/SalsaNext/pretrained_weights) by extension 'python_setup_py'
[0.491s] [34mcolcon.colcon_core.package_identification[0m [1;30mLevel 1[0m _identify(src/SalsaNext/pretrained_weights/pretrained) by extensions ['ignore', 'ignore_ament_install']
[0.491s] [34mcolcon.colcon_core.package_identification[0m [1;30mLevel 1[0m _identify(src/SalsaNext/pretrained_weights/pretrained) by extension 'ignore'
[0.491s] [34mcolcon.colcon_core.package_identification[0m [1;30mLevel 1[0m _identify(src/SalsaNext/pretrained_weights/pretrained) by extension 'ignore_ament_install'
[0.491s] [34mcolcon.colcon_core.package_identification[0m [1;30mLevel 1[0m _identify(src/SalsaNext/pretrained_weights/pretrained) by extensions ['colcon_pkg']
[0.491s] [34mcolcon.colcon_core.package_identification[0m [1;30mLevel 1[0m _identify(src/SalsaNext/pretrained_weights/pretrained) by extension 'colcon_pkg'
[0.491s] [34mcolcon.colcon_core.package_identification[0m [1;30mLevel 1[0m _identify(src/SalsaNext/pretrained_weights/pretrained) by extensions ['colcon_meta']
[0.491s] [34mcolcon.colcon_core.package_identification[0m [1;30mLevel 1[0m _identify(src/SalsaNext/pretrained_weights/pretrained) by extension 'colcon_meta'
[0.491s] [34mcolcon.colcon_core.package_identification[0m [1;30mLevel 1[0m _identify(src/SalsaNext/pretrained_weights/pretrained) by extensions ['ros']
[0.491s] [34mcolcon.colcon_core.package_identification[0m [1;30mLevel 1[0m _identify(src/SalsaNext/pretrained_weights/pretrained) by extension 'ros'
[0.491s] [34mcolcon.colcon_core.package_identification[0m [1;30mLevel 1[0m _identify(src/SalsaNext/pretrained_weights/pretrained) by extensions ['cmake', 'python']
[0.492s] [34mcolcon.colcon_core.package_identification[0m [1;30mLevel 1[0m _identify(src/SalsaNext/pretrained_weights/pretrained) by extension 'cmake'
[0.492s] [34mcolcon.colcon_core.package_identification[0m [1;30mLevel 1[0m _identify(src/SalsaNext/pretrained_weights/pretrained) by extension 'python'
[0.492s] [34mcolcon.colcon_core.package_identification[0m [1;30mLevel 1[0m _identify(src/SalsaNext/pretrained_weights/pretrained) by extensions ['python_setup_py']
[0.492s] [34mcolcon.colcon_core.package_identification[0m [1;30mLevel 1[0m _identify(src/SalsaNext/pretrained_weights/pretrained) by extension 'python_setup_py'
[0.492s] [34mcolcon.colcon_core.package_identification[0m [1;30mLevel 1[0m _identify(src/SalsaNext/pretrained_weights/pretrained/__MACOSX) by extensions ['ignore', 'ignore_ament_install']
[0.492s] [34mcolcon.colcon_core.package_identification[0m [1;30mLevel 1[0m _identify(src/SalsaNext/pretrained_weights/pretrained/__MACOSX) by extension 'ignore'
[0.492s] [34mcolcon.colcon_core.package_identification[0m [1;30mLevel 1[0m _identify(src/SalsaNext/pretrained_weights/pretrained/__MACOSX) by extension 'ignore_ament_install'
[0.493s] [34mcolcon.colcon_core.package_identification[0m [1;30mLevel 1[0m _identify(src/SalsaNext/pretrained_weights/pretrained/__MACOSX) by extensions ['colcon_pkg']
[0.493s] [34mcolcon.colcon_core.package_identification[0m [1;30mLevel 1[0m _identify(src/SalsaNext/pretrained_weights/pretrained/__MACOSX) by extension 'colcon_pkg'
[0.493s] [34mcolcon.colcon_core.package_identification[0m [1;30mLevel 1[0m _identify(src/SalsaNext/pretrained_weights/pretrained/__MACOSX) by extensions ['colcon_meta']
[0.493s] [34mcolcon.colcon_core.package_identification[0m [1;30mLevel 1[0m _identify(src/SalsaNext/pretrained_weights/pretrained/__MACOSX) by extension 'colcon_meta'
[0.493s] [34mcolcon.colcon_core.package_identification[0m [1;30mLevel 1[0m _identify(src/SalsaNext/pretrained_weights/pretrained/__MACOSX) by extensions ['ros']
[0.493s] [34mcolcon.colcon_core.package_identification[0m [1;30mLevel 1[0m _identify(src/SalsaNext/pretrained_weights/pretrained/__MACOSX) by extension 'ros'
[0.493s] [34mcolcon.colcon_core.package_identification[0m [1;30mLevel 1[0m _identify(src/SalsaNext/pretrained_weights/pretrained/__MACOSX) by extensions ['cmake', 'python']
[0.493s] [34mcolcon.colcon_core.package_identification[0m [1;30mLevel 1[0m _identify(src/SalsaNext/pretrained_weights/pretrained/__MACOSX) by extension 'cmake'
[0.493s] [34mcolcon.colcon_core.package_identification[0m [1;30mLevel 1[0m _identify(src/SalsaNext/pretrained_weights/pretrained/__MACOSX) by extension 'python'
[0.493s] [34mcolcon.colcon_core.package_identification[0m [1;30mLevel 1[0m _identify(src/SalsaNext/pretrained_weights/pretrained/__MACOSX) by extensions ['python_setup_py']
[0.493s] [34mcolcon.colcon_core.package_identification[0m [1;30mLevel 1[0m _identify(src/SalsaNext/pretrained_weights/pretrained/__MACOSX) by extension 'python_setup_py'
[0.494s] [34mcolcon.colcon_core.package_identification[0m [1;30mLevel 1[0m _identify(src/SalsaNext/pretrained_weights/pretrained/__MACOSX/pretrained) by extensions ['ignore', 'ignore_ament_install']
[0.494s] [34mcolcon.colcon_core.package_identification[0m [1;30mLevel 1[0m _identify(src/SalsaNext/pretrained_weights/pretrained/__MACOSX/pretrained) by extension 'ignore'
[0.494s] [34mcolcon.colcon_core.package_identification[0m [1;30mLevel 1[0m _identify(src/SalsaNext/pretrained_weights/pretrained/__MACOSX/pretrained) by extension 'ignore_ament_install'
[0.494s] [34mcolcon.colcon_core.package_identification[0m [1;30mLevel 1[0m _identify(src/SalsaNext/pretrained_weights/pretrained/__MACOSX/pretrained) by extensions ['colcon_pkg']
[0.494s] [34mcolcon.colcon_core.package_identification[0m [1;30mLevel 1[0m _identify(src/SalsaNext/pretrained_weights/pretrained/__MACOSX/pretrained) by extension 'colcon_pkg'
[0.494s] [34mcolcon.colcon_core.package_identification[0m [1;30mLevel 1[0m _identify(src/SalsaNext/pretrained_weights/pretrained/__MACOSX/pretrained) by extensions ['colcon_meta']
[0.494s] [34mcolcon.colcon_core.package_identification[0m [1;30mLevel 1[0m _identify(src/SalsaNext/pretrained_weights/pretrained/__MACOSX/pretrained) by extension 'colcon_meta'
[0.494s] [34mcolcon.colcon_core.package_identification[0m [1;30mLevel 1[0m _identify(src/SalsaNext/pretrained_weights/pretrained/__MACOSX/pretrained) by extensions ['ros']
[0.494s] [34mcolcon.colcon_core.package_identification[0m [1;30mLevel 1[0m _identify(src/SalsaNext/pretrained_weights/pretrained/__MACOSX/pretrained) by extension 'ros'
[0.494s] [34mcolcon.colcon_core.package_identification[0m [1;30mLevel 1[0m _identify(src/SalsaNext/pretrained_weights/pretrained/__MACOSX/pretrained) by extensions ['cmake', 'python']
[0.495s] [34mcolcon.colcon_core.package_identification[0m [1;30mLevel 1[0m _identify(src/SalsaNext/pretrained_weights/pretrained/__MACOSX/pretrained) by extension 'cmake'
[0.495s] [34mcolcon.colcon_core.package_identification[0m [1;30mLevel 1[0m _identify(src/SalsaNext/pretrained_weights/pretrained/__MACOSX/pretrained) by extension 'python'
[0.495s] [34mcolcon.colcon_core.package_identification[0m [1;30mLevel 1[0m _identify(src/SalsaNext/pretrained_weights/pretrained/__MACOSX/pretrained) by extensions ['python_setup_py']
[0.495s] [34mcolcon.colcon_core.package_identification[0m [1;30mLevel 1[0m _identify(src/SalsaNext/pretrained_weights/pretrained/__MACOSX/pretrained) by extension 'python_setup_py'
[0.495s] [34mcolcon.colcon_core.package_identification[0m [1;30mLevel 1[0m _identify(src/SalsaNext/pretrained_weights/pretrained/pretrained) by extensions ['ignore', 'ignore_ament_install']
[0.495s] [34mcolcon.colcon_core.package_identification[0m [1;30mLevel 1[0m _identify(src/SalsaNext/pretrained_weights/pretrained/pretrained) by extension 'ignore'
[0.495s] [34mcolcon.colcon_core.package_identification[0m [1;30mLevel 1[0m _identify(src/SalsaNext/pretrained_weights/pretrained/pretrained) by extension 'ignore_ament_install'
[0.495s] [34mcolcon.colcon_core.package_identification[0m [1;30mLevel 1[0m _identify(src/SalsaNext/pretrained_weights/pretrained/pretrained) by extensions ['colcon_pkg']
[0.495s] [34mcolcon.colcon_core.package_identification[0m [1;30mLevel 1[0m _identify(src/SalsaNext/pretrained_weights/pretrained/pretrained) by extension 'colcon_pkg'
[0.495s] [34mcolcon.colcon_core.package_identification[0m [1;30mLevel 1[0m _identify(src/SalsaNext/pretrained_weights/pretrained/pretrained) by extensions ['colcon_meta']
[0.495s] [34mcolcon.colcon_core.package_identification[0m [1;30mLevel 1[0m _identify(src/SalsaNext/pretrained_weights/pretrained/pretrained) by extension 'colcon_meta'
[0.496s] [34mcolcon.colcon_core.package_identification[0m [1;30mLevel 1[0m _identify(src/SalsaNext/pretrained_weights/pretrained/pretrained) by extensions ['ros']
[0.496s] [34mcolcon.colcon_core.package_identification[0m [1;30mLevel 1[0m _identify(src/SalsaNext/pretrained_weights/pretrained/pretrained) by extension 'ros'
[0.496s] [34mcolcon.colcon_core.package_identification[0m [1;30mLevel 1[0m _identify(src/SalsaNext/pretrained_weights/pretrained/pretrained) by extensions ['cmake', 'python']
[0.496s] [34mcolcon.colcon_core.package_identification[0m [1;30mLevel 1[0m _identify(src/SalsaNext/pretrained_weights/pretrained/pretrained) by extension 'cmake'
[0.496s] [34mcolcon.colcon_core.package_identification[0m [1;30mLevel 1[0m _identify(src/SalsaNext/pretrained_weights/pretrained/pretrained) by extension 'python'
[0.496s] [34mcolcon.colcon_core.package_identification[0m [1;30mLevel 1[0m _identify(src/SalsaNext/pretrained_weights/pretrained/pretrained) by extensions ['python_setup_py']
[0.496s] [34mcolcon.colcon_core.package_identification[0m [1;30mLevel 1[0m _identify(src/SalsaNext/pretrained_weights/pretrained/pretrained) by extension 'python_setup_py'
[0.496s] [34mcolcon.colcon_core.package_identification[0m [1;30mLevel 1[0m _identify(src/SalsaNext/train) by extensions ['ignore', 'ignore_ament_install']
[0.496s] [34mcolcon.colcon_core.package_identification[0m [1;30mLevel 1[0m _identify(src/SalsaNext/train) by extension 'ignore'
[0.497s] [34mcolcon.colcon_core.package_identification[0m [1;30mLevel 1[0m _identify(src/SalsaNext/train) by extension 'ignore_ament_install'
[0.497s] [34mcolcon.colcon_core.package_identification[0m [1;30mLevel 1[0m _identify(src/SalsaNext/train) by extensions ['colcon_pkg']
[0.497s] [34mcolcon.colcon_core.package_identification[0m [1;30mLevel 1[0m _identify(src/SalsaNext/train) by extension 'colcon_pkg'
[0.497s] [34mcolcon.colcon_core.package_identification[0m [1;30mLevel 1[0m _identify(src/SalsaNext/train) by extensions ['colcon_meta']
[0.497s] [34mcolcon.colcon_core.package_identification[0m [1;30mLevel 1[0m _identify(src/SalsaNext/train) by extension 'colcon_meta'
[0.497s] [34mcolcon.colcon_core.package_identification[0m [1;30mLevel 1[0m _identify(src/SalsaNext/train) by extensions ['ros']
[0.497s] [34mcolcon.colcon_core.package_identification[0m [1;30mLevel 1[0m _identify(src/SalsaNext/train) by extension 'ros'
[0.497s] [34mcolcon.colcon_core.package_identification[0m [1;30mLevel 1[0m _identify(src/SalsaNext/train) by extensions ['cmake', 'python']
[0.497s] [34mcolcon.colcon_core.package_identification[0m [1;30mLevel 1[0m _identify(src/SalsaNext/train) by extension 'cmake'
[0.497s] [34mcolcon.colcon_core.package_identification[0m [1;30mLevel 1[0m _identify(src/SalsaNext/train) by extension 'python'
[0.497s] [34mcolcon.colcon_core.package_identification[0m [1;30mLevel 1[0m _identify(src/SalsaNext/train) by extensions ['python_setup_py']
[0.497s] [34mcolcon.colcon_core.package_identification[0m [1;30mLevel 1[0m _identify(src/SalsaNext/train) by extension 'python_setup_py'
[0.498s] [34mcolcon.colcon_core.package_identification[0m [1;30mLevel 1[0m _identify(src/SalsaNext/train/__pycache__) by extensions ['ignore', 'ignore_ament_install']
[0.498s] [34mcolcon.colcon_core.package_identification[0m [1;30mLevel 1[0m _identify(src/SalsaNext/train/__pycache__) by extension 'ignore'
[0.498s] [34mcolcon.colcon_core.package_identification[0m [1;30mLevel 1[0m _identify(src/SalsaNext/train/__pycache__) by extension 'ignore_ament_install'
[0.498s] [34mcolcon.colcon_core.package_identification[0m [1;30mLevel 1[0m _identify(src/SalsaNext/train/__pycache__) by extensions ['colcon_pkg']
[0.498s] [34mcolcon.colcon_core.package_identification[0m [1;30mLevel 1[0m _identify(src/SalsaNext/train/__pycache__) by extension 'colcon_pkg'
[0.498s] [34mcolcon.colcon_core.package_identification[0m [1;30mLevel 1[0m _identify(src/SalsaNext/train/__pycache__) by extensions ['colcon_meta']
[0.498s] [34mcolcon.colcon_core.package_identification[0m [1;30mLevel 1[0m _identify(src/SalsaNext/train/__pycache__) by extension 'colcon_meta'
[0.499s] [34mcolcon.colcon_core.package_identification[0m [1;30mLevel 1[0m _identify(src/SalsaNext/train/__pycache__) by extensions ['ros']
[0.499s] [34mcolcon.colcon_core.package_identification[0m [1;30mLevel 1[0m _identify(src/SalsaNext/train/__pycache__) by extension 'ros'
[0.499s] [34mcolcon.colcon_core.package_identification[0m [1;30mLevel 1[0m _identify(src/SalsaNext/train/__pycache__) by extensions ['cmake', 'python']
[0.499s] [34mcolcon.colcon_core.package_identification[0m [1;30mLevel 1[0m _identify(src/SalsaNext/train/__pycache__) by extension 'cmake'
[0.499s] [34mcolcon.colcon_core.package_identification[0m [1;30mLevel 1[0m _identify(src/SalsaNext/train/__pycache__) by extension 'python'
[0.499s] [34mcolcon.colcon_core.package_identification[0m [1;30mLevel 1[0m _identify(src/SalsaNext/train/__pycache__) by extensions ['python_setup_py']
[0.499s] [34mcolcon.colcon_core.package_identification[0m [1;30mLevel 1[0m _identify(src/SalsaNext/train/__pycache__) by extension 'python_setup_py'
[0.499s] [34mcolcon.colcon_core.package_identification[0m [1;30mLevel 1[0m _identify(src/SalsaNext/train/common) by extensions ['ignore', 'ignore_ament_install']
[0.500s] [34mcolcon.colcon_core.package_identification[0m [1;30mLevel 1[0m _identify(src/SalsaNext/train/common) by extension 'ignore'
[0.500s] [34mcolcon.colcon_core.package_identification[0m [1;30mLevel 1[0m _identify(src/SalsaNext/train/common) by extension 'ignore_ament_install'
[0.500s] [34mcolcon.colcon_core.package_identification[0m [1;30mLevel 1[0m _identify(src/SalsaNext/train/common) by extensions ['colcon_pkg']
[0.500s] [34mcolcon.colcon_core.package_identification[0m [1;30mLevel 1[0m _identify(src/SalsaNext/train/common) by extension 'colcon_pkg'
[0.500s] [34mcolcon.colcon_core.package_identification[0m [1;30mLevel 1[0m _identify(src/SalsaNext/train/common) by extensions ['colcon_meta']
[0.500s] [34mcolcon.colcon_core.package_identification[0m [1;30mLevel 1[0m _identify(src/SalsaNext/train/common) by extension 'colcon_meta'
[0.500s] [34mcolcon.colcon_core.package_identification[0m [1;30mLevel 1[0m _identify(src/SalsaNext/train/common) by extensions ['ros']
[0.500s] [34mcolcon.colcon_core.package_identification[0m [1;30mLevel 1[0m _identify(src/SalsaNext/train/common) by extension 'ros'
[0.500s] [34mcolcon.colcon_core.package_identification[0m [1;30mLevel 1[0m _identify(src/SalsaNext/train/common) by extensions ['cmake', 'python']
[0.500s] [34mcolcon.colcon_core.package_identification[0m [1;30mLevel 1[0m _identify(src/SalsaNext/train/common) by extension 'cmake'
[0.500s] [34mcolcon.colcon_core.package_identification[0m [1;30mLevel 1[0m _identify(src/SalsaNext/train/common) by extension 'python'
[0.501s] [34mcolcon.colcon_core.package_identification[0m [1;30mLevel 1[0m _identify(src/SalsaNext/train/common) by extensions ['python_setup_py']
[0.501s] [34mcolcon.colcon_core.package_identification[0m [1;30mLevel 1[0m _identify(src/SalsaNext/train/common) by extension 'python_setup_py'
[0.501s] [34mcolcon.colcon_core.package_identification[0m [1;30mLevel 1[0m _identify(src/SalsaNext/train/common/sync_batchnorm) by extensions ['ignore', 'ignore_ament_install']
[0.501s] [34mcolcon.colcon_core.package_identification[0m [1;30mLevel 1[0m _identify(src/SalsaNext/train/common/sync_batchnorm) by extension 'ignore'
[0.501s] [34mcolcon.colcon_core.package_identification[0m [1;30mLevel 1[0m _identify(src/SalsaNext/train/common/sync_batchnorm) by extension 'ignore_ament_install'
[0.501s] [34mcolcon.colcon_core.package_identification[0m [1;30mLevel 1[0m _identify(src/SalsaNext/train/common/sync_batchnorm) by extensions ['colcon_pkg']
[0.501s] [34mcolcon.colcon_core.package_identification[0m [1;30mLevel 1[0m _identify(src/SalsaNext/train/common/sync_batchnorm) by extension 'colcon_pkg'
[0.501s] [34mcolcon.colcon_core.package_identification[0m [1;30mLevel 1[0m _identify(src/SalsaNext/train/common/sync_batchnorm) by extensions ['colcon_meta']
[0.501s] [34mcolcon.colcon_core.package_identification[0m [1;30mLevel 1[0m _identify(src/SalsaNext/train/common/sync_batchnorm) by extension 'colcon_meta'
[0.502s] [34mcolcon.colcon_core.package_identification[0m [1;30mLevel 1[0m _identify(src/SalsaNext/train/common/sync_batchnorm) by extensions ['ros']
[0.502s] [34mcolcon.colcon_core.package_identification[0m [1;30mLevel 1[0m _identify(src/SalsaNext/train/common/sync_batchnorm) by extension 'ros'
[0.502s] [34mcolcon.colcon_core.package_identification[0m [1;30mLevel 1[0m _identify(src/SalsaNext/train/common/sync_batchnorm) by extensions ['cmake', 'python']
[0.502s] [34mcolcon.colcon_core.package_identification[0m [1;30mLevel 1[0m _identify(src/SalsaNext/train/common/sync_batchnorm) by extension 'cmake'
[0.502s] [34mcolcon.colcon_core.package_identification[0m [1;30mLevel 1[0m _identify(src/SalsaNext/train/common/sync_batchnorm) by extension 'python'
[0.502s] [34mcolcon.colcon_core.package_identification[0m [1;30mLevel 1[0m _identify(src/SalsaNext/train/common/sync_batchnorm) by extensions ['python_setup_py']
[0.502s] [34mcolcon.colcon_core.package_identification[0m [1;30mLevel 1[0m _identify(src/SalsaNext/train/common/sync_batchnorm) by extension 'python_setup_py'
[0.502s] [34mcolcon.colcon_core.package_identification[0m [1;30mLevel 1[0m _identify(src/SalsaNext/train/tasks) by extensions ['ignore', 'ignore_ament_install']
[0.502s] [34mcolcon.colcon_core.package_identification[0m [1;30mLevel 1[0m _identify(src/SalsaNext/train/tasks) by extension 'ignore'
[0.502s] [34mcolcon.colcon_core.package_identification[0m [1;30mLevel 1[0m _identify(src/SalsaNext/train/tasks) by extension 'ignore_ament_install'
[0.503s] [34mcolcon.colcon_core.package_identification[0m [1;30mLevel 1[0m _identify(src/SalsaNext/train/tasks) by extensions ['colcon_pkg']
[0.503s] [34mcolcon.colcon_core.package_identification[0m [1;30mLevel 1[0m _identify(src/SalsaNext/train/tasks) by extension 'colcon_pkg'
[0.503s] [34mcolcon.colcon_core.package_identification[0m [1;30mLevel 1[0m _identify(src/SalsaNext/train/tasks) by extensions ['colcon_meta']
[0.503s] [34mcolcon.colcon_core.package_identification[0m [1;30mLevel 1[0m _identify(src/SalsaNext/train/tasks) by extension 'colcon_meta'
[0.503s] [34mcolcon.colcon_core.package_identification[0m [1;30mLevel 1[0m _identify(src/SalsaNext/train/tasks) by extensions ['ros']
[0.503s] [34mcolcon.colcon_core.package_identification[0m [1;30mLevel 1[0m _identify(src/SalsaNext/train/tasks) by extension 'ros'
[0.503s] [34mcolcon.colcon_core.package_identification[0m [1;30mLevel 1[0m _identify(src/SalsaNext/train/tasks) by extensions ['cmake', 'python']
[0.503s] [34mcolcon.colcon_core.package_identification[0m [1;30mLevel 1[0m _identify(src/SalsaNext/train/tasks) by extension 'cmake'
[0.503s] [34mcolcon.colcon_core.package_identification[0m [1;30mLevel 1[0m _identify(src/SalsaNext/train/tasks) by extension 'python'
[0.503s] [34mcolcon.colcon_core.package_identification[0m [1;30mLevel 1[0m _identify(src/SalsaNext/train/tasks) by extensions ['python_setup_py']
[0.503s] [34mcolcon.colcon_core.package_identification[0m [1;30mLevel 1[0m _identify(src/SalsaNext/train/tasks) by extension 'python_setup_py'
[0.504s] [34mcolcon.colcon_core.package_identification[0m [1;30mLevel 1[0m _identify(src/SalsaNext/train/tasks/__pycache__) by extensions ['ignore', 'ignore_ament_install']
[0.504s] [34mcolcon.colcon_core.package_identification[0m [1;30mLevel 1[0m _identify(src/SalsaNext/train/tasks/__pycache__) by extension 'ignore'
[0.504s] [34mcolcon.colcon_core.package_identification[0m [1;30mLevel 1[0m _identify(src/SalsaNext/train/tasks/__pycache__) by extension 'ignore_ament_install'
[0.504s] [34mcolcon.colcon_core.package_identification[0m [1;30mLevel 1[0m _identify(src/SalsaNext/train/tasks/__pycache__) by extensions ['colcon_pkg']
[0.504s] [34mcolcon.colcon_core.package_identification[0m [1;30mLevel 1[0m _identify(src/SalsaNext/train/tasks/__pycache__) by extension 'colcon_pkg'
[0.504s] [34mcolcon.colcon_core.package_identification[0m [1;30mLevel 1[0m _identify(src/SalsaNext/train/tasks/__pycache__) by extensions ['colcon_meta']
[0.504s] [34mcolcon.colcon_core.package_identification[0m [1;30mLevel 1[0m _identify(src/SalsaNext/train/tasks/__pycache__) by extension 'colcon_meta'
[0.504s] [34mcolcon.colcon_core.package_identification[0m [1;30mLevel 1[0m _identify(src/SalsaNext/train/tasks/__pycache__) by extensions ['ros']
[0.504s] [34mcolcon.colcon_core.package_identification[0m [1;30mLevel 1[0m _identify(src/SalsaNext/train/tasks/__pycache__) by extension 'ros'
[0.504s] [34mcolcon.colcon_core.package_identification[0m [1;30mLevel 1[0m _identify(src/SalsaNext/train/tasks/__pycache__) by extensions ['cmake', 'python']
[0.504s] [34mcolcon.colcon_core.package_identification[0m [1;30mLevel 1[0m _identify(src/SalsaNext/train/tasks/__pycache__) by extension 'cmake'
[0.505s] [34mcolcon.colcon_core.package_identification[0m [1;30mLevel 1[0m _identify(src/SalsaNext/train/tasks/__pycache__) by extension 'python'
[0.505s] [34mcolcon.colcon_core.package_identification[0m [1;30mLevel 1[0m _identify(src/SalsaNext/train/tasks/__pycache__) by extensions ['python_setup_py']
[0.505s] [34mcolcon.colcon_core.package_identification[0m [1;30mLevel 1[0m _identify(src/SalsaNext/train/tasks/__pycache__) by extension 'python_setup_py'
[0.505s] [34mcolcon.colcon_core.package_identification[0m [1;30mLevel 1[0m _identify(src/SalsaNext/train/tasks/semantic) by extensions ['ignore', 'ignore_ament_install']
[0.505s] [34mcolcon.colcon_core.package_identification[0m [1;30mLevel 1[0m _identify(src/SalsaNext/train/tasks/semantic) by extension 'ignore'
[0.505s] [34mcolcon.colcon_core.package_identification[0m [1;30mLevel 1[0m _identify(src/SalsaNext/train/tasks/semantic) by extension 'ignore_ament_install'
[0.505s] [34mcolcon.colcon_core.package_identification[0m [1;30mLevel 1[0m _identify(src/SalsaNext/train/tasks/semantic) by extensions ['colcon_pkg']
[0.505s] [34mcolcon.colcon_core.package_identification[0m [1;30mLevel 1[0m _identify(src/SalsaNext/train/tasks/semantic) by extension 'colcon_pkg'
[0.505s] [34mcolcon.colcon_core.package_identification[0m [1;30mLevel 1[0m _identify(src/SalsaNext/train/tasks/semantic) by extensions ['colcon_meta']
[0.505s] [34mcolcon.colcon_core.package_identification[0m [1;30mLevel 1[0m _identify(src/SalsaNext/train/tasks/semantic) by extension 'colcon_meta'
[0.506s] [34mcolcon.colcon_core.package_identification[0m [1;30mLevel 1[0m _identify(src/SalsaNext/train/tasks/semantic) by extensions ['ros']
[0.506s] [34mcolcon.colcon_core.package_identification[0m [1;30mLevel 1[0m _identify(src/SalsaNext/train/tasks/semantic) by extension 'ros'
[0.506s] [34mcolcon.colcon_core.package_identification[0m [1;30mLevel 1[0m _identify(src/SalsaNext/train/tasks/semantic) by extensions ['cmake', 'python']
[0.506s] [34mcolcon.colcon_core.package_identification[0m [1;30mLevel 1[0m _identify(src/SalsaNext/train/tasks/semantic) by extension 'cmake'
[0.506s] [34mcolcon.colcon_core.package_identification[0m [1;30mLevel 1[0m _identify(src/SalsaNext/train/tasks/semantic) by extension 'python'
[0.506s] [34mcolcon.colcon_core.package_identification[0m [1;30mLevel 1[0m _identify(src/SalsaNext/train/tasks/semantic) by extensions ['python_setup_py']
[0.506s] [34mcolcon.colcon_core.package_identification[0m [1;30mLevel 1[0m _identify(src/SalsaNext/train/tasks/semantic) by extension 'python_setup_py'
[0.506s] [34mcolcon.colcon_core.package_identification[0m [1;30mLevel 1[0m _identify(src/SalsaNext/train/tasks/semantic/__pycache__) by extensions ['ignore', 'ignore_ament_install']
[0.506s] [34mcolcon.colcon_core.package_identification[0m [1;30mLevel 1[0m _identify(src/SalsaNext/train/tasks/semantic/__pycache__) by extension 'ignore'
[0.506s] [34mcolcon.colcon_core.package_identification[0m [1;30mLevel 1[0m _identify(src/SalsaNext/train/tasks/semantic/__pycache__) by extension 'ignore_ament_install'
[0.507s] [34mcolcon.colcon_core.package_identification[0m [1;30mLevel 1[0m _identify(src/SalsaNext/train/tasks/semantic/__pycache__) by extensions ['colcon_pkg']
[0.507s] [34mcolcon.colcon_core.package_identification[0m [1;30mLevel 1[0m _identify(src/SalsaNext/train/tasks/semantic/__pycache__) by extension 'colcon_pkg'
[0.507s] [34mcolcon.colcon_core.package_identification[0m [1;30mLevel 1[0m _identify(src/SalsaNext/train/tasks/semantic/__pycache__) by extensions ['colcon_meta']
[0.507s] [34mcolcon.colcon_core.package_identification[0m [1;30mLevel 1[0m _identify(src/SalsaNext/train/tasks/semantic/__pycache__) by extension 'colcon_meta'
[0.507s] [34mcolcon.colcon_core.package_identification[0m [1;30mLevel 1[0m _identify(src/SalsaNext/train/tasks/semantic/__pycache__) by extensions ['ros']
[0.507s] [34mcolcon.colcon_core.package_identification[0m [1;30mLevel 1[0m _identify(src/SalsaNext/train/tasks/semantic/__pycache__) by extension 'ros'
[0.507s] [34mcolcon.colcon_core.package_identification[0m [1;30mLevel 1[0m _identify(src/SalsaNext/train/tasks/semantic/__pycache__) by extensions ['cmake', 'python']
[0.507s] [34mcolcon.colcon_core.package_identification[0m [1;30mLevel 1[0m _identify(src/SalsaNext/train/tasks/semantic/__pycache__) by extension 'cmake'
[0.507s] [34mcolcon.colcon_core.package_identification[0m [1;30mLevel 1[0m _identify(src/SalsaNext/train/tasks/semantic/__pycache__) by extension 'python'
[0.507s] [34mcolcon.colcon_core.package_identification[0m [1;30mLevel 1[0m _identify(src/SalsaNext/train/tasks/semantic/__pycache__) by extensions ['python_setup_py']
[0.507s] [34mcolcon.colcon_core.package_identification[0m [1;30mLevel 1[0m _identify(src/SalsaNext/train/tasks/semantic/__pycache__) by extension 'python_setup_py'
[0.508s] [34mcolcon.colcon_core.package_identification[0m [1;30mLevel 1[0m _identify(src/SalsaNext/train/tasks/semantic/config) by extensions ['ignore', 'ignore_ament_install']
[0.508s] [34mcolcon.colcon_core.package_identification[0m [1;30mLevel 1[0m _identify(src/SalsaNext/train/tasks/semantic/config) by extension 'ignore'
[0.508s] [34mcolcon.colcon_core.package_identification[0m [1;30mLevel 1[0m _identify(src/SalsaNext/train/tasks/semantic/config) by extension 'ignore_ament_install'
[0.508s] [34mcolcon.colcon_core.package_identification[0m [1;30mLevel 1[0m _identify(src/SalsaNext/train/tasks/semantic/config) by extensions ['colcon_pkg']
[0.508s] [34mcolcon.colcon_core.package_identification[0m [1;30mLevel 1[0m _identify(src/SalsaNext/train/tasks/semantic/config) by extension 'colcon_pkg'
[0.508s] [34mcolcon.colcon_core.package_identification[0m [1;30mLevel 1[0m _identify(src/SalsaNext/train/tasks/semantic/config) by extensions ['colcon_meta']
[0.508s] [34mcolcon.colcon_core.package_identification[0m [1;30mLevel 1[0m _identify(src/SalsaNext/train/tasks/semantic/config) by extension 'colcon_meta'
[0.508s] [34mcolcon.colcon_core.package_identification[0m [1;30mLevel 1[0m _identify(src/SalsaNext/train/tasks/semantic/config) by extensions ['ros']
[0.508s] [34mcolcon.colcon_core.package_identification[0m [1;30mLevel 1[0m _identify(src/SalsaNext/train/tasks/semantic/config) by extension 'ros'
[0.508s] [34mcolcon.colcon_core.package_identification[0m [1;30mLevel 1[0m _identify(src/SalsaNext/train/tasks/semantic/config) by extensions ['cmake', 'python']
[0.509s] [34mcolcon.colcon_core.package_identification[0m [1;30mLevel 1[0m _identify(src/SalsaNext/train/tasks/semantic/config) by extension 'cmake'
[0.509s] [34mcolcon.colcon_core.package_identification[0m [1;30mLevel 1[0m _identify(src/SalsaNext/train/tasks/semantic/config) by extension 'python'
[0.509s] [34mcolcon.colcon_core.package_identification[0m [1;30mLevel 1[0m _identify(src/SalsaNext/train/tasks/semantic/config) by extensions ['python_setup_py']
[0.509s] [34mcolcon.colcon_core.package_identification[0m [1;30mLevel 1[0m _identify(src/SalsaNext/train/tasks/semantic/config) by extension 'python_setup_py'
[0.509s] [34mcolcon.colcon_core.package_identification[0m [1;30mLevel 1[0m _identify(src/SalsaNext/train/tasks/semantic/config/labels) by extensions ['ignore', 'ignore_ament_install']
[0.509s] [34mcolcon.colcon_core.package_identification[0m [1;30mLevel 1[0m _identify(src/SalsaNext/train/tasks/semantic/config/labels) by extension 'ignore'
[0.509s] [34mcolcon.colcon_core.package_identification[0m [1;30mLevel 1[0m _identify(src/SalsaNext/train/tasks/semantic/config/labels) by extension 'ignore_ament_install'
[0.509s] [34mcolcon.colcon_core.package_identification[0m [1;30mLevel 1[0m _identify(src/SalsaNext/train/tasks/semantic/config/labels) by extensions ['colcon_pkg']
[0.509s] [34mcolcon.colcon_core.package_identification[0m [1;30mLevel 1[0m _identify(src/SalsaNext/train/tasks/semantic/config/labels) by extension 'colcon_pkg'
[0.509s] [34mcolcon.colcon_core.package_identification[0m [1;30mLevel 1[0m _identify(src/SalsaNext/train/tasks/semantic/config/labels) by extensions ['colcon_meta']
[0.509s] [34mcolcon.colcon_core.package_identification[0m [1;30mLevel 1[0m _identify(src/SalsaNext/train/tasks/semantic/config/labels) by extension 'colcon_meta'
[0.510s] [34mcolcon.colcon_core.package_identification[0m [1;30mLevel 1[0m _identify(src/SalsaNext/train/tasks/semantic/config/labels) by extensions ['ros']
[0.510s] [34mcolcon.colcon_core.package_identification[0m [1;30mLevel 1[0m _identify(src/SalsaNext/train/tasks/semantic/config/labels) by extension 'ros'
[0.510s] [34mcolcon.colcon_core.package_identification[0m [1;30mLevel 1[0m _identify(src/SalsaNext/train/tasks/semantic/config/labels) by extensions ['cmake', 'python']
[0.510s] [34mcolcon.colcon_core.package_identification[0m [1;30mLevel 1[0m _identify(src/SalsaNext/train/tasks/semantic/config/labels) by extension 'cmake'
[0.510s] [34mcolcon.colcon_core.package_identification[0m [1;30mLevel 1[0m _identify(src/SalsaNext/train/tasks/semantic/config/labels) by extension 'python'
[0.510s] [34mcolcon.colcon_core.package_identification[0m [1;30mLevel 1[0m _identify(src/SalsaNext/train/tasks/semantic/config/labels) by extensions ['python_setup_py']
[0.510s] [34mcolcon.colcon_core.package_identification[0m [1;30mLevel 1[0m _identify(src/SalsaNext/train/tasks/semantic/config/labels) by extension 'python_setup_py'
[0.510s] [34mcolcon.colcon_core.package_identification[0m [1;30mLevel 1[0m _identify(src/SalsaNext/train/tasks/semantic/dataset) by extensions ['ignore', 'ignore_ament_install']
[0.511s] [34mcolcon.colcon_core.package_identification[0m [1;30mLevel 1[0m _identify(src/SalsaNext/train/tasks/semantic/dataset) by extension 'ignore'
[0.511s] [34mcolcon.colcon_core.package_identification[0m [1;30mLevel 1[0m _identify(src/SalsaNext/train/tasks/semantic/dataset) by extension 'ignore_ament_install'
[0.511s] [34mcolcon.colcon_core.package_identification[0m [1;30mLevel 1[0m _identify(src/SalsaNext/train/tasks/semantic/dataset) by extensions ['colcon_pkg']
[0.511s] [34mcolcon.colcon_core.package_identification[0m [1;30mLevel 1[0m _identify(src/SalsaNext/train/tasks/semantic/dataset) by extension 'colcon_pkg'
[0.511s] [34mcolcon.colcon_core.package_identification[0m [1;30mLevel 1[0m _identify(src/SalsaNext/train/tasks/semantic/dataset) by extensions ['colcon_meta']
[0.511s] [34mcolcon.colcon_core.package_identification[0m [1;30mLevel 1[0m _identify(src/SalsaNext/train/tasks/semantic/dataset) by extension 'colcon_meta'
[0.511s] [34mcolcon.colcon_core.package_identification[0m [1;30mLevel 1[0m _identify(src/SalsaNext/train/tasks/semantic/dataset) by extensions ['ros']
[0.511s] [34mcolcon.colcon_core.package_identification[0m [1;30mLevel 1[0m _identify(src/SalsaNext/train/tasks/semantic/dataset) by extension 'ros'
[0.511s] [34mcolcon.colcon_core.package_identification[0m [1;30mLevel 1[0m _identify(src/SalsaNext/train/tasks/semantic/dataset) by extensions ['cmake', 'python']
[0.511s] [34mcolcon.colcon_core.package_identification[0m [1;30mLevel 1[0m _identify(src/SalsaNext/train/tasks/semantic/dataset) by extension 'cmake'
[0.511s] [34mcolcon.colcon_core.package_identification[0m [1;30mLevel 1[0m _identify(src/SalsaNext/train/tasks/semantic/dataset) by extension 'python'
[0.511s] [34mcolcon.colcon_core.package_identification[0m [1;30mLevel 1[0m _identify(src/SalsaNext/train/tasks/semantic/dataset) by extensions ['python_setup_py']
[0.511s] [34mcolcon.colcon_core.package_identification[0m [1;30mLevel 1[0m _identify(src/SalsaNext/train/tasks/semantic/dataset) by extension 'python_setup_py'
[0.512s] [34mcolcon.colcon_core.package_identification[0m [1;30mLevel 1[0m _identify(src/SalsaNext/train/tasks/semantic/dataset/kitti) by extensions ['ignore', 'ignore_ament_install']
[0.512s] [34mcolcon.colcon_core.package_identification[0m [1;30mLevel 1[0m _identify(src/SalsaNext/train/tasks/semantic/dataset/kitti) by extension 'ignore'
[0.512s] [34mcolcon.colcon_core.package_identification[0m [1;30mLevel 1[0m _identify(src/SalsaNext/train/tasks/semantic/dataset/kitti) by extension 'ignore_ament_install'
[0.512s] [34mcolcon.colcon_core.package_identification[0m [1;30mLevel 1[0m _identify(src/SalsaNext/train/tasks/semantic/dataset/kitti) by extensions ['colcon_pkg']
[0.512s] [34mcolcon.colcon_core.package_identification[0m [1;30mLevel 1[0m _identify(src/SalsaNext/train/tasks/semantic/dataset/kitti) by extension 'colcon_pkg'
[0.512s] [34mcolcon.colcon_core.package_identification[0m [1;30mLevel 1[0m _identify(src/SalsaNext/train/tasks/semantic/dataset/kitti) by extensions ['colcon_meta']
[0.512s] [34mcolcon.colcon_core.package_identification[0m [1;30mLevel 1[0m _identify(src/SalsaNext/train/tasks/semantic/dataset/kitti) by extension 'colcon_meta'
[0.512s] [34mcolcon.colcon_core.package_identification[0m [1;30mLevel 1[0m _identify(src/SalsaNext/train/tasks/semantic/dataset/kitti) by extensions ['ros']
[0.512s] [34mcolcon.colcon_core.package_identification[0m [1;30mLevel 1[0m _identify(src/SalsaNext/train/tasks/semantic/dataset/kitti) by extension 'ros'
[0.513s] [34mcolcon.colcon_core.package_identification[0m [1;30mLevel 1[0m _identify(src/SalsaNext/train/tasks/semantic/dataset/kitti) by extensions ['cmake', 'python']
[0.513s] [34mcolcon.colcon_core.package_identification[0m [1;30mLevel 1[0m _identify(src/SalsaNext/train/tasks/semantic/dataset/kitti) by extension 'cmake'
[0.513s] [34mcolcon.colcon_core.package_identification[0m [1;30mLevel 1[0m _identify(src/SalsaNext/train/tasks/semantic/dataset/kitti) by extension 'python'
[0.513s] [34mcolcon.colcon_core.package_identification[0m [1;30mLevel 1[0m _identify(src/SalsaNext/train/tasks/semantic/dataset/kitti) by extensions ['python_setup_py']
[0.513s] [34mcolcon.colcon_core.package_identification[0m [1;30mLevel 1[0m _identify(src/SalsaNext/train/tasks/semantic/dataset/kitti) by extension 'python_setup_py'
[0.513s] [34mcolcon.colcon_core.package_identification[0m [1;30mLevel 1[0m _identify(src/SalsaNext/train/tasks/semantic/modules) by extensions ['ignore', 'ignore_ament_install']
[0.513s] [34mcolcon.colcon_core.package_identification[0m [1;30mLevel 1[0m _identify(src/SalsaNext/train/tasks/semantic/modules) by extension 'ignore'
[0.513s] [34mcolcon.colcon_core.package_identification[0m [1;30mLevel 1[0m _identify(src/SalsaNext/train/tasks/semantic/modules) by extension 'ignore_ament_install'
[0.514s] [34mcolcon.colcon_core.package_identification[0m [1;30mLevel 1[0m _identify(src/SalsaNext/train/tasks/semantic/modules) by extensions ['colcon_pkg']
[0.514s] [34mcolcon.colcon_core.package_identification[0m [1;30mLevel 1[0m _identify(src/SalsaNext/train/tasks/semantic/modules) by extension 'colcon_pkg'
[0.514s] [34mcolcon.colcon_core.package_identification[0m [1;30mLevel 1[0m _identify(src/SalsaNext/train/tasks/semantic/modules) by extensions ['colcon_meta']
[0.514s] [34mcolcon.colcon_core.package_identification[0m [1;30mLevel 1[0m _identify(src/SalsaNext/train/tasks/semantic/modules) by extension 'colcon_meta'
[0.514s] [34mcolcon.colcon_core.package_identification[0m [1;30mLevel 1[0m _identify(src/SalsaNext/train/tasks/semantic/modules) by extensions ['ros']
[0.514s] [34mcolcon.colcon_core.package_identification[0m [1;30mLevel 1[0m _identify(src/SalsaNext/train/tasks/semantic/modules) by extension 'ros'
[0.514s] [34mcolcon.colcon_core.package_identification[0m [1;30mLevel 1[0m _identify(src/SalsaNext/train/tasks/semantic/modules) by extensions ['cmake', 'python']
[0.514s] [34mcolcon.colcon_core.package_identification[0m [1;30mLevel 1[0m _identify(src/SalsaNext/train/tasks/semantic/modules) by extension 'cmake'
[0.514s] [34mcolcon.colcon_core.package_identification[0m [1;30mLevel 1[0m _identify(src/SalsaNext/train/tasks/semantic/modules) by extension 'python'
[0.514s] [34mcolcon.colcon_core.package_identification[0m [1;30mLevel 1[0m _identify(src/SalsaNext/train/tasks/semantic/modules) by extensions ['python_setup_py']
[0.514s] [34mcolcon.colcon_core.package_identification[0m [1;30mLevel 1[0m _identify(src/SalsaNext/train/tasks/semantic/modules) by extension 'python_setup_py'
[0.515s] [34mcolcon.colcon_core.package_identification[0m [1;30mLevel 1[0m _identify(src/SalsaNext/train/tasks/semantic/modules/__pycache__) by extensions ['ignore', 'ignore_ament_install']
[0.515s] [34mcolcon.colcon_core.package_identification[0m [1;30mLevel 1[0m _identify(src/SalsaNext/train/tasks/semantic/modules/__pycache__) by extension 'ignore'
[0.515s] [34mcolcon.colcon_core.package_identification[0m [1;30mLevel 1[0m _identify(src/SalsaNext/train/tasks/semantic/modules/__pycache__) by extension 'ignore_ament_install'
[0.515s] [34mcolcon.colcon_core.package_identification[0m [1;30mLevel 1[0m _identify(src/SalsaNext/train/tasks/semantic/modules/__pycache__) by extensions ['colcon_pkg']
[0.515s] [34mcolcon.colcon_core.package_identification[0m [1;30mLevel 1[0m _identify(src/SalsaNext/train/tasks/semantic/modules/__pycache__) by extension 'colcon_pkg'
[0.515s] [34mcolcon.colcon_core.package_identification[0m [1;30mLevel 1[0m _identify(src/SalsaNext/train/tasks/semantic/modules/__pycache__) by extensions ['colcon_meta']
[0.515s] [34mcolcon.colcon_core.package_identification[0m [1;30mLevel 1[0m _identify(src/SalsaNext/train/tasks/semantic/modules/__pycache__) by extension 'colcon_meta'
[0.515s] [34mcolcon.colcon_core.package_identification[0m [1;30mLevel 1[0m _identify(src/SalsaNext/train/tasks/semantic/modules/__pycache__) by extensions ['ros']
[0.515s] [34mcolcon.colcon_core.package_identification[0m [1;30mLevel 1[0m _identify(src/SalsaNext/train/tasks/semantic/modules/__pycache__) by extension 'ros'
[0.515s] [34mcolcon.colcon_core.package_identification[0m [1;30mLevel 1[0m _identify(src/SalsaNext/train/tasks/semantic/modules/__pycache__) by extensions ['cmake', 'python']
[0.516s] [34mcolcon.colcon_core.package_identification[0m [1;30mLevel 1[0m _identify(src/SalsaNext/train/tasks/semantic/modules/__pycache__) by extension 'cmake'
[0.516s] [34mcolcon.colcon_core.package_identification[0m [1;30mLevel 1[0m _identify(src/SalsaNext/train/tasks/semantic/modules/__pycache__) by extension 'python'
[0.516s] [34mcolcon.colcon_core.package_identification[0m [1;30mLevel 1[0m _identify(src/SalsaNext/train/tasks/semantic/modules/__pycache__) by extensions ['python_setup_py']
[0.516s] [34mcolcon.colcon_core.package_identification[0m [1;30mLevel 1[0m _identify(src/SalsaNext/train/tasks/semantic/modules/__pycache__) by extension 'python_setup_py'
[0.516s] [34mcolcon.colcon_core.package_identification[0m [1;30mLevel 1[0m _identify(src/SalsaNext/train/tasks/semantic/postproc) by extensions ['ignore', 'ignore_ament_install']
[0.516s] [34mcolcon.colcon_core.package_identification[0m [1;30mLevel 1[0m _identify(src/SalsaNext/train/tasks/semantic/postproc) by extension 'ignore'
[0.516s] [34mcolcon.colcon_core.package_identification[0m [1;30mLevel 1[0m _identify(src/SalsaNext/train/tasks/semantic/postproc) by extension 'ignore_ament_install'
[0.516s] [34mcolcon.colcon_core.package_identification[0m [1;30mLevel 1[0m _identify(src/SalsaNext/train/tasks/semantic/postproc) by extensions ['colcon_pkg']
[0.516s] [34mcolcon.colcon_core.package_identification[0m [1;30mLevel 1[0m _identify(src/SalsaNext/train/tasks/semantic/postproc) by extension 'colcon_pkg'
[0.516s] [34mcolcon.colcon_core.package_identification[0m [1;30mLevel 1[0m _identify(src/SalsaNext/train/tasks/semantic/postproc) by extensions ['colcon_meta']
[0.516s] [34mcolcon.colcon_core.package_identification[0m [1;30mLevel 1[0m _identify(src/SalsaNext/train/tasks/semantic/postproc) by extension 'colcon_meta'
[0.517s] [34mcolcon.colcon_core.package_identification[0m [1;30mLevel 1[0m _identify(src/SalsaNext/train/tasks/semantic/postproc) by extensions ['ros']
[0.517s] [34mcolcon.colcon_core.package_identification[0m [1;30mLevel 1[0m _identify(src/SalsaNext/train/tasks/semantic/postproc) by extension 'ros'
[0.517s] [34mcolcon.colcon_core.package_identification[0m [1;30mLevel 1[0m _identify(src/SalsaNext/train/tasks/semantic/postproc) by extensions ['cmake', 'python']
[0.517s] [34mcolcon.colcon_core.package_identification[0m [1;30mLevel 1[0m _identify(src/SalsaNext/train/tasks/semantic/postproc) by extension 'cmake'
[0.517s] [34mcolcon.colcon_core.package_identification[0m [1;30mLevel 1[0m _identify(src/SalsaNext/train/tasks/semantic/postproc) by extension 'python'
[0.517s] [34mcolcon.colcon_core.package_identification[0m [1;30mLevel 1[0m _identify(src/SalsaNext/train/tasks/semantic/postproc) by extensions ['python_setup_py']
[0.517s] [34mcolcon.colcon_core.package_identification[0m [1;30mLevel 1[0m _identify(src/SalsaNext/train/tasks/semantic/postproc) by extension 'python_setup_py'
[0.518s] [34mcolcon.colcon_core.package_identification[0m [1;30mLevel 1[0m _identify(src/build) by extensions ['ignore', 'ignore_ament_install']
[0.518s] [34mcolcon.colcon_core.package_identification[0m [1;30mLevel 1[0m _identify(src/build) by extension 'ignore'
[0.518s] [34mcolcon.colcon_core.package_identification[0m [1;30mLevel 1[0m _identify(src/build) ignored
[0.518s] [34mcolcon.colcon_core.package_identification[0m [1;30mLevel 1[0m _identify(src/install) by extensions ['ignore', 'ignore_ament_install']
[0.518s] [34mcolcon.colcon_core.package_identification[0m [1;30mLevel 1[0m _identify(src/install) by extension 'ignore'
[0.518s] [34mcolcon.colcon_core.package_identification[0m [1;30mLevel 1[0m _identify(src/install) ignored
[0.519s] [34mcolcon.colcon_core.package_identification[0m [1;30mLevel 1[0m _identify(src/lid_description) by extensions ['ignore', 'ignore_ament_install']
[0.519s] [34mcolcon.colcon_core.package_identification[0m [1;30mLevel 1[0m _identify(src/lid_description) by extension 'ignore'
[0.519s] [34mcolcon.colcon_core.package_identification[0m [1;30mLevel 1[0m _identify(src/lid_description) by extension 'ignore_ament_install'
[0.519s] [34mcolcon.colcon_core.package_identification[0m [1;30mLevel 1[0m _identify(src/lid_description) by extensions ['colcon_pkg']
[0.519s] [34mcolcon.colcon_core.package_identification[0m [1;30mLevel 1[0m _identify(src/lid_description) by extension 'colcon_pkg'
[0.519s] [34mcolcon.colcon_core.package_identification[0m [1;30mLevel 1[0m _identify(src/lid_description) by extensions ['colcon_meta']
[0.519s] [34mcolcon.colcon_core.package_identification[0m [1;30mLevel 1[0m _identify(src/lid_description) by extension 'colcon_meta'
[0.519s] [34mcolcon.colcon_core.package_identification[0m [1;30mLevel 1[0m _identify(src/lid_description) by extensions ['ros']
[0.519s] [34mcolcon.colcon_core.package_identification[0m [1;30mLevel 1[0m _identify(src/lid_description) by extension 'ros'
[0.520s] [34mcolcon.colcon_core.package_identification[0m [1;30mDEBUG[0m [32mPackage 'src/lid_description' with type 'ros.ament_cmake' and name 'lid_description'[0m
[0.521s] [34mcolcon.colcon_core.package_identification[0m [1;30mLevel 1[0m _identify(src/lid_simulation) by extensions ['ignore', 'ignore_ament_install']
[0.521s] [34mcolcon.colcon_core.package_identification[0m [1;30mLevel 1[0m _identify(src/lid_simulation) by extension 'ignore'
[0.521s] [34mcolcon.colcon_core.package_identification[0m [1;30mLevel 1[0m _identify(src/lid_simulation) by extension 'ignore_ament_install'
[0.521s] [34mcolcon.colcon_core.package_identification[0m [1;30mLevel 1[0m _identify(src/lid_simulation) by extensions ['colcon_pkg']
[0.521s] [34mcolcon.colcon_core.package_identification[0m [1;30mLevel 1[0m _identify(src/lid_simulation) by extension 'colcon_pkg'
[0.521s] [34mcolcon.colcon_core.package_identification[0m [1;30mLevel 1[0m _identify(src/lid_simulation) by extensions ['colcon_meta']
[0.521s] [34mcolcon.colcon_core.package_identification[0m [1;30mLevel 1[0m _identify(src/lid_simulation) by extension 'colcon_meta'
[0.522s] [34mcolcon.colcon_core.package_identification[0m [1;30mLevel 1[0m _identify(src/lid_simulation) by extensions ['ros']
[0.522s] [34mcolcon.colcon_core.package_identification[0m [1;30mLevel 1[0m _identify(src/lid_simulation) by extension 'ros'
[0.523s] [34mcolcon.colcon_core.package_identification[0m [1;30mDEBUG[0m [32mPackage 'src/lid_simulation' with type 'ros.ament_cmake' and name 'lid_simulation'[0m
[0.523s] [34mcolcon.colcon_core.package_identification[0m [1;30mLevel 1[0m _identify(src/log) by extensions ['ignore', 'ignore_ament_install']
[0.523s] [34mcolcon.colcon_core.package_identification[0m [1;30mLevel 1[0m _identify(src/log) by extension 'ignore'
[0.523s] [34mcolcon.colcon_core.package_identification[0m [1;30mLevel 1[0m _identify(src/log) ignored
[0.523s] [34mcolcon.colcon_core.package_identification[0m [1;30mLevel 1[0m _identify(src/patchwork-plusplus-ros2) by extensions ['ignore', 'ignore_ament_install']
[0.523s] [34mcolcon.colcon_core.package_identification[0m [1;30mLevel 1[0m _identify(src/patchwork-plusplus-ros2) by extension 'ignore'
[0.523s] [34mcolcon.colcon_core.package_identification[0m [1;30mLevel 1[0m _identify(src/patchwork-plusplus-ros2) by extension 'ignore_ament_install'
[0.524s] [34mcolcon.colcon_core.package_identification[0m [1;30mLevel 1[0m _identify(src/patchwork-plusplus-ros2) by extensions ['colcon_pkg']
[0.524s] [34mcolcon.colcon_core.package_identification[0m [1;30mLevel 1[0m _identify(src/patchwork-plusplus-ros2) by extension 'colcon_pkg'
[0.524s] [34mcolcon.colcon_core.package_identification[0m [1;30mLevel 1[0m _identify(src/patchwork-plusplus-ros2) by extensions ['colcon_meta']
[0.524s] [34mcolcon.colcon_core.package_identification[0m [1;30mLevel 1[0m _identify(src/patchwork-plusplus-ros2) by extension 'colcon_meta'
[0.524s] [34mcolcon.colcon_core.package_identification[0m [1;30mLevel 1[0m _identify(src/patchwork-plusplus-ros2) by extensions ['ros']
[0.524s] [34mcolcon.colcon_core.package_identification[0m [1;30mLevel 1[0m _identify(src/patchwork-plusplus-ros2) by extension 'ros'
[0.524s] [34mcolcon.colcon_core.package_identification[0m [1;30mLevel 1[0m _identify(src/patchwork-plusplus-ros2) by extensions ['cmake', 'python']
[0.524s] [34mcolcon.colcon_core.package_identification[0m [1;30mLevel 1[0m _identify(src/patchwork-plusplus-ros2) by extension 'cmake'
[0.524s] [34mcolcon.colcon_core.package_identification[0m [1;30mLevel 1[0m _identify(src/patchwork-plusplus-ros2) by extension 'python'
[0.524s] [34mcolcon.colcon_core.package_identification[0m [1;30mLevel 1[0m _identify(src/patchwork-plusplus-ros2) by extensions ['python_setup_py']
[0.524s] [34mcolcon.colcon_core.package_identification[0m [1;30mLevel 1[0m _identify(src/patchwork-plusplus-ros2) by extension 'python_setup_py'
[0.525s] [34mcolcon.colcon_core.package_identification[0m [1;30mLevel 1[0m _identify(src/patchwork-plusplus-ros2/jsk_recognition_msgs) by extensions ['ignore', 'ignore_ament_install']
[0.525s] [34mcolcon.colcon_core.package_identification[0m [1;30mLevel 1[0m _identify(src/patchwork-plusplus-ros2/jsk_recognition_msgs) by extension 'ignore'
[0.525s] [34mcolcon.colcon_core.package_identification[0m [1;30mLevel 1[0m _identify(src/patchwork-plusplus-ros2/jsk_recognition_msgs) by extension 'ignore_ament_install'
[0.525s] [34mcolcon.colcon_core.package_identification[0m [1;30mLevel 1[0m _identify(src/patchwork-plusplus-ros2/jsk_recognition_msgs) by extensions ['colcon_pkg']
[0.525s] [34mcolcon.colcon_core.package_identification[0m [1;30mLevel 1[0m _identify(src/patchwork-plusplus-ros2/jsk_recognition_msgs) by extension 'colcon_pkg'
[0.525s] [34mcolcon.colcon_core.package_identification[0m [1;30mLevel 1[0m _identify(src/patchwork-plusplus-ros2/jsk_recognition_msgs) by extensions ['colcon_meta']
[0.525s] [34mcolcon.colcon_core.package_identification[0m [1;30mLevel 1[0m _identify(src/patchwork-plusplus-ros2/jsk_recognition_msgs) by extension 'colcon_meta'
[0.525s] [34mcolcon.colcon_core.package_identification[0m [1;30mLevel 1[0m _identify(src/patchwork-plusplus-ros2/jsk_recognition_msgs) by extensions ['ros']
[0.525s] [34mcolcon.colcon_core.package_identification[0m [1;30mLevel 1[0m _identify(src/patchwork-plusplus-ros2/jsk_recognition_msgs) by extension 'ros'
[0.527s] [34mcolcon.colcon_core.package_identification[0m [1;30mDEBUG[0m [32mPackage 'src/patchwork-plusplus-ros2/jsk_recognition_msgs' with type 'ros.ament_cmake' and name 'jsk_recognition_msgs'[0m
[0.528s] [34mcolcon.colcon_core.package_identification[0m [1;30mLevel 1[0m _identify(src/patchwork-plusplus-ros2/patchwork_plusplus) by extensions ['ignore', 'ignore_ament_install']
[0.528s] [34mcolcon.colcon_core.package_identification[0m [1;30mLevel 1[0m _identify(src/patchwork-plusplus-ros2/patchwork_plusplus) by extension 'ignore'
[0.528s] [34mcolcon.colcon_core.package_identification[0m [1;30mLevel 1[0m _identify(src/patchwork-plusplus-ros2/patchwork_plusplus) by extension 'ignore_ament_install'
[0.528s] [34mcolcon.colcon_core.package_identification[0m [1;30mLevel 1[0m _identify(src/patchwork-plusplus-ros2/patchwork_plusplus) by extensions ['colcon_pkg']
[0.528s] [34mcolcon.colcon_core.package_identification[0m [1;30mLevel 1[0m _identify(src/patchwork-plusplus-ros2/patchwork_plusplus) by extension 'colcon_pkg'
[0.528s] [34mcolcon.colcon_core.package_identification[0m [1;30mLevel 1[0m _identify(src/patchwork-plusplus-ros2/patchwork_plusplus) by extensions ['colcon_meta']
[0.528s] [34mcolcon.colcon_core.package_identification[0m [1;30mLevel 1[0m _identify(src/patchwork-plusplus-ros2/patchwork_plusplus) by extension 'colcon_meta'
[0.528s] [34mcolcon.colcon_core.package_identification[0m [1;30mLevel 1[0m _identify(src/patchwork-plusplus-ros2/patchwork_plusplus) by extensions ['ros']
[0.528s] [34mcolcon.colcon_core.package_identification[0m [1;30mLevel 1[0m _identify(src/patchwork-plusplus-ros2/patchwork_plusplus) by extension 'ros'
[0.530s] [34mcolcon.colcon_core.package_identification[0m [1;30mDEBUG[0m [32mPackage 'src/patchwork-plusplus-ros2/patchwork_plusplus' with type 'ros.ament_cmake' and name 'patchwork_plusplus'[0m
[0.531s] [34mcolcon.colcon_core.package_identification[0m [1;30mLevel 1[0m _identify(src/segmentation_lidar) by extensions ['ignore', 'ignore_ament_install']
[0.531s] [34mcolcon.colcon_core.package_identification[0m [1;30mLevel 1[0m _identify(src/segmentation_lidar) by extension 'ignore'
[0.531s] [34mcolcon.colcon_core.package_identification[0m [1;30mLevel 1[0m _identify(src/segmentation_lidar) by extension 'ignore_ament_install'
[0.531s] [34mcolcon.colcon_core.package_identification[0m [1;30mLevel 1[0m _identify(src/segmentation_lidar) by extensions ['colcon_pkg']
[0.531s] [34mcolcon.colcon_core.package_identification[0m [1;30mLevel 1[0m _identify(src/segmentation_lidar) by extension 'colcon_pkg'
[0.531s] [34mcolcon.colcon_core.package_identification[0m [1;30mLevel 1[0m _identify(src/segmentation_lidar) by extensions ['colcon_meta']
[0.532s] [34mcolcon.colcon_core.package_identification[0m [1;30mLevel 1[0m _identify(src/segmentation_lidar) by extension 'colcon_meta'
[0.532s] [34mcolcon.colcon_core.package_identification[0m [1;30mLevel 1[0m _identify(src/segmentation_lidar) by extensions ['ros']
[0.532s] [34mcolcon.colcon_core.package_identification[0m [1;30mLevel 1[0m _identify(src/segmentation_lidar) by extension 'ros'
[0.533s] [34mcolcon.colcon_core.package_identification[0m [1;30mDEBUG[0m [32mPackage 'src/segmentation_lidar' with type 'ros.ament_cmake' and name 'segmentation_lidar'[0m
[0.534s] [34mcolcon.colcon_core.package_identification[0m [1;30mLevel 1[0m _identify(src/velodyne) by extensions ['ignore', 'ignore_ament_install']
[0.534s] [34mcolcon.colcon_core.package_identification[0m [1;30mLevel 1[0m _identify(src/velodyne) by extension 'ignore'
[0.534s] [34mcolcon.colcon_core.package_identification[0m [1;30mLevel 1[0m _identify(src/velodyne) by extension 'ignore_ament_install'
[0.534s] [34mcolcon.colcon_core.package_identification[0m [1;30mLevel 1[0m _identify(src/velodyne) by extensions ['colcon_pkg']
[0.534s] [34mcolcon.colcon_core.package_identification[0m [1;30mLevel 1[0m _identify(src/velodyne) by extension 'colcon_pkg'
[0.534s] [34mcolcon.colcon_core.package_identification[0m [1;30mLevel 1[0m _identify(src/velodyne) by extensions ['colcon_meta']
[0.534s] [34mcolcon.colcon_core.package_identification[0m [1;30mLevel 1[0m _identify(src/velodyne) by extension 'colcon_meta'
[0.534s] [34mcolcon.colcon_core.package_identification[0m [1;30mLevel 1[0m _identify(src/velodyne) by extensions ['ros']
[0.534s] [34mcolcon.colcon_core.package_identification[0m [1;30mLevel 1[0m _identify(src/velodyne) by extension 'ros'
[0.535s] [34mcolcon.colcon_core.package_identification[0m [1;30mLevel 1[0m _identify(src/velodyne) by extensions ['cmake', 'python']
[0.535s] [34mcolcon.colcon_core.package_identification[0m [1;30mLevel 1[0m _identify(src/velodyne) by extension 'cmake'
[0.535s] [34mcolcon.colcon_core.package_identification[0m [1;30mLevel 1[0m _identify(src/velodyne) by extension 'python'
[0.535s] [34mcolcon.colcon_core.package_identification[0m [1;30mLevel 1[0m _identify(src/velodyne) by extensions ['python_setup_py']
[0.535s] [34mcolcon.colcon_core.package_identification[0m [1;30mLevel 1[0m _identify(src/velodyne) by extension 'python_setup_py'
[0.535s] [34mcolcon.colcon_core.package_identification[0m [1;30mLevel 1[0m _identify(src/velodyne/img) by extensions ['ignore', 'ignore_ament_install']
[0.535s] [34mcolcon.colcon_core.package_identification[0m [1;30mLevel 1[0m _identify(src/velodyne/img) by extension 'ignore'
[0.536s] [34mcolcon.colcon_core.package_identification[0m [1;30mLevel 1[0m _identify(src/velodyne/img) by extension 'ignore_ament_install'
[0.536s] [34mcolcon.colcon_core.package_identification[0m [1;30mLevel 1[0m _identify(src/velodyne/img) by extensions ['colcon_pkg']
[0.536s] [34mcolcon.colcon_core.package_identification[0m [1;30mLevel 1[0m _identify(src/velodyne/img) by extension 'colcon_pkg'
[0.536s] [34mcolcon.colcon_core.package_identification[0m [1;30mLevel 1[0m _identify(src/velodyne/img) by extensions ['colcon_meta']
[0.536s] [34mcolcon.colcon_core.package_identification[0m [1;30mLevel 1[0m _identify(src/velodyne/img) by extension 'colcon_meta'
[0.536s] [34mcolcon.colcon_core.package_identification[0m [1;30mLevel 1[0m _identify(src/velodyne/img) by extensions ['ros']
[0.536s] [34mcolcon.colcon_core.package_identification[0m [1;30mLevel 1[0m _identify(src/velodyne/img) by extension 'ros'
[0.536s] [34mcolcon.colcon_core.package_identification[0m [1;30mLevel 1[0m _identify(src/velodyne/img) by extensions ['cmake', 'python']
[0.536s] [34mcolcon.colcon_core.package_identification[0m [1;30mLevel 1[0m _identify(src/velodyne/img) by extension 'cmake'
[0.536s] [34mcolcon.colcon_core.package_identification[0m [1;30mLevel 1[0m _identify(src/velodyne/img) by extension 'python'
[0.536s] [34mcolcon.colcon_core.package_identification[0m [1;30mLevel 1[0m _identify(src/velodyne/img) by extensions ['python_setup_py']
[0.536s] [34mcolcon.colcon_core.package_identification[0m [1;30mLevel 1[0m _identify(src/velodyne/img) by extension 'python_setup_py'
[0.537s] [34mcolcon.colcon_core.package_identification[0m [1;30mLevel 1[0m _identify(src/velodyne/velodyne_description) by extensions ['ignore', 'ignore_ament_install']
[0.537s] [34mcolcon.colcon_core.package_identification[0m [1;30mLevel 1[0m _identify(src/velodyne/velodyne_description) by extension 'ignore'
[0.537s] [34mcolcon.colcon_core.package_identification[0m [1;30mLevel 1[0m _identify(src/velodyne/velodyne_description) by extension 'ignore_ament_install'
[0.537s] [34mcolcon.colcon_core.package_identification[0m [1;30mLevel 1[0m _identify(src/velodyne/velodyne_description) by extensions ['colcon_pkg']
[0.537s] [34mcolcon.colcon_core.package_identification[0m [1;30mLevel 1[0m _identify(src/velodyne/velodyne_description) by extension 'colcon_pkg'
[0.537s] [34mcolcon.colcon_core.package_identification[0m [1;30mLevel 1[0m _identify(src/velodyne/velodyne_description) by extensions ['colcon_meta']
[0.537s] [34mcolcon.colcon_core.package_identification[0m [1;30mLevel 1[0m _identify(src/velodyne/velodyne_description) by extension 'colcon_meta'
[0.537s] [34mcolcon.colcon_core.package_identification[0m [1;30mLevel 1[0m _identify(src/velodyne/velodyne_description) by extensions ['ros']
[0.537s] [34mcolcon.colcon_core.package_identification[0m [1;30mLevel 1[0m _identify(src/velodyne/velodyne_description) by extension 'ros'
[0.539s] [34mcolcon.colcon_core.package_identification[0m [1;30mDEBUG[0m [32mPackage 'src/velodyne/velodyne_description' with type 'ros.ament_cmake' and name 'velodyne_description'[0m
[0.540s] [34mcolcon.colcon_core.package_identification[0m [1;30mLevel 1[0m _identify(src/velodyne/velodyne_gazebo_plugins) by extensions ['ignore', 'ignore_ament_install']
[0.540s] [34mcolcon.colcon_core.package_identification[0m [1;30mLevel 1[0m _identify(src/velodyne/velodyne_gazebo_plugins) by extension 'ignore'
[0.540s] [34mcolcon.colcon_core.package_identification[0m [1;30mLevel 1[0m _identify(src/velodyne/velodyne_gazebo_plugins) by extension 'ignore_ament_install'
[0.540s] [34mcolcon.colcon_core.package_identification[0m [1;30mLevel 1[0m _identify(src/velodyne/velodyne_gazebo_plugins) by extensions ['colcon_pkg']
[0.540s] [34mcolcon.colcon_core.package_identification[0m [1;30mLevel 1[0m _identify(src/velodyne/velodyne_gazebo_plugins) by extension 'colcon_pkg'
[0.540s] [34mcolcon.colcon_core.package_identification[0m [1;30mLevel 1[0m _identify(src/velodyne/velodyne_gazebo_plugins) by extensions ['colcon_meta']
[0.540s] [34mcolcon.colcon_core.package_identification[0m [1;30mLevel 1[0m _identify(src/velodyne/velodyne_gazebo_plugins) by extension 'colcon_meta'
[0.540s] [34mcolcon.colcon_core.package_identification[0m [1;30mLevel 1[0m _identify(src/velodyne/velodyne_gazebo_plugins) by extensions ['ros']
[0.540s] [34mcolcon.colcon_core.package_identification[0m [1;30mLevel 1[0m _identify(src/velodyne/velodyne_gazebo_plugins) by extension 'ros'
[0.543s] [34mcolcon.colcon_core.package_identification[0m [1;30mDEBUG[0m [32mPackage 'src/velodyne/velodyne_gazebo_plugins' with type 'ros.ament_cmake' and name 'velodyne_gazebo_plugins'[0m
[0.543s] [34mcolcon.colcon_core.package_identification[0m [1;30mLevel 1[0m _identify(src/velodyne/velodyne_simulator) by extensions ['ignore', 'ignore_ament_install']
[0.543s] [34mcolcon.colcon_core.package_identification[0m [1;30mLevel 1[0m _identify(src/velodyne/velodyne_simulator) by extension 'ignore'
[0.543s] [34mcolcon.colcon_core.package_identification[0m [1;30mLevel 1[0m _identify(src/velodyne/velodyne_simulator) by extension 'ignore_ament_install'
[0.543s] [34mcolcon.colcon_core.package_identification[0m [1;30mLevel 1[0m _identify(src/velodyne/velodyne_simulator) by extensions ['colcon_pkg']
[0.543s] [34mcolcon.colcon_core.package_identification[0m [1;30mLevel 1[0m _identify(src/velodyne/velodyne_simulator) by extension 'colcon_pkg'
[0.544s] [34mcolcon.colcon_core.package_identification[0m [1;30mLevel 1[0m _identify(src/velodyne/velodyne_simulator) by extensions ['colcon_meta']
[0.544s] [34mcolcon.colcon_core.package_identification[0m [1;30mLevel 1[0m _identify(src/velodyne/velodyne_simulator) by extension 'colcon_meta'
[0.544s] [34mcolcon.colcon_core.package_identification[0m [1;30mLevel 1[0m _identify(src/velodyne/velodyne_simulator) by extensions ['ros']
[0.544s] [34mcolcon.colcon_core.package_identification[0m [1;30mLevel 1[0m _identify(src/velodyne/velodyne_simulator) by extension 'ros'
[0.545s] [34mcolcon.colcon_core.package_identification[0m [1;30mDEBUG[0m [32mPackage 'src/velodyne/velodyne_simulator' with type 'ros.ament_cmake' and name 'velodyne_simulator'[0m
[0.545s] [34mcolcon.colcon_core.package_discovery[0m [1;30mLevel 1[0m discover_packages(recursive) using defaults
[0.545s] [34mcolcon.colcon_core.package_discovery[0m [1;30mLevel 1[0m discover_packages(ignore) discover
[0.545s] [34mcolcon.colcon_core.package_discovery[0m [1;30mLevel 1[0m discover_packages(ignore) using defaults
[0.545s] [34mcolcon.colcon_core.package_discovery[0m [1;30mLevel 1[0m discover_packages(path) discover
[0.545s] [34mcolcon.colcon_core.package_discovery[0m [1;30mLevel 1[0m discover_packages(path) using defaults
[0.590s] [34mcolcon.colcon_core.package_discovery[0m [1;30mLevel 1[0m discover_packages(prefix_path) check parameters
[0.590s] [34mcolcon.colcon_core.package_discovery[0m [1;30mLevel 1[0m discover_packages(prefix_path) discover
[0.593s] [34mcolcon.colcon_ros.prefix_path.ament[0m [1;30mWARNING[0m [33mThe path '/media/subham/85dce0f4-2e29-4540-9a32-801850cfcef6/subham/LidarMapping2.5D/install/salsanext_ros2' in the environment variable AMENT_PREFIX_PATH doesn't exist[0m
[0.594s] [34mcolcon.colcon_ros.prefix_path.ament[0m [1;30mWARNING[0m [33mThe path '/media/subham/85dce0f4-2e29-4540-9a32-801850cfcef6/subham/LidarMapping2.5D/install/height_mapping_ros2' in the environment variable AMENT_PREFIX_PATH doesn't exist[0m
[0.594s] [34mcolcon.colcon_ros.prefix_path.ament[0m [1;30mWARNING[0m [33mThe path '/media/subham/85dce0f4-2e29-4540-9a32-801850cfcef6/subham/LidarMapping2.5D/install/height_mapping_core' in the environment variable AMENT_PREFIX_PATH doesn't exist[0m
[0.605s] [34mcolcon.colcon_ros.prefix_path.catkin[0m [1;30mWARNING[0m [33mThe path '/media/subham/85dce0f4-2e29-4540-9a32-801850cfcef6/subham/LidarMapping2.5D/install/salsanext_ros2' in the environment variable CMAKE_PREFIX_PATH doesn't exist[0m
[0.605s] [34mcolcon.colcon_ros.prefix_path.catkin[0m [1;30mWARNING[0m [33mThe path '/media/subham/85dce0f4-2e29-4540-9a32-801850cfcef6/subham/LidarMapping2.5D/install/height_mapping_ros2' in the environment variable CMAKE_PREFIX_PATH doesn't exist[0m
[0.605s] [34mcolcon.colcon_ros.prefix_path.catkin[0m [1;30mWARNING[0m [33mThe path '/media/subham/85dce0f4-2e29-4540-9a32-801850cfcef6/subham/LidarMapping2.5D/install/height_mapping_core' in the environment variable CMAKE_PREFIX_PATH doesn't exist[0m
[0.608s] [34mcolcon.colcon_installed_package_information.package_discovery[0m [1;30mDEBUG[0m [32mFound 11 installed packages in /media/subham/85dce0f4-2e29-4540-9a32-801850cfcef6/subham/LidarMapping2.5D/install[0m
[0.609s] [34mcolcon.colcon_installed_package_information.package_discovery[0m [1;30mDEBUG[0m [32mFound 4 installed packages in /home/subham/Edge_AI_for_ADAS_and_Autonomous_Systems/install[0m
[0.611s] [34mcolcon.colcon_installed_package_information.package_discovery[0m [1;30mDEBUG[0m [32mFound 4 installed packages in /home/subham/rover_ws/install[0m
[0.612s] [34mcolcon.colcon_installed_package_information.package_discovery[0m [1;30mDEBUG[0m [32mFound 7 installed packages in /home/subham/igvc/install[0m
[0.615s] [34mcolcon.colcon_installed_package_information.package_discovery[0m [1;30mDEBUG[0m [32mFound 8 installed packages in /home/subham/colcon_ws/install[0m
[0.616s] [34mcolcon.colcon_installed_package_information.package_discovery[0m [1;30mDEBUG[0m [32mFound 7 installed packages in /home/subham/anvrit_ws/install[0m
[0.618s] [34mcolcon.colcon_installed_package_information.package_discovery[0m [1;30mDEBUG[0m [32mFound 4 installed packages in /home/subham/omokai_ws/install[0m
[0.623s] [34mcolcon.colcon_installed_package_information.package_discovery[0m [1;30mDEBUG[0m [32mFound 512 installed packages in /opt/ros/humble[0m
[0.630s] [34mcolcon.colcon_core.package_discovery[0m [1;30mLevel 1[0m discover_packages(prefix_path) using defaults
[0.786s] [34mcolcon.colcon_core.verb[0m [1;30mLevel 5[0m set package 'fastdem' build argument 'cmake_args' from command line to 'None'
[0.786s] [34mcolcon.colcon_core.verb[0m [1;30mLevel 5[0m set package 'fastdem' build argument 'cmake_target' from command line to 'None'
[0.786s] [34mcolcon.colcon_core.verb[0m [1;30mLevel 5[0m set package 'fastdem' build argument 'cmake_target_skip_unavailable' from command line to 'False'
[0.786s] [34mcolcon.colcon_core.verb[0m [1;30mLevel 5[0m set package 'fastdem' build argument 'cmake_clean_cache' from command line to 'False'
[0.786s] [34mcolcon.colcon_core.verb[0m [1;30mLevel 5[0m set package 'fastdem' build argument 'cmake_clean_first' from command line to 'False'
[0.786s] [34mcolcon.colcon_core.verb[0m [1;30mLevel 5[0m set package 'fastdem' build argument 'cmake_force_configure' from command line to 'False'
[0.786s] [34mcolcon.colcon_core.verb[0m [1;30mLevel 5[0m set package 'fastdem' build argument 'ament_cmake_args' from command line to 'None'
[0.786s] [34mcolcon.colcon_core.verb[0m [1;30mLevel 5[0m set package 'fastdem' build argument 'catkin_cmake_args' from command line to 'None'
[0.786s] [34mcolcon.colcon_core.verb[0m [1;30mLevel 5[0m set package 'fastdem' build argument 'catkin_skip_building_tests' from command line to 'False'
[0.787s] [34mcolcon.colcon_core.verb[0m [1;30mDEBUG[0m [32mBuilding package 'fastdem' with the following arguments: {'ament_cmake_args': None, 'build_base': '/media/subham/85dce0f4-2e29-4540-9a32-801850cfcef6/subham/LidarMapping2.5D/build/fastdem', 'catkin_cmake_args': None, 'catkin_skip_building_tests': False, 'cmake_args': None, 'cmake_clean_cache': False, 'cmake_clean_first': False, 'cmake_force_configure': False, 'cmake_target': None, 'cmake_target_skip_unavailable': False, 'install_base': '/media/subham/85dce0f4-2e29-4540-9a32-801850cfcef6/subham/LidarMapping2.5D/install/fastdem', 'merge_install': False, 'path': '/media/subham/85dce0f4-2e29-4540-9a32-801850cfcef6/subham/LidarMapping2.5D/src/FastDEM/fastdem', 'symlink_install': True, 'test_result_base': None}[0m
[0.787s] [34mcolcon.colcon_core.verb[0m [1;30mLevel 5[0m set package 'jsk_recognition_msgs' build argument 'cmake_args' from command line to 'None'
[0.787s] [34mcolcon.colcon_core.verb[0m [1;30mLevel 5[0m set package 'jsk_recognition_msgs' build argument 'cmake_target' from command line to 'None'
[0.787s] [34mcolcon.colcon_core.verb[0m [1;30mLevel 5[0m set package 'jsk_recognition_msgs' build argument 'cmake_target_skip_unavailable' from command line to 'False'
[0.787s] [34mcolcon.colcon_core.verb[0m [1;30mLevel 5[0m set package 'jsk_recognition_msgs' build argument 'cmake_clean_cache' from command line to 'False'
[0.788s] [34mcolcon.colcon_core.verb[0m [1;30mLevel 5[0m set package 'jsk_recognition_msgs' build argument 'cmake_clean_first' from command line to 'False'
[0.788s] [34mcolcon.colcon_core.verb[0m [1;30mLevel 5[0m set package 'jsk_recognition_msgs' build argument 'cmake_force_configure' from command line to 'False'
[0.788s] [34mcolcon.colcon_core.verb[0m [1;30mLevel 5[0m set package 'jsk_recognition_msgs' build argument 'ament_cmake_args' from command line to 'None'
[0.788s] [34mcolcon.colcon_core.verb[0m [1;30mLevel 5[0m set package 'jsk_recognition_msgs' build argument 'catkin_cmake_args' from command line to 'None'
[0.788s] [34mcolcon.colcon_core.verb[0m [1;30mLevel 5[0m set package 'jsk_recognition_msgs' build argument 'catkin_skip_building_tests' from command line to 'False'
[0.788s] [34mcolcon.colcon_core.verb[0m [1;30mDEBUG[0m [32mBuilding package 'jsk_recognition_msgs' with the following arguments: {'ament_cmake_args': None, 'build_base': '/media/subham/85dce0f4-2e29-4540-9a32-801850cfcef6/subham/LidarMapping2.5D/build/jsk_recognition_msgs', 'catkin_cmake_args': None, 'catkin_skip_building_tests': False, 'cmake_args': None, 'cmake_clean_cache': False, 'cmake_clean_first': False, 'cmake_force_configure': False, 'cmake_target': None, 'cmake_target_skip_unavailable': False, 'install_base': '/media/subham/85dce0f4-2e29-4540-9a32-801850cfcef6/subham/LidarMapping2.5D/install/jsk_recognition_msgs', 'merge_install': False, 'path': '/media/subham/85dce0f4-2e29-4540-9a32-801850cfcef6/subham/LidarMapping2.5D/src/patchwork-plusplus-ros2/jsk_recognition_msgs', 'symlink_install': True, 'test_result_base': None}[0m
[0.788s] [34mcolcon.colcon_core.verb[0m [1;30mLevel 5[0m set package 'lid_description' build argument 'cmake_args' from command line to 'None'
[0.789s] [34mcolcon.colcon_core.verb[0m [1;30mLevel 5[0m set package 'lid_description' build argument 'cmake_target' from command line to 'None'
[0.789s] [34mcolcon.colcon_core.verb[0m [1;30mLevel 5[0m set package 'lid_description' build argument 'cmake_target_skip_unavailable' from command line to 'False'
[0.789s] [34mcolcon.colcon_core.verb[0m [1;30mLevel 5[0m set package 'lid_description' build argument 'cmake_clean_cache' from command line to 'False'
[0.789s] [34mcolcon.colcon_core.verb[0m [1;30mLevel 5[0m set package 'lid_description' build argument 'cmake_clean_first' from command line to 'False'
[0.789s] [34mcolcon.colcon_core.verb[0m [1;30mLevel 5[0m set package 'lid_description' build argument 'cmake_force_configure' from command line to 'False'
[0.789s] [34mcolcon.colcon_core.verb[0m [1;30mLevel 5[0m set package 'lid_description' build argument 'ament_cmake_args' from command line to 'None'
[0.789s] [34mcolcon.colcon_core.verb[0m [1;30mLevel 5[0m set package 'lid_description' build argument 'catkin_cmake_args' from command line to 'None'
[0.789s] [34mcolcon.colcon_core.verb[0m [1;30mLevel 5[0m set package 'lid_description' build argument 'catkin_skip_building_tests' from command line to 'False'
[0.789s] [34mcolcon.colcon_core.verb[0m [1;30mDEBUG[0m [32mBuilding package 'lid_description' with the following arguments: {'ament_cmake_args': None, 'build_base': '/media/subham/85dce0f4-2e29-4540-9a32-801850cfcef6/subham/LidarMapping2.5D/build/lid_description', 'catkin_cmake_args': None, 'catkin_skip_building_tests': False, 'cmake_args': None, 'cmake_clean_cache': False, 'cmake_clean_first': False, 'cmake_force_configure': False, 'cmake_target': None, 'cmake_target_skip_unavailable': False, 'install_base': '/media/subham/85dce0f4-2e29-4540-9a32-801850cfcef6/subham/LidarMapping2.5D/install/lid_description', 'merge_install': False, 'path': '/media/subham/85dce0f4-2e29-4540-9a32-801850cfcef6/subham/LidarMapping2.5D/src/lid_description', 'symlink_install': True, 'test_result_base': None}[0m
[0.790s] [34mcolcon.colcon_core.verb[0m [1;30mLevel 5[0m set package 'lid_simulation' build argument 'cmake_args' from command line to 'None'
[0.790s] [34mcolcon.colcon_core.verb[0m [1;30mLevel 5[0m set package 'lid_simulation' build argument 'cmake_target' from command line to 'None'
[0.790s] [34mcolcon.colcon_core.verb[0m [1;30mLevel 5[0m set package 'lid_simulation' build argument 'cmake_target_skip_unavailable' from command line to 'False'
[0.790s] [34mcolcon.colcon_core.verb[0m [1;30mLevel 5[0m set package 'lid_simulation' build argument 'cmake_clean_cache' from command line to 'False'
[0.790s] [34mcolcon.colcon_core.verb[0m [1;30mLevel 5[0m set package 'lid_simulation' build argument 'cmake_clean_first' from command line to 'False'
[0.790s] [34mcolcon.colcon_core.verb[0m [1;30mLevel 5[0m set package 'lid_simulation' build argument 'cmake_force_configure' from command line to 'False'
[0.790s] [34mcolcon.colcon_core.verb[0m [1;30mLevel 5[0m set package 'lid_simulation' build argument 'ament_cmake_args' from command line to 'None'
[0.790s] [34mcolcon.colcon_core.verb[0m [1;30mLevel 5[0m set package 'lid_simulation' build argument 'catkin_cmake_args' from command line to 'None'
[0.790s] [34mcolcon.colcon_core.verb[0m [1;30mLevel 5[0m set package 'lid_simulation' build argument 'catkin_skip_building_tests' from command line to 'False'
[0.790s] [34mcolcon.colcon_core.verb[0m [1;30mDEBUG[0m [32mBuilding package 'lid_simulation' with the following arguments: {'ament_cmake_args': None, 'build_base': '/media/subham/85dce0f4-2e29-4540-9a32-801850cfcef6/subham/LidarMapping2.5D/build/lid_simulation', 'catkin_cmake_args': None, 'catkin_skip_building_tests': False, 'cmake_args': None, 'cmake_clean_cache': False, 'cmake_clean_first': False, 'cmake_force_configure': False, 'cmake_target': None, 'cmake_target_skip_unavailable': False, 'install_base': '/media/subham/85dce0f4-2e29-4540-9a32-801850cfcef6/subham/LidarMapping2.5D/install/lid_simulation', 'merge_install': False, 'path': '/media/subham/85dce0f4-2e29-4540-9a32-801850cfcef6/subham/LidarMapping2.5D/src/lid_simulation', 'symlink_install': True, 'test_result_base': None}[0m
[0.791s] [34mcolcon.colcon_core.verb[0m [1;30mLevel 5[0m set package 'segmentation_lidar' build argument 'cmake_args' from command line to 'None'
[0.791s] [34mcolcon.colcon_core.verb[0m [1;30mLevel 5[0m set package 'segmentation_lidar' build argument 'cmake_target' from command line to 'None'
[0.791s] [34mcolcon.colcon_core.verb[0m [1;30mLevel 5[0m set package 'segmentation_lidar' build argument 'cmake_target_skip_unavailable' from command line to 'False'
[0.791s] [34mcolcon.colcon_core.verb[0m [1;30mLevel 5[0m set package 'segmentation_lidar' build argument 'cmake_clean_cache' from command line to 'False'
[0.791s] [34mcolcon.colcon_core.verb[0m [1;30mLevel 5[0m set package 'segmentation_lidar' build argument 'cmake_clean_first' from command line to 'False'
[0.791s] [34mcolcon.colcon_core.verb[0m [1;30mLevel 5[0m set package 'segmentation_lidar' build argument 'cmake_force_configure' from command line to 'False'
[0.791s] [34mcolcon.colcon_core.verb[0m [1;30mLevel 5[0m set package 'segmentation_lidar' build argument 'ament_cmake_args' from command line to 'None'
[0.791s] [34mcolcon.colcon_core.verb[0m [1;30mLevel 5[0m set package 'segmentation_lidar' build argument 'catkin_cmake_args' from command line to 'None'
[0.791s] [34mcolcon.colcon_core.verb[0m [1;30mLevel 5[0m set package 'segmentation_lidar' build argument 'catkin_skip_building_tests' from command line to 'False'
[0.791s] [34mcolcon.colcon_core.verb[0m [1;30mDEBUG[0m [32mBuilding package 'segmentation_lidar' with the following arguments: {'ament_cmake_args': None, 'build_base': '/media/subham/85dce0f4-2e29-4540-9a32-801850cfcef6/subham/LidarMapping2.5D/build/segmentation_lidar', 'catkin_cmake_args': None, 'catkin_skip_building_tests': False, 'cmake_args': None, 'cmake_clean_cache': False, 'cmake_clean_first': False, 'cmake_force_configure': False, 'cmake_target': None, 'cmake_target_skip_unavailable': False, 'install_base': '/media/subham/85dce0f4-2e29-4540-9a32-801850cfcef6/subham/LidarMapping2.5D/install/segmentation_lidar', 'merge_install': False, 'path': '/media/subham/85dce0f4-2e29-4540-9a32-801850cfcef6/subham/LidarMapping2.5D/src/segmentation_lidar', 'symlink_install': True, 'test_result_base': None}[0m
[0.792s] [34mcolcon.colcon_core.verb[0m [1;30mLevel 5[0m set package 'velodyne_gazebo_plugins' build argument 'cmake_args' from command line to 'None'
[0.792s] [34mcolcon.colcon_core.verb[0m [1;30mLevel 5[0m set package 'velodyne_gazebo_plugins' build argument 'cmake_target' from command line to 'None'
[0.792s] [34mcolcon.colcon_core.verb[0m [1;30mLevel 5[0m set package 'velodyne_gazebo_plugins' build argument 'cmake_target_skip_unavailable' from command line to 'False'
[0.792s] [34mcolcon.colcon_core.verb[0m [1;30mLevel 5[0m set package 'velodyne_gazebo_plugins' build argument 'cmake_clean_cache' from command line to 'False'
[0.792s] [34mcolcon.colcon_core.verb[0m [1;30mLevel 5[0m set package 'velodyne_gazebo_plugins' build argument 'cmake_clean_first' from command line to 'False'
[0.792s] [34mcolcon.colcon_core.verb[0m [1;30mLevel 5[0m set package 'velodyne_gazebo_plugins' build argument 'cmake_force_configure' from command line to 'False'
[0.792s] [34mcolcon.colcon_core.verb[0m [1;30mLevel 5[0m set package 'velodyne_gazebo_plugins' build argument 'ament_cmake_args' from command line to 'None'
[0.792s] [34mcolcon.colcon_core.verb[0m [1;30mLevel 5[0m set package 'velodyne_gazebo_plugins' build argument 'catkin_cmake_args' from command line to 'None'
[0.792s] [34mcolcon.colcon_core.verb[0m [1;30mLevel 5[0m set package 'velodyne_gazebo_plugins' build argument 'catkin_skip_building_tests' from command line to 'False'
[0.792s] [34mcolcon.colcon_core.verb[0m [1;30mDEBUG[0m [32mBuilding package 'velodyne_gazebo_plugins' with the following arguments: {'ament_cmake_args': None, 'build_base': '/media/subham/85dce0f4-2e29-4540-9a32-801850cfcef6/subham/LidarMapping2.5D/build/velodyne_gazebo_plugins', 'catkin_cmake_args': None, 'catkin_skip_building_tests': False, 'cmake_args': None, 'cmake_clean_cache': False, 'cmake_clean_first': False, 'cmake_force_configure': False, 'cmake_target': None, 'cmake_target_skip_unavailable': False, 'install_base': '/media/subham/85dce0f4-2e29-4540-9a32-801850cfcef6/subham/LidarMapping2.5D/install/velodyne_gazebo_plugins', 'merge_install': False, 'path': '/media/subham/85dce0f4-2e29-4540-9a32-801850cfcef6/subham/LidarMapping2.5D/src/velodyne/velodyne_gazebo_plugins', 'symlink_install': True, 'test_result_base': None}[0m
[0.793s] [34mcolcon.colcon_core.verb[0m [1;30mLevel 5[0m set package 'fastdem_ros2' build argument 'cmake_args' from command line to 'None'
[0.793s] [34mcolcon.colcon_core.verb[0m [1;30mLevel 5[0m set package 'fastdem_ros2' build argument 'cmake_target' from command line to 'None'
[0.793s] [34mcolcon.colcon_core.verb[0m [1;30mLevel 5[0m set package 'fastdem_ros2' build argument 'cmake_target_skip_unavailable' from command line to 'False'
[0.793s] [34mcolcon.colcon_core.verb[0m [1;30mLevel 5[0m set package 'fastdem_ros2' build argument 'cmake_clean_cache' from command line to 'False'
[0.793s] [34mcolcon.colcon_core.verb[0m [1;30mLevel 5[0m set package 'fastdem_ros2' build argument 'cmake_clean_first' from command line to 'False'
[0.793s] [34mcolcon.colcon_core.verb[0m [1;30mLevel 5[0m set package 'fastdem_ros2' build argument 'cmake_force_configure' from command line to 'False'
[0.794s] [34mcolcon.colcon_core.verb[0m [1;30mLevel 5[0m set package 'fastdem_ros2' build argument 'ament_cmake_args' from command line to 'None'
[0.794s] [34mcolcon.colcon_core.verb[0m [1;30mLevel 5[0m set package 'fastdem_ros2' build argument 'catkin_cmake_args' from command line to 'None'
[0.794s] [34mcolcon.colcon_core.verb[0m [1;30mLevel 5[0m set package 'fastdem_ros2' build argument 'catkin_skip_building_tests' from command line to 'False'
[0.794s] [34mcolcon.colcon_core.verb[0m [1;30mDEBUG[0m [32mBuilding package 'fastdem_ros2' with the following arguments: {'ament_cmake_args': None, 'build_base': '/media/subham/85dce0f4-2e29-4540-9a32-801850cfcef6/subham/LidarMapping2.5D/build/fastdem_ros2', 'catkin_cmake_args': None, 'catkin_skip_building_tests': False, 'cmake_args': None, 'cmake_clean_cache': False, 'cmake_clean_first': False, 'cmake_force_configure': False, 'cmake_target': None, 'cmake_target_skip_unavailable': False, 'install_base': '/media/subham/85dce0f4-2e29-4540-9a32-801850cfcef6/subham/LidarMapping2.5D/install/fastdem_ros2', 'merge_install': False, 'path': '/media/subham/85dce0f4-2e29-4540-9a32-801850cfcef6/subham/LidarMapping2.5D/src/FastDEM/ros2', 'symlink_install': True, 'test_result_base': None}[0m
[0.794s] [34mcolcon.colcon_core.verb[0m [1;30mLevel 5[0m set package 'patchwork_plusplus' build argument 'cmake_args' from command line to 'None'
[0.794s] [34mcolcon.colcon_core.verb[0m [1;30mLevel 5[0m set package 'patchwork_plusplus' build argument 'cmake_target' from command line to 'None'
[0.794s] [34mcolcon.colcon_core.verb[0m [1;30mLevel 5[0m set package 'patchwork_plusplus' build argument 'cmake_target_skip_unavailable' from command line to 'False'
[0.795s] [34mcolcon.colcon_core.verb[0m [1;30mLevel 5[0m set package 'patchwork_plusplus' build argument 'cmake_clean_cache' from command line to 'False'
[0.795s] [34mcolcon.colcon_core.verb[0m [1;30mLevel 5[0m set package 'patchwork_plusplus' build argument 'cmake_clean_first' from command line to 'False'
[0.795s] [34mcolcon.colcon_core.verb[0m [1;30mLevel 5[0m set package 'patchwork_plusplus' build argument 'cmake_force_configure' from command line to 'False'
[0.795s] [34mcolcon.colcon_core.verb[0m [1;30mLevel 5[0m set package 'patchwork_plusplus' build argument 'ament_cmake_args' from command line to 'None'
[0.795s] [34mcolcon.colcon_core.verb[0m [1;30mLevel 5[0m set package 'patchwork_plusplus' build argument 'catkin_cmake_args' from command line to 'None'
[0.795s] [34mcolcon.colcon_core.verb[0m [1;30mLevel 5[0m set package 'patchwork_plusplus' build argument 'catkin_skip_building_tests' from command line to 'False'
[0.795s] [34mcolcon.colcon_core.verb[0m [1;30mDEBUG[0m [32mBuilding package 'patchwork_plusplus' with the following arguments: {'ament_cmake_args': None, 'build_base': '/media/subham/85dce0f4-2e29-4540-9a32-801850cfcef6/subham/LidarMapping2.5D/build/patchwork_plusplus', 'catkin_cmake_args': None, 'catkin_skip_building_tests': False, 'cmake_args': None, 'cmake_clean_cache': False, 'cmake_clean_first': False, 'cmake_force_configure': False, 'cmake_target': None, 'cmake_target_skip_unavailable': False, 'install_base': '/media/subham/85dce0f4-2e29-4540-9a32-801850cfcef6/subham/LidarMapping2.5D/install/patchwork_plusplus', 'merge_install': False, 'path': '/media/subham/85dce0f4-2e29-4540-9a32-801850cfcef6/subham/LidarMapping2.5D/src/patchwork-plusplus-ros2/patchwork_plusplus', 'symlink_install': True, 'test_result_base': None}[0m
[0.796s] [34mcolcon.colcon_core.verb[0m [1;30mLevel 5[0m set package 'velodyne_description' build argument 'cmake_args' from command line to 'None'
[0.796s] [34mcolcon.colcon_core.verb[0m [1;30mLevel 5[0m set package 'velodyne_description' build argument 'cmake_target' from command line to 'None'
[0.796s] [34mcolcon.colcon_core.verb[0m [1;30mLevel 5[0m set package 'velodyne_description' build argument 'cmake_target_skip_unavailable' from command line to 'False'
[0.796s] [34mcolcon.colcon_core.verb[0m [1;30mLevel 5[0m set package 'velodyne_description' build argument 'cmake_clean_cache' from command line to 'False'
[0.796s] [34mcolcon.colcon_core.verb[0m [1;30mLevel 5[0m set package 'velodyne_description' build argument 'cmake_clean_first' from command line to 'False'
[0.796s] [34mcolcon.colcon_core.verb[0m [1;30mLevel 5[0m set package 'velodyne_description' build argument 'cmake_force_configure' from command line to 'False'
[0.796s] [34mcolcon.colcon_core.verb[0m [1;30mLevel 5[0m set package 'velodyne_description' build argument 'ament_cmake_args' from command line to 'None'
[0.796s] [34mcolcon.colcon_core.verb[0m [1;30mLevel 5[0m set package 'velodyne_description' build argument 'catkin_cmake_args' from command line to 'None'
[0.796s] [34mcolcon.colcon_core.verb[0m [1;30mLevel 5[0m set package 'velodyne_description' build argument 'catkin_skip_building_tests' from command line to 'False'
[0.796s] [34mcolcon.colcon_core.verb[0m [1;30mDEBUG[0m [32mBuilding package 'velodyne_description' with the following arguments: {'ament_cmake_args': None, 'build_base': '/media/subham/85dce0f4-2e29-4540-9a32-801850cfcef6/subham/LidarMapping2.5D/build/velodyne_description', 'catkin_cmake_args': None, 'catkin_skip_building_tests': False, 'cmake_args': None, 'cmake_clean_cache': False, 'cmake_clean_first': False, 'cmake_force_configure': False, 'cmake_target': None, 'cmake_target_skip_unavailable': False, 'install_base': '/media/subham/85dce0f4-2e29-4540-9a32-801850cfcef6/subham/LidarMapping2.5D/install/velodyne_description', 'merge_install': False, 'path': '/media/subham/85dce0f4-2e29-4540-9a32-801850cfcef6/subham/LidarMapping2.5D/src/velodyne/velodyne_description', 'symlink_install': True, 'test_result_base': None}[0m
[0.797s] [34mcolcon.colcon_core.verb[0m [1;30mLevel 5[0m set package 'velodyne_simulator' build argument 'cmake_args' from command line to 'None'
[0.797s] [34mcolcon.colcon_core.verb[0m [1;30mLevel 5[0m set package 'velodyne_simulator' build argument 'cmake_target' from command line to 'None'
[0.797s] [34mcolcon.colcon_core.verb[0m [1;30mLevel 5[0m set package 'velodyne_simulator' build argument 'cmake_target_skip_unavailable' from command line to 'False'
[0.797s] [34mcolcon.colcon_core.verb[0m [1;30mLevel 5[0m set package 'velodyne_simulator' build argument 'cmake_clean_cache' from command line to 'False'
[0.797s] [34mcolcon.colcon_core.verb[0m [1;30mLevel 5[0m set package 'velodyne_simulator' build argument 'cmake_clean_first' from command line to 'False'
[0.797s] [34mcolcon.colcon_core.verb[0m [1;30mLevel 5[0m set package 'velodyne_simulator' build argument 'cmake_force_configure' from command line to 'False'
[0.797s] [34mcolcon.colcon_core.verb[0m [1;30mLevel 5[0m set package 'velodyne_simulator' build argument 'ament_cmake_args' from command line to 'None'
[0.797s] [34mcolcon.colcon_core.verb[0m [1;30mLevel 5[0m set package 'velodyne_simulator' build argument 'catkin_cmake_args' from command line to 'None'
[0.797s] [34mcolcon.colcon_core.verb[0m [1;30mLevel 5[0m set package 'velodyne_simulator' build argument 'catkin_skip_building_tests' from command line to 'False'
[0.797s] [34mcolcon.colcon_core.verb[0m [1;30mDEBUG[0m [32mBuilding package 'velodyne_simulator' with the following arguments: {'ament_cmake_args': None, 'build_base': '/media/subham/85dce0f4-2e29-4540-9a32-801850cfcef6/subham/LidarMapping2.5D/build/velodyne_simulator', 'catkin_cmake_args': None, 'catkin_skip_building_tests': False, 'cmake_args': None, 'cmake_clean_cache': False, 'cmake_clean_first': False, 'cmake_force_configure': False, 'cmake_target': None, 'cmake_target_skip_unavailable': False, 'install_base': '/media/subham/85dce0f4-2e29-4540-9a32-801850cfcef6/subham/LidarMapping2.5D/install/velodyne_simulator', 'merge_install': False, 'path': '/media/subham/85dce0f4-2e29-4540-9a32-801850cfcef6/subham/LidarMapping2.5D/src/velodyne/velodyne_simulator', 'symlink_install': True, 'test_result_base': None}[0m
[0.797s] [34mcolcon.colcon_core.executor[0m [1;30mINFO[0m Executing jobs using 'sequential' executor
[0.799s] [34mcolcon.colcon_core.executor.sequential[0m [1;30mDEBUG[0m [32mrun_until_complete 'fastdem'[0m
[0.800s] [34mcolcon.colcon_ros.task.cmake.build[0m [1;30mINFO[0m Building ROS package in '/media/subham/85dce0f4-2e29-4540-9a32-801850cfcef6/subham/LidarMapping2.5D/src/FastDEM/fastdem' with build type 'cmake'
[0.800s] [34mcolcon.colcon_cmake.task.cmake.build[0m [1;30mINFO[0m Building CMake package in '/media/subham/85dce0f4-2e29-4540-9a32-801850cfcef6/subham/LidarMapping2.5D/src/FastDEM/fastdem'
[0.806s] [34mcolcon.colcon_core.plugin_system[0m [1;30mINFO[0m Skipping extension 'colcon_core.shell.bat': Not used on non-Windows systems
[0.806s] [34mcolcon.colcon_core.shell[0m [1;30mINFO[0m Skip shell extension 'powershell' for command environment: Not usable outside of PowerShell
[0.806s] [34mcolcon.colcon_core.shell[0m [1;30mDEBUG[0m [32mSkip shell extension 'dsv' for command environment[0m
[0.841s] [34mcolcon.colcon_core.event_handler.log_command[0m [1;30mDEBUG[0m [32mInvoking command in '/media/subham/85dce0f4-2e29-4540-9a32-801850cfcef6/subham/LidarMapping2.5D/build/fastdem': CMAKE_PREFIX_PATH=${CMAKE_PREFIX_PATH}:/home/subham/omokai_ws/install/llm_navigation:/home/subham/Edge_AI_for_ADAS_and_Autonomous_Systems/install/adas_perception:/home/subham/Edge_AI_for_ADAS_and_Autonomous_Systems/install/adas_navigation:/home/subham/rover_ws/install/rover_navigation:/home/subham/anvrit_ws/install/anvrit_perception:/home/subham/anvrit_ws/install/anvrit_odometry:/home/subham/anvrit_ws/install/anvrit_nav2:/home/subham/igvc/install/igvc_perception:/home/subham/igvc/install/igvc_navigation:/home/subham/colcon_ws/install/ros2ai:/opt/ros/humble /usr/bin/cmake --build /media/subham/85dce0f4-2e29-4540-9a32-801850cfcef6/subham/LidarMapping2.5D/build/fastdem[0m
[1.074s] [34mcolcon.colcon_core.event_handler.log_command[0m [1;30mDEBUG[0m [32mInvoked command in '/media/subham/85dce0f4-2e29-4540-9a32-801850cfcef6/subham/LidarMapping2.5D/build/fastdem' returned '0': CMAKE_PREFIX_PATH=${CMAKE_PREFIX_PATH}:/home/subham/omokai_ws/install/llm_navigation:/home/subham/Edge_AI_for_ADAS_and_Autonomous_Systems/install/adas_perception:/home/subham/Edge_AI_for_ADAS_and_Autonomous_Systems/install/adas_navigation:/home/subham/rover_ws/install/rover_navigation:/home/subham/anvrit_ws/install/anvrit_perception:/home/subham/anvrit_ws/install/anvrit_odometry:/home/subham/anvrit_ws/install/anvrit_nav2:/home/subham/igvc/install/igvc_perception:/home/subham/igvc/install/igvc_navigation:/home/subham/colcon_ws/install/ros2ai:/opt/ros/humble /usr/bin/cmake --build /media/subham/85dce0f4-2e29-4540-9a32-801850cfcef6/subham/LidarMapping2.5D/build/fastdem[0m
[1.094s] [34mcolcon.colcon_core.event_handler.log_command[0m [1;30mDEBUG[0m [32mInvoking command in '/media/subham/85dce0f4-2e29-4540-9a32-801850cfcef6/subham/LidarMapping2.5D/build/fastdem': CMAKE_PREFIX_PATH=${CMAKE_PREFIX_PATH}:/home/subham/omokai_ws/install/llm_navigation:/home/subham/Edge_AI_for_ADAS_and_Autonomous_Systems/install/adas_perception:/home/subham/Edge_AI_for_ADAS_and_Autonomous_Systems/install/adas_navigation:/home/subham/rover_ws/install/rover_navigation:/home/subham/anvrit_ws/install/anvrit_perception:/home/subham/anvrit_ws/install/anvrit_odometry:/home/subham/anvrit_ws/install/anvrit_nav2:/home/subham/igvc/install/igvc_perception:/home/subham/igvc/install/igvc_navigation:/home/subham/colcon_ws/install/ros2ai:/opt/ros/humble /usr/bin/cmake --install /media/subham/85dce0f4-2e29-4540-9a32-801850cfcef6/subham/LidarMapping2.5D/build/fastdem[0m
[1.129s] [34mcolcon.colcon_core.event_handler.log_command[0m [1;30mDEBUG[0m [32mInvoked command in '/media/subham/85dce0f4-2e29-4540-9a32-801850cfcef6/subham/LidarMapping2.5D/build/fastdem' returned '0': CMAKE_PREFIX_PATH=${CMAKE_PREFIX_PATH}:/home/subham/omokai_ws/install/llm_navigation:/home/subham/Edge_AI_for_ADAS_and_Autonomous_Systems/install/adas_perception:/home/subham/Edge_AI_for_ADAS_and_Autonomous_Systems/install/adas_navigation:/home/subham/rover_ws/install/rover_navigation:/home/subham/anvrit_ws/install/anvrit_perception:/home/subham/anvrit_ws/install/anvrit_odometry:/home/subham/anvrit_ws/install/anvrit_nav2:/home/subham/igvc/install/igvc_perception:/home/subham/igvc/install/igvc_navigation:/home/subham/colcon_ws/install/ros2ai:/opt/ros/humble /usr/bin/cmake --install /media/subham/85dce0f4-2e29-4540-9a32-801850cfcef6/subham/LidarMapping2.5D/build/fastdem[0m
[1.129s] [34mcolcon.colcon_core.shell[0m [1;30mLevel 1[0m create_environment_hook('fastdem', 'pkg_config_path')
[1.130s] [34mcolcon.colcon_core.shell[0m [1;30mINFO[0m Creating environment hook '/media/subham/85dce0f4-2e29-4540-9a32-801850cfcef6/subham/LidarMapping2.5D/install/fastdem/share/fastdem/hook/pkg_config_path.ps1'
[1.131s] [34mcolcon.colcon_core.shell[0m [1;30mINFO[0m Creating environment descriptor '/media/subham/85dce0f4-2e29-4540-9a32-801850cfcef6/subham/LidarMapping2.5D/install/fastdem/share/fastdem/hook/pkg_config_path.dsv'
[1.131s] [34mcolcon.colcon_core.shell[0m [1;30mINFO[0m Creating environment hook '/media/subham/85dce0f4-2e29-4540-9a32-801850cfcef6/subham/LidarMapping2.5D/install/fastdem/share/fastdem/hook/pkg_config_path.sh'
[1.138s] [34mcolcon.colcon_core.shell[0m [1;30mLevel 1[0m create_environment_hook('fastdem', 'pkg_config_path_multiarch')
[1.139s] [34mcolcon.colcon_core.shell[0m [1;30mINFO[0m Creating environment hook '/media/subham/85dce0f4-2e29-4540-9a32-801850cfcef6/subham/LidarMapping2.5D/install/fastdem/share/fastdem/hook/pkg_config_path_multiarch.ps1'
[1.140s] [34mcolcon.colcon_core.shell[0m [1;30mINFO[0m Creating environment descriptor '/media/subham/85dce0f4-2e29-4540-9a32-801850cfcef6/subham/LidarMapping2.5D/install/fastdem/share/fastdem/hook/pkg_config_path_multiarch.dsv'
[1.140s] [34mcolcon.colcon_core.shell[0m [1;30mINFO[0m Creating environment hook '/media/subham/85dce0f4-2e29-4540-9a32-801850cfcef6/subham/LidarMapping2.5D/install/fastdem/share/fastdem/hook/pkg_config_path_multiarch.sh'
[1.141s] [34mcolcon.colcon_core.environment[0m [1;30mLevel 1[0m create_environment_scripts_only(fastdem)
[1.146s] [34mcolcon.colcon_core.environment[0m [1;30mLevel 1[0m checking '/media/subham/85dce0f4-2e29-4540-9a32-801850cfcef6/subham/LidarMapping2.5D/install/fastdem' for CMake module files
[1.147s] [34mcolcon.colcon_core.environment[0m [1;30mLevel 1[0m checking '/media/subham/85dce0f4-2e29-4540-9a32-801850cfcef6/subham/LidarMapping2.5D/install/fastdem' for CMake config files
[1.148s] [34mcolcon.colcon_core.shell[0m [1;30mLevel 1[0m create_environment_hook('fastdem', 'cmake_prefix_path')
[1.149s] [34mcolcon.colcon_core.shell[0m [1;30mINFO[0m Creating environment hook '/media/subham/85dce0f4-2e29-4540-9a32-801850cfcef6/subham/LidarMapping2.5D/install/fastdem/share/fastdem/hook/cmake_prefix_path.ps1'
[1.149s] [34mcolcon.colcon_core.shell[0m [1;30mINFO[0m Creating environment descriptor '/media/subham/85dce0f4-2e29-4540-9a32-801850cfcef6/subham/LidarMapping2.5D/install/fastdem/share/fastdem/hook/cmake_prefix_path.dsv'
[1.150s] [34mcolcon.colcon_core.shell[0m [1;30mINFO[0m Creating environment hook '/media/subham/85dce0f4-2e29-4540-9a32-801850cfcef6/subham/LidarMapping2.5D/install/fastdem/share/fastdem/hook/cmake_prefix_path.sh'
[1.151s] [34mcolcon.colcon_core.environment[0m [1;30mLevel 1[0m checking '/media/subham/85dce0f4-2e29-4540-9a32-801850cfcef6/subham/LidarMapping2.5D/install/fastdem/lib'
[1.152s] [34mcolcon.colcon_core.environment[0m [1;30mLevel 1[0m checking '/media/subham/85dce0f4-2e29-4540-9a32-801850cfcef6/subham/LidarMapping2.5D/install/fastdem/bin'
[1.152s] [34mcolcon.colcon_core.environment[0m [1;30mLevel 1[0m checking '/media/subham/85dce0f4-2e29-4540-9a32-801850cfcef6/subham/LidarMapping2.5D/install/fastdem/lib/pkgconfig/fastdem.pc'
[1.152s] [34mcolcon.colcon_core.environment[0m [1;30mLevel 1[0m checking '/media/subham/85dce0f4-2e29-4540-9a32-801850cfcef6/subham/LidarMapping2.5D/install/fastdem/lib/python3.10/site-packages'
[1.152s] [34mcolcon.colcon_core.environment[0m [1;30mLevel 1[0m checking '/media/subham/85dce0f4-2e29-4540-9a32-801850cfcef6/subham/LidarMapping2.5D/install/fastdem/bin'
[1.153s] [34mcolcon.colcon_core.shell[0m [1;30mINFO[0m Creating package script '/media/subham/85dce0f4-2e29-4540-9a32-801850cfcef6/subham/LidarMapping2.5D/install/fastdem/share/fastdem/package.ps1'
[1.155s] [34mcolcon.colcon_core.shell[0m [1;30mINFO[0m Creating package descriptor '/media/subham/85dce0f4-2e29-4540-9a32-801850cfcef6/subham/LidarMapping2.5D/install/fastdem/share/fastdem/package.dsv'
[1.157s] [34mcolcon.colcon_core.shell[0m [1;30mINFO[0m Creating package script '/media/subham/85dce0f4-2e29-4540-9a32-801850cfcef6/subham/LidarMapping2.5D/install/fastdem/share/fastdem/package.sh'
[1.158s] [34mcolcon.colcon_core.shell[0m [1;30mINFO[0m Creating package script '/media/subham/85dce0f4-2e29-4540-9a32-801850cfcef6/subham/LidarMapping2.5D/install/fastdem/share/fastdem/package.bash'
[1.160s] [34mcolcon.colcon_core.shell[0m [1;30mINFO[0m Creating package script '/media/subham/85dce0f4-2e29-4540-9a32-801850cfcef6/subham/LidarMapping2.5D/install/fastdem/share/fastdem/package.zsh'
[1.161s] [34mcolcon.colcon_core.environment[0m [1;30mLevel 1[0m create_file_with_runtime_dependencies(/media/subham/85dce0f4-2e29-4540-9a32-801850cfcef6/subham/LidarMapping2.5D/install/fastdem/share/colcon-core/packages/fastdem)
[1.161s] [34mcolcon.colcon_core.executor.sequential[0m [1;30mDEBUG[0m [32mrun_until_complete 'fastdem' finished with '0'[0m
[1.162s] [34mcolcon.colcon_core.executor.sequential[0m [1;30mDEBUG[0m [32mrun_until_complete 'jsk_recognition_msgs'[0m
[1.162s] [34mcolcon.colcon_ros.task.ament_cmake.build[0m [1;30mINFO[0m Building ROS package in '/media/subham/85dce0f4-2e29-4540-9a32-801850cfcef6/subham/LidarMapping2.5D/src/patchwork-plusplus-ros2/jsk_recognition_msgs' with build type 'ament_cmake'
[1.162s] [34mcolcon.colcon_cmake.task.cmake.build[0m [1;30mINFO[0m Building CMake package in '/media/subham/85dce0f4-2e29-4540-9a32-801850cfcef6/subham/LidarMapping2.5D/src/patchwork-plusplus-ros2/jsk_recognition_msgs'
[1.162s] [34mcolcon.colcon_core.shell[0m [1;30mINFO[0m Skip shell extension 'powershell' for command environment: Not usable outside of PowerShell
[1.163s] [34mcolcon.colcon_core.shell[0m [1;30mDEBUG[0m [32mSkip shell extension 'dsv' for command environment[0m
[1.186s] [34mcolcon.colcon_core.event_handler.log_command[0m [1;30mDEBUG[0m [32mInvoking command in '/media/subham/85dce0f4-2e29-4540-9a32-801850cfcef6/subham/LidarMapping2.5D/build/jsk_recognition_msgs': CMAKE_PREFIX_PATH=${CMAKE_PREFIX_PATH}:/home/subham/omokai_ws/install/llm_navigation:/home/subham/Edge_AI_for_ADAS_and_Autonomous_Systems/install/adas_perception:/home/subham/Edge_AI_for_ADAS_and_Autonomous_Systems/install/adas_navigation:/home/subham/rover_ws/install/rover_navigation:/home/subham/anvrit_ws/install/anvrit_perception:/home/subham/anvrit_ws/install/anvrit_odometry:/home/subham/anvrit_ws/install/anvrit_nav2:/home/subham/igvc/install/igvc_perception:/home/subham/igvc/install/igvc_navigation:/home/subham/colcon_ws/install/ros2ai:/opt/ros/humble /usr/bin/cmake --build /media/subham/85dce0f4-2e29-4540-9a32-801850cfcef6/subham/LidarMapping2.5D/build/jsk_recognition_msgs[0m
[3.692s] [34mcolcon.colcon_core.event_handler.log_command[0m [1;30mDEBUG[0m [32mInvoked command in '/media/subham/85dce0f4-2e29-4540-9a32-801850cfcef6/subham/LidarMapping2.5D/build/jsk_recognition_msgs' returned '0': CMAKE_PREFIX_PATH=${CMAKE_PREFIX_PATH}:/home/subham/omokai_ws/install/llm_navigation:/home/subham/Edge_AI_for_ADAS_and_Autonomous_Systems/install/adas_perception:/home/subham/Edge_AI_for_ADAS_and_Autonomous_Systems/install/adas_navigation:/home/subham/rover_ws/install/rover_navigation:/home/subham/anvrit_ws/install/anvrit_perception:/home/subham/anvrit_ws/install/anvrit_odometry:/home/subham/anvrit_ws/install/anvrit_nav2:/home/subham/igvc/install/igvc_perception:/home/subham/igvc/install/igvc_navigation:/home/subham/colcon_ws/install/ros2ai:/opt/ros/humble /usr/bin/cmake --build /media/subham/85dce0f4-2e29-4540-9a32-801850cfcef6/subham/LidarMapping2.5D/build/jsk_recognition_msgs[0m
[3.694s] [34mcolcon.colcon_core.event_handler.log_command[0m [1;30mDEBUG[0m [32mInvoking command in '/media/subham/85dce0f4-2e29-4540-9a32-801850cfcef6/subham/LidarMapping2.5D/build/jsk_recognition_msgs': CMAKE_PREFIX_PATH=${CMAKE_PREFIX_PATH}:/home/subham/omokai_ws/install/llm_navigation:/home/subham/Edge_AI_for_ADAS_and_Autonomous_Systems/install/adas_perception:/home/subham/Edge_AI_for_ADAS_and_Autonomous_Systems/install/adas_navigation:/home/subham/rover_ws/install/rover_navigation:/home/subham/anvrit_ws/install/anvrit_perception:/home/subham/anvrit_ws/install/anvrit_odometry:/home/subham/anvrit_ws/install/anvrit_nav2:/home/subham/igvc/install/igvc_perception:/home/subham/igvc/install/igvc_navigation:/home/subham/colcon_ws/install/ros2ai:/opt/ros/humble /usr/bin/cmake --install /media/subham/85dce0f4-2e29-4540-9a32-801850cfcef6/subham/LidarMapping2.5D/build/jsk_recognition_msgs[0m
[3.809s] [34mcolcon.colcon_core.environment[0m [1;30mLevel 1[0m create_environment_scripts_only(jsk_recognition_msgs)
[3.811s] [34mcolcon.colcon_core.environment[0m [1;30mLevel 1[0m checking '/media/subham/85dce0f4-2e29-4540-9a32-801850cfcef6/subham/LidarMapping2.5D/install/jsk_recognition_msgs' for CMake module files
[3.812s] [34mcolcon.colcon_core.event_handler.log_command[0m [1;30mDEBUG[0m [32mInvoked command in '/media/subham/85dce0f4-2e29-4540-9a32-801850cfcef6/subham/LidarMapping2.5D/build/jsk_recognition_msgs' returned '0': CMAKE_PREFIX_PATH=${CMAKE_PREFIX_PATH}:/home/subham/omokai_ws/install/llm_navigation:/home/subham/Edge_AI_for_ADAS_and_Autonomous_Systems/install/adas_perception:/home/subham/Edge_AI_for_ADAS_and_Autonomous_Systems/install/adas_navigation:/home/subham/rover_ws/install/rover_navigation:/home/subham/anvrit_ws/install/anvrit_perception:/home/subham/anvrit_ws/install/anvrit_odometry:/home/subham/anvrit_ws/install/anvrit_nav2:/home/subham/igvc/install/igvc_perception:/home/subham/igvc/install/igvc_navigation:/home/subham/colcon_ws/install/ros2ai:/opt/ros/humble /usr/bin/cmake --install /media/subham/85dce0f4-2e29-4540-9a32-801850cfcef6/subham/LidarMapping2.5D/build/jsk_recognition_msgs[0m
[3.814s] [34mcolcon.colcon_core.environment[0m [1;30mLevel 1[0m checking '/media/subham/85dce0f4-2e29-4540-9a32-801850cfcef6/subham/LidarMapping2.5D/install/jsk_recognition_msgs' for CMake config files
[3.815s] [34mcolcon.colcon_core.shell[0m [1;30mLevel 1[0m create_environment_hook('jsk_recognition_msgs', 'cmake_prefix_path')
[3.816s] [34mcolcon.colcon_core.shell[0m [1;30mINFO[0m Creating environment hook '/media/subham/85dce0f4-2e29-4540-9a32-801850cfcef6/subham/LidarMapping2.5D/install/jsk_recognition_msgs/share/jsk_recognition_msgs/hook/cmake_prefix_path.ps1'
[3.817s] [34mcolcon.colcon_core.shell[0m [1;30mINFO[0m Creating environment descriptor '/media/subham/85dce0f4-2e29-4540-9a32-801850cfcef6/subham/LidarMapping2.5D/install/jsk_recognition_msgs/share/jsk_recognition_msgs/hook/cmake_prefix_path.dsv'
[3.817s] [34mcolcon.colcon_core.shell[0m [1;30mINFO[0m Creating environment hook '/media/subham/85dce0f4-2e29-4540-9a32-801850cfcef6/subham/LidarMapping2.5D/install/jsk_recognition_msgs/share/jsk_recognition_msgs/hook/cmake_prefix_path.sh'
[3.818s] [34mcolcon.colcon_core.environment[0m [1;30mLevel 1[0m checking '/media/subham/85dce0f4-2e29-4540-9a32-801850cfcef6/subham/LidarMapping2.5D/install/jsk_recognition_msgs/lib'
[3.818s] [34mcolcon.colcon_core.shell[0m [1;30mLevel 1[0m create_environment_hook('jsk_recognition_msgs', 'ld_library_path_lib')
[3.818s] [34mcolcon.colcon_core.shell[0m [1;30mINFO[0m Creating environment hook '/media/subham/85dce0f4-2e29-4540-9a32-801850cfcef6/subham/LidarMapping2.5D/install/jsk_recognition_msgs/share/jsk_recognition_msgs/hook/ld_library_path_lib.ps1'
[3.819s] [34mcolcon.colcon_core.shell[0m [1;30mINFO[0m Creating environment descriptor '/media/subham/85dce0f4-2e29-4540-9a32-801850cfcef6/subham/LidarMapping2.5D/install/jsk_recognition_msgs/share/jsk_recognition_msgs/hook/ld_library_path_lib.dsv'
[3.819s] [34mcolcon.colcon_core.shell[0m [1;30mINFO[0m Creating environment hook '/media/subham/85dce0f4-2e29-4540-9a32-801850cfcef6/subham/LidarMapping2.5D/install/jsk_recognition_msgs/share/jsk_recognition_msgs/hook/ld_library_path_lib.sh'
[3.820s] [34mcolcon.colcon_core.environment[0m [1;30mLevel 1[0m checking '/media/subham/85dce0f4-2e29-4540-9a32-801850cfcef6/subham/LidarMapping2.5D/install/jsk_recognition_msgs/bin'
[3.820s] [34mcolcon.colcon_core.environment[0m [1;30mLevel 1[0m checking '/media/subham/85dce0f4-2e29-4540-9a32-801850cfcef6/subham/LidarMapping2.5D/install/jsk_recognition_msgs/lib/pkgconfig/jsk_recognition_msgs.pc'
[3.820s] [34mcolcon.colcon_core.environment[0m [1;30mLevel 1[0m checking '/media/subham/85dce0f4-2e29-4540-9a32-801850cfcef6/subham/LidarMapping2.5D/install/jsk_recognition_msgs/lib/python3.10/site-packages'
[3.820s] [34mcolcon.colcon_core.environment[0m [1;30mLevel 1[0m checking '/media/subham/85dce0f4-2e29-4540-9a32-801850cfcef6/subham/LidarMapping2.5D/install/jsk_recognition_msgs/bin'
[3.821s] [34mcolcon.colcon_core.shell[0m [1;30mINFO[0m Creating package script '/media/subham/85dce0f4-2e29-4540-9a32-801850cfcef6/subham/LidarMapping2.5D/install/jsk_recognition_msgs/share/jsk_recognition_msgs/package.ps1'
[3.821s] [34mcolcon.colcon_core.shell[0m [1;30mINFO[0m Creating package descriptor '/media/subham/85dce0f4-2e29-4540-9a32-801850cfcef6/subham/LidarMapping2.5D/install/jsk_recognition_msgs/share/jsk_recognition_msgs/package.dsv'
[3.822s] [34mcolcon.colcon_core.shell[0m [1;30mINFO[0m Creating package script '/media/subham/85dce0f4-2e29-4540-9a32-801850cfcef6/subham/LidarMapping2.5D/install/jsk_recognition_msgs/share/jsk_recognition_msgs/package.sh'
[3.822s] [34mcolcon.colcon_core.shell[0m [1;30mINFO[0m Creating package script '/media/subham/85dce0f4-2e29-4540-9a32-801850cfcef6/subham/LidarMapping2.5D/install/jsk_recognition_msgs/share/jsk_recognition_msgs/package.bash'
[3.823s] [34mcolcon.colcon_core.shell[0m [1;30mINFO[0m Creating package script '/media/subham/85dce0f4-2e29-4540-9a32-801850cfcef6/subham/LidarMapping2.5D/install/jsk_recognition_msgs/share/jsk_recognition_msgs/package.zsh'
[3.823s] [34mcolcon.colcon_core.environment[0m [1;30mLevel 1[0m create_file_with_runtime_dependencies(/media/subham/85dce0f4-2e29-4540-9a32-801850cfcef6/subham/LidarMapping2.5D/install/jsk_recognition_msgs/share/colcon-core/packages/jsk_recognition_msgs)
[3.824s] [34mcolcon.colcon_core.environment[0m [1;30mLevel 1[0m create_environment_scripts_only(jsk_recognition_msgs)
[3.824s] [34mcolcon.colcon_core.environment[0m [1;30mLevel 1[0m checking '/media/subham/85dce0f4-2e29-4540-9a32-801850cfcef6/subham/LidarMapping2.5D/install/jsk_recognition_msgs' for CMake module files
[3.825s] [34mcolcon.colcon_core.environment[0m [1;30mLevel 1[0m checking '/media/subham/85dce0f4-2e29-4540-9a32-801850cfcef6/subham/LidarMapping2.5D/install/jsk_recognition_msgs' for CMake config files
[3.825s] [34mcolcon.colcon_core.shell[0m [1;30mLevel 1[0m create_environment_hook('jsk_recognition_msgs', 'cmake_prefix_path')
[3.826s] [34mcolcon.colcon_core.shell[0m [1;30mINFO[0m Creating environment hook '/media/subham/85dce0f4-2e29-4540-9a32-801850cfcef6/subham/LidarMapping2.5D/install/jsk_recognition_msgs/share/jsk_recognition_msgs/hook/cmake_prefix_path.ps1'
[3.826s] [34mcolcon.colcon_core.shell[0m [1;30mINFO[0m Creating environment descriptor '/media/subham/85dce0f4-2e29-4540-9a32-801850cfcef6/subham/LidarMapping2.5D/install/jsk_recognition_msgs/share/jsk_recognition_msgs/hook/cmake_prefix_path.dsv'
[3.827s] [34mcolcon.colcon_core.shell[0m [1;30mINFO[0m Creating environment hook '/media/subham/85dce0f4-2e29-4540-9a32-801850cfcef6/subham/LidarMapping2.5D/install/jsk_recognition_msgs/share/jsk_recognition_msgs/hook/cmake_prefix_path.sh'
[3.827s] [34mcolcon.colcon_core.environment[0m [1;30mLevel 1[0m checking '/media/subham/85dce0f4-2e29-4540-9a32-801850cfcef6/subham/LidarMapping2.5D/install/jsk_recognition_msgs/lib'
[3.827s] [34mcolcon.colcon_core.shell[0m [1;30mLevel 1[0m create_environment_hook('jsk_recognition_msgs', 'ld_library_path_lib')
[3.827s] [34mcolcon.colcon_core.shell[0m [1;30mINFO[0m Creating environment hook '/media/subham/85dce0f4-2e29-4540-9a32-801850cfcef6/subham/LidarMapping2.5D/install/jsk_recognition_msgs/share/jsk_recognition_msgs/hook/ld_library_path_lib.ps1'
[3.828s] [34mcolcon.colcon_core.shell[0m [1;30mINFO[0m Creating environment descriptor '/media/subham/85dce0f4-2e29-4540-9a32-801850cfcef6/subham/LidarMapping2.5D/install/jsk_recognition_msgs/share/jsk_recognition_msgs/hook/ld_library_path_lib.dsv'
[3.828s] [34mcolcon.colcon_core.shell[0m [1;30mINFO[0m Creating environment hook '/media/subham/85dce0f4-2e29-4540-9a32-801850cfcef6/subham/LidarMapping2.5D/install/jsk_recognition_msgs/share/jsk_recognition_msgs/hook/ld_library_path_lib.sh'
[3.829s] [34mcolcon.colcon_core.environment[0m [1;30mLevel 1[0m checking '/media/subham/85dce0f4-2e29-4540-9a32-801850cfcef6/subham/LidarMapping2.5D/install/jsk_recognition_msgs/bin'
[3.829s] [34mcolcon.colcon_core.environment[0m [1;30mLevel 1[0m checking '/media/subham/85dce0f4-2e29-4540-9a32-801850cfcef6/subham/LidarMapping2.5D/install/jsk_recognition_msgs/lib/pkgconfig/jsk_recognition_msgs.pc'
[3.829s] [34mcolcon.colcon_core.environment[0m [1;30mLevel 1[0m checking '/media/subham/85dce0f4-2e29-4540-9a32-801850cfcef6/subham/LidarMapping2.5D/install/jsk_recognition_msgs/lib/python3.10/site-packages'
[3.829s] [34mcolcon.colcon_core.environment[0m [1;30mLevel 1[0m checking '/media/subham/85dce0f4-2e29-4540-9a32-801850cfcef6/subham/LidarMapping2.5D/install/jsk_recognition_msgs/bin'
[3.830s] [34mcolcon.colcon_core.shell[0m [1;30mINFO[0m Creating package script '/media/subham/85dce0f4-2e29-4540-9a32-801850cfcef6/subham/LidarMapping2.5D/install/jsk_recognition_msgs/share/jsk_recognition_msgs/package.ps1'
[3.831s] [34mcolcon.colcon_core.shell[0m [1;30mINFO[0m Creating package descriptor '/media/subham/85dce0f4-2e29-4540-9a32-801850cfcef6/subham/LidarMapping2.5D/install/jsk_recognition_msgs/share/jsk_recognition_msgs/package.dsv'
[3.831s] [34mcolcon.colcon_core.shell[0m [1;30mINFO[0m Creating package script '/media/subham/85dce0f4-2e29-4540-9a32-801850cfcef6/subham/LidarMapping2.5D/install/jsk_recognition_msgs/share/jsk_recognition_msgs/package.sh'
[3.832s] [34mcolcon.colcon_core.shell[0m [1;30mINFO[0m Creating package script '/media/subham/85dce0f4-2e29-4540-9a32-801850cfcef6/subham/LidarMapping2.5D/install/jsk_recognition_msgs/share/jsk_recognition_msgs/package.bash'
[3.832s] [34mcolcon.colcon_core.shell[0m [1;30mINFO[0m Creating package script '/media/subham/85dce0f4-2e29-4540-9a32-801850cfcef6/subham/LidarMapping2.5D/install/jsk_recognition_msgs/share/jsk_recognition_msgs/package.zsh'
[3.833s] [34mcolcon.colcon_core.environment[0m [1;30mLevel 1[0m create_file_with_runtime_dependencies(/media/subham/85dce0f4-2e29-4540-9a32-801850cfcef6/subham/LidarMapping2.5D/install/jsk_recognition_msgs/share/colcon-core/packages/jsk_recognition_msgs)
[3.833s] [34mcolcon.colcon_core.executor.sequential[0m [1;30mDEBUG[0m [32mrun_until_complete 'jsk_recognition_msgs' finished with '0'[0m
[3.833s] [34mcolcon.colcon_core.executor.sequential[0m [1;30mDEBUG[0m [32mrun_until_complete 'lid_description'[0m
[3.833s] [34mcolcon.colcon_ros.task.ament_cmake.build[0m [1;30mINFO[0m Building ROS package in '/media/subham/85dce0f4-2e29-4540-9a32-801850cfcef6/subham/LidarMapping2.5D/src/lid_description' with build type 'ament_cmake'
[3.833s] [34mcolcon.colcon_cmake.task.cmake.build[0m [1;30mINFO[0m Building CMake package in '/media/subham/85dce0f4-2e29-4540-9a32-801850cfcef6/subham/LidarMapping2.5D/src/lid_description'
[3.834s] [34mcolcon.colcon_core.shell[0m [1;30mINFO[0m Skip shell extension 'powershell' for command environment: Not usable outside of PowerShell
[3.834s] [34mcolcon.colcon_core.shell[0m [1;30mDEBUG[0m [32mSkip shell extension 'dsv' for command environment[0m
[3.850s] [34mcolcon.colcon_core.event_handler.log_command[0m [1;30mDEBUG[0m [32mInvoking command in '/media/subham/85dce0f4-2e29-4540-9a32-801850cfcef6/subham/LidarMapping2.5D/build/lid_description': CMAKE_PREFIX_PATH=${CMAKE_PREFIX_PATH}:/home/subham/omokai_ws/install/llm_navigation:/home/subham/Edge_AI_for_ADAS_and_Autonomous_Systems/install/adas_perception:/home/subham/Edge_AI_for_ADAS_and_Autonomous_Systems/install/adas_navigation:/home/subham/rover_ws/install/rover_navigation:/home/subham/anvrit_ws/install/anvrit_perception:/home/subham/anvrit_ws/install/anvrit_odometry:/home/subham/anvrit_ws/install/anvrit_nav2:/home/subham/igvc/install/igvc_perception:/home/subham/igvc/install/igvc_navigation:/home/subham/colcon_ws/install/ros2ai:/opt/ros/humble /usr/bin/cmake --build /media/subham/85dce0f4-2e29-4540-9a32-801850cfcef6/subham/LidarMapping2.5D/build/lid_description[0m
[3.906s] [34mcolcon.colcon_core.event_handler.log_command[0m [1;30mDEBUG[0m [32mInvoked command in '/media/subham/85dce0f4-2e29-4540-9a32-801850cfcef6/subham/LidarMapping2.5D/build/lid_description' returned '0': CMAKE_PREFIX_PATH=${CMAKE_PREFIX_PATH}:/home/subham/omokai_ws/install/llm_navigation:/home/subham/Edge_AI_for_ADAS_and_Autonomous_Systems/install/adas_perception:/home/subham/Edge_AI_for_ADAS_and_Autonomous_Systems/install/adas_navigation:/home/subham/rover_ws/install/rover_navigation:/home/subham/anvrit_ws/install/anvrit_perception:/home/subham/anvrit_ws/install/anvrit_odometry:/home/subham/anvrit_ws/install/anvrit_nav2:/home/subham/igvc/install/igvc_perception:/home/subham/igvc/install/igvc_navigation:/home/subham/colcon_ws/install/ros2ai:/opt/ros/humble /usr/bin/cmake --build /media/subham/85dce0f4-2e29-4540-9a32-801850cfcef6/subham/LidarMapping2.5D/build/lid_description[0m
[3.909s] [34mcolcon.colcon_core.event_handler.log_command[0m [1;30mDEBUG[0m [32mInvoking command in '/media/subham/85dce0f4-2e29-4540-9a32-801850cfcef6/subham/LidarMapping2.5D/build/lid_description': CMAKE_PREFIX_PATH=${CMAKE_PREFIX_PATH}:/home/subham/omokai_ws/install/llm_navigation:/home/subham/Edge_AI_for_ADAS_and_Autonomous_Systems/install/adas_perception:/home/subham/Edge_AI_for_ADAS_and_Autonomous_Systems/install/adas_navigation:/home/subham/rover_ws/install/rover_navigation:/home/subham/anvrit_ws/install/anvrit_perception:/home/subham/anvrit_ws/install/anvrit_odometry:/home/subham/anvrit_ws/install/anvrit_nav2:/home/subham/igvc/install/igvc_perception:/home/subham/igvc/install/igvc_navigation:/home/subham/colcon_ws/install/ros2ai:/opt/ros/humble /usr/bin/cmake --install /media/subham/85dce0f4-2e29-4540-9a32-801850cfcef6/subham/LidarMapping2.5D/build/lid_description[0m
[3.948s] [34mcolcon.colcon_core.environment[0m [1;30mLevel 1[0m create_environment_scripts_only(lid_description)
[3.949s] [34mcolcon.colcon_core.environment[0m [1;30mLevel 1[0m checking '/media/subham/85dce0f4-2e29-4540-9a32-801850cfcef6/subham/LidarMapping2.5D/install/lid_description' for CMake module files
[3.949s] [34mcolcon.colcon_core.event_handler.log_command[0m [1;30mDEBUG[0m [32mInvoked command in '/media/subham/85dce0f4-2e29-4540-9a32-801850cfcef6/subham/LidarMapping2.5D/build/lid_description' returned '0': CMAKE_PREFIX_PATH=${CMAKE_PREFIX_PATH}:/home/subham/omokai_ws/install/llm_navigation:/home/subham/Edge_AI_for_ADAS_and_Autonomous_Systems/install/adas_perception:/home/subham/Edge_AI_for_ADAS_and_Autonomous_Systems/install/adas_navigation:/home/subham/rover_ws/install/rover_navigation:/home/subham/anvrit_ws/install/anvrit_perception:/home/subham/anvrit_ws/install/anvrit_odometry:/home/subham/anvrit_ws/install/anvrit_nav2:/home/subham/igvc/install/igvc_perception:/home/subham/igvc/install/igvc_navigation:/home/subham/colcon_ws/install/ros2ai:/opt/ros/humble /usr/bin/cmake --install /media/subham/85dce0f4-2e29-4540-9a32-801850cfcef6/subham/LidarMapping2.5D/build/lid_description[0m
[3.950s] [34mcolcon.colcon_core.environment[0m [1;30mLevel 1[0m checking '/media/subham/85dce0f4-2e29-4540-9a32-801850cfcef6/subham/LidarMapping2.5D/install/lid_description' for CMake config files
[3.950s] [34mcolcon.colcon_core.shell[0m [1;30mLevel 1[0m create_environment_hook('lid_description', 'cmake_prefix_path')
[3.950s] [34mcolcon.colcon_core.shell[0m [1;30mINFO[0m Creating environment hook '/media/subham/85dce0f4-2e29-4540-9a32-801850cfcef6/subham/LidarMapping2.5D/install/lid_description/share/lid_description/hook/cmake_prefix_path.ps1'
[3.951s] [34mcolcon.colcon_core.shell[0m [1;30mINFO[0m Creating environment descriptor '/media/subham/85dce0f4-2e29-4540-9a32-801850cfcef6/subham/LidarMapping2.5D/install/lid_description/share/lid_description/hook/cmake_prefix_path.dsv'
[3.952s] [34mcolcon.colcon_core.shell[0m [1;30mINFO[0m Creating environment hook '/media/subham/85dce0f4-2e29-4540-9a32-801850cfcef6/subham/LidarMapping2.5D/install/lid_description/share/lid_description/hook/cmake_prefix_path.sh'
[3.952s] [34mcolcon.colcon_core.environment[0m [1;30mLevel 1[0m checking '/media/subham/85dce0f4-2e29-4540-9a32-801850cfcef6/subham/LidarMapping2.5D/install/lid_description/bin'
[3.952s] [34mcolcon.colcon_core.environment[0m [1;30mLevel 1[0m checking '/media/subham/85dce0f4-2e29-4540-9a32-801850cfcef6/subham/LidarMapping2.5D/install/lid_description/lib/pkgconfig/lid_description.pc'
[3.952s] [34mcolcon.colcon_core.environment[0m [1;30mLevel 1[0m checking '/media/subham/85dce0f4-2e29-4540-9a32-801850cfcef6/subham/LidarMapping2.5D/install/lid_description/lib/python3.10/site-packages'
[3.953s] [34mcolcon.colcon_core.environment[0m [1;30mLevel 1[0m checking '/media/subham/85dce0f4-2e29-4540-9a32-801850cfcef6/subham/LidarMapping2.5D/install/lid_description/bin'
[3.953s] [34mcolcon.colcon_core.shell[0m [1;30mINFO[0m Creating package script '/media/subham/85dce0f4-2e29-4540-9a32-801850cfcef6/subham/LidarMapping2.5D/install/lid_description/share/lid_description/package.ps1'
[3.954s] [34mcolcon.colcon_core.shell[0m [1;30mINFO[0m Creating package descriptor '/media/subham/85dce0f4-2e29-4540-9a32-801850cfcef6/subham/LidarMapping2.5D/install/lid_description/share/lid_description/package.dsv'
[3.955s] [34mcolcon.colcon_core.shell[0m [1;30mINFO[0m Creating package script '/media/subham/85dce0f4-2e29-4540-9a32-801850cfcef6/subham/LidarMapping2.5D/install/lid_description/share/lid_description/package.sh'
[3.955s] [34mcolcon.colcon_core.shell[0m [1;30mINFO[0m Creating package script '/media/subham/85dce0f4-2e29-4540-9a32-801850cfcef6/subham/LidarMapping2.5D/install/lid_description/share/lid_description/package.bash'
[3.955s] [34mcolcon.colcon_core.shell[0m [1;30mINFO[0m Creating package script '/media/subham/85dce0f4-2e29-4540-9a32-801850cfcef6/subham/LidarMapping2.5D/install/lid_description/share/lid_description/package.zsh'
[3.956s] [34mcolcon.colcon_core.environment[0m [1;30mLevel 1[0m create_file_with_runtime_dependencies(/media/subham/85dce0f4-2e29-4540-9a32-801850cfcef6/subham/LidarMapping2.5D/install/lid_description/share/colcon-core/packages/lid_description)
[3.956s] [34mcolcon.colcon_core.environment[0m [1;30mLevel 1[0m create_environment_scripts_only(lid_description)
[3.957s] [34mcolcon.colcon_core.environment[0m [1;30mLevel 1[0m checking '/media/subham/85dce0f4-2e29-4540-9a32-801850cfcef6/subham/LidarMapping2.5D/install/lid_description' for CMake module files
[3.957s] [34mcolcon.colcon_core.environment[0m [1;30mLevel 1[0m checking '/media/subham/85dce0f4-2e29-4540-9a32-801850cfcef6/subham/LidarMapping2.5D/install/lid_description' for CMake config files
[3.957s] [34mcolcon.colcon_core.shell[0m [1;30mLevel 1[0m create_environment_hook('lid_description', 'cmake_prefix_path')
[3.958s] [34mcolcon.colcon_core.shell[0m [1;30mINFO[0m Creating environment hook '/media/subham/85dce0f4-2e29-4540-9a32-801850cfcef6/subham/LidarMapping2.5D/install/lid_description/share/lid_description/hook/cmake_prefix_path.ps1'
[3.958s] [34mcolcon.colcon_core.shell[0m [1;30mINFO[0m Creating environment descriptor '/media/subham/85dce0f4-2e29-4540-9a32-801850cfcef6/subham/LidarMapping2.5D/install/lid_description/share/lid_description/hook/cmake_prefix_path.dsv'
[3.959s] [34mcolcon.colcon_core.shell[0m [1;30mINFO[0m Creating environment hook '/media/subham/85dce0f4-2e29-4540-9a32-801850cfcef6/subham/LidarMapping2.5D/install/lid_description/share/lid_description/hook/cmake_prefix_path.sh'
[3.959s] [34mcolcon.colcon_core.environment[0m [1;30mLevel 1[0m checking '/media/subham/85dce0f4-2e29-4540-9a32-801850cfcef6/subham/LidarMapping2.5D/install/lid_description/bin'
[3.959s] [34mcolcon.colcon_core.environment[0m [1;30mLevel 1[0m checking '/media/subham/85dce0f4-2e29-4540-9a32-801850cfcef6/subham/LidarMapping2.5D/install/lid_description/lib/pkgconfig/lid_description.pc'
[3.959s] [34mcolcon.colcon_core.environment[0m [1;30mLevel 1[0m checking '/media/subham/85dce0f4-2e29-4540-9a32-801850cfcef6/subham/LidarMapping2.5D/install/lid_description/lib/python3.10/site-packages'
[3.960s] [34mcolcon.colcon_core.environment[0m [1;30mLevel 1[0m checking '/media/subham/85dce0f4-2e29-4540-9a32-801850cfcef6/subham/LidarMapping2.5D/install/lid_description/bin'
[3.960s] [34mcolcon.colcon_core.shell[0m [1;30mINFO[0m Creating package script '/media/subham/85dce0f4-2e29-4540-9a32-801850cfcef6/subham/LidarMapping2.5D/install/lid_description/share/lid_description/package.ps1'
[3.961s] [34mcolcon.colcon_core.shell[0m [1;30mINFO[0m Creating package descriptor '/media/subham/85dce0f4-2e29-4540-9a32-801850cfcef6/subham/LidarMapping2.5D/install/lid_description/share/lid_description/package.dsv'
[3.961s] [34mcolcon.colcon_core.shell[0m [1;30mINFO[0m Creating package script '/media/subham/85dce0f4-2e29-4540-9a32-801850cfcef6/subham/LidarMapping2.5D/install/lid_description/share/lid_description/package.sh'
[3.962s] [34mcolcon.colcon_core.shell[0m [1;30mINFO[0m Creating package script '/media/subham/85dce0f4-2e29-4540-9a32-801850cfcef6/subham/LidarMapping2.5D/install/lid_description/share/lid_description/package.bash'
[3.962s] [34mcolcon.colcon_core.shell[0m [1;30mINFO[0m Creating package script '/media/subham/85dce0f4-2e29-4540-9a32-801850cfcef6/subham/LidarMapping2.5D/install/lid_description/share/lid_description/package.zsh'
[3.963s] [34mcolcon.colcon_core.environment[0m [1;30mLevel 1[0m create_file_with_runtime_dependencies(/media/subham/85dce0f4-2e29-4540-9a32-801850cfcef6/subham/LidarMapping2.5D/install/lid_description/share/colcon-core/packages/lid_description)
[3.963s] [34mcolcon.colcon_core.executor.sequential[0m [1;30mDEBUG[0m [32mrun_until_complete 'lid_description' finished with '0'[0m
[3.963s] [34mcolcon.colcon_core.executor.sequential[0m [1;30mDEBUG[0m [32mrun_until_complete 'lid_simulation'[0m
[3.963s] [34mcolcon.colcon_ros.task.ament_cmake.build[0m [1;30mINFO[0m Building ROS package in '/media/subham/85dce0f4-2e29-4540-9a32-801850cfcef6/subham/LidarMapping2.5D/src/lid_simulation' with build type 'ament_cmake'
[3.963s] [34mcolcon.colcon_cmake.task.cmake.build[0m [1;30mINFO[0m Building CMake package in '/media/subham/85dce0f4-2e29-4540-9a32-801850cfcef6/subham/LidarMapping2.5D/src/lid_simulation'
[3.963s] [34mcolcon.colcon_core.shell[0m [1;30mINFO[0m Skip shell extension 'powershell' for command environment: Not usable outside of PowerShell
[3.963s] [34mcolcon.colcon_core.shell[0m [1;30mDEBUG[0m [32mSkip shell extension 'dsv' for command environment[0m
[3.979s] [34mcolcon.colcon_core.event_handler.log_command[0m [1;30mDEBUG[0m [32mInvoking command in '/media/subham/85dce0f4-2e29-4540-9a32-801850cfcef6/subham/LidarMapping2.5D/build/lid_simulation': CMAKE_PREFIX_PATH=${CMAKE_PREFIX_PATH}:/home/subham/omokai_ws/install/llm_navigation:/home/subham/Edge_AI_for_ADAS_and_Autonomous_Systems/install/adas_perception:/home/subham/Edge_AI_for_ADAS_and_Autonomous_Systems/install/adas_navigation:/home/subham/rover_ws/install/rover_navigation:/home/subham/anvrit_ws/install/anvrit_perception:/home/subham/anvrit_ws/install/anvrit_odometry:/home/subham/anvrit_ws/install/anvrit_nav2:/home/subham/igvc/install/igvc_perception:/home/subham/igvc/install/igvc_navigation:/home/subham/colcon_ws/install/ros2ai:/opt/ros/humble /usr/bin/cmake --build /media/subham/85dce0f4-2e29-4540-9a32-801850cfcef6/subham/LidarMapping2.5D/build/lid_simulation[0m
[4.041s] [34mcolcon.colcon_core.event_handler.log_command[0m [1;30mDEBUG[0m [32mInvoked command in '/media/subham/85dce0f4-2e29-4540-9a32-801850cfcef6/subham/LidarMapping2.5D/build/lid_simulation' returned '0': CMAKE_PREFIX_PATH=${CMAKE_PREFIX_PATH}:/home/subham/omokai_ws/install/llm_navigation:/home/subham/Edge_AI_for_ADAS_and_Autonomous_Systems/install/adas_perception:/home/subham/Edge_AI_for_ADAS_and_Autonomous_Systems/install/adas_navigation:/home/subham/rover_ws/install/rover_navigation:/home/subham/anvrit_ws/install/anvrit_perception:/home/subham/anvrit_ws/install/anvrit_odometry:/home/subham/anvrit_ws/install/anvrit_nav2:/home/subham/igvc/install/igvc_perception:/home/subham/igvc/install/igvc_navigation:/home/subham/colcon_ws/install/ros2ai:/opt/ros/humble /usr/bin/cmake --build /media/subham/85dce0f4-2e29-4540-9a32-801850cfcef6/subham/LidarMapping2.5D/build/lid_simulation[0m
[4.044s] [34mcolcon.colcon_core.event_handler.log_command[0m [1;30mDEBUG[0m [32mInvoking command in '/media/subham/85dce0f4-2e29-4540-9a32-801850cfcef6/subham/LidarMapping2.5D/build/lid_simulation': CMAKE_PREFIX_PATH=${CMAKE_PREFIX_PATH}:/home/subham/omokai_ws/install/llm_navigation:/home/subham/Edge_AI_for_ADAS_and_Autonomous_Systems/install/adas_perception:/home/subham/Edge_AI_for_ADAS_and_Autonomous_Systems/install/adas_navigation:/home/subham/rover_ws/install/rover_navigation:/home/subham/anvrit_ws/install/anvrit_perception:/home/subham/anvrit_ws/install/anvrit_odometry:/home/subham/anvrit_ws/install/anvrit_nav2:/home/subham/igvc/install/igvc_perception:/home/subham/igvc/install/igvc_navigation:/home/subham/colcon_ws/install/ros2ai:/opt/ros/humble /usr/bin/cmake --install /media/subham/85dce0f4-2e29-4540-9a32-801850cfcef6/subham/LidarMapping2.5D/build/lid_simulation[0m
[4.093s] [34mcolcon.colcon_core.environment[0m [1;30mLevel 1[0m create_environment_scripts_only(lid_simulation)
[4.093s] [34mcolcon.colcon_core.environment[0m [1;30mLevel 1[0m checking '/media/subham/85dce0f4-2e29-4540-9a32-801850cfcef6/subham/LidarMapping2.5D/install/lid_simulation' for CMake module files
[4.094s] [34mcolcon.colcon_core.event_handler.log_command[0m [1;30mDEBUG[0m [32mInvoked command in '/media/subham/85dce0f4-2e29-4540-9a32-801850cfcef6/subham/LidarMapping2.5D/build/lid_simulation' returned '0': CMAKE_PREFIX_PATH=${CMAKE_PREFIX_PATH}:/home/subham/omokai_ws/install/llm_navigation:/home/subham/Edge_AI_for_ADAS_and_Autonomous_Systems/install/adas_perception:/home/subham/Edge_AI_for_ADAS_and_Autonomous_Systems/install/adas_navigation:/home/subham/rover_ws/install/rover_navigation:/home/subham/anvrit_ws/install/anvrit_perception:/home/subham/anvrit_ws/install/anvrit_odometry:/home/subham/anvrit_ws/install/anvrit_nav2:/home/subham/igvc/install/igvc_perception:/home/subham/igvc/install/igvc_navigation:/home/subham/colcon_ws/install/ros2ai:/opt/ros/humble /usr/bin/cmake --install /media/subham/85dce0f4-2e29-4540-9a32-801850cfcef6/subham/LidarMapping2.5D/build/lid_simulation[0m
[4.094s] [34mcolcon.colcon_core.environment[0m [1;30mLevel 1[0m checking '/media/subham/85dce0f4-2e29-4540-9a32-801850cfcef6/subham/LidarMapping2.5D/install/lid_simulation' for CMake config files
[4.095s] [34mcolcon.colcon_core.shell[0m [1;30mLevel 1[0m create_environment_hook('lid_simulation', 'cmake_prefix_path')
[4.095s] [34mcolcon.colcon_core.shell[0m [1;30mINFO[0m Creating environment hook '/media/subham/85dce0f4-2e29-4540-9a32-801850cfcef6/subham/LidarMapping2.5D/install/lid_simulation/share/lid_simulation/hook/cmake_prefix_path.ps1'
[4.096s] [34mcolcon.colcon_core.shell[0m [1;30mINFO[0m Creating environment descriptor '/media/subham/85dce0f4-2e29-4540-9a32-801850cfcef6/subham/LidarMapping2.5D/install/lid_simulation/share/lid_simulation/hook/cmake_prefix_path.dsv'
[4.096s] [34mcolcon.colcon_core.shell[0m [1;30mINFO[0m Creating environment hook '/media/subham/85dce0f4-2e29-4540-9a32-801850cfcef6/subham/LidarMapping2.5D/install/lid_simulation/share/lid_simulation/hook/cmake_prefix_path.sh'
[4.097s] [34mcolcon.colcon_core.environment[0m [1;30mLevel 1[0m checking '/media/subham/85dce0f4-2e29-4540-9a32-801850cfcef6/subham/LidarMapping2.5D/install/lid_simulation/bin'
[4.097s] [34mcolcon.colcon_core.environment[0m [1;30mLevel 1[0m checking '/media/subham/85dce0f4-2e29-4540-9a32-801850cfcef6/subham/LidarMapping2.5D/install/lid_simulation/lib/pkgconfig/lid_simulation.pc'
[4.097s] [34mcolcon.colcon_core.environment[0m [1;30mLevel 1[0m checking '/media/subham/85dce0f4-2e29-4540-9a32-801850cfcef6/subham/LidarMapping2.5D/install/lid_simulation/lib/python3.10/site-packages'
[4.097s] [34mcolcon.colcon_core.environment[0m [1;30mLevel 1[0m checking '/media/subham/85dce0f4-2e29-4540-9a32-801850cfcef6/subham/LidarMapping2.5D/install/lid_simulation/bin'
[4.098s] [34mcolcon.colcon_core.shell[0m [1;30mINFO[0m Creating package script '/media/subham/85dce0f4-2e29-4540-9a32-801850cfcef6/subham/LidarMapping2.5D/install/lid_simulation/share/lid_simulation/package.ps1'
[4.098s] [34mcolcon.colcon_core.shell[0m [1;30mINFO[0m Creating package descriptor '/media/subham/85dce0f4-2e29-4540-9a32-801850cfcef6/subham/LidarMapping2.5D/install/lid_simulation/share/lid_simulation/package.dsv'
[4.099s] [34mcolcon.colcon_core.shell[0m [1;30mINFO[0m Creating package script '/media/subham/85dce0f4-2e29-4540-9a32-801850cfcef6/subham/LidarMapping2.5D/install/lid_simulation/share/lid_simulation/package.sh'
[4.099s] [34mcolcon.colcon_core.shell[0m [1;30mINFO[0m Creating package script '/media/subham/85dce0f4-2e29-4540-9a32-801850cfcef6/subham/LidarMapping2.5D/install/lid_simulation/share/lid_simulation/package.bash'
[4.099s] [34mcolcon.colcon_core.shell[0m [1;30mINFO[0m Creating package script '/media/subham/85dce0f4-2e29-4540-9a32-801850cfcef6/subham/LidarMapping2.5D/install/lid_simulation/share/lid_simulation/package.zsh'
[4.100s] [34mcolcon.colcon_core.environment[0m [1;30mLevel 1[0m create_file_with_runtime_dependencies(/media/subham/85dce0f4-2e29-4540-9a32-801850cfcef6/subham/LidarMapping2.5D/install/lid_simulation/share/colcon-core/packages/lid_simulation)
[4.100s] [34mcolcon.colcon_core.environment[0m [1;30mLevel 1[0m create_environment_scripts_only(lid_simulation)
[4.100s] [34mcolcon.colcon_core.environment[0m [1;30mLevel 1[0m checking '/media/subham/85dce0f4-2e29-4540-9a32-801850cfcef6/subham/LidarMapping2.5D/install/lid_simulation' for CMake module files
[4.101s] [34mcolcon.colcon_core.environment[0m [1;30mLevel 1[0m checking '/media/subham/85dce0f4-2e29-4540-9a32-801850cfcef6/subham/LidarMapping2.5D/install/lid_simulation' for CMake config files
[4.101s] [34mcolcon.colcon_core.shell[0m [1;30mLevel 1[0m create_environment_hook('lid_simulation', 'cmake_prefix_path')
[4.101s] [34mcolcon.colcon_core.shell[0m [1;30mINFO[0m Creating environment hook '/media/subham/85dce0f4-2e29-4540-9a32-801850cfcef6/subham/LidarMapping2.5D/install/lid_simulation/share/lid_simulation/hook/cmake_prefix_path.ps1'
[4.102s] [34mcolcon.colcon_core.shell[0m [1;30mINFO[0m Creating environment descriptor '/media/subham/85dce0f4-2e29-4540-9a32-801850cfcef6/subham/LidarMapping2.5D/install/lid_simulation/share/lid_simulation/hook/cmake_prefix_path.dsv'
[4.102s] [34mcolcon.colcon_core.shell[0m [1;30mINFO[0m Creating environment hook '/media/subham/85dce0f4-2e29-4540-9a32-801850cfcef6/subham/LidarMapping2.5D/install/lid_simulation/share/lid_simulation/hook/cmake_prefix_path.sh'
[4.103s] [34mcolcon.colcon_core.environment[0m [1;30mLevel 1[0m checking '/media/subham/85dce0f4-2e29-4540-9a32-801850cfcef6/subham/LidarMapping2.5D/install/lid_simulation/bin'
[4.103s] [34mcolcon.colcon_core.environment[0m [1;30mLevel 1[0m checking '/media/subham/85dce0f4-2e29-4540-9a32-801850cfcef6/subham/LidarMapping2.5D/install/lid_simulation/lib/pkgconfig/lid_simulation.pc'
[4.103s] [34mcolcon.colcon_core.environment[0m [1;30mLevel 1[0m checking '/media/subham/85dce0f4-2e29-4540-9a32-801850cfcef6/subham/LidarMapping2.5D/install/lid_simulation/lib/python3.10/site-packages'
[4.103s] [34mcolcon.colcon_core.environment[0m [1;30mLevel 1[0m checking '/media/subham/85dce0f4-2e29-4540-9a32-801850cfcef6/subham/LidarMapping2.5D/install/lid_simulation/bin'
[4.104s] [34mcolcon.colcon_core.shell[0m [1;30mINFO[0m Creating package script '/media/subham/85dce0f4-2e29-4540-9a32-801850cfcef6/subham/LidarMapping2.5D/install/lid_simulation/share/lid_simulation/package.ps1'
[4.104s] [34mcolcon.colcon_core.shell[0m [1;30mINFO[0m Creating package descriptor '/media/subham/85dce0f4-2e29-4540-9a32-801850cfcef6/subham/LidarMapping2.5D/install/lid_simulation/share/lid_simulation/package.dsv'
[4.105s] [34mcolcon.colcon_core.shell[0m [1;30mINFO[0m Creating package script '/media/subham/85dce0f4-2e29-4540-9a32-801850cfcef6/subham/LidarMapping2.5D/install/lid_simulation/share/lid_simulation/package.sh'
[4.105s] [34mcolcon.colcon_core.shell[0m [1;30mINFO[0m Creating package script '/media/subham/85dce0f4-2e29-4540-9a32-801850cfcef6/subham/LidarMapping2.5D/install/lid_simulation/share/lid_simulation/package.bash'
[4.105s] [34mcolcon.colcon_core.shell[0m [1;30mINFO[0m Creating package script '/media/subham/85dce0f4-2e29-4540-9a32-801850cfcef6/subham/LidarMapping2.5D/install/lid_simulation/share/lid_simulation/package.zsh'
[4.106s] [34mcolcon.colcon_core.environment[0m [1;30mLevel 1[0m create_file_with_runtime_dependencies(/media/subham/85dce0f4-2e29-4540-9a32-801850cfcef6/subham/LidarMapping2.5D/install/lid_simulation/share/colcon-core/packages/lid_simulation)
[4.106s] [34mcolcon.colcon_core.executor.sequential[0m [1;30mDEBUG[0m [32mrun_until_complete 'lid_simulation' finished with '0'[0m
[4.106s] [34mcolcon.colcon_core.executor.sequential[0m [1;30mDEBUG[0m [32mrun_until_complete 'segmentation_lidar'[0m
[4.106s] [34mcolcon.colcon_ros.task.ament_cmake.build[0m [1;30mINFO[0m Building ROS package in '/media/subham/85dce0f4-2e29-4540-9a32-801850cfcef6/subham/LidarMapping2.5D/src/segmentation_lidar' with build type 'ament_cmake'
[4.106s] [34mcolcon.colcon_cmake.task.cmake.build[0m [1;30mINFO[0m Building CMake package in '/media/subham/85dce0f4-2e29-4540-9a32-801850cfcef6/subham/LidarMapping2.5D/src/segmentation_lidar'
[4.107s] [34mcolcon.colcon_core.shell[0m [1;30mINFO[0m Skip shell extension 'powershell' for command environment: Not usable outside of PowerShell
[4.107s] [34mcolcon.colcon_core.shell[0m [1;30mDEBUG[0m [32mSkip shell extension 'dsv' for command environment[0m
[4.127s] [34mcolcon.colcon_core.event_handler.log_command[0m [1;30mDEBUG[0m [32mInvoking command in '/media/subham/85dce0f4-2e29-4540-9a32-801850cfcef6/subham/LidarMapping2.5D/build/segmentation_lidar': CMAKE_PREFIX_PATH=${CMAKE_PREFIX_PATH}:/home/subham/omokai_ws/install/llm_navigation:/home/subham/Edge_AI_for_ADAS_and_Autonomous_Systems/install/adas_perception:/home/subham/Edge_AI_for_ADAS_and_Autonomous_Systems/install/adas_navigation:/home/subham/rover_ws/install/rover_navigation:/home/subham/anvrit_ws/install/anvrit_perception:/home/subham/anvrit_ws/install/anvrit_odometry:/home/subham/anvrit_ws/install/anvrit_nav2:/home/subham/igvc/install/igvc_perception:/home/subham/igvc/install/igvc_navigation:/home/subham/colcon_ws/install/ros2ai:/opt/ros/humble /usr/bin/cmake --build /media/subham/85dce0f4-2e29-4540-9a32-801850cfcef6/subham/LidarMapping2.5D/build/segmentation_lidar[0m
[23.024s] [34mcolcon.colcon_core.event_handler.log_command[0m [1;30mDEBUG[0m [32mInvoked command in '/media/subham/85dce0f4-2e29-4540-9a32-801850cfcef6/subham/LidarMapping2.5D/build/segmentation_lidar' returned '0': CMAKE_PREFIX_PATH=${CMAKE_PREFIX_PATH}:/home/subham/omokai_ws/install/llm_navigation:/home/subham/Edge_AI_for_ADAS_and_Autonomous_Systems/install/adas_perception:/home/subham/Edge_AI_for_ADAS_and_Autonomous_Systems/install/adas_navigation:/home/subham/rover_ws/install/rover_navigation:/home/subham/anvrit_ws/install/anvrit_perception:/home/subham/anvrit_ws/install/anvrit_odometry:/home/subham/anvrit_ws/install/anvrit_nav2:/home/subham/igvc/install/igvc_perception:/home/subham/igvc/install/igvc_navigation:/home/subham/colcon_ws/install/ros2ai:/opt/ros/humble /usr/bin/cmake --build /media/subham/85dce0f4-2e29-4540-9a32-801850cfcef6/subham/LidarMapping2.5D/build/segmentation_lidar[0m
[23.027s] [34mcolcon.colcon_core.event_handler.log_command[0m [1;30mDEBUG[0m [32mInvoking command in '/media/subham/85dce0f4-2e29-4540-9a32-801850cfcef6/subham/LidarMapping2.5D/build/segmentation_lidar': CMAKE_PREFIX_PATH=${CMAKE_PREFIX_PATH}:/home/subham/omokai_ws/install/llm_navigation:/home/subham/Edge_AI_for_ADAS_and_Autonomous_Systems/install/adas_perception:/home/subham/Edge_AI_for_ADAS_and_Autonomous_Systems/install/adas_navigation:/home/subham/rover_ws/install/rover_navigation:/home/subham/anvrit_ws/install/anvrit_perception:/home/subham/anvrit_ws/install/anvrit_odometry:/home/subham/anvrit_ws/install/anvrit_nav2:/home/subham/igvc/install/igvc_perception:/home/subham/igvc/install/igvc_navigation:/home/subham/colcon_ws/install/ros2ai:/opt/ros/humble /usr/bin/cmake --install /media/subham/85dce0f4-2e29-4540-9a32-801850cfcef6/subham/LidarMapping2.5D/build/segmentation_lidar[0m
[23.072s] [34mcolcon.colcon_core.environment[0m [1;30mLevel 1[0m create_environment_scripts_only(segmentation_lidar)
[23.073s] [34mcolcon.colcon_core.environment[0m [1;30mLevel 1[0m checking '/media/subham/85dce0f4-2e29-4540-9a32-801850cfcef6/subham/LidarMapping2.5D/install/segmentation_lidar' for CMake module files
[23.075s] [34mcolcon.colcon_core.event_handler.log_command[0m [1;30mDEBUG[0m [32mInvoked command in '/media/subham/85dce0f4-2e29-4540-9a32-801850cfcef6/subham/LidarMapping2.5D/build/segmentation_lidar' returned '0': CMAKE_PREFIX_PATH=${CMAKE_PREFIX_PATH}:/home/subham/omokai_ws/install/llm_navigation:/home/subham/Edge_AI_for_ADAS_and_Autonomous_Systems/install/adas_perception:/home/subham/Edge_AI_for_ADAS_and_Autonomous_Systems/install/adas_navigation:/home/subham/rover_ws/install/rover_navigation:/home/subham/anvrit_ws/install/anvrit_perception:/home/subham/anvrit_ws/install/anvrit_odometry:/home/subham/anvrit_ws/install/anvrit_nav2:/home/subham/igvc/install/igvc_perception:/home/subham/igvc/install/igvc_navigation:/home/subham/colcon_ws/install/ros2ai:/opt/ros/humble /usr/bin/cmake --install /media/subham/85dce0f4-2e29-4540-9a32-801850cfcef6/subham/LidarMapping2.5D/build/segmentation_lidar[0m
[23.076s] [34mcolcon.colcon_core.environment[0m [1;30mLevel 1[0m checking '/media/subham/85dce0f4-2e29-4540-9a32-801850cfcef6/subham/LidarMapping2.5D/install/segmentation_lidar' for CMake config files
[23.077s] [34mcolcon.colcon_core.shell[0m [1;30mLevel 1[0m create_environment_hook('segmentation_lidar', 'cmake_prefix_path')
[23.078s] [34mcolcon.colcon_core.shell[0m [1;30mINFO[0m Creating environment hook '/media/subham/85dce0f4-2e29-4540-9a32-801850cfcef6/subham/LidarMapping2.5D/install/segmentation_lidar/share/segmentation_lidar/hook/cmake_prefix_path.ps1'
[23.078s] [34mcolcon.colcon_core.shell[0m [1;30mINFO[0m Creating environment descriptor '/media/subham/85dce0f4-2e29-4540-9a32-801850cfcef6/subham/LidarMapping2.5D/install/segmentation_lidar/share/segmentation_lidar/hook/cmake_prefix_path.dsv'
[23.079s] [34mcolcon.colcon_core.shell[0m [1;30mINFO[0m Creating environment hook '/media/subham/85dce0f4-2e29-4540-9a32-801850cfcef6/subham/LidarMapping2.5D/install/segmentation_lidar/share/segmentation_lidar/hook/cmake_prefix_path.sh'
[23.079s] [34mcolcon.colcon_core.environment[0m [1;30mLevel 1[0m checking '/media/subham/85dce0f4-2e29-4540-9a32-801850cfcef6/subham/LidarMapping2.5D/install/segmentation_lidar/lib'
[23.079s] [34mcolcon.colcon_core.environment[0m [1;30mLevel 1[0m checking '/media/subham/85dce0f4-2e29-4540-9a32-801850cfcef6/subham/LidarMapping2.5D/install/segmentation_lidar/bin'
[23.080s] [34mcolcon.colcon_core.environment[0m [1;30mLevel 1[0m checking '/media/subham/85dce0f4-2e29-4540-9a32-801850cfcef6/subham/LidarMapping2.5D/install/segmentation_lidar/lib/pkgconfig/segmentation_lidar.pc'
[23.080s] [34mcolcon.colcon_core.environment[0m [1;30mLevel 1[0m checking '/media/subham/85dce0f4-2e29-4540-9a32-801850cfcef6/subham/LidarMapping2.5D/install/segmentation_lidar/lib/python3.10/site-packages'
[23.080s] [34mcolcon.colcon_core.environment[0m [1;30mLevel 1[0m checking '/media/subham/85dce0f4-2e29-4540-9a32-801850cfcef6/subham/LidarMapping2.5D/install/segmentation_lidar/bin'
[23.081s] [34mcolcon.colcon_core.shell[0m [1;30mINFO[0m Creating package script '/media/subham/85dce0f4-2e29-4540-9a32-801850cfcef6/subham/LidarMapping2.5D/install/segmentation_lidar/share/segmentation_lidar/package.ps1'
[23.082s] [34mcolcon.colcon_core.shell[0m [1;30mINFO[0m Creating package descriptor '/media/subham/85dce0f4-2e29-4540-9a32-801850cfcef6/subham/LidarMapping2.5D/install/segmentation_lidar/share/segmentation_lidar/package.dsv'
[23.083s] [34mcolcon.colcon_core.shell[0m [1;30mINFO[0m Creating package script '/media/subham/85dce0f4-2e29-4540-9a32-801850cfcef6/subham/LidarMapping2.5D/install/segmentation_lidar/share/segmentation_lidar/package.sh'
[23.084s] [34mcolcon.colcon_core.shell[0m [1;30mINFO[0m Creating package script '/media/subham/85dce0f4-2e29-4540-9a32-801850cfcef6/subham/LidarMapping2.5D/install/segmentation_lidar/share/segmentation_lidar/package.bash'
[23.084s] [34mcolcon.colcon_core.shell[0m [1;30mINFO[0m Creating package script '/media/subham/85dce0f4-2e29-4540-9a32-801850cfcef6/subham/LidarMapping2.5D/install/segmentation_lidar/share/segmentation_lidar/package.zsh'
[23.085s] [34mcolcon.colcon_core.environment[0m [1;30mLevel 1[0m create_file_with_runtime_dependencies(/media/subham/85dce0f4-2e29-4540-9a32-801850cfcef6/subham/LidarMapping2.5D/install/segmentation_lidar/share/colcon-core/packages/segmentation_lidar)
[23.086s] [34mcolcon.colcon_core.environment[0m [1;30mLevel 1[0m create_environment_scripts_only(segmentation_lidar)
[23.086s] [34mcolcon.colcon_core.environment[0m [1;30mLevel 1[0m checking '/media/subham/85dce0f4-2e29-4540-9a32-801850cfcef6/subham/LidarMapping2.5D/install/segmentation_lidar' for CMake module files
[23.086s] [34mcolcon.colcon_core.environment[0m [1;30mLevel 1[0m checking '/media/subham/85dce0f4-2e29-4540-9a32-801850cfcef6/subham/LidarMapping2.5D/install/segmentation_lidar' for CMake config files
[23.087s] [34mcolcon.colcon_core.shell[0m [1;30mLevel 1[0m create_environment_hook('segmentation_lidar', 'cmake_prefix_path')
[23.087s] [34mcolcon.colcon_core.shell[0m [1;30mINFO[0m Creating environment hook '/media/subham/85dce0f4-2e29-4540-9a32-801850cfcef6/subham/LidarMapping2.5D/install/segmentation_lidar/share/segmentation_lidar/hook/cmake_prefix_path.ps1'
[23.088s] [34mcolcon.colcon_core.shell[0m [1;30mINFO[0m Creating environment descriptor '/media/subham/85dce0f4-2e29-4540-9a32-801850cfcef6/subham/LidarMapping2.5D/install/segmentation_lidar/share/segmentation_lidar/hook/cmake_prefix_path.dsv'
[23.088s] [34mcolcon.colcon_core.shell[0m [1;30mINFO[0m Creating environment hook '/media/subham/85dce0f4-2e29-4540-9a32-801850cfcef6/subham/LidarMapping2.5D/install/segmentation_lidar/share/segmentation_lidar/hook/cmake_prefix_path.sh'
[23.089s] [34mcolcon.colcon_core.environment[0m [1;30mLevel 1[0m checking '/media/subham/85dce0f4-2e29-4540-9a32-801850cfcef6/subham/LidarMapping2.5D/install/segmentation_lidar/lib'
[23.089s] [34mcolcon.colcon_core.environment[0m [1;30mLevel 1[0m checking '/media/subham/85dce0f4-2e29-4540-9a32-801850cfcef6/subham/LidarMapping2.5D/install/segmentation_lidar/bin'
[23.089s] [34mcolcon.colcon_core.environment[0m [1;30mLevel 1[0m checking '/media/subham/85dce0f4-2e29-4540-9a32-801850cfcef6/subham/LidarMapping2.5D/install/segmentation_lidar/lib/pkgconfig/segmentation_lidar.pc'
[23.090s] [34mcolcon.colcon_core.environment[0m [1;30mLevel 1[0m checking '/media/subham/85dce0f4-2e29-4540-9a32-801850cfcef6/subham/LidarMapping2.5D/install/segmentation_lidar/lib/python3.10/site-packages'
[23.090s] [34mcolcon.colcon_core.environment[0m [1;30mLevel 1[0m checking '/media/subham/85dce0f4-2e29-4540-9a32-801850cfcef6/subham/LidarMapping2.5D/install/segmentation_lidar/bin'
[23.090s] [34mcolcon.colcon_core.shell[0m [1;30mINFO[0m Creating package script '/media/subham/85dce0f4-2e29-4540-9a32-801850cfcef6/subham/LidarMapping2.5D/install/segmentation_lidar/share/segmentation_lidar/package.ps1'
[23.091s] [34mcolcon.colcon_core.shell[0m [1;30mINFO[0m Creating package descriptor '/media/subham/85dce0f4-2e29-4540-9a32-801850cfcef6/subham/LidarMapping2.5D/install/segmentation_lidar/share/segmentation_lidar/package.dsv'
[23.092s] [34mcolcon.colcon_core.shell[0m [1;30mINFO[0m Creating package script '/media/subham/85dce0f4-2e29-4540-9a32-801850cfcef6/subham/LidarMapping2.5D/install/segmentation_lidar/share/segmentation_lidar/package.sh'
[23.093s] [34mcolcon.colcon_core.shell[0m [1;30mINFO[0m Creating package script '/media/subham/85dce0f4-2e29-4540-9a32-801850cfcef6/subham/LidarMapping2.5D/install/segmentation_lidar/share/segmentation_lidar/package.bash'
[23.093s] [34mcolcon.colcon_core.shell[0m [1;30mINFO[0m Creating package script '/media/subham/85dce0f4-2e29-4540-9a32-801850cfcef6/subham/LidarMapping2.5D/install/segmentation_lidar/share/segmentation_lidar/package.zsh'
[23.094s] [34mcolcon.colcon_core.environment[0m [1;30mLevel 1[0m create_file_with_runtime_dependencies(/media/subham/85dce0f4-2e29-4540-9a32-801850cfcef6/subham/LidarMapping2.5D/install/segmentation_lidar/share/colcon-core/packages/segmentation_lidar)
[23.094s] [34mcolcon.colcon_core.executor.sequential[0m [1;30mDEBUG[0m [32mrun_until_complete 'segmentation_lidar' finished with '0'[0m
[23.094s] [34mcolcon.colcon_core.executor.sequential[0m [1;30mDEBUG[0m [32mrun_until_complete 'velodyne_gazebo_plugins'[0m
[23.094s] [34mcolcon.colcon_ros.task.ament_cmake.build[0m [1;30mINFO[0m Building ROS package in '/media/subham/85dce0f4-2e29-4540-9a32-801850cfcef6/subham/LidarMapping2.5D/src/velodyne/velodyne_gazebo_plugins' with build type 'ament_cmake'
[23.095s] [34mcolcon.colcon_cmake.task.cmake.build[0m [1;30mINFO[0m Building CMake package in '/media/subham/85dce0f4-2e29-4540-9a32-801850cfcef6/subham/LidarMapping2.5D/src/velodyne/velodyne_gazebo_plugins'
[23.095s] [34mcolcon.colcon_core.shell[0m [1;30mINFO[0m Skip shell extension 'powershell' for command environment: Not usable outside of PowerShell
[23.095s] [34mcolcon.colcon_core.shell[0m [1;30mDEBUG[0m [32mSkip shell extension 'dsv' for command environment[0m
[23.115s] [34mcolcon.colcon_core.event_handler.log_command[0m [1;30mDEBUG[0m [32mInvoking command in '/media/subham/85dce0f4-2e29-4540-9a32-801850cfcef6/subham/LidarMapping2.5D/build/velodyne_gazebo_plugins': CMAKE_PREFIX_PATH=${CMAKE_PREFIX_PATH}:/home/subham/omokai_ws/install/llm_navigation:/home/subham/Edge_AI_for_ADAS_and_Autonomous_Systems/install/adas_perception:/home/subham/Edge_AI_for_ADAS_and_Autonomous_Systems/install/adas_navigation:/home/subham/rover_ws/install/rover_navigation:/home/subham/anvrit_ws/install/anvrit_perception:/home/subham/anvrit_ws/install/anvrit_odometry:/home/subham/anvrit_ws/install/anvrit_nav2:/home/subham/igvc/install/igvc_perception:/home/subham/igvc/install/igvc_navigation:/home/subham/colcon_ws/install/ros2ai:/opt/ros/humble /usr/bin/cmake --build /media/subham/85dce0f4-2e29-4540-9a32-801850cfcef6/subham/LidarMapping2.5D/build/velodyne_gazebo_plugins[0m
[23.247s] [34mcolcon.colcon_core.event_handler.log_command[0m [1;30mDEBUG[0m [32mInvoked command in '/media/subham/85dce0f4-2e29-4540-9a32-801850cfcef6/subham/LidarMapping2.5D/build/velodyne_gazebo_plugins' returned '0': CMAKE_PREFIX_PATH=${CMAKE_PREFIX_PATH}:/home/subham/omokai_ws/install/llm_navigation:/home/subham/Edge_AI_for_ADAS_and_Autonomous_Systems/install/adas_perception:/home/subham/Edge_AI_for_ADAS_and_Autonomous_Systems/install/adas_navigation:/home/subham/rover_ws/install/rover_navigation:/home/subham/anvrit_ws/install/anvrit_perception:/home/subham/anvrit_ws/install/anvrit_odometry:/home/subham/anvrit_ws/install/anvrit_nav2:/home/subham/igvc/install/igvc_perception:/home/subham/igvc/install/igvc_navigation:/home/subham/colcon_ws/install/ros2ai:/opt/ros/humble /usr/bin/cmake --build /media/subham/85dce0f4-2e29-4540-9a32-801850cfcef6/subham/LidarMapping2.5D/build/velodyne_gazebo_plugins[0m
[23.250s] [34mcolcon.colcon_core.event_handler.log_command[0m [1;30mDEBUG[0m [32mInvoking command in '/media/subham/85dce0f4-2e29-4540-9a32-801850cfcef6/subham/LidarMapping2.5D/build/velodyne_gazebo_plugins': CMAKE_PREFIX_PATH=${CMAKE_PREFIX_PATH}:/home/subham/omokai_ws/install/llm_navigation:/home/subham/Edge_AI_for_ADAS_and_Autonomous_Systems/install/adas_perception:/home/subham/Edge_AI_for_ADAS_and_Autonomous_Systems/install/adas_navigation:/home/subham/rover_ws/install/rover_navigation:/home/subham/anvrit_ws/install/anvrit_perception:/home/subham/anvrit_ws/install/anvrit_odometry:/home/subham/anvrit_ws/install/anvrit_nav2:/home/subham/igvc/install/igvc_perception:/home/subham/igvc/install/igvc_navigation:/home/subham/colcon_ws/install/ros2ai:/opt/ros/humble /usr/bin/cmake --install /media/subham/85dce0f4-2e29-4540-9a32-801850cfcef6/subham/LidarMapping2.5D/build/velodyne_gazebo_plugins[0m
[23.296s] [34mcolcon.colcon_core.environment[0m [1;30mLevel 1[0m create_environment_scripts_only(velodyne_gazebo_plugins)
[23.297s] [34mcolcon.colcon_core.environment[0m [1;30mLevel 1[0m checking '/media/subham/85dce0f4-2e29-4540-9a32-801850cfcef6/subham/LidarMapping2.5D/install/velodyne_gazebo_plugins' for CMake module files
[23.297s] [34mcolcon.colcon_core.event_handler.log_command[0m [1;30mDEBUG[0m [32mInvoked command in '/media/subham/85dce0f4-2e29-4540-9a32-801850cfcef6/subham/LidarMapping2.5D/build/velodyne_gazebo_plugins' returned '0': CMAKE_PREFIX_PATH=${CMAKE_PREFIX_PATH}:/home/subham/omokai_ws/install/llm_navigation:/home/subham/Edge_AI_for_ADAS_and_Autonomous_Systems/install/adas_perception:/home/subham/Edge_AI_for_ADAS_and_Autonomous_Systems/install/adas_navigation:/home/subham/rover_ws/install/rover_navigation:/home/subham/anvrit_ws/install/anvrit_perception:/home/subham/anvrit_ws/install/anvrit_odometry:/home/subham/anvrit_ws/install/anvrit_nav2:/home/subham/igvc/install/igvc_perception:/home/subham/igvc/install/igvc_navigation:/home/subham/colcon_ws/install/ros2ai:/opt/ros/humble /usr/bin/cmake --install /media/subham/85dce0f4-2e29-4540-9a32-801850cfcef6/subham/LidarMapping2.5D/build/velodyne_gazebo_plugins[0m
[23.298s] [34mcolcon.colcon_core.environment[0m [1;30mLevel 1[0m checking '/media/subham/85dce0f4-2e29-4540-9a32-801850cfcef6/subham/LidarMapping2.5D/install/velodyne_gazebo_plugins' for CMake config files
[23.299s] [34mcolcon.colcon_core.shell[0m [1;30mLevel 1[0m create_environment_hook('velodyne_gazebo_plugins', 'cmake_prefix_path')
[23.299s] [34mcolcon.colcon_core.shell[0m [1;30mINFO[0m Creating environment hook '/media/subham/85dce0f4-2e29-4540-9a32-801850cfcef6/subham/LidarMapping2.5D/install/velodyne_gazebo_plugins/share/velodyne_gazebo_plugins/hook/cmake_prefix_path.ps1'
[23.300s] [34mcolcon.colcon_core.shell[0m [1;30mINFO[0m Creating environment descriptor '/media/subham/85dce0f4-2e29-4540-9a32-801850cfcef6/subham/LidarMapping2.5D/install/velodyne_gazebo_plugins/share/velodyne_gazebo_plugins/hook/cmake_prefix_path.dsv'
[23.300s] [34mcolcon.colcon_core.shell[0m [1;30mINFO[0m Creating environment hook '/media/subham/85dce0f4-2e29-4540-9a32-801850cfcef6/subham/LidarMapping2.5D/install/velodyne_gazebo_plugins/share/velodyne_gazebo_plugins/hook/cmake_prefix_path.sh'
[23.301s] [34mcolcon.colcon_core.environment[0m [1;30mLevel 1[0m checking '/media/subham/85dce0f4-2e29-4540-9a32-801850cfcef6/subham/LidarMapping2.5D/install/velodyne_gazebo_plugins/lib'
[23.301s] [34mcolcon.colcon_core.shell[0m [1;30mLevel 1[0m create_environment_hook('velodyne_gazebo_plugins', 'ld_library_path_lib')
[23.301s] [34mcolcon.colcon_core.shell[0m [1;30mINFO[0m Creating environment hook '/media/subham/85dce0f4-2e29-4540-9a32-801850cfcef6/subham/LidarMapping2.5D/install/velodyne_gazebo_plugins/share/velodyne_gazebo_plugins/hook/ld_library_path_lib.ps1'
[23.302s] [34mcolcon.colcon_core.shell[0m [1;30mINFO[0m Creating environment descriptor '/media/subham/85dce0f4-2e29-4540-9a32-801850cfcef6/subham/LidarMapping2.5D/install/velodyne_gazebo_plugins/share/velodyne_gazebo_plugins/hook/ld_library_path_lib.dsv'
[23.302s] [34mcolcon.colcon_core.shell[0m [1;30mINFO[0m Creating environment hook '/media/subham/85dce0f4-2e29-4540-9a32-801850cfcef6/subham/LidarMapping2.5D/install/velodyne_gazebo_plugins/share/velodyne_gazebo_plugins/hook/ld_library_path_lib.sh'
[23.302s] [34mcolcon.colcon_core.environment[0m [1;30mLevel 1[0m checking '/media/subham/85dce0f4-2e29-4540-9a32-801850cfcef6/subham/LidarMapping2.5D/install/velodyne_gazebo_plugins/bin'
[23.302s] [34mcolcon.colcon_core.environment[0m [1;30mLevel 1[0m checking '/media/subham/85dce0f4-2e29-4540-9a32-801850cfcef6/subham/LidarMapping2.5D/install/velodyne_gazebo_plugins/lib/pkgconfig/velodyne_gazebo_plugins.pc'
[23.303s] [34mcolcon.colcon_core.environment[0m [1;30mLevel 1[0m checking '/media/subham/85dce0f4-2e29-4540-9a32-801850cfcef6/subham/LidarMapping2.5D/install/velodyne_gazebo_plugins/lib/python3.10/site-packages'
[23.303s] [34mcolcon.colcon_core.environment[0m [1;30mLevel 1[0m checking '/media/subham/85dce0f4-2e29-4540-9a32-801850cfcef6/subham/LidarMapping2.5D/install/velodyne_gazebo_plugins/bin'
[23.303s] [34mcolcon.colcon_core.shell[0m [1;30mINFO[0m Creating package script '/media/subham/85dce0f4-2e29-4540-9a32-801850cfcef6/subham/LidarMapping2.5D/install/velodyne_gazebo_plugins/share/velodyne_gazebo_plugins/package.ps1'
[23.304s] [34mcolcon.colcon_core.shell[0m [1;30mINFO[0m Creating package descriptor '/media/subham/85dce0f4-2e29-4540-9a32-801850cfcef6/subham/LidarMapping2.5D/install/velodyne_gazebo_plugins/share/velodyne_gazebo_plugins/package.dsv'
[23.305s] [34mcolcon.colcon_core.shell[0m [1;30mINFO[0m Creating package script '/media/subham/85dce0f4-2e29-4540-9a32-801850cfcef6/subham/LidarMapping2.5D/install/velodyne_gazebo_plugins/share/velodyne_gazebo_plugins/package.sh'
[23.305s] [34mcolcon.colcon_core.shell[0m [1;30mINFO[0m Creating package script '/media/subham/85dce0f4-2e29-4540-9a32-801850cfcef6/subham/LidarMapping2.5D/install/velodyne_gazebo_plugins/share/velodyne_gazebo_plugins/package.bash'
[23.305s] [34mcolcon.colcon_core.shell[0m [1;30mINFO[0m Creating package script '/media/subham/85dce0f4-2e29-4540-9a32-801850cfcef6/subham/LidarMapping2.5D/install/velodyne_gazebo_plugins/share/velodyne_gazebo_plugins/package.zsh'
[23.306s] [34mcolcon.colcon_core.environment[0m [1;30mLevel 1[0m create_file_with_runtime_dependencies(/media/subham/85dce0f4-2e29-4540-9a32-801850cfcef6/subham/LidarMapping2.5D/install/velodyne_gazebo_plugins/share/colcon-core/packages/velodyne_gazebo_plugins)
[23.309s] [34mcolcon.colcon_core.environment[0m [1;30mLevel 1[0m create_environment_scripts_only(velodyne_gazebo_plugins)
[23.310s] [34mcolcon.colcon_core.environment[0m [1;30mLevel 1[0m checking '/media/subham/85dce0f4-2e29-4540-9a32-801850cfcef6/subham/LidarMapping2.5D/install/velodyne_gazebo_plugins' for CMake module files
[23.310s] [34mcolcon.colcon_core.environment[0m [1;30mLevel 1[0m checking '/media/subham/85dce0f4-2e29-4540-9a32-801850cfcef6/subham/LidarMapping2.5D/install/velodyne_gazebo_plugins' for CMake config files
[23.311s] [34mcolcon.colcon_core.shell[0m [1;30mLevel 1[0m create_environment_hook('velodyne_gazebo_plugins', 'cmake_prefix_path')
[23.311s] [34mcolcon.colcon_core.shell[0m [1;30mINFO[0m Creating environment hook '/media/subham/85dce0f4-2e29-4540-9a32-801850cfcef6/subham/LidarMapping2.5D/install/velodyne_gazebo_plugins/share/velodyne_gazebo_plugins/hook/cmake_prefix_path.ps1'
[23.312s] [34mcolcon.colcon_core.shell[0m [1;30mINFO[0m Creating environment descriptor '/media/subham/85dce0f4-2e29-4540-9a32-801850cfcef6/subham/LidarMapping2.5D/install/velodyne_gazebo_plugins/share/velodyne_gazebo_plugins/hook/cmake_prefix_path.dsv'
[23.313s] [34mcolcon.colcon_core.shell[0m [1;30mINFO[0m Creating environment hook '/media/subham/85dce0f4-2e29-4540-9a32-801850cfcef6/subham/LidarMapping2.5D/install/velodyne_gazebo_plugins/share/velodyne_gazebo_plugins/hook/cmake_prefix_path.sh'
[23.314s] [34mcolcon.colcon_core.environment[0m [1;30mLevel 1[0m checking '/media/subham/85dce0f4-2e29-4540-9a32-801850cfcef6/subham/LidarMapping2.5D/install/velodyne_gazebo_plugins/lib'
[23.314s] [34mcolcon.colcon_core.shell[0m [1;30mLevel 1[0m create_environment_hook('velodyne_gazebo_plugins', 'ld_library_path_lib')
[23.315s] [34mcolcon.colcon_core.shell[0m [1;30mINFO[0m Creating environment hook '/media/subham/85dce0f4-2e29-4540-9a32-801850cfcef6/subham/LidarMapping2.5D/install/velodyne_gazebo_plugins/share/velodyne_gazebo_plugins/hook/ld_library_path_lib.ps1'
[23.315s] [34mcolcon.colcon_core.shell[0m [1;30mINFO[0m Creating environment descriptor '/media/subham/85dce0f4-2e29-4540-9a32-801850cfcef6/subham/LidarMapping2.5D/install/velodyne_gazebo_plugins/share/velodyne_gazebo_plugins/hook/ld_library_path_lib.dsv'
[23.316s] [34mcolcon.colcon_core.shell[0m [1;30mINFO[0m Creating environment hook '/media/subham/85dce0f4-2e29-4540-9a32-801850cfcef6/subham/LidarMapping2.5D/install/velodyne_gazebo_plugins/share/velodyne_gazebo_plugins/hook/ld_library_path_lib.sh'
[23.316s] [34mcolcon.colcon_core.environment[0m [1;30mLevel 1[0m checking '/media/subham/85dce0f4-2e29-4540-9a32-801850cfcef6/subham/LidarMapping2.5D/install/velodyne_gazebo_plugins/bin'
[23.316s] [34mcolcon.colcon_core.environment[0m [1;30mLevel 1[0m checking '/media/subham/85dce0f4-2e29-4540-9a32-801850cfcef6/subham/LidarMapping2.5D/install/velodyne_gazebo_plugins/lib/pkgconfig/velodyne_gazebo_plugins.pc'
[23.317s] [34mcolcon.colcon_core.environment[0m [1;30mLevel 1[0m checking '/media/subham/85dce0f4-2e29-4540-9a32-801850cfcef6/subham/LidarMapping2.5D/install/velodyne_gazebo_plugins/lib/python3.10/site-packages'
[23.317s] [34mcolcon.colcon_core.environment[0m [1;30mLevel 1[0m checking '/media/subham/85dce0f4-2e29-4540-9a32-801850cfcef6/subham/LidarMapping2.5D/install/velodyne_gazebo_plugins/bin'
[23.318s] [34mcolcon.colcon_core.shell[0m [1;30mINFO[0m Creating package script '/media/subham/85dce0f4-2e29-4540-9a32-801850cfcef6/subham/LidarMapping2.5D/install/velodyne_gazebo_plugins/share/velodyne_gazebo_plugins/package.ps1'
[23.319s] [34mcolcon.colcon_core.shell[0m [1;30mINFO[0m Creating package descriptor '/media/subham/85dce0f4-2e29-4540-9a32-801850cfcef6/subham/LidarMapping2.5D/install/velodyne_gazebo_plugins/share/velodyne_gazebo_plugins/package.dsv'
[23.319s] [34mcolcon.colcon_core.shell[0m [1;30mINFO[0m Creating package script '/media/subham/85dce0f4-2e29-4540-9a32-801850cfcef6/subham/LidarMapping2.5D/install/velodyne_gazebo_plugins/share/velodyne_gazebo_plugins/package.sh'
[23.320s] [34mcolcon.colcon_core.shell[0m [1;30mINFO[0m Creating package script '/media/subham/85dce0f4-2e29-4540-9a32-801850cfcef6/subham/LidarMapping2.5D/install/velodyne_gazebo_plugins/share/velodyne_gazebo_plugins/package.bash'
[23.321s] [34mcolcon.colcon_core.shell[0m [1;30mINFO[0m Creating package script '/media/subham/85dce0f4-2e29-4540-9a32-801850cfcef6/subham/LidarMapping2.5D/install/velodyne_gazebo_plugins/share/velodyne_gazebo_plugins/package.zsh'
[23.321s] [34mcolcon.colcon_core.environment[0m [1;30mLevel 1[0m create_file_with_runtime_dependencies(/media/subham/85dce0f4-2e29-4540-9a32-801850cfcef6/subham/LidarMapping2.5D/install/velodyne_gazebo_plugins/share/colcon-core/packages/velodyne_gazebo_plugins)
[23.322s] [34mcolcon.colcon_core.executor.sequential[0m [1;30mDEBUG[0m [32mrun_until_complete 'velodyne_gazebo_plugins' finished with '0'[0m
[23.322s] [34mcolcon.colcon_core.executor.sequential[0m [1;30mDEBUG[0m [32mrun_until_complete 'fastdem_ros2'[0m
[23.322s] [34mcolcon.colcon_ros.task.ament_cmake.build[0m [1;30mINFO[0m Building ROS package in '/media/subham/85dce0f4-2e29-4540-9a32-801850cfcef6/subham/LidarMapping2.5D/src/FastDEM/ros2' with build type 'ament_cmake'
[23.322s] [34mcolcon.colcon_cmake.task.cmake.build[0m [1;30mINFO[0m Building CMake package in '/media/subham/85dce0f4-2e29-4540-9a32-801850cfcef6/subham/LidarMapping2.5D/src/FastDEM/ros2'
[23.322s] [34mcolcon.colcon_core.shell[0m [1;30mINFO[0m Skip shell extension 'powershell' for command environment: Not usable outside of PowerShell
[23.322s] [34mcolcon.colcon_core.shell[0m [1;30mDEBUG[0m [32mSkip shell extension 'dsv' for command environment[0m
[23.352s] [34mcolcon.colcon_core.event_handler.log_command[0m [1;30mDEBUG[0m [32mInvoking command in '/media/subham/85dce0f4-2e29-4540-9a32-801850cfcef6/subham/LidarMapping2.5D/build/fastdem_ros2': CMAKE_PREFIX_PATH=/media/subham/85dce0f4-2e29-4540-9a32-801850cfcef6/subham/LidarMapping2.5D/install/fastdem:/media/subham/85dce0f4-2e29-4540-9a32-801850cfcef6/subham/LidarMapping2.5D/install/segmentation_lidar:/media/subham/85dce0f4-2e29-4540-9a32-801850cfcef6/subham/LidarMapping2.5D/install/velodyne_simulator:/media/subham/85dce0f4-2e29-4540-9a32-801850cfcef6/subham/LidarMapping2.5D/install/velodyne_description:/media/subham/85dce0f4-2e29-4540-9a32-801850cfcef6/subham/LidarMapping2.5D/install/velodyne_gazebo_plugins:/media/subham/85dce0f4-2e29-4540-9a32-801850cfcef6/subham/LidarMapping2.5D/install/salsanext_ros2:/media/subham/85dce0f4-2e29-4540-9a32-801850cfcef6/subham/LidarMapping2.5D/install/patchwork_plusplus:/media/subham/85dce0f4-2e29-4540-9a32-801850cfcef6/subham/LidarMapping2.5D/install/lid_simulation:/media/subham/85dce0f4-2e29-4540-9a32-801850cfcef6/subham/LidarMapping2.5D/install/lid_description:/media/subham/85dce0f4-2e29-4540-9a32-801850cfcef6/subham/LidarMapping2.5D/install/jsk_recognition_msgs:/media/subham/85dce0f4-2e29-4540-9a32-801850cfcef6/subham/LidarMapping2.5D/install/height_mapping_ros2:/media/subham/85dce0f4-2e29-4540-9a32-801850cfcef6/subham/LidarMapping2.5D/install/height_mapping_core:/media/subham/85dce0f4-2e29-4540-9a32-801850cfcef6/subham/LidarMapping2.5D/install/fastdem_ros2:/home/subham/omokai_ws/install/llm_simulation:/home/subham/omokai_ws/install/llm_prompt:/home/subham/omokai_ws/install/llm_description:/home/subham/Edge_AI_for_ADAS_and_Autonomous_Systems/install/adas_simulation:/home/subham/Edge_AI_for_ADAS_and_Autonomous_Systems/install/adas_description:/home/subham/rover_ws/install/rover_gazebo:/home/subham/rover_ws/install/rover_description:/home/subham/rover_ws/install/rf2o_laser_odometry:/home/subham/anvrit_ws/install/rplidar_ros:/home/subham/anvrit_ws/install/astra_camera:/home/subham/anvrit_ws/install/astra_camera_msgs:/home/subham/anvrit_ws/install/anvrit_description:/home/subham/igvc/install/velodyne_simulator:/home/subham/igvc/install/velodyne_description:/home/subham/igvc/install/velodyne_gazebo_plugins:/home/subham/igvc/install/igvc_simulation:/home/subham/igvc/install/igvc_description:/home/subham/colcon_ws/install/ur_simulation_gz:/home/subham/colcon_ws/install/ur_description:/home/subham/colcon_ws/install/ur5_control_2481:/home/subham/colcon_ws/install/s2481_ebot_description:/home/subham/colcon_ws/install/linkattacher_msgs:/home/subham/colcon_ws/install/eyantra_warehouse:/home/subham/colcon_ws/install/ackerman_description:/home/subham/omokai_ws/install/llm_navigation:/home/subham/Edge_AI_for_ADAS_and_Autonomous_Systems/install/adas_perception:/home/subham/Edge_AI_for_ADAS_and_Autonomous_Systems/install/adas_navigation:/home/subham/rover_ws/install/rover_navigation:/home/subham/anvrit_ws/install/anvrit_perception:/home/subham/anvrit_ws/install/anvrit_odometry:/home/subham/anvrit_ws/install/anvrit_nav2:/home/subham/igvc/install/igvc_perception:/home/subham/igvc/install/igvc_navigation:/home/subham/colcon_ws/install/ros2ai:/opt/ros/humble /usr/bin/cmake --build /media/subham/85dce0f4-2e29-4540-9a32-801850cfcef6/subham/LidarMapping2.5D/build/fastdem_ros2[0m
[23.478s] [34mcolcon.colcon_core.event_handler.log_command[0m [1;30mDEBUG[0m [32mInvoked command in '/media/subham/85dce0f4-2e29-4540-9a32-801850cfcef6/subham/LidarMapping2.5D/build/fastdem_ros2' returned '0': CMAKE_PREFIX_PATH=/media/subham/85dce0f4-2e29-4540-9a32-801850cfcef6/subham/LidarMapping2.5D/install/fastdem:/media/subham/85dce0f4-2e29-4540-9a32-801850cfcef6/subham/LidarMapping2.5D/install/segmentation_lidar:/media/subham/85dce0f4-2e29-4540-9a32-801850cfcef6/subham/LidarMapping2.5D/install/velodyne_simulator:/media/subham/85dce0f4-2e29-4540-9a32-801850cfcef6/subham/LidarMapping2.5D/install/velodyne_description:/media/subham/85dce0f4-2e29-4540-9a32-801850cfcef6/subham/LidarMapping2.5D/install/velodyne_gazebo_plugins:/media/subham/85dce0f4-2e29-4540-9a32-801850cfcef6/subham/LidarMapping2.5D/install/salsanext_ros2:/media/subham/85dce0f4-2e29-4540-9a32-801850cfcef6/subham/LidarMapping2.5D/install/patchwork_plusplus:/media/subham/85dce0f4-2e29-4540-9a32-801850cfcef6/subham/LidarMapping2.5D/install/lid_simulation:/media/subham/85dce0f4-2e29-4540-9a32-801850cfcef6/subham/LidarMapping2.5D/install/lid_description:/media/subham/85dce0f4-2e29-4540-9a32-801850cfcef6/subham/LidarMapping2.5D/install/jsk_recognition_msgs:/media/subham/85dce0f4-2e29-4540-9a32-801850cfcef6/subham/LidarMapping2.5D/install/height_mapping_ros2:/media/subham/85dce0f4-2e29-4540-9a32-801850cfcef6/subham/LidarMapping2.5D/install/height_mapping_core:/media/subham/85dce0f4-2e29-4540-9a32-801850cfcef6/subham/LidarMapping2.5D/install/fastdem_ros2:/home/subham/omokai_ws/install/llm_simulation:/home/subham/omokai_ws/install/llm_prompt:/home/subham/omokai_ws/install/llm_description:/home/subham/Edge_AI_for_ADAS_and_Autonomous_Systems/install/adas_simulation:/home/subham/Edge_AI_for_ADAS_and_Autonomous_Systems/install/adas_description:/home/subham/rover_ws/install/rover_gazebo:/home/subham/rover_ws/install/rover_description:/home/subham/rover_ws/install/rf2o_laser_odometry:/home/subham/anvrit_ws/install/rplidar_ros:/home/subham/anvrit_ws/install/astra_camera:/home/subham/anvrit_ws/install/astra_camera_msgs:/home/subham/anvrit_ws/install/anvrit_description:/home/subham/igvc/install/velodyne_simulator:/home/subham/igvc/install/velodyne_description:/home/subham/igvc/install/velodyne_gazebo_plugins:/home/subham/igvc/install/igvc_simulation:/home/subham/igvc/install/igvc_description:/home/subham/colcon_ws/install/ur_simulation_gz:/home/subham/colcon_ws/install/ur_description:/home/subham/colcon_ws/install/ur5_control_2481:/home/subham/colcon_ws/install/s2481_ebot_description:/home/subham/colcon_ws/install/linkattacher_msgs:/home/subham/colcon_ws/install/eyantra_warehouse:/home/subham/colcon_ws/install/ackerman_description:/home/subham/omokai_ws/install/llm_navigation:/home/subham/Edge_AI_for_ADAS_and_Autonomous_Systems/install/adas_perception:/home/subham/Edge_AI_for_ADAS_and_Autonomous_Systems/install/adas_navigation:/home/subham/rover_ws/install/rover_navigation:/home/subham/anvrit_ws/install/anvrit_perception:/home/subham/anvrit_ws/install/anvrit_odometry:/home/subham/anvrit_ws/install/anvrit_nav2:/home/subham/igvc/install/igvc_perception:/home/subham/igvc/install/igvc_navigation:/home/subham/colcon_ws/install/ros2ai:/opt/ros/humble /usr/bin/cmake --build /media/subham/85dce0f4-2e29-4540-9a32-801850cfcef6/subham/LidarMapping2.5D/build/fastdem_ros2[0m
[23.481s] [34mcolcon.colcon_core.event_handler.log_command[0m [1;30mDEBUG[0m [32mInvoking command in '/media/subham/85dce0f4-2e29-4540-9a32-801850cfcef6/subham/LidarMapping2.5D/build/fastdem_ros2': CMAKE_PREFIX_PATH=/media/subham/85dce0f4-2e29-4540-9a32-801850cfcef6/subham/LidarMapping2.5D/install/fastdem:/media/subham/85dce0f4-2e29-4540-9a32-801850cfcef6/subham/LidarMapping2.5D/install/segmentation_lidar:/media/subham/85dce0f4-2e29-4540-9a32-801850cfcef6/subham/LidarMapping2.5D/install/velodyne_simulator:/media/subham/85dce0f4-2e29-4540-9a32-801850cfcef6/subham/LidarMapping2.5D/install/velodyne_description:/media/subham/85dce0f4-2e29-4540-9a32-801850cfcef6/subham/LidarMapping2.5D/install/velodyne_gazebo_plugins:/media/subham/85dce0f4-2e29-4540-9a32-801850cfcef6/subham/LidarMapping2.5D/install/salsanext_ros2:/media/subham/85dce0f4-2e29-4540-9a32-801850cfcef6/subham/LidarMapping2.5D/install/patchwork_plusplus:/media/subham/85dce0f4-2e29-4540-9a32-801850cfcef6/subham/LidarMapping2.5D/install/lid_simulation:/media/subham/85dce0f4-2e29-4540-9a32-801850cfcef6/subham/LidarMapping2.5D/install/lid_description:/media/subham/85dce0f4-2e29-4540-9a32-801850cfcef6/subham/LidarMapping2.5D/install/jsk_recognition_msgs:/media/subham/85dce0f4-2e29-4540-9a32-801850cfcef6/subham/LidarMapping2.5D/install/height_mapping_ros2:/media/subham/85dce0f4-2e29-4540-9a32-801850cfcef6/subham/LidarMapping2.5D/install/height_mapping_core:/media/subham/85dce0f4-2e29-4540-9a32-801850cfcef6/subham/LidarMapping2.5D/install/fastdem_ros2:/home/subham/omokai_ws/install/llm_simulation:/home/subham/omokai_ws/install/llm_prompt:/home/subham/omokai_ws/install/llm_description:/home/subham/Edge_AI_for_ADAS_and_Autonomous_Systems/install/adas_simulation:/home/subham/Edge_AI_for_ADAS_and_Autonomous_Systems/install/adas_description:/home/subham/rover_ws/install/rover_gazebo:/home/subham/rover_ws/install/rover_description:/home/subham/rover_ws/install/rf2o_laser_odometry:/home/subham/anvrit_ws/install/rplidar_ros:/home/subham/anvrit_ws/install/astra_camera:/home/subham/anvrit_ws/install/astra_camera_msgs:/home/subham/anvrit_ws/install/anvrit_description:/home/subham/igvc/install/velodyne_simulator:/home/subham/igvc/install/velodyne_description:/home/subham/igvc/install/velodyne_gazebo_plugins:/home/subham/igvc/install/igvc_simulation:/home/subham/igvc/install/igvc_description:/home/subham/colcon_ws/install/ur_simulation_gz:/home/subham/colcon_ws/install/ur_description:/home/subham/colcon_ws/install/ur5_control_2481:/home/subham/colcon_ws/install/s2481_ebot_description:/home/subham/colcon_ws/install/linkattacher_msgs:/home/subham/colcon_ws/install/eyantra_warehouse:/home/subham/colcon_ws/install/ackerman_description:/home/subham/omokai_ws/install/llm_navigation:/home/subham/Edge_AI_for_ADAS_and_Autonomous_Systems/install/adas_perception:/home/subham/Edge_AI_for_ADAS_and_Autonomous_Systems/install/adas_navigation:/home/subham/rover_ws/install/rover_navigation:/home/subham/anvrit_ws/install/anvrit_perception:/home/subham/anvrit_ws/install/anvrit_odometry:/home/subham/anvrit_ws/install/anvrit_nav2:/home/subham/igvc/install/igvc_perception:/home/subham/igvc/install/igvc_navigation:/home/subham/colcon_ws/install/ros2ai:/opt/ros/humble /usr/bin/cmake --install /media/subham/85dce0f4-2e29-4540-9a32-801850cfcef6/subham/LidarMapping2.5D/build/fastdem_ros2[0m
[23.518s] [34mcolcon.colcon_core.environment[0m [1;30mLevel 1[0m create_environment_scripts_only(fastdem_ros2)
[23.518s] [34mcolcon.colcon_core.environment[0m [1;30mLevel 1[0m checking '/media/subham/85dce0f4-2e29-4540-9a32-801850cfcef6/subham/LidarMapping2.5D/install/fastdem_ros2' for CMake module files
[23.519s] [34mcolcon.colcon_core.event_handler.log_command[0m [1;30mDEBUG[0m [32mInvoked command in '/media/subham/85dce0f4-2e29-4540-9a32-801850cfcef6/subham/LidarMapping2.5D/build/fastdem_ros2' returned '0': CMAKE_PREFIX_PATH=/media/subham/85dce0f4-2e29-4540-9a32-801850cfcef6/subham/LidarMapping2.5D/install/fastdem:/media/subham/85dce0f4-2e29-4540-9a32-801850cfcef6/subham/LidarMapping2.5D/install/segmentation_lidar:/media/subham/85dce0f4-2e29-4540-9a32-801850cfcef6/subham/LidarMapping2.5D/install/velodyne_simulator:/media/subham/85dce0f4-2e29-4540-9a32-801850cfcef6/subham/LidarMapping2.5D/install/velodyne_description:/media/subham/85dce0f4-2e29-4540-9a32-801850cfcef6/subham/LidarMapping2.5D/install/velodyne_gazebo_plugins:/media/subham/85dce0f4-2e29-4540-9a32-801850cfcef6/subham/LidarMapping2.5D/install/salsanext_ros2:/media/subham/85dce0f4-2e29-4540-9a32-801850cfcef6/subham/LidarMapping2.5D/install/patchwork_plusplus:/media/subham/85dce0f4-2e29-4540-9a32-801850cfcef6/subham/LidarMapping2.5D/install/lid_simulation:/media/subham/85dce0f4-2e29-4540-9a32-801850cfcef6/subham/LidarMapping2.5D/install/lid_description:/media/subham/85dce0f4-2e29-4540-9a32-801850cfcef6/subham/LidarMapping2.5D/install/jsk_recognition_msgs:/media/subham/85dce0f4-2e29-4540-9a32-801850cfcef6/subham/LidarMapping2.5D/install/height_mapping_ros2:/media/subham/85dce0f4-2e29-4540-9a32-801850cfcef6/subham/LidarMapping2.5D/install/height_mapping_core:/media/subham/85dce0f4-2e29-4540-9a32-801850cfcef6/subham/LidarMapping2.5D/install/fastdem_ros2:/home/subham/omokai_ws/install/llm_simulation:/home/subham/omokai_ws/install/llm_prompt:/home/subham/omokai_ws/install/llm_description:/home/subham/Edge_AI_for_ADAS_and_Autonomous_Systems/install/adas_simulation:/home/subham/Edge_AI_for_ADAS_and_Autonomous_Systems/install/adas_description:/home/subham/rover_ws/install/rover_gazebo:/home/subham/rover_ws/install/rover_description:/home/subham/rover_ws/install/rf2o_laser_odometry:/home/subham/anvrit_ws/install/rplidar_ros:/home/subham/anvrit_ws/install/astra_camera:/home/subham/anvrit_ws/install/astra_camera_msgs:/home/subham/anvrit_ws/install/anvrit_description:/home/subham/igvc/install/velodyne_simulator:/home/subham/igvc/install/velodyne_description:/home/subham/igvc/install/velodyne_gazebo_plugins:/home/subham/igvc/install/igvc_simulation:/home/subham/igvc/install/igvc_description:/home/subham/colcon_ws/install/ur_simulation_gz:/home/subham/colcon_ws/install/ur_description:/home/subham/colcon_ws/install/ur5_control_2481:/home/subham/colcon_ws/install/s2481_ebot_description:/home/subham/colcon_ws/install/linkattacher_msgs:/home/subham/colcon_ws/install/eyantra_warehouse:/home/subham/colcon_ws/install/ackerman_description:/home/subham/omokai_ws/install/llm_navigation:/home/subham/Edge_AI_for_ADAS_and_Autonomous_Systems/install/adas_perception:/home/subham/Edge_AI_for_ADAS_and_Autonomous_Systems/install/adas_navigation:/home/subham/rover_ws/install/rover_navigation:/home/subham/anvrit_ws/install/anvrit_perception:/home/subham/anvrit_ws/install/anvrit_odometry:/home/subham/anvrit_ws/install/anvrit_nav2:/home/subham/igvc/install/igvc_perception:/home/subham/igvc/install/igvc_navigation:/home/subham/colcon_ws/install/ros2ai:/opt/ros/humble /usr/bin/cmake --install /media/subham/85dce0f4-2e29-4540-9a32-801850cfcef6/subham/LidarMapping2.5D/build/fastdem_ros2[0m
[23.519s] [34mcolcon.colcon_core.environment[0m [1;30mLevel 1[0m checking '/media/subham/85dce0f4-2e29-4540-9a32-801850cfcef6/subham/LidarMapping2.5D/install/fastdem_ros2' for CMake config files
[23.520s] [34mcolcon.colcon_core.shell[0m [1;30mLevel 1[0m create_environment_hook('fastdem_ros2', 'cmake_prefix_path')
[23.520s] [34mcolcon.colcon_core.shell[0m [1;30mINFO[0m Creating environment hook '/media/subham/85dce0f4-2e29-4540-9a32-801850cfcef6/subham/LidarMapping2.5D/install/fastdem_ros2/share/fastdem_ros2/hook/cmake_prefix_path.ps1'
[23.521s] [34mcolcon.colcon_core.shell[0m [1;30mINFO[0m Creating environment descriptor '/media/subham/85dce0f4-2e29-4540-9a32-801850cfcef6/subham/LidarMapping2.5D/install/fastdem_ros2/share/fastdem_ros2/hook/cmake_prefix_path.dsv'
[23.521s] [34mcolcon.colcon_core.shell[0m [1;30mINFO[0m Creating environment hook '/media/subham/85dce0f4-2e29-4540-9a32-801850cfcef6/subham/LidarMapping2.5D/install/fastdem_ros2/share/fastdem_ros2/hook/cmake_prefix_path.sh'
[23.521s] [34mcolcon.colcon_core.environment[0m [1;30mLevel 1[0m checking '/media/subham/85dce0f4-2e29-4540-9a32-801850cfcef6/subham/LidarMapping2.5D/install/fastdem_ros2/lib'
[23.522s] [34mcolcon.colcon_core.environment[0m [1;30mLevel 1[0m checking '/media/subham/85dce0f4-2e29-4540-9a32-801850cfcef6/subham/LidarMapping2.5D/install/fastdem_ros2/bin'
[23.522s] [34mcolcon.colcon_core.environment[0m [1;30mLevel 1[0m checking '/media/subham/85dce0f4-2e29-4540-9a32-801850cfcef6/subham/LidarMapping2.5D/install/fastdem_ros2/lib/pkgconfig/fastdem_ros2.pc'
[23.522s] [34mcolcon.colcon_core.environment[0m [1;30mLevel 1[0m checking '/media/subham/85dce0f4-2e29-4540-9a32-801850cfcef6/subham/LidarMapping2.5D/install/fastdem_ros2/lib/python3.10/site-packages'
[23.522s] [34mcolcon.colcon_core.environment[0m [1;30mLevel 1[0m checking '/media/subham/85dce0f4-2e29-4540-9a32-801850cfcef6/subham/LidarMapping2.5D/install/fastdem_ros2/bin'
[23.523s] [34mcolcon.colcon_core.shell[0m [1;30mINFO[0m Creating package script '/media/subham/85dce0f4-2e29-4540-9a32-801850cfcef6/subham/LidarMapping2.5D/install/fastdem_ros2/share/fastdem_ros2/package.ps1'
[23.524s] [34mcolcon.colcon_core.shell[0m [1;30mINFO[0m Creating package descriptor '/media/subham/85dce0f4-2e29-4540-9a32-801850cfcef6/subham/LidarMapping2.5D/install/fastdem_ros2/share/fastdem_ros2/package.dsv'
[23.525s] [34mcolcon.colcon_core.shell[0m [1;30mINFO[0m Creating package script '/media/subham/85dce0f4-2e29-4540-9a32-801850cfcef6/subham/LidarMapping2.5D/install/fastdem_ros2/share/fastdem_ros2/package.sh'
[23.525s] [34mcolcon.colcon_core.shell[0m [1;30mINFO[0m Creating package script '/media/subham/85dce0f4-2e29-4540-9a32-801850cfcef6/subham/LidarMapping2.5D/install/fastdem_ros2/share/fastdem_ros2/package.bash'
[23.526s] [34mcolcon.colcon_core.shell[0m [1;30mINFO[0m Creating package script '/media/subham/85dce0f4-2e29-4540-9a32-801850cfcef6/subham/LidarMapping2.5D/install/fastdem_ros2/share/fastdem_ros2/package.zsh'
[23.527s] [34mcolcon.colcon_core.environment[0m [1;30mLevel 1[0m create_file_with_runtime_dependencies(/media/subham/85dce0f4-2e29-4540-9a32-801850cfcef6/subham/LidarMapping2.5D/install/fastdem_ros2/share/colcon-core/packages/fastdem_ros2)
[23.528s] [34mcolcon.colcon_core.environment[0m [1;30mLevel 1[0m create_environment_scripts_only(fastdem_ros2)
[23.528s] [34mcolcon.colcon_core.environment[0m [1;30mLevel 1[0m checking '/media/subham/85dce0f4-2e29-4540-9a32-801850cfcef6/subham/LidarMapping2.5D/install/fastdem_ros2' for CMake module files
[23.529s] [34mcolcon.colcon_core.environment[0m [1;30mLevel 1[0m checking '/media/subham/85dce0f4-2e29-4540-9a32-801850cfcef6/subham/LidarMapping2.5D/install/fastdem_ros2' for CMake config files
[23.529s] [34mcolcon.colcon_core.shell[0m [1;30mLevel 1[0m create_environment_hook('fastdem_ros2', 'cmake_prefix_path')
[23.529s] [34mcolcon.colcon_core.shell[0m [1;30mINFO[0m Creating environment hook '/media/subham/85dce0f4-2e29-4540-9a32-801850cfcef6/subham/LidarMapping2.5D/install/fastdem_ros2/share/fastdem_ros2/hook/cmake_prefix_path.ps1'
[23.530s] [34mcolcon.colcon_core.shell[0m [1;30mINFO[0m Creating environment descriptor '/media/subham/85dce0f4-2e29-4540-9a32-801850cfcef6/subham/LidarMapping2.5D/install/fastdem_ros2/share/fastdem_ros2/hook/cmake_prefix_path.dsv'
[23.530s] [34mcolcon.colcon_core.shell[0m [1;30mINFO[0m Creating environment hook '/media/subham/85dce0f4-2e29-4540-9a32-801850cfcef6/subham/LidarMapping2.5D/install/fastdem_ros2/share/fastdem_ros2/hook/cmake_prefix_path.sh'
[23.531s] [34mcolcon.colcon_core.environment[0m [1;30mLevel 1[0m checking '/media/subham/85dce0f4-2e29-4540-9a32-801850cfcef6/subham/LidarMapping2.5D/install/fastdem_ros2/lib'
[23.531s] [34mcolcon.colcon_core.environment[0m [1;30mLevel 1[0m checking '/media/subham/85dce0f4-2e29-4540-9a32-801850cfcef6/subham/LidarMapping2.5D/install/fastdem_ros2/bin'
[23.531s] [34mcolcon.colcon_core.environment[0m [1;30mLevel 1[0m checking '/media/subham/85dce0f4-2e29-4540-9a32-801850cfcef6/subham/LidarMapping2.5D/install/fastdem_ros2/lib/pkgconfig/fastdem_ros2.pc'
[23.532s] [34mcolcon.colcon_core.environment[0m [1;30mLevel 1[0m checking '/media/subham/85dce0f4-2e29-4540-9a32-801850cfcef6/subham/LidarMapping2.5D/install/fastdem_ros2/lib/python3.10/site-packages'
[23.532s] [34mcolcon.colcon_core.environment[0m [1;30mLevel 1[0m checking '/media/subham/85dce0f4-2e29-4540-9a32-801850cfcef6/subham/LidarMapping2.5D/install/fastdem_ros2/bin'
[23.532s] [34mcolcon.colcon_core.shell[0m [1;30mINFO[0m Creating package script '/media/subham/85dce0f4-2e29-4540-9a32-801850cfcef6/subham/LidarMapping2.5D/install/fastdem_ros2/share/fastdem_ros2/package.ps1'
[23.533s] [34mcolcon.colcon_core.shell[0m [1;30mINFO[0m Creating package descriptor '/media/subham/85dce0f4-2e29-4540-9a32-801850cfcef6/subham/LidarMapping2.5D/install/fastdem_ros2/share/fastdem_ros2/package.dsv'
[23.534s] [34mcolcon.colcon_core.shell[0m [1;30mINFO[0m Creating package script '/media/subham/85dce0f4-2e29-4540-9a32-801850cfcef6/subham/LidarMapping2.5D/install/fastdem_ros2/share/fastdem_ros2/package.sh'
[23.534s] [34mcolcon.colcon_core.shell[0m [1;30mINFO[0m Creating package script '/media/subham/85dce0f4-2e29-4540-9a32-801850cfcef6/subham/LidarMapping2.5D/install/fastdem_ros2/share/fastdem_ros2/package.bash'
[23.534s] [34mcolcon.colcon_core.shell[0m [1;30mINFO[0m Creating package script '/media/subham/85dce0f4-2e29-4540-9a32-801850cfcef6/subham/LidarMapping2.5D/install/fastdem_ros2/share/fastdem_ros2/package.zsh'
[23.535s] [34mcolcon.colcon_core.environment[0m [1;30mLevel 1[0m create_file_with_runtime_dependencies(/media/subham/85dce0f4-2e29-4540-9a32-801850cfcef6/subham/LidarMapping2.5D/install/fastdem_ros2/share/colcon-core/packages/fastdem_ros2)
[23.535s] [34mcolcon.colcon_core.executor.sequential[0m [1;30mDEBUG[0m [32mrun_until_complete 'fastdem_ros2' finished with '0'[0m
[23.535s] [34mcolcon.colcon_core.executor.sequential[0m [1;30mDEBUG[0m [32mrun_until_complete 'patchwork_plusplus'[0m
[23.535s] [34mcolcon.colcon_ros.task.ament_cmake.build[0m [1;30mINFO[0m Building ROS package in '/media/subham/85dce0f4-2e29-4540-9a32-801850cfcef6/subham/LidarMapping2.5D/src/patchwork-plusplus-ros2/patchwork_plusplus' with build type 'ament_cmake'
[23.535s] [34mcolcon.colcon_cmake.task.cmake.build[0m [1;30mINFO[0m Building CMake package in '/media/subham/85dce0f4-2e29-4540-9a32-801850cfcef6/subham/LidarMapping2.5D/src/patchwork-plusplus-ros2/patchwork_plusplus'
[23.535s] [34mcolcon.colcon_core.shell[0m [1;30mINFO[0m Skip shell extension 'powershell' for command environment: Not usable outside of PowerShell
[23.535s] [34mcolcon.colcon_core.shell[0m [1;30mDEBUG[0m [32mSkip shell extension 'dsv' for command environment[0m
[23.561s] [34mcolcon.colcon_core.event_handler.log_command[0m [1;30mDEBUG[0m [32mInvoking command in '/media/subham/85dce0f4-2e29-4540-9a32-801850cfcef6/subham/LidarMapping2.5D/build/patchwork_plusplus': CMAKE_PREFIX_PATH=/media/subham/85dce0f4-2e29-4540-9a32-801850cfcef6/subham/LidarMapping2.5D/install/jsk_recognition_msgs:/media/subham/85dce0f4-2e29-4540-9a32-801850cfcef6/subham/LidarMapping2.5D/install/segmentation_lidar:/media/subham/85dce0f4-2e29-4540-9a32-801850cfcef6/subham/LidarMapping2.5D/install/velodyne_simulator:/media/subham/85dce0f4-2e29-4540-9a32-801850cfcef6/subham/LidarMapping2.5D/install/velodyne_description:/media/subham/85dce0f4-2e29-4540-9a32-801850cfcef6/subham/LidarMapping2.5D/install/velodyne_gazebo_plugins:/media/subham/85dce0f4-2e29-4540-9a32-801850cfcef6/subham/LidarMapping2.5D/install/salsanext_ros2:/media/subham/85dce0f4-2e29-4540-9a32-801850cfcef6/subham/LidarMapping2.5D/install/patchwork_plusplus:/media/subham/85dce0f4-2e29-4540-9a32-801850cfcef6/subham/LidarMapping2.5D/install/lid_simulation:/media/subham/85dce0f4-2e29-4540-9a32-801850cfcef6/subham/LidarMapping2.5D/install/lid_description:/media/subham/85dce0f4-2e29-4540-9a32-801850cfcef6/subham/LidarMapping2.5D/install/height_mapping_ros2:/media/subham/85dce0f4-2e29-4540-9a32-801850cfcef6/subham/LidarMapping2.5D/install/height_mapping_core:/media/subham/85dce0f4-2e29-4540-9a32-801850cfcef6/subham/LidarMapping2.5D/install/fastdem_ros2:/media/subham/85dce0f4-2e29-4540-9a32-801850cfcef6/subham/LidarMapping2.5D/install/fastdem:/home/subham/omokai_ws/install/llm_simulation:/home/subham/omokai_ws/install/llm_prompt:/home/subham/omokai_ws/install/llm_description:/home/subham/Edge_AI_for_ADAS_and_Autonomous_Systems/install/adas_simulation:/home/subham/Edge_AI_for_ADAS_and_Autonomous_Systems/install/adas_description:/home/subham/rover_ws/install/rover_gazebo:/home/subham/rover_ws/install/rover_description:/home/subham/rover_ws/install/rf2o_laser_odometry:/home/subham/anvrit_ws/install/rplidar_ros:/home/subham/anvrit_ws/install/astra_camera:/home/subham/anvrit_ws/install/astra_camera_msgs:/home/subham/anvrit_ws/install/anvrit_description:/home/subham/igvc/install/velodyne_simulator:/home/subham/igvc/install/velodyne_description:/home/subham/igvc/install/velodyne_gazebo_plugins:/home/subham/igvc/install/igvc_simulation:/home/subham/igvc/install/igvc_description:/home/subham/colcon_ws/install/ur_simulation_gz:/home/subham/colcon_ws/install/ur_description:/home/subham/colcon_ws/install/ur5_control_2481:/home/subham/colcon_ws/install/s2481_ebot_description:/home/subham/colcon_ws/install/linkattacher_msgs:/home/subham/colcon_ws/install/eyantra_warehouse:/home/subham/colcon_ws/install/ackerman_description:/home/subham/omokai_ws/install/llm_navigation:/home/subham/Edge_AI_for_ADAS_and_Autonomous_Systems/install/adas_perception:/home/subham/Edge_AI_for_ADAS_and_Autonomous_Systems/install/adas_navigation:/home/subham/rover_ws/install/rover_navigation:/home/subham/anvrit_ws/install/anvrit_perception:/home/subham/anvrit_ws/install/anvrit_odometry:/home/subham/anvrit_ws/install/anvrit_nav2:/home/subham/igvc/install/igvc_perception:/home/subham/igvc/install/igvc_navigation:/home/subham/colcon_ws/install/ros2ai:/opt/ros/humble LD_LIBRARY_PATH=/media/subham/85dce0f4-2e29-4540-9a32-801850cfcef6/subham/LidarMapping2.5D/install/jsk_recognition_msgs/lib:/media/subham/85dce0f4-2e29-4540-9a32-801850cfcef6/subham/LidarMapping2.5D/install/velodyne_gazebo_plugins/lib:/media/subham/85dce0f4-2e29-4540-9a32-801850cfcef6/subham/LidarMapping2.5D/install/patchwork_plusplus/lib:/media/subham/85dce0f4-2e29-4540-9a32-801850cfcef6/subham/LidarMapping2.5D/install/height_mapping_ros2/lib:/media/subham/85dce0f4-2e29-4540-9a32-801850cfcef6/subham/LidarMapping2.5D/install/height_mapping_core/lib:/home/subham/anvrit_ws/install/astra_camera/lib:/home/subham/anvrit_ws/install/astra_camera_msgs/lib:/home/subham/igvc/install/velodyne_gazebo_plugins/lib:/home/subham/colcon_ws/install/linkattacher_msgs/lib:/opt/ros/humble/opt/rviz_ogre_vendor/lib:/opt/ros/humble/lib/x86_64-linux-gnu:/opt/ros/humble/opt/openvdb_vendor/lib:/opt/ros/humble/lib /usr/bin/cmake --build /media/subham/85dce0f4-2e29-4540-9a32-801850cfcef6/subham/LidarMapping2.5D/build/patchwork_plusplus[0m
[23.732s] [34mcolcon.colcon_core.event_handler.log_command[0m [1;30mDEBUG[0m [32mInvoked command in '/media/subham/85dce0f4-2e29-4540-9a32-801850cfcef6/subham/LidarMapping2.5D/build/patchwork_plusplus' returned '0': CMAKE_PREFIX_PATH=/media/subham/85dce0f4-2e29-4540-9a32-801850cfcef6/subham/LidarMapping2.5D/install/jsk_recognition_msgs:/media/subham/85dce0f4-2e29-4540-9a32-801850cfcef6/subham/LidarMapping2.5D/install/segmentation_lidar:/media/subham/85dce0f4-2e29-4540-9a32-801850cfcef6/subham/LidarMapping2.5D/install/velodyne_simulator:/media/subham/85dce0f4-2e29-4540-9a32-801850cfcef6/subham/LidarMapping2.5D/install/velodyne_description:/media/subham/85dce0f4-2e29-4540-9a32-801850cfcef6/subham/LidarMapping2.5D/install/velodyne_gazebo_plugins:/media/subham/85dce0f4-2e29-4540-9a32-801850cfcef6/subham/LidarMapping2.5D/install/salsanext_ros2:/media/subham/85dce0f4-2e29-4540-9a32-801850cfcef6/subham/LidarMapping2.5D/install/patchwork_plusplus:/media/subham/85dce0f4-2e29-4540-9a32-801850cfcef6/subham/LidarMapping2.5D/install/lid_simulation:/media/subham/85dce0f4-2e29-4540-9a32-801850cfcef6/subham/LidarMapping2.5D/install/lid_description:/media/subham/85dce0f4-2e29-4540-9a32-801850cfcef6/subham/LidarMapping2.5D/install/height_mapping_ros2:/media/subham/85dce0f4-2e29-4540-9a32-801850cfcef6/subham/LidarMapping2.5D/install/height_mapping_core:/media/subham/85dce0f4-2e29-4540-9a32-801850cfcef6/subham/LidarMapping2.5D/install/fastdem_ros2:/media/subham/85dce0f4-2e29-4540-9a32-801850cfcef6/subham/LidarMapping2.5D/install/fastdem:/home/subham/omokai_ws/install/llm_simulation:/home/subham/omokai_ws/install/llm_prompt:/home/subham/omokai_ws/install/llm_description:/home/subham/Edge_AI_for_ADAS_and_Autonomous_Systems/install/adas_simulation:/home/subham/Edge_AI_for_ADAS_and_Autonomous_Systems/install/adas_description:/home/subham/rover_ws/install/rover_gazebo:/home/subham/rover_ws/install/rover_description:/home/subham/rover_ws/install/rf2o_laser_odometry:/home/subham/anvrit_ws/install/rplidar_ros:/home/subham/anvrit_ws/install/astra_camera:/home/subham/anvrit_ws/install/astra_camera_msgs:/home/subham/anvrit_ws/install/anvrit_description:/home/subham/igvc/install/velodyne_simulator:/home/subham/igvc/install/velodyne_description:/home/subham/igvc/install/velodyne_gazebo_plugins:/home/subham/igvc/install/igvc_simulation:/home/subham/igvc/install/igvc_description:/home/subham/colcon_ws/install/ur_simulation_gz:/home/subham/colcon_ws/install/ur_description:/home/subham/colcon_ws/install/ur5_control_2481:/home/subham/colcon_ws/install/s2481_ebot_description:/home/subham/colcon_ws/install/linkattacher_msgs:/home/subham/colcon_ws/install/eyantra_warehouse:/home/subham/colcon_ws/install/ackerman_description:/home/subham/omokai_ws/install/llm_navigation:/home/subham/Edge_AI_for_ADAS_and_Autonomous_Systems/install/adas_perception:/home/subham/Edge_AI_for_ADAS_and_Autonomous_Systems/install/adas_navigation:/home/subham/rover_ws/install/rover_navigation:/home/subham/anvrit_ws/install/anvrit_perception:/home/subham/anvrit_ws/install/anvrit_odometry:/home/subham/anvrit_ws/install/anvrit_nav2:/home/subham/igvc/install/igvc_perception:/home/subham/igvc/install/igvc_navigation:/home/subham/colcon_ws/install/ros2ai:/opt/ros/humble LD_LIBRARY_PATH=/media/subham/85dce0f4-2e29-4540-9a32-801850cfcef6/subham/LidarMapping2.5D/install/jsk_recognition_msgs/lib:/media/subham/85dce0f4-2e29-4540-9a32-801850cfcef6/subham/LidarMapping2.5D/install/velodyne_gazebo_plugins/lib:/media/subham/85dce0f4-2e29-4540-9a32-801850cfcef6/subham/LidarMapping2.5D/install/patchwork_plusplus/lib:/media/subham/85dce0f4-2e29-4540-9a32-801850cfcef6/subham/LidarMapping2.5D/install/height_mapping_ros2/lib:/media/subham/85dce0f4-2e29-4540-9a32-801850cfcef6/subham/LidarMapping2.5D/install/height_mapping_core/lib:/home/subham/anvrit_ws/install/astra_camera/lib:/home/subham/anvrit_ws/install/astra_camera_msgs/lib:/home/subham/igvc/install/velodyne_gazebo_plugins/lib:/home/subham/colcon_ws/install/linkattacher_msgs/lib:/opt/ros/humble/opt/rviz_ogre_vendor/lib:/opt/ros/humble/lib/x86_64-linux-gnu:/opt/ros/humble/opt/openvdb_vendor/lib:/opt/ros/humble/lib /usr/bin/cmake --build /media/subham/85dce0f4-2e29-4540-9a32-801850cfcef6/subham/LidarMapping2.5D/build/patchwork_plusplus[0m
[23.735s] [34mcolcon.colcon_core.event_handler.log_command[0m [1;30mDEBUG[0m [32mInvoking command in '/media/subham/85dce0f4-2e29-4540-9a32-801850cfcef6/subham/LidarMapping2.5D/build/patchwork_plusplus': CMAKE_PREFIX_PATH=/media/subham/85dce0f4-2e29-4540-9a32-801850cfcef6/subham/LidarMapping2.5D/install/jsk_recognition_msgs:/media/subham/85dce0f4-2e29-4540-9a32-801850cfcef6/subham/LidarMapping2.5D/install/segmentation_lidar:/media/subham/85dce0f4-2e29-4540-9a32-801850cfcef6/subham/LidarMapping2.5D/install/velodyne_simulator:/media/subham/85dce0f4-2e29-4540-9a32-801850cfcef6/subham/LidarMapping2.5D/install/velodyne_description:/media/subham/85dce0f4-2e29-4540-9a32-801850cfcef6/subham/LidarMapping2.5D/install/velodyne_gazebo_plugins:/media/subham/85dce0f4-2e29-4540-9a32-801850cfcef6/subham/LidarMapping2.5D/install/salsanext_ros2:/media/subham/85dce0f4-2e29-4540-9a32-801850cfcef6/subham/LidarMapping2.5D/install/patchwork_plusplus:/media/subham/85dce0f4-2e29-4540-9a32-801850cfcef6/subham/LidarMapping2.5D/install/lid_simulation:/media/subham/85dce0f4-2e29-4540-9a32-801850cfcef6/subham/LidarMapping2.5D/install/lid_description:/media/subham/85dce0f4-2e29-4540-9a32-801850cfcef6/subham/LidarMapping2.5D/install/height_mapping_ros2:/media/subham/85dce0f4-2e29-4540-9a32-801850cfcef6/subham/LidarMapping2.5D/install/height_mapping_core:/media/subham/85dce0f4-2e29-4540-9a32-801850cfcef6/subham/LidarMapping2.5D/install/fastdem_ros2:/media/subham/85dce0f4-2e29-4540-9a32-801850cfcef6/subham/LidarMapping2.5D/install/fastdem:/home/subham/omokai_ws/install/llm_simulation:/home/subham/omokai_ws/install/llm_prompt:/home/subham/omokai_ws/install/llm_description:/home/subham/Edge_AI_for_ADAS_and_Autonomous_Systems/install/adas_simulation:/home/subham/Edge_AI_for_ADAS_and_Autonomous_Systems/install/adas_description:/home/subham/rover_ws/install/rover_gazebo:/home/subham/rover_ws/install/rover_description:/home/subham/rover_ws/install/rf2o_laser_odometry:/home/subham/anvrit_ws/install/rplidar_ros:/home/subham/anvrit_ws/install/astra_camera:/home/subham/anvrit_ws/install/astra_camera_msgs:/home/subham/anvrit_ws/install/anvrit_description:/home/subham/igvc/install/velodyne_simulator:/home/subham/igvc/install/velodyne_description:/home/subham/igvc/install/velodyne_gazebo_plugins:/home/subham/igvc/install/igvc_simulation:/home/subham/igvc/install/igvc_description:/home/subham/colcon_ws/install/ur_simulation_gz:/home/subham/colcon_ws/install/ur_description:/home/subham/colcon_ws/install/ur5_control_2481:/home/subham/colcon_ws/install/s2481_ebot_description:/home/subham/colcon_ws/install/linkattacher_msgs:/home/subham/colcon_ws/install/eyantra_warehouse:/home/subham/colcon_ws/install/ackerman_description:/home/subham/omokai_ws/install/llm_navigation:/home/subham/Edge_AI_for_ADAS_and_Autonomous_Systems/install/adas_perception:/home/subham/Edge_AI_for_ADAS_and_Autonomous_Systems/install/adas_navigation:/home/subham/rover_ws/install/rover_navigation:/home/subham/anvrit_ws/install/anvrit_perception:/home/subham/anvrit_ws/install/anvrit_odometry:/home/subham/anvrit_ws/install/anvrit_nav2:/home/subham/igvc/install/igvc_perception:/home/subham/igvc/install/igvc_navigation:/home/subham/colcon_ws/install/ros2ai:/opt/ros/humble LD_LIBRARY_PATH=/media/subham/85dce0f4-2e29-4540-9a32-801850cfcef6/subham/LidarMapping2.5D/install/jsk_recognition_msgs/lib:/media/subham/85dce0f4-2e29-4540-9a32-801850cfcef6/subham/LidarMapping2.5D/install/velodyne_gazebo_plugins/lib:/media/subham/85dce0f4-2e29-4540-9a32-801850cfcef6/subham/LidarMapping2.5D/install/patchwork_plusplus/lib:/media/subham/85dce0f4-2e29-4540-9a32-801850cfcef6/subham/LidarMapping2.5D/install/height_mapping_ros2/lib:/media/subham/85dce0f4-2e29-4540-9a32-801850cfcef6/subham/LidarMapping2.5D/install/height_mapping_core/lib:/home/subham/anvrit_ws/install/astra_camera/lib:/home/subham/anvrit_ws/install/astra_camera_msgs/lib:/home/subham/igvc/install/velodyne_gazebo_plugins/lib:/home/subham/colcon_ws/install/linkattacher_msgs/lib:/opt/ros/humble/opt/rviz_ogre_vendor/lib:/opt/ros/humble/lib/x86_64-linux-gnu:/opt/ros/humble/opt/openvdb_vendor/lib:/opt/ros/humble/lib /usr/bin/cmake --install /media/subham/85dce0f4-2e29-4540-9a32-801850cfcef6/subham/LidarMapping2.5D/build/patchwork_plusplus[0m
[23.773s] [34mcolcon.colcon_core.environment[0m [1;30mLevel 1[0m create_environment_scripts_only(patchwork_plusplus)
[23.774s] [34mcolcon.colcon_core.environment[0m [1;30mLevel 1[0m checking '/media/subham/85dce0f4-2e29-4540-9a32-801850cfcef6/subham/LidarMapping2.5D/install/patchwork_plusplus' for CMake module files
[23.775s] [34mcolcon.colcon_core.event_handler.log_command[0m [1;30mDEBUG[0m [32mInvoked command in '/media/subham/85dce0f4-2e29-4540-9a32-801850cfcef6/subham/LidarMapping2.5D/build/patchwork_plusplus' returned '0': CMAKE_PREFIX_PATH=/media/subham/85dce0f4-2e29-4540-9a32-801850cfcef6/subham/LidarMapping2.5D/install/jsk_recognition_msgs:/media/subham/85dce0f4-2e29-4540-9a32-801850cfcef6/subham/LidarMapping2.5D/install/segmentation_lidar:/media/subham/85dce0f4-2e29-4540-9a32-801850cfcef6/subham/LidarMapping2.5D/install/velodyne_simulator:/media/subham/85dce0f4-2e29-4540-9a32-801850cfcef6/subham/LidarMapping2.5D/install/velodyne_description:/media/subham/85dce0f4-2e29-4540-9a32-801850cfcef6/subham/LidarMapping2.5D/install/velodyne_gazebo_plugins:/media/subham/85dce0f4-2e29-4540-9a32-801850cfcef6/subham/LidarMapping2.5D/install/salsanext_ros2:/media/subham/85dce0f4-2e29-4540-9a32-801850cfcef6/subham/LidarMapping2.5D/install/patchwork_plusplus:/media/subham/85dce0f4-2e29-4540-9a32-801850cfcef6/subham/LidarMapping2.5D/install/lid_simulation:/media/subham/85dce0f4-2e29-4540-9a32-801850cfcef6/subham/LidarMapping2.5D/install/lid_description:/media/subham/85dce0f4-2e29-4540-9a32-801850cfcef6/subham/LidarMapping2.5D/install/height_mapping_ros2:/media/subham/85dce0f4-2e29-4540-9a32-801850cfcef6/subham/LidarMapping2.5D/install/height_mapping_core:/media/subham/85dce0f4-2e29-4540-9a32-801850cfcef6/subham/LidarMapping2.5D/install/fastdem_ros2:/media/subham/85dce0f4-2e29-4540-9a32-801850cfcef6/subham/LidarMapping2.5D/install/fastdem:/home/subham/omokai_ws/install/llm_simulation:/home/subham/omokai_ws/install/llm_prompt:/home/subham/omokai_ws/install/llm_description:/home/subham/Edge_AI_for_ADAS_and_Autonomous_Systems/install/adas_simulation:/home/subham/Edge_AI_for_ADAS_and_Autonomous_Systems/install/adas_description:/home/subham/rover_ws/install/rover_gazebo:/home/subham/rover_ws/install/rover_description:/home/subham/rover_ws/install/rf2o_laser_odometry:/home/subham/anvrit_ws/install/rplidar_ros:/home/subham/anvrit_ws/install/astra_camera:/home/subham/anvrit_ws/install/astra_camera_msgs:/home/subham/anvrit_ws/install/anvrit_description:/home/subham/igvc/install/velodyne_simulator:/home/subham/igvc/install/velodyne_description:/home/subham/igvc/install/velodyne_gazebo_plugins:/home/subham/igvc/install/igvc_simulation:/home/subham/igvc/install/igvc_description:/home/subham/colcon_ws/install/ur_simulation_gz:/home/subham/colcon_ws/install/ur_description:/home/subham/colcon_ws/install/ur5_control_2481:/home/subham/colcon_ws/install/s2481_ebot_description:/home/subham/colcon_ws/install/linkattacher_msgs:/home/subham/colcon_ws/install/eyantra_warehouse:/home/subham/colcon_ws/install/ackerman_description:/home/subham/omokai_ws/install/llm_navigation:/home/subham/Edge_AI_for_ADAS_and_Autonomous_Systems/install/adas_perception:/home/subham/Edge_AI_for_ADAS_and_Autonomous_Systems/install/adas_navigation:/home/subham/rover_ws/install/rover_navigation:/home/subham/anvrit_ws/install/anvrit_perception:/home/subham/anvrit_ws/install/anvrit_odometry:/home/subham/anvrit_ws/install/anvrit_nav2:/home/subham/igvc/install/igvc_perception:/home/subham/igvc/install/igvc_navigation:/home/subham/colcon_ws/install/ros2ai:/opt/ros/humble LD_LIBRARY_PATH=/media/subham/85dce0f4-2e29-4540-9a32-801850cfcef6/subham/LidarMapping2.5D/install/jsk_recognition_msgs/lib:/media/subham/85dce0f4-2e29-4540-9a32-801850cfcef6/subham/LidarMapping2.5D/install/velodyne_gazebo_plugins/lib:/media/subham/85dce0f4-2e29-4540-9a32-801850cfcef6/subham/LidarMapping2.5D/install/patchwork_plusplus/lib:/media/subham/85dce0f4-2e29-4540-9a32-801850cfcef6/subham/LidarMapping2.5D/install/height_mapping_ros2/lib:/media/subham/85dce0f4-2e29-4540-9a32-801850cfcef6/subham/LidarMapping2.5D/install/height_mapping_core/lib:/home/subham/anvrit_ws/install/astra_camera/lib:/home/subham/anvrit_ws/install/astra_camera_msgs/lib:/home/subham/igvc/install/velodyne_gazebo_plugins/lib:/home/subham/colcon_ws/install/linkattacher_msgs/lib:/opt/ros/humble/opt/rviz_ogre_vendor/lib:/opt/ros/humble/lib/x86_64-linux-gnu:/opt/ros/humble/opt/openvdb_vendor/lib:/opt/ros/humble/lib /usr/bin/cmake --install /media/subham/85dce0f4-2e29-4540-9a32-801850cfcef6/subham/LidarMapping2.5D/build/patchwork_plusplus[0m
[23.776s] [34mcolcon.colcon_core.environment[0m [1;30mLevel 1[0m checking '/media/subham/85dce0f4-2e29-4540-9a32-801850cfcef6/subham/LidarMapping2.5D/install/patchwork_plusplus' for CMake config files
[23.777s] [34mcolcon.colcon_core.shell[0m [1;30mLevel 1[0m create_environment_hook('patchwork_plusplus', 'cmake_prefix_path')
[23.778s] [34mcolcon.colcon_core.shell[0m [1;30mINFO[0m Creating environment hook '/media/subham/85dce0f4-2e29-4540-9a32-801850cfcef6/subham/LidarMapping2.5D/install/patchwork_plusplus/share/patchwork_plusplus/hook/cmake_prefix_path.ps1'
[23.779s] [34mcolcon.colcon_core.shell[0m [1;30mINFO[0m Creating environment descriptor '/media/subham/85dce0f4-2e29-4540-9a32-801850cfcef6/subham/LidarMapping2.5D/install/patchwork_plusplus/share/patchwork_plusplus/hook/cmake_prefix_path.dsv'
[23.780s] [34mcolcon.colcon_core.shell[0m [1;30mINFO[0m Creating environment hook '/media/subham/85dce0f4-2e29-4540-9a32-801850cfcef6/subham/LidarMapping2.5D/install/patchwork_plusplus/share/patchwork_plusplus/hook/cmake_prefix_path.sh'
[23.780s] [34mcolcon.colcon_core.environment[0m [1;30mLevel 1[0m checking '/media/subham/85dce0f4-2e29-4540-9a32-801850cfcef6/subham/LidarMapping2.5D/install/patchwork_plusplus/lib'
[23.780s] [34mcolcon.colcon_core.shell[0m [1;30mLevel 1[0m create_environment_hook('patchwork_plusplus', 'ld_library_path_lib')
[23.781s] [34mcolcon.colcon_core.shell[0m [1;30mINFO[0m Creating environment hook '/media/subham/85dce0f4-2e29-4540-9a32-801850cfcef6/subham/LidarMapping2.5D/install/patchwork_plusplus/share/patchwork_plusplus/hook/ld_library_path_lib.ps1'
[23.781s] [34mcolcon.colcon_core.shell[0m [1;30mINFO[0m Creating environment descriptor '/media/subham/85dce0f4-2e29-4540-9a32-801850cfcef6/subham/LidarMapping2.5D/install/patchwork_plusplus/share/patchwork_plusplus/hook/ld_library_path_lib.dsv'
[23.782s] [34mcolcon.colcon_core.shell[0m [1;30mINFO[0m Creating environment hook '/media/subham/85dce0f4-2e29-4540-9a32-801850cfcef6/subham/LidarMapping2.5D/install/patchwork_plusplus/share/patchwork_plusplus/hook/ld_library_path_lib.sh'
[23.782s] [34mcolcon.colcon_core.environment[0m [1;30mLevel 1[0m checking '/media/subham/85dce0f4-2e29-4540-9a32-801850cfcef6/subham/LidarMapping2.5D/install/patchwork_plusplus/bin'
[23.782s] [34mcolcon.colcon_core.environment[0m [1;30mLevel 1[0m checking '/media/subham/85dce0f4-2e29-4540-9a32-801850cfcef6/subham/LidarMapping2.5D/install/patchwork_plusplus/lib/pkgconfig/patchwork_plusplus.pc'
[23.783s] [34mcolcon.colcon_core.environment[0m [1;30mLevel 1[0m checking '/media/subham/85dce0f4-2e29-4540-9a32-801850cfcef6/subham/LidarMapping2.5D/install/patchwork_plusplus/lib/python3.10/site-packages'
[23.783s] [34mcolcon.colcon_core.environment[0m [1;30mLevel 1[0m checking '/media/subham/85dce0f4-2e29-4540-9a32-801850cfcef6/subham/LidarMapping2.5D/install/patchwork_plusplus/bin'
[23.784s] [34mcolcon.colcon_core.shell[0m [1;30mINFO[0m Creating package script '/media/subham/85dce0f4-2e29-4540-9a32-801850cfcef6/subham/LidarMapping2.5D/install/patchwork_plusplus/share/patchwork_plusplus/package.ps1'
[23.785s] [34mcolcon.colcon_core.shell[0m [1;30mINFO[0m Creating package descriptor '/media/subham/85dce0f4-2e29-4540-9a32-801850cfcef6/subham/LidarMapping2.5D/install/patchwork_plusplus/share/patchwork_plusplus/package.dsv'
[23.786s] [34mcolcon.colcon_core.shell[0m [1;30mINFO[0m Creating package script '/media/subham/85dce0f4-2e29-4540-9a32-801850cfcef6/subham/LidarMapping2.5D/install/patchwork_plusplus/share/patchwork_plusplus/package.sh'
[23.787s] [34mcolcon.colcon_core.shell[0m [1;30mINFO[0m Creating package script '/media/subham/85dce0f4-2e29-4540-9a32-801850cfcef6/subham/LidarMapping2.5D/install/patchwork_plusplus/share/patchwork_plusplus/package.bash'
[23.788s] [34mcolcon.colcon_core.shell[0m [1;30mINFO[0m Creating package script '/media/subham/85dce0f4-2e29-4540-9a32-801850cfcef6/subham/LidarMapping2.5D/install/patchwork_plusplus/share/patchwork_plusplus/package.zsh'
[23.788s] [34mcolcon.colcon_core.environment[0m [1;30mLevel 1[0m create_file_with_runtime_dependencies(/media/subham/85dce0f4-2e29-4540-9a32-801850cfcef6/subham/LidarMapping2.5D/install/patchwork_plusplus/share/colcon-core/packages/patchwork_plusplus)
[23.789s] [34mcolcon.colcon_core.environment[0m [1;30mLevel 1[0m create_environment_scripts_only(patchwork_plusplus)
[23.790s] [34mcolcon.colcon_core.environment[0m [1;30mLevel 1[0m checking '/media/subham/85dce0f4-2e29-4540-9a32-801850cfcef6/subham/LidarMapping2.5D/install/patchwork_plusplus' for CMake module files
[23.790s] [34mcolcon.colcon_core.environment[0m [1;30mLevel 1[0m checking '/media/subham/85dce0f4-2e29-4540-9a32-801850cfcef6/subham/LidarMapping2.5D/install/patchwork_plusplus' for CMake config files
[23.791s] [34mcolcon.colcon_core.shell[0m [1;30mLevel 1[0m create_environment_hook('patchwork_plusplus', 'cmake_prefix_path')
[23.791s] [34mcolcon.colcon_core.shell[0m [1;30mINFO[0m Creating environment hook '/media/subham/85dce0f4-2e29-4540-9a32-801850cfcef6/subham/LidarMapping2.5D/install/patchwork_plusplus/share/patchwork_plusplus/hook/cmake_prefix_path.ps1'
[23.792s] [34mcolcon.colcon_core.shell[0m [1;30mINFO[0m Creating environment descriptor '/media/subham/85dce0f4-2e29-4540-9a32-801850cfcef6/subham/LidarMapping2.5D/install/patchwork_plusplus/share/patchwork_plusplus/hook/cmake_prefix_path.dsv'
[23.793s] [34mcolcon.colcon_core.shell[0m [1;30mINFO[0m Creating environment hook '/media/subham/85dce0f4-2e29-4540-9a32-801850cfcef6/subham/LidarMapping2.5D/install/patchwork_plusplus/share/patchwork_plusplus/hook/cmake_prefix_path.sh'
[23.793s] [34mcolcon.colcon_core.environment[0m [1;30mLevel 1[0m checking '/media/subham/85dce0f4-2e29-4540-9a32-801850cfcef6/subham/LidarMapping2.5D/install/patchwork_plusplus/lib'
[23.794s] [34mcolcon.colcon_core.shell[0m [1;30mLevel 1[0m create_environment_hook('patchwork_plusplus', 'ld_library_path_lib')
[23.794s] [34mcolcon.colcon_core.shell[0m [1;30mINFO[0m Creating environment hook '/media/subham/85dce0f4-2e29-4540-9a32-801850cfcef6/subham/LidarMapping2.5D/install/patchwork_plusplus/share/patchwork_plusplus/hook/ld_library_path_lib.ps1'
[23.795s] [34mcolcon.colcon_core.shell[0m [1;30mINFO[0m Creating environment descriptor '/media/subham/85dce0f4-2e29-4540-9a32-801850cfcef6/subham/LidarMapping2.5D/install/patchwork_plusplus/share/patchwork_plusplus/hook/ld_library_path_lib.dsv'
[23.796s] [34mcolcon.colcon_core.shell[0m [1;30mINFO[0m Creating environment hook '/media/subham/85dce0f4-2e29-4540-9a32-801850cfcef6/subham/LidarMapping2.5D/install/patchwork_plusplus/share/patchwork_plusplus/hook/ld_library_path_lib.sh'
[23.797s] [34mcolcon.colcon_core.environment[0m [1;30mLevel 1[0m checking '/media/subham/85dce0f4-2e29-4540-9a32-801850cfcef6/subham/LidarMapping2.5D/install/patchwork_plusplus/bin'
[23.797s] [34mcolcon.colcon_core.environment[0m [1;30mLevel 1[0m checking '/media/subham/85dce0f4-2e29-4540-9a32-801850cfcef6/subham/LidarMapping2.5D/install/patchwork_plusplus/lib/pkgconfig/patchwork_plusplus.pc'
[23.797s] [34mcolcon.colcon_core.environment[0m [1;30mLevel 1[0m checking '/media/subham/85dce0f4-2e29-4540-9a32-801850cfcef6/subham/LidarMapping2.5D/install/patchwork_plusplus/lib/python3.10/site-packages'
[23.797s] [34mcolcon.colcon_core.environment[0m [1;30mLevel 1[0m checking '/media/subham/85dce0f4-2e29-4540-9a32-801850cfcef6/subham/LidarMapping2.5D/install/patchwork_plusplus/bin'
[23.798s] [34mcolcon.colcon_core.shell[0m [1;30mINFO[0m Creating package script '/media/subham/85dce0f4-2e29-4540-9a32-801850cfcef6/subham/LidarMapping2.5D/install/patchwork_plusplus/share/patchwork_plusplus/package.ps1'
[23.799s] [34mcolcon.colcon_core.shell[0m [1;30mINFO[0m Creating package descriptor '/media/subham/85dce0f4-2e29-4540-9a32-801850cfcef6/subham/LidarMapping2.5D/install/patchwork_plusplus/share/patchwork_plusplus/package.dsv'
[23.800s] [34mcolcon.colcon_core.shell[0m [1;30mINFO[0m Creating package script '/media/subham/85dce0f4-2e29-4540-9a32-801850cfcef6/subham/LidarMapping2.5D/install/patchwork_plusplus/share/patchwork_plusplus/package.sh'
[23.801s] [34mcolcon.colcon_core.shell[0m [1;30mINFO[0m Creating package script '/media/subham/85dce0f4-2e29-4540-9a32-801850cfcef6/subham/LidarMapping2.5D/install/patchwork_plusplus/share/patchwork_plusplus/package.bash'
[23.801s] [34mcolcon.colcon_core.shell[0m [1;30mINFO[0m Creating package script '/media/subham/85dce0f4-2e29-4540-9a32-801850cfcef6/subham/LidarMapping2.5D/install/patchwork_plusplus/share/patchwork_plusplus/package.zsh'
[23.802s] [34mcolcon.colcon_core.environment[0m [1;30mLevel 1[0m create_file_with_runtime_dependencies(/media/subham/85dce0f4-2e29-4540-9a32-801850cfcef6/subham/LidarMapping2.5D/install/patchwork_plusplus/share/colcon-core/packages/patchwork_plusplus)
[23.802s] [34mcolcon.colcon_core.executor.sequential[0m [1;30mDEBUG[0m [32mrun_until_complete 'patchwork_plusplus' finished with '0'[0m
[23.802s] [34mcolcon.colcon_core.executor.sequential[0m [1;30mDEBUG[0m [32mrun_until_complete 'velodyne_description'[0m
[23.802s] [34mcolcon.colcon_ros.task.ament_cmake.build[0m [1;30mINFO[0m Building ROS package in '/media/subham/85dce0f4-2e29-4540-9a32-801850cfcef6/subham/LidarMapping2.5D/src/velodyne/velodyne_description' with build type 'ament_cmake'
[23.802s] [34mcolcon.colcon_cmake.task.cmake.build[0m [1;30mINFO[0m Building CMake package in '/media/subham/85dce0f4-2e29-4540-9a32-801850cfcef6/subham/LidarMapping2.5D/src/velodyne/velodyne_description'
[23.803s] [34mcolcon.colcon_core.shell[0m [1;30mINFO[0m Skip shell extension 'powershell' for command environment: Not usable outside of PowerShell
[23.803s] [34mcolcon.colcon_core.shell[0m [1;30mDEBUG[0m [32mSkip shell extension 'dsv' for command environment[0m
[23.825s] [34mcolcon.colcon_core.event_handler.log_command[0m [1;30mDEBUG[0m [32mInvoking command in '/media/subham/85dce0f4-2e29-4540-9a32-801850cfcef6/subham/LidarMapping2.5D/build/velodyne_description': CMAKE_PREFIX_PATH=/media/subham/85dce0f4-2e29-4540-9a32-801850cfcef6/subham/LidarMapping2.5D/install/velodyne_gazebo_plugins:/media/subham/85dce0f4-2e29-4540-9a32-801850cfcef6/subham/LidarMapping2.5D/install/segmentation_lidar:/media/subham/85dce0f4-2e29-4540-9a32-801850cfcef6/subham/LidarMapping2.5D/install/velodyne_simulator:/media/subham/85dce0f4-2e29-4540-9a32-801850cfcef6/subham/LidarMapping2.5D/install/velodyne_description:/media/subham/85dce0f4-2e29-4540-9a32-801850cfcef6/subham/LidarMapping2.5D/install/salsanext_ros2:/media/subham/85dce0f4-2e29-4540-9a32-801850cfcef6/subham/LidarMapping2.5D/install/patchwork_plusplus:/media/subham/85dce0f4-2e29-4540-9a32-801850cfcef6/subham/LidarMapping2.5D/install/lid_simulation:/media/subham/85dce0f4-2e29-4540-9a32-801850cfcef6/subham/LidarMapping2.5D/install/lid_description:/media/subham/85dce0f4-2e29-4540-9a32-801850cfcef6/subham/LidarMapping2.5D/install/jsk_recognition_msgs:/media/subham/85dce0f4-2e29-4540-9a32-801850cfcef6/subham/LidarMapping2.5D/install/height_mapping_ros2:/media/subham/85dce0f4-2e29-4540-9a32-801850cfcef6/subham/LidarMapping2.5D/install/height_mapping_core:/media/subham/85dce0f4-2e29-4540-9a32-801850cfcef6/subham/LidarMapping2.5D/install/fastdem_ros2:/media/subham/85dce0f4-2e29-4540-9a32-801850cfcef6/subham/LidarMapping2.5D/install/fastdem:/home/subham/omokai_ws/install/llm_simulation:/home/subham/omokai_ws/install/llm_prompt:/home/subham/omokai_ws/install/llm_description:/home/subham/Edge_AI_for_ADAS_and_Autonomous_Systems/install/adas_simulation:/home/subham/Edge_AI_for_ADAS_and_Autonomous_Systems/install/adas_description:/home/subham/rover_ws/install/rover_gazebo:/home/subham/rover_ws/install/rover_description:/home/subham/rover_ws/install/rf2o_laser_odometry:/home/subham/anvrit_ws/install/rplidar_ros:/home/subham/anvrit_ws/install/astra_camera:/home/subham/anvrit_ws/install/astra_camera_msgs:/home/subham/anvrit_ws/install/anvrit_description:/home/subham/igvc/install/velodyne_simulator:/home/subham/igvc/install/velodyne_description:/home/subham/igvc/install/velodyne_gazebo_plugins:/home/subham/igvc/install/igvc_simulation:/home/subham/igvc/install/igvc_description:/home/subham/colcon_ws/install/ur_simulation_gz:/home/subham/colcon_ws/install/ur_description:/home/subham/colcon_ws/install/ur5_control_2481:/home/subham/colcon_ws/install/s2481_ebot_description:/home/subham/colcon_ws/install/linkattacher_msgs:/home/subham/colcon_ws/install/eyantra_warehouse:/home/subham/colcon_ws/install/ackerman_description:/home/subham/omokai_ws/install/llm_navigation:/home/subham/Edge_AI_for_ADAS_and_Autonomous_Systems/install/adas_perception:/home/subham/Edge_AI_for_ADAS_and_Autonomous_Systems/install/adas_navigation:/home/subham/rover_ws/install/rover_navigation:/home/subham/anvrit_ws/install/anvrit_perception:/home/subham/anvrit_ws/install/anvrit_odometry:/home/subham/anvrit_ws/install/anvrit_nav2:/home/subham/igvc/install/igvc_perception:/home/subham/igvc/install/igvc_navigation:/home/subham/colcon_ws/install/ros2ai:/opt/ros/humble /usr/bin/cmake --build /media/subham/85dce0f4-2e29-4540-9a32-801850cfcef6/subham/LidarMapping2.5D/build/velodyne_description[0m
[23.886s] [34mcolcon.colcon_core.event_handler.log_command[0m [1;30mDEBUG[0m [32mInvoked command in '/media/subham/85dce0f4-2e29-4540-9a32-801850cfcef6/subham/LidarMapping2.5D/build/velodyne_description' returned '0': CMAKE_PREFIX_PATH=/media/subham/85dce0f4-2e29-4540-9a32-801850cfcef6/subham/LidarMapping2.5D/install/velodyne_gazebo_plugins:/media/subham/85dce0f4-2e29-4540-9a32-801850cfcef6/subham/LidarMapping2.5D/install/segmentation_lidar:/media/subham/85dce0f4-2e29-4540-9a32-801850cfcef6/subham/LidarMapping2.5D/install/velodyne_simulator:/media/subham/85dce0f4-2e29-4540-9a32-801850cfcef6/subham/LidarMapping2.5D/install/velodyne_description:/media/subham/85dce0f4-2e29-4540-9a32-801850cfcef6/subham/LidarMapping2.5D/install/salsanext_ros2:/media/subham/85dce0f4-2e29-4540-9a32-801850cfcef6/subham/LidarMapping2.5D/install/patchwork_plusplus:/media/subham/85dce0f4-2e29-4540-9a32-801850cfcef6/subham/LidarMapping2.5D/install/lid_simulation:/media/subham/85dce0f4-2e29-4540-9a32-801850cfcef6/subham/LidarMapping2.5D/install/lid_description:/media/subham/85dce0f4-2e29-4540-9a32-801850cfcef6/subham/LidarMapping2.5D/install/jsk_recognition_msgs:/media/subham/85dce0f4-2e29-4540-9a32-801850cfcef6/subham/LidarMapping2.5D/install/height_mapping_ros2:/media/subham/85dce0f4-2e29-4540-9a32-801850cfcef6/subham/LidarMapping2.5D/install/height_mapping_core:/media/subham/85dce0f4-2e29-4540-9a32-801850cfcef6/subham/LidarMapping2.5D/install/fastdem_ros2:/media/subham/85dce0f4-2e29-4540-9a32-801850cfcef6/subham/LidarMapping2.5D/install/fastdem:/home/subham/omokai_ws/install/llm_simulation:/home/subham/omokai_ws/install/llm_prompt:/home/subham/omokai_ws/install/llm_description:/home/subham/Edge_AI_for_ADAS_and_Autonomous_Systems/install/adas_simulation:/home/subham/Edge_AI_for_ADAS_and_Autonomous_Systems/install/adas_description:/home/subham/rover_ws/install/rover_gazebo:/home/subham/rover_ws/install/rover_description:/home/subham/rover_ws/install/rf2o_laser_odometry:/home/subham/anvrit_ws/install/rplidar_ros:/home/subham/anvrit_ws/install/astra_camera:/home/subham/anvrit_ws/install/astra_camera_msgs:/home/subham/anvrit_ws/install/anvrit_description:/home/subham/igvc/install/velodyne_simulator:/home/subham/igvc/install/velodyne_description:/home/subham/igvc/install/velodyne_gazebo_plugins:/home/subham/igvc/install/igvc_simulation:/home/subham/igvc/install/igvc_description:/home/subham/colcon_ws/install/ur_simulation_gz:/home/subham/colcon_ws/install/ur_description:/home/subham/colcon_ws/install/ur5_control_2481:/home/subham/colcon_ws/install/s2481_ebot_description:/home/subham/colcon_ws/install/linkattacher_msgs:/home/subham/colcon_ws/install/eyantra_warehouse:/home/subham/colcon_ws/install/ackerman_description:/home/subham/omokai_ws/install/llm_navigation:/home/subham/Edge_AI_for_ADAS_and_Autonomous_Systems/install/adas_perception:/home/subham/Edge_AI_for_ADAS_and_Autonomous_Systems/install/adas_navigation:/home/subham/rover_ws/install/rover_navigation:/home/subham/anvrit_ws/install/anvrit_perception:/home/subham/anvrit_ws/install/anvrit_odometry:/home/subham/anvrit_ws/install/anvrit_nav2:/home/subham/igvc/install/igvc_perception:/home/subham/igvc/install/igvc_navigation:/home/subham/colcon_ws/install/ros2ai:/opt/ros/humble /usr/bin/cmake --build /media/subham/85dce0f4-2e29-4540-9a32-801850cfcef6/subham/LidarMapping2.5D/build/velodyne_description[0m
[23.889s] [34mcolcon.colcon_core.event_handler.log_command[0m [1;30mDEBUG[0m [32mInvoking command in '/media/subham/85dce0f4-2e29-4540-9a32-801850cfcef6/subham/LidarMapping2.5D/build/velodyne_description': CMAKE_PREFIX_PATH=/media/subham/85dce0f4-2e29-4540-9a32-801850cfcef6/subham/LidarMapping2.5D/install/velodyne_gazebo_plugins:/media/subham/85dce0f4-2e29-4540-9a32-801850cfcef6/subham/LidarMapping2.5D/install/segmentation_lidar:/media/subham/85dce0f4-2e29-4540-9a32-801850cfcef6/subham/LidarMapping2.5D/install/velodyne_simulator:/media/subham/85dce0f4-2e29-4540-9a32-801850cfcef6/subham/LidarMapping2.5D/install/velodyne_description:/media/subham/85dce0f4-2e29-4540-9a32-801850cfcef6/subham/LidarMapping2.5D/install/salsanext_ros2:/media/subham/85dce0f4-2e29-4540-9a32-801850cfcef6/subham/LidarMapping2.5D/install/patchwork_plusplus:/media/subham/85dce0f4-2e29-4540-9a32-801850cfcef6/subham/LidarMapping2.5D/install/lid_simulation:/media/subham/85dce0f4-2e29-4540-9a32-801850cfcef6/subham/LidarMapping2.5D/install/lid_description:/media/subham/85dce0f4-2e29-4540-9a32-801850cfcef6/subham/LidarMapping2.5D/install/jsk_recognition_msgs:/media/subham/85dce0f4-2e29-4540-9a32-801850cfcef6/subham/LidarMapping2.5D/install/height_mapping_ros2:/media/subham/85dce0f4-2e29-4540-9a32-801850cfcef6/subham/LidarMapping2.5D/install/height_mapping_core:/media/subham/85dce0f4-2e29-4540-9a32-801850cfcef6/subham/LidarMapping2.5D/install/fastdem_ros2:/media/subham/85dce0f4-2e29-4540-9a32-801850cfcef6/subham/LidarMapping2.5D/install/fastdem:/home/subham/omokai_ws/install/llm_simulation:/home/subham/omokai_ws/install/llm_prompt:/home/subham/omokai_ws/install/llm_description:/home/subham/Edge_AI_for_ADAS_and_Autonomous_Systems/install/adas_simulation:/home/subham/Edge_AI_for_ADAS_and_Autonomous_Systems/install/adas_description:/home/subham/rover_ws/install/rover_gazebo:/home/subham/rover_ws/install/rover_description:/home/subham/rover_ws/install/rf2o_laser_odometry:/home/subham/anvrit_ws/install/rplidar_ros:/home/subham/anvrit_ws/install/astra_camera:/home/subham/anvrit_ws/install/astra_camera_msgs:/home/subham/anvrit_ws/install/anvrit_description:/home/subham/igvc/install/velodyne_simulator:/home/subham/igvc/install/velodyne_description:/home/subham/igvc/install/velodyne_gazebo_plugins:/home/subham/igvc/install/igvc_simulation:/home/subham/igvc/install/igvc_description:/home/subham/colcon_ws/install/ur_simulation_gz:/home/subham/colcon_ws/install/ur_description:/home/subham/colcon_ws/install/ur5_control_2481:/home/subham/colcon_ws/install/s2481_ebot_description:/home/subham/colcon_ws/install/linkattacher_msgs:/home/subham/colcon_ws/install/eyantra_warehouse:/home/subham/colcon_ws/install/ackerman_description:/home/subham/omokai_ws/install/llm_navigation:/home/subham/Edge_AI_for_ADAS_and_Autonomous_Systems/install/adas_perception:/home/subham/Edge_AI_for_ADAS_and_Autonomous_Systems/install/adas_navigation:/home/subham/rover_ws/install/rover_navigation:/home/subham/anvrit_ws/install/anvrit_perception:/home/subham/anvrit_ws/install/anvrit_odometry:/home/subham/anvrit_ws/install/anvrit_nav2:/home/subham/igvc/install/igvc_perception:/home/subham/igvc/install/igvc_navigation:/home/subham/colcon_ws/install/ros2ai:/opt/ros/humble /usr/bin/cmake --install /media/subham/85dce0f4-2e29-4540-9a32-801850cfcef6/subham/LidarMapping2.5D/build/velodyne_description[0m
[23.933s] [34mcolcon.colcon_core.environment[0m [1;30mLevel 1[0m create_environment_scripts_only(velodyne_description)
[23.933s] [34mcolcon.colcon_core.environment[0m [1;30mLevel 1[0m checking '/media/subham/85dce0f4-2e29-4540-9a32-801850cfcef6/subham/LidarMapping2.5D/install/velodyne_description' for CMake module files
[23.934s] [34mcolcon.colcon_core.event_handler.log_command[0m [1;30mDEBUG[0m [32mInvoked command in '/media/subham/85dce0f4-2e29-4540-9a32-801850cfcef6/subham/LidarMapping2.5D/build/velodyne_description' returned '0': CMAKE_PREFIX_PATH=/media/subham/85dce0f4-2e29-4540-9a32-801850cfcef6/subham/LidarMapping2.5D/install/velodyne_gazebo_plugins:/media/subham/85dce0f4-2e29-4540-9a32-801850cfcef6/subham/LidarMapping2.5D/install/segmentation_lidar:/media/subham/85dce0f4-2e29-4540-9a32-801850cfcef6/subham/LidarMapping2.5D/install/velodyne_simulator:/media/subham/85dce0f4-2e29-4540-9a32-801850cfcef6/subham/LidarMapping2.5D/install/velodyne_description:/media/subham/85dce0f4-2e29-4540-9a32-801850cfcef6/subham/LidarMapping2.5D/install/salsanext_ros2:/media/subham/85dce0f4-2e29-4540-9a32-801850cfcef6/subham/LidarMapping2.5D/install/patchwork_plusplus:/media/subham/85dce0f4-2e29-4540-9a32-801850cfcef6/subham/LidarMapping2.5D/install/lid_simulation:/media/subham/85dce0f4-2e29-4540-9a32-801850cfcef6/subham/LidarMapping2.5D/install/lid_description:/media/subham/85dce0f4-2e29-4540-9a32-801850cfcef6/subham/LidarMapping2.5D/install/jsk_recognition_msgs:/media/subham/85dce0f4-2e29-4540-9a32-801850cfcef6/subham/LidarMapping2.5D/install/height_mapping_ros2:/media/subham/85dce0f4-2e29-4540-9a32-801850cfcef6/subham/LidarMapping2.5D/install/height_mapping_core:/media/subham/85dce0f4-2e29-4540-9a32-801850cfcef6/subham/LidarMapping2.5D/install/fastdem_ros2:/media/subham/85dce0f4-2e29-4540-9a32-801850cfcef6/subham/LidarMapping2.5D/install/fastdem:/home/subham/omokai_ws/install/llm_simulation:/home/subham/omokai_ws/install/llm_prompt:/home/subham/omokai_ws/install/llm_description:/home/subham/Edge_AI_for_ADAS_and_Autonomous_Systems/install/adas_simulation:/home/subham/Edge_AI_for_ADAS_and_Autonomous_Systems/install/adas_description:/home/subham/rover_ws/install/rover_gazebo:/home/subham/rover_ws/install/rover_description:/home/subham/rover_ws/install/rf2o_laser_odometry:/home/subham/anvrit_ws/install/rplidar_ros:/home/subham/anvrit_ws/install/astra_camera:/home/subham/anvrit_ws/install/astra_camera_msgs:/home/subham/anvrit_ws/install/anvrit_description:/home/subham/igvc/install/velodyne_simulator:/home/subham/igvc/install/velodyne_description:/home/subham/igvc/install/velodyne_gazebo_plugins:/home/subham/igvc/install/igvc_simulation:/home/subham/igvc/install/igvc_description:/home/subham/colcon_ws/install/ur_simulation_gz:/home/subham/colcon_ws/install/ur_description:/home/subham/colcon_ws/install/ur5_control_2481:/home/subham/colcon_ws/install/s2481_ebot_description:/home/subham/colcon_ws/install/linkattacher_msgs:/home/subham/colcon_ws/install/eyantra_warehouse:/home/subham/colcon_ws/install/ackerman_description:/home/subham/omokai_ws/install/llm_navigation:/home/subham/Edge_AI_for_ADAS_and_Autonomous_Systems/install/adas_perception:/home/subham/Edge_AI_for_ADAS_and_Autonomous_Systems/install/adas_navigation:/home/subham/rover_ws/install/rover_navigation:/home/subham/anvrit_ws/install/anvrit_perception:/home/subham/anvrit_ws/install/anvrit_odometry:/home/subham/anvrit_ws/install/anvrit_nav2:/home/subham/igvc/install/igvc_perception:/home/subham/igvc/install/igvc_navigation:/home/subham/colcon_ws/install/ros2ai:/opt/ros/humble /usr/bin/cmake --install /media/subham/85dce0f4-2e29-4540-9a32-801850cfcef6/subham/LidarMapping2.5D/build/velodyne_description[0m
[23.935s] [34mcolcon.colcon_core.environment[0m [1;30mLevel 1[0m checking '/media/subham/85dce0f4-2e29-4540-9a32-801850cfcef6/subham/LidarMapping2.5D/install/velodyne_description' for CMake config files
[23.936s] [34mcolcon.colcon_core.shell[0m [1;30mLevel 1[0m create_environment_hook('velodyne_description', 'cmake_prefix_path')
[23.936s] [34mcolcon.colcon_core.shell[0m [1;30mINFO[0m Creating environment hook '/media/subham/85dce0f4-2e29-4540-9a32-801850cfcef6/subham/LidarMapping2.5D/install/velodyne_description/share/velodyne_description/hook/cmake_prefix_path.ps1'
[23.937s] [34mcolcon.colcon_core.shell[0m [1;30mINFO[0m Creating environment descriptor '/media/subham/85dce0f4-2e29-4540-9a32-801850cfcef6/subham/LidarMapping2.5D/install/velodyne_description/share/velodyne_description/hook/cmake_prefix_path.dsv'
[23.937s] [34mcolcon.colcon_core.shell[0m [1;30mINFO[0m Creating environment hook '/media/subham/85dce0f4-2e29-4540-9a32-801850cfcef6/subham/LidarMapping2.5D/install/velodyne_description/share/velodyne_description/hook/cmake_prefix_path.sh'
[23.938s] [34mcolcon.colcon_core.environment[0m [1;30mLevel 1[0m checking '/media/subham/85dce0f4-2e29-4540-9a32-801850cfcef6/subham/LidarMapping2.5D/install/velodyne_description/bin'
[23.938s] [34mcolcon.colcon_core.environment[0m [1;30mLevel 1[0m checking '/media/subham/85dce0f4-2e29-4540-9a32-801850cfcef6/subham/LidarMapping2.5D/install/velodyne_description/lib/pkgconfig/velodyne_description.pc'
[23.938s] [34mcolcon.colcon_core.environment[0m [1;30mLevel 1[0m checking '/media/subham/85dce0f4-2e29-4540-9a32-801850cfcef6/subham/LidarMapping2.5D/install/velodyne_description/lib/python3.10/site-packages'
[23.938s] [34mcolcon.colcon_core.environment[0m [1;30mLevel 1[0m checking '/media/subham/85dce0f4-2e29-4540-9a32-801850cfcef6/subham/LidarMapping2.5D/install/velodyne_description/bin'
[23.939s] [34mcolcon.colcon_core.shell[0m [1;30mINFO[0m Creating package script '/media/subham/85dce0f4-2e29-4540-9a32-801850cfcef6/subham/LidarMapping2.5D/install/velodyne_description/share/velodyne_description/package.ps1'
[23.940s] [34mcolcon.colcon_core.shell[0m [1;30mINFO[0m Creating package descriptor '/media/subham/85dce0f4-2e29-4540-9a32-801850cfcef6/subham/LidarMapping2.5D/install/velodyne_description/share/velodyne_description/package.dsv'
[23.941s] [34mcolcon.colcon_core.shell[0m [1;30mINFO[0m Creating package script '/media/subham/85dce0f4-2e29-4540-9a32-801850cfcef6/subham/LidarMapping2.5D/install/velodyne_description/share/velodyne_description/package.sh'
[23.942s] [34mcolcon.colcon_core.shell[0m [1;30mINFO[0m Creating package script '/media/subham/85dce0f4-2e29-4540-9a32-801850cfcef6/subham/LidarMapping2.5D/install/velodyne_description/share/velodyne_description/package.bash'
[23.942s] [34mcolcon.colcon_core.shell[0m [1;30mINFO[0m Creating package script '/media/subham/85dce0f4-2e29-4540-9a32-801850cfcef6/subham/LidarMapping2.5D/install/velodyne_description/share/velodyne_description/package.zsh'
[23.943s] [34mcolcon.colcon_core.environment[0m [1;30mLevel 1[0m create_file_with_runtime_dependencies(/media/subham/85dce0f4-2e29-4540-9a32-801850cfcef6/subham/LidarMapping2.5D/install/velodyne_description/share/colcon-core/packages/velodyne_description)
[23.944s] [34mcolcon.colcon_core.environment[0m [1;30mLevel 1[0m create_environment_scripts_only(velodyne_description)
[23.944s] [34mcolcon.colcon_core.environment[0m [1;30mLevel 1[0m checking '/media/subham/85dce0f4-2e29-4540-9a32-801850cfcef6/subham/LidarMapping2.5D/install/velodyne_description' for CMake module files
[23.944s] [34mcolcon.colcon_core.environment[0m [1;30mLevel 1[0m checking '/media/subham/85dce0f4-2e29-4540-9a32-801850cfcef6/subham/LidarMapping2.5D/install/velodyne_description' for CMake config files
[23.945s] [34mcolcon.colcon_core.shell[0m [1;30mLevel 1[0m create_environment_hook('velodyne_description', 'cmake_prefix_path')
[23.946s] [34mcolcon.colcon_core.shell[0m [1;30mINFO[0m Creating environment hook '/media/subham/85dce0f4-2e29-4540-9a32-801850cfcef6/subham/LidarMapping2.5D/install/velodyne_description/share/velodyne_description/hook/cmake_prefix_path.ps1'
[23.947s] [34mcolcon.colcon_core.shell[0m [1;30mINFO[0m Creating environment descriptor '/media/subham/85dce0f4-2e29-4540-9a32-801850cfcef6/subham/LidarMapping2.5D/install/velodyne_description/share/velodyne_description/hook/cmake_prefix_path.dsv'
[23.947s] [34mcolcon.colcon_core.shell[0m [1;30mINFO[0m Creating environment hook '/media/subham/85dce0f4-2e29-4540-9a32-801850cfcef6/subham/LidarMapping2.5D/install/velodyne_description/share/velodyne_description/hook/cmake_prefix_path.sh'
[23.948s] [34mcolcon.colcon_core.environment[0m [1;30mLevel 1[0m checking '/media/subham/85dce0f4-2e29-4540-9a32-801850cfcef6/subham/LidarMapping2.5D/install/velodyne_description/bin'
[23.948s] [34mcolcon.colcon_core.environment[0m [1;30mLevel 1[0m checking '/media/subham/85dce0f4-2e29-4540-9a32-801850cfcef6/subham/LidarMapping2.5D/install/velodyne_description/lib/pkgconfig/velodyne_description.pc'
[23.948s] [34mcolcon.colcon_core.environment[0m [1;30mLevel 1[0m checking '/media/subham/85dce0f4-2e29-4540-9a32-801850cfcef6/subham/LidarMapping2.5D/install/velodyne_description/lib/python3.10/site-packages'
[23.948s] [34mcolcon.colcon_core.environment[0m [1;30mLevel 1[0m checking '/media/subham/85dce0f4-2e29-4540-9a32-801850cfcef6/subham/LidarMapping2.5D/install/velodyne_description/bin'
[23.949s] [34mcolcon.colcon_core.shell[0m [1;30mINFO[0m Creating package script '/media/subham/85dce0f4-2e29-4540-9a32-801850cfcef6/subham/LidarMapping2.5D/install/velodyne_description/share/velodyne_description/package.ps1'
[23.950s] [34mcolcon.colcon_core.shell[0m [1;30mINFO[0m Creating package descriptor '/media/subham/85dce0f4-2e29-4540-9a32-801850cfcef6/subham/LidarMapping2.5D/install/velodyne_description/share/velodyne_description/package.dsv'
[23.950s] [34mcolcon.colcon_core.shell[0m [1;30mINFO[0m Creating package script '/media/subham/85dce0f4-2e29-4540-9a32-801850cfcef6/subham/LidarMapping2.5D/install/velodyne_description/share/velodyne_description/package.sh'
[23.951s] [34mcolcon.colcon_core.shell[0m [1;30mINFO[0m Creating package script '/media/subham/85dce0f4-2e29-4540-9a32-801850cfcef6/subham/LidarMapping2.5D/install/velodyne_description/share/velodyne_description/package.bash'
[23.951s] [34mcolcon.colcon_core.shell[0m [1;30mINFO[0m Creating package script '/media/subham/85dce0f4-2e29-4540-9a32-801850cfcef6/subham/LidarMapping2.5D/install/velodyne_description/share/velodyne_description/package.zsh'
[23.952s] [34mcolcon.colcon_core.environment[0m [1;30mLevel 1[0m create_file_with_runtime_dependencies(/media/subham/85dce0f4-2e29-4540-9a32-801850cfcef6/subham/LidarMapping2.5D/install/velodyne_description/share/colcon-core/packages/velodyne_description)
[23.952s] [34mcolcon.colcon_core.executor.sequential[0m [1;30mDEBUG[0m [32mrun_until_complete 'velodyne_description' finished with '0'[0m
[23.952s] [34mcolcon.colcon_core.executor.sequential[0m [1;30mDEBUG[0m [32mrun_until_complete 'velodyne_simulator'[0m
[23.952s] [34mcolcon.colcon_ros.task.ament_cmake.build[0m [1;30mINFO[0m Building ROS package in '/media/subham/85dce0f4-2e29-4540-9a32-801850cfcef6/subham/LidarMapping2.5D/src/velodyne/velodyne_simulator' with build type 'ament_cmake'
[23.953s] [34mcolcon.colcon_cmake.task.cmake.build[0m [1;30mINFO[0m Building CMake package in '/media/subham/85dce0f4-2e29-4540-9a32-801850cfcef6/subham/LidarMapping2.5D/src/velodyne/velodyne_simulator'
[23.953s] [34mcolcon.colcon_core.shell[0m [1;30mINFO[0m Skip shell extension 'powershell' for command environment: Not usable outside of PowerShell
[23.953s] [34mcolcon.colcon_core.shell[0m [1;30mDEBUG[0m [32mSkip shell extension 'dsv' for command environment[0m
[23.976s] [34mcolcon.colcon_core.event_handler.log_command[0m [1;30mDEBUG[0m [32mInvoking command in '/media/subham/85dce0f4-2e29-4540-9a32-801850cfcef6/subham/LidarMapping2.5D/build/velodyne_simulator': CMAKE_PREFIX_PATH=/media/subham/85dce0f4-2e29-4540-9a32-801850cfcef6/subham/LidarMapping2.5D/install/velodyne_description:/media/subham/85dce0f4-2e29-4540-9a32-801850cfcef6/subham/LidarMapping2.5D/install/velodyne_gazebo_plugins:/media/subham/85dce0f4-2e29-4540-9a32-801850cfcef6/subham/LidarMapping2.5D/install/segmentation_lidar:/media/subham/85dce0f4-2e29-4540-9a32-801850cfcef6/subham/LidarMapping2.5D/install/velodyne_simulator:/media/subham/85dce0f4-2e29-4540-9a32-801850cfcef6/subham/LidarMapping2.5D/install/salsanext_ros2:/media/subham/85dce0f4-2e29-4540-9a32-801850cfcef6/subham/LidarMapping2.5D/install/patchwork_plusplus:/media/subham/85dce0f4-2e29-4540-9a32-801850cfcef6/subham/LidarMapping2.5D/install/lid_simulation:/media/subham/85dce0f4-2e29-4540-9a32-801850cfcef6/subham/LidarMapping2.5D/install/lid_description:/media/subham/85dce0f4-2e29-4540-9a32-801850cfcef6/subham/LidarMapping2.5D/install/jsk_recognition_msgs:/media/subham/85dce0f4-2e29-4540-9a32-801850cfcef6/subham/LidarMapping2.5D/install/height_mapping_ros2:/media/subham/85dce0f4-2e29-4540-9a32-801850cfcef6/subham/LidarMapping2.5D/install/height_mapping_core:/media/subham/85dce0f4-2e29-4540-9a32-801850cfcef6/subham/LidarMapping2.5D/install/fastdem_ros2:/media/subham/85dce0f4-2e29-4540-9a32-801850cfcef6/subham/LidarMapping2.5D/install/fastdem:/home/subham/omokai_ws/install/llm_simulation:/home/subham/omokai_ws/install/llm_prompt:/home/subham/omokai_ws/install/llm_description:/home/subham/Edge_AI_for_ADAS_and_Autonomous_Systems/install/adas_simulation:/home/subham/Edge_AI_for_ADAS_and_Autonomous_Systems/install/adas_description:/home/subham/rover_ws/install/rover_gazebo:/home/subham/rover_ws/install/rover_description:/home/subham/rover_ws/install/rf2o_laser_odometry:/home/subham/anvrit_ws/install/rplidar_ros:/home/subham/anvrit_ws/install/astra_camera:/home/subham/anvrit_ws/install/astra_camera_msgs:/home/subham/anvrit_ws/install/anvrit_description:/home/subham/igvc/install/velodyne_simulator:/home/subham/igvc/install/velodyne_description:/home/subham/igvc/install/velodyne_gazebo_plugins:/home/subham/igvc/install/igvc_simulation:/home/subham/igvc/install/igvc_description:/home/subham/colcon_ws/install/ur_simulation_gz:/home/subham/colcon_ws/install/ur_description:/home/subham/colcon_ws/install/ur5_control_2481:/home/subham/colcon_ws/install/s2481_ebot_description:/home/subham/colcon_ws/install/linkattacher_msgs:/home/subham/colcon_ws/install/eyantra_warehouse:/home/subham/colcon_ws/install/ackerman_description:/home/subham/omokai_ws/install/llm_navigation:/home/subham/Edge_AI_for_ADAS_and_Autonomous_Systems/install/adas_perception:/home/subham/Edge_AI_for_ADAS_and_Autonomous_Systems/install/adas_navigation:/home/subham/rover_ws/install/rover_navigation:/home/subham/anvrit_ws/install/anvrit_perception:/home/subham/anvrit_ws/install/anvrit_odometry:/home/subham/anvrit_ws/install/anvrit_nav2:/home/subham/igvc/install/igvc_perception:/home/subham/igvc/install/igvc_navigation:/home/subham/colcon_ws/install/ros2ai:/opt/ros/humble /usr/bin/cmake --build /media/subham/85dce0f4-2e29-4540-9a32-801850cfcef6/subham/LidarMapping2.5D/build/velodyne_simulator[0m
[24.037s] [34mcolcon.colcon_core.event_handler.log_command[0m [1;30mDEBUG[0m [32mInvoked command in '/media/subham/85dce0f4-2e29-4540-9a32-801850cfcef6/subham/LidarMapping2.5D/build/velodyne_simulator' returned '0': CMAKE_PREFIX_PATH=/media/subham/85dce0f4-2e29-4540-9a32-801850cfcef6/subham/LidarMapping2.5D/install/velodyne_description:/media/subham/85dce0f4-2e29-4540-9a32-801850cfcef6/subham/LidarMapping2.5D/install/velodyne_gazebo_plugins:/media/subham/85dce0f4-2e29-4540-9a32-801850cfcef6/subham/LidarMapping2.5D/install/segmentation_lidar:/media/subham/85dce0f4-2e29-4540-9a32-801850cfcef6/subham/LidarMapping2.5D/install/velodyne_simulator:/media/subham/85dce0f4-2e29-4540-9a32-801850cfcef6/subham/LidarMapping2.5D/install/salsanext_ros2:/media/subham/85dce0f4-2e29-4540-9a32-801850cfcef6/subham/LidarMapping2.5D/install/patchwork_plusplus:/media/subham/85dce0f4-2e29-4540-9a32-801850cfcef6/subham/LidarMapping2.5D/install/lid_simulation:/media/subham/85dce0f4-2e29-4540-9a32-801850cfcef6/subham/LidarMapping2.5D/install/lid_description:/media/subham/85dce0f4-2e29-4540-9a32-801850cfcef6/subham/LidarMapping2.5D/install/jsk_recognition_msgs:/media/subham/85dce0f4-2e29-4540-9a32-801850cfcef6/subham/LidarMapping2.5D/install/height_mapping_ros2:/media/subham/85dce0f4-2e29-4540-9a32-801850cfcef6/subham/LidarMapping2.5D/install/height_mapping_core:/media/subham/85dce0f4-2e29-4540-9a32-801850cfcef6/subham/LidarMapping2.5D/install/fastdem_ros2:/media/subham/85dce0f4-2e29-4540-9a32-801850cfcef6/subham/LidarMapping2.5D/install/fastdem:/home/subham/omokai_ws/install/llm_simulation:/home/subham/omokai_ws/install/llm_prompt:/home/subham/omokai_ws/install/llm_description:/home/subham/Edge_AI_for_ADAS_and_Autonomous_Systems/install/adas_simulation:/home/subham/Edge_AI_for_ADAS_and_Autonomous_Systems/install/adas_description:/home/subham/rover_ws/install/rover_gazebo:/home/subham/rover_ws/install/rover_description:/home/subham/rover_ws/install/rf2o_laser_odometry:/home/subham/anvrit_ws/install/rplidar_ros:/home/subham/anvrit_ws/install/astra_camera:/home/subham/anvrit_ws/install/astra_camera_msgs:/home/subham/anvrit_ws/install/anvrit_description:/home/subham/igvc/install/velodyne_simulator:/home/subham/igvc/install/velodyne_description:/home/subham/igvc/install/velodyne_gazebo_plugins:/home/subham/igvc/install/igvc_simulation:/home/subham/igvc/install/igvc_description:/home/subham/colcon_ws/install/ur_simulation_gz:/home/subham/colcon_ws/install/ur_description:/home/subham/colcon_ws/install/ur5_control_2481:/home/subham/colcon_ws/install/s2481_ebot_description:/home/subham/colcon_ws/install/linkattacher_msgs:/home/subham/colcon_ws/install/eyantra_warehouse:/home/subham/colcon_ws/install/ackerman_description:/home/subham/omokai_ws/install/llm_navigation:/home/subham/Edge_AI_for_ADAS_and_Autonomous_Systems/install/adas_perception:/home/subham/Edge_AI_for_ADAS_and_Autonomous_Systems/install/adas_navigation:/home/subham/rover_ws/install/rover_navigation:/home/subham/anvrit_ws/install/anvrit_perception:/home/subham/anvrit_ws/install/anvrit_odometry:/home/subham/anvrit_ws/install/anvrit_nav2:/home/subham/igvc/install/igvc_perception:/home/subham/igvc/install/igvc_navigation:/home/subham/colcon_ws/install/ros2ai:/opt/ros/humble /usr/bin/cmake --build /media/subham/85dce0f4-2e29-4540-9a32-801850cfcef6/subham/LidarMapping2.5D/build/velodyne_simulator[0m
[24.040s] [34mcolcon.colcon_core.event_handler.log_command[0m [1;30mDEBUG[0m [32mInvoking command in '/media/subham/85dce0f4-2e29-4540-9a32-801850cfcef6/subham/LidarMapping2.5D/build/velodyne_simulator': CMAKE_PREFIX_PATH=/media/subham/85dce0f4-2e29-4540-9a32-801850cfcef6/subham/LidarMapping2.5D/install/velodyne_description:/media/subham/85dce0f4-2e29-4540-9a32-801850cfcef6/subham/LidarMapping2.5D/install/velodyne_gazebo_plugins:/media/subham/85dce0f4-2e29-4540-9a32-801850cfcef6/subham/LidarMapping2.5D/install/segmentation_lidar:/media/subham/85dce0f4-2e29-4540-9a32-801850cfcef6/subham/LidarMapping2.5D/install/velodyne_simulator:/media/subham/85dce0f4-2e29-4540-9a32-801850cfcef6/subham/LidarMapping2.5D/install/salsanext_ros2:/media/subham/85dce0f4-2e29-4540-9a32-801850cfcef6/subham/LidarMapping2.5D/install/patchwork_plusplus:/media/subham/85dce0f4-2e29-4540-9a32-801850cfcef6/subham/LidarMapping2.5D/install/lid_simulation:/media/subham/85dce0f4-2e29-4540-9a32-801850cfcef6/subham/LidarMapping2.5D/install/lid_description:/media/subham/85dce0f4-2e29-4540-9a32-801850cfcef6/subham/LidarMapping2.5D/install/jsk_recognition_msgs:/media/subham/85dce0f4-2e29-4540-9a32-801850cfcef6/subham/LidarMapping2.5D/install/height_mapping_ros2:/media/subham/85dce0f4-2e29-4540-9a32-801850cfcef6/subham/LidarMapping2.5D/install/height_mapping_core:/media/subham/85dce0f4-2e29-4540-9a32-801850cfcef6/subham/LidarMapping2.5D/install/fastdem_ros2:/media/subham/85dce0f4-2e29-4540-9a32-801850cfcef6/subham/LidarMapping2.5D/install/fastdem:/home/subham/omokai_ws/install/llm_simulation:/home/subham/omokai_ws/install/llm_prompt:/home/subham/omokai_ws/install/llm_description:/home/subham/Edge_AI_for_ADAS_and_Autonomous_Systems/install/adas_simulation:/home/subham/Edge_AI_for_ADAS_and_Autonomous_Systems/install/adas_description:/home/subham/rover_ws/install/rover_gazebo:/home/subham/rover_ws/install/rover_description:/home/subham/rover_ws/install/rf2o_laser_odometry:/home/subham/anvrit_ws/install/rplidar_ros:/home/subham/anvrit_ws/install/astra_camera:/home/subham/anvrit_ws/install/astra_camera_msgs:/home/subham/anvrit_ws/install/anvrit_description:/home/subham/igvc/install/velodyne_simulator:/home/subham/igvc/install/velodyne_description:/home/subham/igvc/install/velodyne_gazebo_plugins:/home/subham/igvc/install/igvc_simulation:/home/subham/igvc/install/igvc_description:/home/subham/colcon_ws/install/ur_simulation_gz:/home/subham/colcon_ws/install/ur_description:/home/subham/colcon_ws/install/ur5_control_2481:/home/subham/colcon_ws/install/s2481_ebot_description:/home/subham/colcon_ws/install/linkattacher_msgs:/home/subham/colcon_ws/install/eyantra_warehouse:/home/subham/colcon_ws/install/ackerman_description:/home/subham/omokai_ws/install/llm_navigation:/home/subham/Edge_AI_for_ADAS_and_Autonomous_Systems/install/adas_perception:/home/subham/Edge_AI_for_ADAS_and_Autonomous_Systems/install/adas_navigation:/home/subham/rover_ws/install/rover_navigation:/home/subham/anvrit_ws/install/anvrit_perception:/home/subham/anvrit_ws/install/anvrit_odometry:/home/subham/anvrit_ws/install/anvrit_nav2:/home/subham/igvc/install/igvc_perception:/home/subham/igvc/install/igvc_navigation:/home/subham/colcon_ws/install/ros2ai:/opt/ros/humble /usr/bin/cmake --install /media/subham/85dce0f4-2e29-4540-9a32-801850cfcef6/subham/LidarMapping2.5D/build/velodyne_simulator[0m
[24.072s] [34mcolcon.colcon_core.environment[0m [1;30mLevel 1[0m create_environment_scripts_only(velodyne_simulator)
[24.073s] [34mcolcon.colcon_core.environment[0m [1;30mLevel 1[0m checking '/media/subham/85dce0f4-2e29-4540-9a32-801850cfcef6/subham/LidarMapping2.5D/install/velodyne_simulator' for CMake module files
[24.075s] [34mcolcon.colcon_core.event_handler.log_command[0m [1;30mDEBUG[0m [32mInvoked command in '/media/subham/85dce0f4-2e29-4540-9a32-801850cfcef6/subham/LidarMapping2.5D/build/velodyne_simulator' returned '0': CMAKE_PREFIX_PATH=/media/subham/85dce0f4-2e29-4540-9a32-801850cfcef6/subham/LidarMapping2.5D/install/velodyne_description:/media/subham/85dce0f4-2e29-4540-9a32-801850cfcef6/subham/LidarMapping2.5D/install/velodyne_gazebo_plugins:/media/subham/85dce0f4-2e29-4540-9a32-801850cfcef6/subham/LidarMapping2.5D/install/segmentation_lidar:/media/subham/85dce0f4-2e29-4540-9a32-801850cfcef6/subham/LidarMapping2.5D/install/velodyne_simulator:/media/subham/85dce0f4-2e29-4540-9a32-801850cfcef6/subham/LidarMapping2.5D/install/salsanext_ros2:/media/subham/85dce0f4-2e29-4540-9a32-801850cfcef6/subham/LidarMapping2.5D/install/patchwork_plusplus:/media/subham/85dce0f4-2e29-4540-9a32-801850cfcef6/subham/LidarMapping2.5D/install/lid_simulation:/media/subham/85dce0f4-2e29-4540-9a32-801850cfcef6/subham/LidarMapping2.5D/install/lid_description:/media/subham/85dce0f4-2e29-4540-9a32-801850cfcef6/subham/LidarMapping2.5D/install/jsk_recognition_msgs:/media/subham/85dce0f4-2e29-4540-9a32-801850cfcef6/subham/LidarMapping2.5D/install/height_mapping_ros2:/media/subham/85dce0f4-2e29-4540-9a32-801850cfcef6/subham/LidarMapping2.5D/install/height_mapping_core:/media/subham/85dce0f4-2e29-4540-9a32-801850cfcef6/subham/LidarMapping2.5D/install/fastdem_ros2:/media/subham/85dce0f4-2e29-4540-9a32-801850cfcef6/subham/LidarMapping2.5D/install/fastdem:/home/subham/omokai_ws/install/llm_simulation:/home/subham/omokai_ws/install/llm_prompt:/home/subham/omokai_ws/install/llm_description:/home/subham/Edge_AI_for_ADAS_and_Autonomous_Systems/install/adas_simulation:/home/subham/Edge_AI_for_ADAS_and_Autonomous_Systems/install/adas_description:/home/subham/rover_ws/install/rover_gazebo:/home/subham/rover_ws/install/rover_description:/home/subham/rover_ws/install/rf2o_laser_odometry:/home/subham/anvrit_ws/install/rplidar_ros:/home/subham/anvrit_ws/install/astra_camera:/home/subham/anvrit_ws/install/astra_camera_msgs:/home/subham/anvrit_ws/install/anvrit_description:/home/subham/igvc/install/velodyne_simulator:/home/subham/igvc/install/velodyne_description:/home/subham/igvc/install/velodyne_gazebo_plugins:/home/subham/igvc/install/igvc_simulation:/home/subham/igvc/install/igvc_description:/home/subham/colcon_ws/install/ur_simulation_gz:/home/subham/colcon_ws/install/ur_description:/home/subham/colcon_ws/install/ur5_control_2481:/home/subham/colcon_ws/install/s2481_ebot_description:/home/subham/colcon_ws/install/linkattacher_msgs:/home/subham/colcon_ws/install/eyantra_warehouse:/home/subham/colcon_ws/install/ackerman_description:/home/subham/omokai_ws/install/llm_navigation:/home/subham/Edge_AI_for_ADAS_and_Autonomous_Systems/install/adas_perception:/home/subham/Edge_AI_for_ADAS_and_Autonomous_Systems/install/adas_navigation:/home/subham/rover_ws/install/rover_navigation:/home/subham/anvrit_ws/install/anvrit_perception:/home/subham/anvrit_ws/install/anvrit_odometry:/home/subham/anvrit_ws/install/anvrit_nav2:/home/subham/igvc/install/igvc_perception:/home/subham/igvc/install/igvc_navigation:/home/subham/colcon_ws/install/ros2ai:/opt/ros/humble /usr/bin/cmake --install /media/subham/85dce0f4-2e29-4540-9a32-801850cfcef6/subham/LidarMapping2.5D/build/velodyne_simulator[0m
[24.075s] [34mcolcon.colcon_core.environment[0m [1;30mLevel 1[0m checking '/media/subham/85dce0f4-2e29-4540-9a32-801850cfcef6/subham/LidarMapping2.5D/install/velodyne_simulator' for CMake config files
[24.076s] [34mcolcon.colcon_core.shell[0m [1;30mLevel 1[0m create_environment_hook('velodyne_simulator', 'cmake_prefix_path')
[24.076s] [34mcolcon.colcon_core.shell[0m [1;30mINFO[0m Creating environment hook '/media/subham/85dce0f4-2e29-4540-9a32-801850cfcef6/subham/LidarMapping2.5D/install/velodyne_simulator/share/velodyne_simulator/hook/cmake_prefix_path.ps1'
[24.077s] [34mcolcon.colcon_core.shell[0m [1;30mINFO[0m Creating environment descriptor '/media/subham/85dce0f4-2e29-4540-9a32-801850cfcef6/subham/LidarMapping2.5D/install/velodyne_simulator/share/velodyne_simulator/hook/cmake_prefix_path.dsv'
[24.078s] [34mcolcon.colcon_core.shell[0m [1;30mINFO[0m Creating environment hook '/media/subham/85dce0f4-2e29-4540-9a32-801850cfcef6/subham/LidarMapping2.5D/install/velodyne_simulator/share/velodyne_simulator/hook/cmake_prefix_path.sh'
[24.079s] [34mcolcon.colcon_core.environment[0m [1;30mLevel 1[0m checking '/media/subham/85dce0f4-2e29-4540-9a32-801850cfcef6/subham/LidarMapping2.5D/install/velodyne_simulator/bin'
[24.079s] [34mcolcon.colcon_core.environment[0m [1;30mLevel 1[0m checking '/media/subham/85dce0f4-2e29-4540-9a32-801850cfcef6/subham/LidarMapping2.5D/install/velodyne_simulator/lib/pkgconfig/velodyne_simulator.pc'
[24.079s] [34mcolcon.colcon_core.environment[0m [1;30mLevel 1[0m checking '/media/subham/85dce0f4-2e29-4540-9a32-801850cfcef6/subham/LidarMapping2.5D/install/velodyne_simulator/lib/python3.10/site-packages'
[24.079s] [34mcolcon.colcon_core.environment[0m [1;30mLevel 1[0m checking '/media/subham/85dce0f4-2e29-4540-9a32-801850cfcef6/subham/LidarMapping2.5D/install/velodyne_simulator/bin'
[24.080s] [34mcolcon.colcon_core.shell[0m [1;30mINFO[0m Creating package script '/media/subham/85dce0f4-2e29-4540-9a32-801850cfcef6/subham/LidarMapping2.5D/install/velodyne_simulator/share/velodyne_simulator/package.ps1'
[24.082s] [34mcolcon.colcon_core.shell[0m [1;30mINFO[0m Creating package descriptor '/media/subham/85dce0f4-2e29-4540-9a32-801850cfcef6/subham/LidarMapping2.5D/install/velodyne_simulator/share/velodyne_simulator/package.dsv'
[24.083s] [34mcolcon.colcon_core.shell[0m [1;30mINFO[0m Creating package script '/media/subham/85dce0f4-2e29-4540-9a32-801850cfcef6/subham/LidarMapping2.5D/install/velodyne_simulator/share/velodyne_simulator/package.sh'
[24.084s] [34mcolcon.colcon_core.shell[0m [1;30mINFO[0m Creating package script '/media/subham/85dce0f4-2e29-4540-9a32-801850cfcef6/subham/LidarMapping2.5D/install/velodyne_simulator/share/velodyne_simulator/package.bash'
[24.084s] [34mcolcon.colcon_core.shell[0m [1;30mINFO[0m Creating package script '/media/subham/85dce0f4-2e29-4540-9a32-801850cfcef6/subham/LidarMapping2.5D/install/velodyne_simulator/share/velodyne_simulator/package.zsh'
[24.085s] [34mcolcon.colcon_core.environment[0m [1;30mLevel 1[0m create_file_with_runtime_dependencies(/media/subham/85dce0f4-2e29-4540-9a32-801850cfcef6/subham/LidarMapping2.5D/install/velodyne_simulator/share/colcon-core/packages/velodyne_simulator)
[24.086s] [34mcolcon.colcon_core.environment[0m [1;30mLevel 1[0m create_environment_scripts_only(velodyne_simulator)
[24.086s] [34mcolcon.colcon_core.environment[0m [1;30mLevel 1[0m checking '/media/subham/85dce0f4-2e29-4540-9a32-801850cfcef6/subham/LidarMapping2.5D/install/velodyne_simulator' for CMake module files
[24.087s] [34mcolcon.colcon_core.environment[0m [1;30mLevel 1[0m checking '/media/subham/85dce0f4-2e29-4540-9a32-801850cfcef6/subham/LidarMapping2.5D/install/velodyne_simulator' for CMake config files
[24.087s] [34mcolcon.colcon_core.shell[0m [1;30mLevel 1[0m create_environment_hook('velodyne_simulator', 'cmake_prefix_path')
[24.087s] [34mcolcon.colcon_core.shell[0m [1;30mINFO[0m Creating environment hook '/media/subham/85dce0f4-2e29-4540-9a32-801850cfcef6/subham/LidarMapping2.5D/install/velodyne_simulator/share/velodyne_simulator/hook/cmake_prefix_path.ps1'
[24.088s] [34mcolcon.colcon_core.shell[0m [1;30mINFO[0m Creating environment descriptor '/media/subham/85dce0f4-2e29-4540-9a32-801850cfcef6/subham/LidarMapping2.5D/install/velodyne_simulator/share/velodyne_simulator/hook/cmake_prefix_path.dsv'
[24.088s] [34mcolcon.colcon_core.shell[0m [1;30mINFO[0m Creating environment hook '/media/subham/85dce0f4-2e29-4540-9a32-801850cfcef6/subham/LidarMapping2.5D/install/velodyne_simulator/share/velodyne_simulator/hook/cmake_prefix_path.sh'
[24.089s] [34mcolcon.colcon_core.environment[0m [1;30mLevel 1[0m checking '/media/subham/85dce0f4-2e29-4540-9a32-801850cfcef6/subham/LidarMapping2.5D/install/velodyne_simulator/bin'
[24.089s] [34mcolcon.colcon_core.environment[0m [1;30mLevel 1[0m checking '/media/subham/85dce0f4-2e29-4540-9a32-801850cfcef6/subham/LidarMapping2.5D/install/velodyne_simulator/lib/pkgconfig/velodyne_simulator.pc'
[24.090s] [34mcolcon.colcon_core.environment[0m [1;30mLevel 1[0m checking '/media/subham/85dce0f4-2e29-4540-9a32-801850cfcef6/subham/LidarMapping2.5D/install/velodyne_simulator/lib/python3.10/site-packages'
[24.090s] [34mcolcon.colcon_core.environment[0m [1;30mLevel 1[0m checking '/media/subham/85dce0f4-2e29-4540-9a32-801850cfcef6/subham/LidarMapping2.5D/install/velodyne_simulator/bin'
[24.091s] [34mcolcon.colcon_core.shell[0m [1;30mINFO[0m Creating package script '/media/subham/85dce0f4-2e29-4540-9a32-801850cfcef6/subham/LidarMapping2.5D/install/velodyne_simulator/share/velodyne_simulator/package.ps1'
[24.091s] [34mcolcon.colcon_core.shell[0m [1;30mINFO[0m Creating package descriptor '/media/subham/85dce0f4-2e29-4540-9a32-801850cfcef6/subham/LidarMapping2.5D/install/velodyne_simulator/share/velodyne_simulator/package.dsv'
[24.092s] [34mcolcon.colcon_core.shell[0m [1;30mINFO[0m Creating package script '/media/subham/85dce0f4-2e29-4540-9a32-801850cfcef6/subham/LidarMapping2.5D/install/velodyne_simulator/share/velodyne_simulator/package.sh'
[24.092s] [34mcolcon.colcon_core.shell[0m [1;30mINFO[0m Creating package script '/media/subham/85dce0f4-2e29-4540-9a32-801850cfcef6/subham/LidarMapping2.5D/install/velodyne_simulator/share/velodyne_simulator/package.bash'
[24.093s] [34mcolcon.colcon_core.shell[0m [1;30mINFO[0m Creating package script '/media/subham/85dce0f4-2e29-4540-9a32-801850cfcef6/subham/LidarMapping2.5D/install/velodyne_simulator/share/velodyne_simulator/package.zsh'
[24.093s] [34mcolcon.colcon_core.environment[0m [1;30mLevel 1[0m create_file_with_runtime_dependencies(/media/subham/85dce0f4-2e29-4540-9a32-801850cfcef6/subham/LidarMapping2.5D/install/velodyne_simulator/share/colcon-core/packages/velodyne_simulator)
[24.093s] [34mcolcon.colcon_core.executor.sequential[0m [1;30mDEBUG[0m [32mrun_until_complete 'velodyne_simulator' finished with '0'[0m
[24.093s] [34mcolcon.colcon_core.executor.sequential[0m [1;30mDEBUG[0m [32mclosing loop[0m
[24.094s] [34mcolcon.colcon_core.executor.sequential[0m [1;30mDEBUG[0m [32mloop closed[0m
[24.094s] [34mcolcon.colcon_core.event_reactor[0m [1;30mDEBUG[0m [32mjoining thread[0m
[24.101s] [34mcolcon.colcon_core.plugin_system[0m [1;30mINFO[0m Skipping extension 'colcon_notification.desktop_notification.terminal_notifier': Not used on non-Darwin systems
[24.101s] [34mcolcon.colcon_core.plugin_system[0m [1;30mINFO[0m Skipping extension 'colcon_notification.desktop_notification.win32': Not used on non-Windows systems
[24.101s] [34mcolcon.colcon_notification.desktop_notification[0m [1;30mINFO[0m Sending desktop notification using 'notify2'
[24.115s] [34mcolcon.colcon_core.event_reactor[0m [1;30mDEBUG[0m [32mjoined thread[0m
[24.116s] [34mcolcon.colcon_core.shell[0m [1;30mINFO[0m Creating prefix script '/media/subham/85dce0f4-2e29-4540-9a32-801850cfcef6/subham/LidarMapping2.5D/install/local_setup.ps1'
[24.117s] [34mcolcon.colcon_core.shell[0m [1;30mINFO[0m Creating prefix util module '/media/subham/85dce0f4-2e29-4540-9a32-801850cfcef6/subham/LidarMapping2.5D/install/_local_setup_util_ps1.py'
[24.119s] [34mcolcon.colcon_core.shell[0m [1;30mINFO[0m Creating prefix chain script '/media/subham/85dce0f4-2e29-4540-9a32-801850cfcef6/subham/LidarMapping2.5D/install/setup.ps1'
[24.123s] [34mcolcon.colcon_core.shell[0m [1;30mINFO[0m Creating prefix script '/media/subham/85dce0f4-2e29-4540-9a32-801850cfcef6/subham/LidarMapping2.5D/install/local_setup.sh'
[24.125s] [34mcolcon.colcon_core.shell[0m [1;30mINFO[0m Creating prefix util module '/media/subham/85dce0f4-2e29-4540-9a32-801850cfcef6/subham/LidarMapping2.5D/install/_local_setup_util_sh.py'
[24.126s] [34mcolcon.colcon_core.shell[0m [1;30mINFO[0m Creating prefix chain script '/media/subham/85dce0f4-2e29-4540-9a32-801850cfcef6/subham/LidarMapping2.5D/install/setup.sh'
[24.130s] [34mcolcon.colcon_core.shell[0m [1;30mINFO[0m Creating prefix script '/media/subham/85dce0f4-2e29-4540-9a32-801850cfcef6/subham/LidarMapping2.5D/install/local_setup.bash'
[24.131s] [34mcolcon.colcon_core.shell[0m [1;30mINFO[0m Creating prefix chain script '/media/subham/85dce0f4-2e29-4540-9a32-801850cfcef6/subham/LidarMapping2.5D/install/setup.bash'
[24.133s] [34mcolcon.colcon_core.shell[0m [1;30mINFO[0m Creating prefix script '/media/subham/85dce0f4-2e29-4540-9a32-801850cfcef6/subham/LidarMapping2.5D/install/local_setup.zsh'
[24.134s] [34mcolcon.colcon_core.shell[0m [1;30mINFO[0m Creating prefix chain script '/media/subham/85dce0f4-2e29-4540-9a32-801850cfcef6/subham/LidarMapping2.5D/install/setup.zsh'
