[0.348s] [34mcolcon[0m [1;30mDEBUG[0m [32mCommand line arguments: ['/usr/bin/colcon', 'build', '--executor', 'sequential', '--symlink-install', '--packages-ignore', 'fastdem_ros'][0m
[0.348s] [34mcolcon[0m [1;30mDEBUG[0m [32mParsed command line arguments: Namespace(log_base=None, log_level=None, verb_name='build', build_base='build', install_base='install', merge_install=False, symlink_install=True, test_result_base=None, continue_on_error=False, executor='sequential', parallel_workers=12, event_handlers=None, ignore_user_meta=False, metas=['./colcon.meta'], base_paths=['.'], packages_ignore=['fastdem_ros'], packages_ignore_regex=None, paths=None, packages_up_to=None, packages_up_to_regex=None, packages_above=None, packages_above_and_dependencies=None, packages_above_depth=None, packages_select_by_dep=None, packages_skip_by_dep=None, packages_skip_up_to=None, packages_select_build_failed=False, packages_skip_build_finished=False, packages_select_test_failures=False, packages_skip_test_passed=False, packages_select=None, packages_skip=None, packages_select_regex=None, packages_skip_regex=None, packages_start=None, packages_end=None, allow_overriding=[], cmake_args=None, cmake_target=None, cmake_target_skip_unavailable=False, cmake_clean_cache=False, cmake_clean_first=False, cmake_force_configure=False, ament_cmake_args=None, catkin_cmake_args=None, catkin_skip_building_tests=False, mixin_files=None, mixin=None, verb_parser=<colcon_mixin.mixin.mixin_argument.MixinArgumentDecorator object at 0x7670be54db40>, verb_extension=<colcon_core.verb.build.BuildVerb object at 0x7670be54d660>, main=<bound method BuildVerb.main of <colcon_core.verb.build.BuildVerb object at 0x7670be54d660>>, mixin_verb=('build',))[0m
[0.444s] [34mcolcon.colcon_core.package_discovery[0m [1;30mLevel 1[0m discover_packages(colcon_meta) check parameters
[0.444s] [34mcolcon.colcon_core.package_discovery[0m [1;30mLevel 1[0m discover_packages(recursive) check parameters
[0.444s] [34mcolcon.colcon_core.package_discovery[0m [1;30mLevel 1[0m discover_packages(ignore) check parameters
[0.445s] [34mcolcon.colcon_core.package_discovery[0m [1;30mLevel 1[0m discover_packages(path) check parameters
[0.445s] [34mcolcon.colcon_core.package_discovery[0m [1;30mLevel 1[0m discover_packages(colcon_meta) discover
[0.445s] [34mcolcon.colcon_core.package_discovery[0m [1;30mLevel 1[0m discover_packages(recursive) discover
[0.445s] [34mcolcon.colcon_core.package_discovery[0m [1;30mINFO[0m Crawling recursively for packages in '/media/subham/85dce0f4-2e29-4540-9a32-801850cfcef6/subham/LidarMapping2.5D'
[0.445s] [34mcolcon.colcon_core.package_identification[0m [1;30mLevel 1[0m _identify(.) by extensions ['ignore', 'ignore_ament_install']
[0.445s] [34mcolcon.colcon_core.package_identification[0m [1;30mLevel 1[0m _identify(.) by extension 'ignore'
[0.446s] [34mcolcon.colcon_core.package_identification[0m [1;30mLevel 1[0m _identify(.) by extension 'ignore_ament_install'
[0.446s] [34mcolcon.colcon_core.package_identification[0m [1;30mLevel 1[0m _identify(.) by extensions ['colcon_pkg']
[0.446s] [34mcolcon.colcon_core.package_identification[0m [1;30mLevel 1[0m _identify(.) by extension 'colcon_pkg'
[0.446s] [34mcolcon.colcon_core.package_identification[0m [1;30mLevel 1[0m _identify(.) by extensions ['colcon_meta']
[0.446s] [34mcolcon.colcon_core.package_identification[0m [1;30mLevel 1[0m _identify(.) by extension 'colcon_meta'
[0.446s] [34mcolcon.colcon_core.package_identification[0m [1;30mLevel 1[0m _identify(.) by extensions ['ros']
[0.446s] [34mcolcon.colcon_core.package_identification[0m [1;30mLevel 1[0m _identify(.) by extension 'ros'
[0.485s] [34mcolcon.colcon_core.package_identification[0m [1;30mLevel 1[0m _identify(.) by extensions ['cmake', 'python']
[0.485s] [34mcolcon.colcon_core.package_identification[0m [1;30mLevel 1[0m _identify(.) by extension 'cmake'
[0.485s] [34mcolcon.colcon_core.package_identification[0m [1;30mLevel 1[0m _identify(.) by extension 'python'
[0.485s] [34mcolcon.colcon_core.package_identification[0m [1;30mLevel 1[0m _identify(.) by extensions ['python_setup_py']
[0.486s] [34mcolcon.colcon_core.package_identification[0m [1;30mLevel 1[0m _identify(.) by extension 'python_setup_py'
[0.486s] [34mcolcon.colcon_core.package_identification[0m [1;30mLevel 1[0m _identify(build) by extensions ['ignore', 'ignore_ament_install']
[0.486s] [34mcolcon.colcon_core.package_identification[0m [1;30mLevel 1[0m _identify(build) by extension 'ignore'
[0.486s] [34mcolcon.colcon_core.package_identification[0m [1;30mLevel 1[0m _identify(build) ignored
[0.487s] [34mcolcon.colcon_core.package_identification[0m [1;30mLevel 1[0m _identify(install) by extensions ['ignore', 'ignore_ament_install']
[0.487s] [34mcolcon.colcon_core.package_identification[0m [1;30mLevel 1[0m _identify(install) by extension 'ignore'
[0.487s] [34mcolcon.colcon_core.package_identification[0m [1;30mLevel 1[0m _identify(install) ignored
[0.487s] [34mcolcon.colcon_core.package_identification[0m [1;30mLevel 1[0m _identify(log) by extensions ['ignore', 'ignore_ament_install']
[0.487s] [34mcolcon.colcon_core.package_identification[0m [1;30mLevel 1[0m _identify(log) by extension 'ignore'
[0.487s] [34mcolcon.colcon_core.package_identification[0m [1;30mLevel 1[0m _identify(log) ignored
[0.487s] [34mcolcon.colcon_core.package_identification[0m [1;30mLevel 1[0m _identify(src) by extensions ['ignore', 'ignore_ament_install']
[0.488s] [34mcolcon.colcon_core.package_identification[0m [1;30mLevel 1[0m _identify(src) by extension 'ignore'
[0.488s] [34mcolcon.colcon_core.package_identification[0m [1;30mLevel 1[0m _identify(src) by extension 'ignore_ament_install'
[0.488s] [34mcolcon.colcon_core.package_identification[0m [1;30mLevel 1[0m _identify(src) by extensions ['colcon_pkg']
[0.488s] [34mcolcon.colcon_core.package_identification[0m [1;30mLevel 1[0m _identify(src) by extension 'colcon_pkg'
[0.488s] [34mcolcon.colcon_core.package_identification[0m [1;30mLevel 1[0m _identify(src) by extensions ['colcon_meta']
[0.488s] [34mcolcon.colcon_core.package_identification[0m [1;30mLevel 1[0m _identify(src) by extension 'colcon_meta'
[0.488s] [34mcolcon.colcon_core.package_identification[0m [1;30mLevel 1[0m _identify(src) by extensions ['ros']
[0.488s] [34mcolcon.colcon_core.package_identification[0m [1;30mLevel 1[0m _identify(src) by extension 'ros'
[0.488s] [34mcolcon.colcon_core.package_identification[0m [1;30mLevel 1[0m _identify(src) by extensions ['cmake', 'python']
[0.489s] [34mcolcon.colcon_core.package_identification[0m [1;30mLevel 1[0m _identify(src) by extension 'cmake'
[0.489s] [34mcolcon.colcon_core.package_identification[0m [1;30mLevel 1[0m _identify(src) by extension 'python'
[0.489s] [34mcolcon.colcon_core.package_identification[0m [1;30mLevel 1[0m _identify(src) by extensions ['python_setup_py']
[0.489s] [34mcolcon.colcon_core.package_identification[0m [1;30mLevel 1[0m _identify(src) by extension 'python_setup_py'
[0.489s] [34mcolcon.colcon_core.package_identification[0m [1;30mLevel 1[0m _identify(src/FastDEM) by extensions ['ignore', 'ignore_ament_install']
[0.489s] [34mcolcon.colcon_core.package_identification[0m [1;30mLevel 1[0m _identify(src/FastDEM) by extension 'ignore'
[0.489s] [34mcolcon.colcon_core.package_identification[0m [1;30mLevel 1[0m _identify(src/FastDEM) by extension 'ignore_ament_install'
[0.489s] [34mcolcon.colcon_core.package_identification[0m [1;30mLevel 1[0m _identify(src/FastDEM) by extensions ['colcon_pkg']
[0.489s] [34mcolcon.colcon_core.package_identification[0m [1;30mLevel 1[0m _identify(src/FastDEM) by extension 'colcon_pkg'
[0.490s] [34mcolcon.colcon_core.package_identification[0m [1;30mLevel 1[0m _identify(src/FastDEM) by extensions ['colcon_meta']
[0.490s] [34mcolcon.colcon_core.package_identification[0m [1;30mLevel 1[0m _identify(src/FastDEM) by extension 'colcon_meta'
[0.490s] [34mcolcon.colcon_core.package_identification[0m [1;30mLevel 1[0m _identify(src/FastDEM) by extensions ['ros']
[0.490s] [34mcolcon.colcon_core.package_identification[0m [1;30mLevel 1[0m _identify(src/FastDEM) by extension 'ros'
[0.490s] [34mcolcon.colcon_core.package_identification[0m [1;30mLevel 1[0m _identify(src/FastDEM) by extensions ['cmake', 'python']
[0.490s] [34mcolcon.colcon_core.package_identification[0m [1;30mLevel 1[0m _identify(src/FastDEM) by extension 'cmake'
[0.490s] [34mcolcon.colcon_core.package_identification[0m [1;30mLevel 1[0m _identify(src/FastDEM) by extension 'python'
[0.490s] [34mcolcon.colcon_core.package_identification[0m [1;30mLevel 1[0m _identify(src/FastDEM) by extensions ['python_setup_py']
[0.490s] [34mcolcon.colcon_core.package_identification[0m [1;30mLevel 1[0m _identify(src/FastDEM) by extension 'python_setup_py'
[0.490s] [34mcolcon.colcon_core.package_identification[0m [1;30mLevel 1[0m _identify(src/FastDEM/assets) by extensions ['ignore', 'ignore_ament_install']
[0.491s] [34mcolcon.colcon_core.package_identification[0m [1;30mLevel 1[0m _identify(src/FastDEM/assets) by extension 'ignore'
[0.491s] [34mcolcon.colcon_core.package_identification[0m [1;30mLevel 1[0m _identify(src/FastDEM/assets) by extension 'ignore_ament_install'
[0.491s] [34mcolcon.colcon_core.package_identification[0m [1;30mLevel 1[0m _identify(src/FastDEM/assets) by extensions ['colcon_pkg']
[0.491s] [34mcolcon.colcon_core.package_identification[0m [1;30mLevel 1[0m _identify(src/FastDEM/assets) by extension 'colcon_pkg'
[0.491s] [34mcolcon.colcon_core.package_identification[0m [1;30mLevel 1[0m _identify(src/FastDEM/assets) by extensions ['colcon_meta']
[0.491s] [34mcolcon.colcon_core.package_identification[0m [1;30mLevel 1[0m _identify(src/FastDEM/assets) by extension 'colcon_meta'
[0.491s] [34mcolcon.colcon_core.package_identification[0m [1;30mLevel 1[0m _identify(src/FastDEM/assets) by extensions ['ros']
[0.491s] [34mcolcon.colcon_core.package_identification[0m [1;30mLevel 1[0m _identify(src/FastDEM/assets) by extension 'ros'
[0.491s] [34mcolcon.colcon_core.package_identification[0m [1;30mLevel 1[0m _identify(src/FastDEM/assets) by extensions ['cmake', 'python']
[0.492s] [34mcolcon.colcon_core.package_identification[0m [1;30mLevel 1[0m _identify(src/FastDEM/assets) by extension 'cmake'
[0.492s] [34mcolcon.colcon_core.package_identification[0m [1;30mLevel 1[0m _identify(src/FastDEM/assets) by extension 'python'
[0.492s] [34mcolcon.colcon_core.package_identification[0m [1;30mLevel 1[0m _identify(src/FastDEM/assets) by extensions ['python_setup_py']
[0.492s] [34mcolcon.colcon_core.package_identification[0m [1;30mLevel 1[0m _identify(src/FastDEM/assets) by extension 'python_setup_py'
[0.492s] [34mcolcon.colcon_core.package_identification[0m [1;30mLevel 1[0m _identify(src/FastDEM/fastdem) by extensions ['ignore', 'ignore_ament_install']
[0.492s] [34mcolcon.colcon_core.package_identification[0m [1;30mLevel 1[0m _identify(src/FastDEM/fastdem) by extension 'ignore'
[0.492s] [34mcolcon.colcon_core.package_identification[0m [1;30mLevel 1[0m _identify(src/FastDEM/fastdem) by extension 'ignore_ament_install'
[0.492s] [34mcolcon.colcon_core.package_identification[0m [1;30mLevel 1[0m _identify(src/FastDEM/fastdem) by extensions ['colcon_pkg']
[0.493s] [34mcolcon.colcon_core.package_identification[0m [1;30mLevel 1[0m _identify(src/FastDEM/fastdem) by extension 'colcon_pkg'
[0.493s] [34mcolcon.colcon_core.package_identification[0m [1;30mLevel 1[0m _identify(src/FastDEM/fastdem) by extensions ['colcon_meta']
[0.493s] [34mcolcon.colcon_core.package_identification[0m [1;30mLevel 1[0m _identify(src/FastDEM/fastdem) by extension 'colcon_meta'
[0.493s] [34mcolcon.colcon_core.package_identification[0m [1;30mLevel 1[0m _identify(src/FastDEM/fastdem) by extensions ['ros']
[0.493s] [34mcolcon.colcon_core.package_identification[0m [1;30mLevel 1[0m _identify(src/FastDEM/fastdem) by extension 'ros'
[0.501s] [34mcolcon.colcon_core.package_identification[0m [1;30mDEBUG[0m [32mPackage 'src/FastDEM/fastdem' with type 'ros.cmake' and name 'fastdem'[0m
[0.501s] [34mcolcon.colcon_core.package_identification[0m [1;30mLevel 1[0m _identify(src/FastDEM/ros1) by extensions ['ignore', 'ignore_ament_install']
[0.502s] [34mcolcon.colcon_core.package_identification[0m [1;30mLevel 1[0m _identify(src/FastDEM/ros1) by extension 'ignore'
[0.502s] [34mcolcon.colcon_core.package_identification[0m [1;30mLevel 1[0m _identify(src/FastDEM/ros1) by extension 'ignore_ament_install'
[0.502s] [34mcolcon.colcon_core.package_identification[0m [1;30mLevel 1[0m _identify(src/FastDEM/ros1) by extensions ['colcon_pkg']
[0.502s] [34mcolcon.colcon_core.package_identification[0m [1;30mLevel 1[0m _identify(src/FastDEM/ros1) by extension 'colcon_pkg'
[0.502s] [34mcolcon.colcon_core.package_identification[0m [1;30mLevel 1[0m _identify(src/FastDEM/ros1) by extensions ['colcon_meta']
[0.502s] [34mcolcon.colcon_core.package_identification[0m [1;30mLevel 1[0m _identify(src/FastDEM/ros1) by extension 'colcon_meta'
[0.502s] [34mcolcon.colcon_core.package_identification[0m [1;30mLevel 1[0m _identify(src/FastDEM/ros1) by extensions ['ros']
[0.502s] [34mcolcon.colcon_core.package_identification[0m [1;30mLevel 1[0m _identify(src/FastDEM/ros1) by extension 'ros'
[0.504s] [34mcolcon.colcon_core.package_identification[0m [1;30mDEBUG[0m [32mPackage 'src/FastDEM/ros1' with type 'ros.catkin' and name 'fastdem_ros'[0m
[0.505s] [34mcolcon.colcon_core.package_identification[0m [1;30mLevel 1[0m _identify(src/FastDEM/ros2) by extensions ['ignore', 'ignore_ament_install']
[0.505s] [34mcolcon.colcon_core.package_identification[0m [1;30mLevel 1[0m _identify(src/FastDEM/ros2) by extension 'ignore'
[0.505s] [34mcolcon.colcon_core.package_identification[0m [1;30mLevel 1[0m _identify(src/FastDEM/ros2) by extension 'ignore_ament_install'
[0.505s] [34mcolcon.colcon_core.package_identification[0m [1;30mLevel 1[0m _identify(src/FastDEM/ros2) by extensions ['colcon_pkg']
[0.505s] [34mcolcon.colcon_core.package_identification[0m [1;30mLevel 1[0m _identify(src/FastDEM/ros2) by extension 'colcon_pkg'
[0.505s] [34mcolcon.colcon_core.package_identification[0m [1;30mLevel 1[0m _identify(src/FastDEM/ros2) by extensions ['colcon_meta']
[0.505s] [34mcolcon.colcon_core.package_identification[0m [1;30mLevel 1[0m _identify(src/FastDEM/ros2) by extension 'colcon_meta'
[0.505s] [34mcolcon.colcon_core.package_identification[0m [1;30mLevel 1[0m _identify(src/FastDEM/ros2) by extensions ['ros']
[0.506s] [34mcolcon.colcon_core.package_identification[0m [1;30mLevel 1[0m _identify(src/FastDEM/ros2) by extension 'ros'
[0.508s] [34mcolcon.colcon_core.package_identification[0m [1;30mDEBUG[0m [32mPackage 'src/FastDEM/ros2' with type 'ros.ament_cmake' and name 'fastdem_ros2'[0m
[0.508s] [34mcolcon.colcon_core.package_identification[0m [1;30mLevel 1[0m _identify(src/SalsaNext) by extensions ['ignore', 'ignore_ament_install']
[0.508s] [34mcolcon.colcon_core.package_identification[0m [1;30mLevel 1[0m _identify(src/SalsaNext) by extension 'ignore'
[0.508s] [34mcolcon.colcon_core.package_identification[0m [1;30mLevel 1[0m _identify(src/SalsaNext) by extension 'ignore_ament_install'
[0.508s] [34mcolcon.colcon_core.package_identification[0m [1;30mLevel 1[0m _identify(src/SalsaNext) by extensions ['colcon_pkg']
[0.508s] [34mcolcon.colcon_core.package_identification[0m [1;30mLevel 1[0m _identify(src/SalsaNext) by extension 'colcon_pkg'
[0.509s] [34mcolcon.colcon_core.package_identification[0m [1;30mLevel 1[0m _identify(src/SalsaNext) by extensions ['colcon_meta']
[0.509s] [34mcolcon.colcon_core.package_identification[0m [1;30mLevel 1[0m _identify(src/SalsaNext) by extension 'colcon_meta'
[0.509s] [34mcolcon.colcon_core.package_identification[0m [1;30mLevel 1[0m _identify(src/SalsaNext) by extensions ['ros']
[0.509s] [34mcolcon.colcon_core.package_identification[0m [1;30mLevel 1[0m _identify(src/SalsaNext) by extension 'ros'
[0.509s] [34mcolcon.colcon_core.package_identification[0m [1;30mLevel 1[0m _identify(src/SalsaNext) by extensions ['cmake', 'python']
[0.509s] [34mcolcon.colcon_core.package_identification[0m [1;30mLevel 1[0m _identify(src/SalsaNext) by extension 'cmake'
[0.509s] [34mcolcon.colcon_core.package_identification[0m [1;30mLevel 1[0m _identify(src/SalsaNext) by extension 'python'
[0.509s] [34mcolcon.colcon_core.package_identification[0m [1;30mLevel 1[0m _identify(src/SalsaNext) by extensions ['python_setup_py']
[0.509s] [34mcolcon.colcon_core.package_identification[0m [1;30mLevel 1[0m _identify(src/SalsaNext) by extension 'python_setup_py'
[0.510s] [34mcolcon.colcon_core.package_identification[0m [1;30mLevel 1[0m _identify(src/SalsaNext/__pycache__) by extensions ['ignore', 'ignore_ament_install']
[0.510s] [34mcolcon.colcon_core.package_identification[0m [1;30mLevel 1[0m _identify(src/SalsaNext/__pycache__) by extension 'ignore'
[0.510s] [34mcolcon.colcon_core.package_identification[0m [1;30mLevel 1[0m _identify(src/SalsaNext/__pycache__) by extension 'ignore_ament_install'
[0.510s] [34mcolcon.colcon_core.package_identification[0m [1;30mLevel 1[0m _identify(src/SalsaNext/__pycache__) by extensions ['colcon_pkg']
[0.510s] [34mcolcon.colcon_core.package_identification[0m [1;30mLevel 1[0m _identify(src/SalsaNext/__pycache__) by extension 'colcon_pkg'
[0.510s] [34mcolcon.colcon_core.package_identification[0m [1;30mLevel 1[0m _identify(src/SalsaNext/__pycache__) by extensions ['colcon_meta']
[0.510s] [34mcolcon.colcon_core.package_identification[0m [1;30mLevel 1[0m _identify(src/SalsaNext/__pycache__) by extension 'colcon_meta'
[0.510s] [34mcolcon.colcon_core.package_identification[0m [1;30mLevel 1[0m _identify(src/SalsaNext/__pycache__) by extensions ['ros']
[0.510s] [34mcolcon.colcon_core.package_identification[0m [1;30mLevel 1[0m _identify(src/SalsaNext/__pycache__) by extension 'ros'
[0.511s] [34mcolcon.colcon_core.package_identification[0m [1;30mLevel 1[0m _identify(src/SalsaNext/__pycache__) by extensions ['cmake', 'python']
[0.511s] [34mcolcon.colcon_core.package_identification[0m [1;30mLevel 1[0m _identify(src/SalsaNext/__pycache__) by extension 'cmake'
[0.511s] [34mcolcon.colcon_core.package_identification[0m [1;30mLevel 1[0m _identify(src/SalsaNext/__pycache__) by extension 'python'
[0.511s] [34mcolcon.colcon_core.package_identification[0m [1;30mLevel 1[0m _identify(src/SalsaNext/__pycache__) by extensions ['python_setup_py']
[0.511s] [34mcolcon.colcon_core.package_identification[0m [1;30mLevel 1[0m _identify(src/SalsaNext/__pycache__) by extension 'python_setup_py'
[0.511s] [34mcolcon.colcon_core.package_identification[0m [1;30mLevel 1[0m _identify(src/SalsaNext/images) by extensions ['ignore', 'ignore_ament_install']
[0.511s] [34mcolcon.colcon_core.package_identification[0m [1;30mLevel 1[0m _identify(src/SalsaNext/images) by extension 'ignore'
[0.511s] [34mcolcon.colcon_core.package_identification[0m [1;30mLevel 1[0m _identify(src/SalsaNext/images) by extension 'ignore_ament_install'
[0.511s] [34mcolcon.colcon_core.package_identification[0m [1;30mLevel 1[0m _identify(src/SalsaNext/images) by extensions ['colcon_pkg']
[0.512s] [34mcolcon.colcon_core.package_identification[0m [1;30mLevel 1[0m _identify(src/SalsaNext/images) by extension 'colcon_pkg'
[0.512s] [34mcolcon.colcon_core.package_identification[0m [1;30mLevel 1[0m _identify(src/SalsaNext/images) by extensions ['colcon_meta']
[0.512s] [34mcolcon.colcon_core.package_identification[0m [1;30mLevel 1[0m _identify(src/SalsaNext/images) by extension 'colcon_meta'
[0.512s] [34mcolcon.colcon_core.package_identification[0m [1;30mLevel 1[0m _identify(src/SalsaNext/images) by extensions ['ros']
[0.512s] [34mcolcon.colcon_core.package_identification[0m [1;30mLevel 1[0m _identify(src/SalsaNext/images) by extension 'ros'
[0.512s] [34mcolcon.colcon_core.package_identification[0m [1;30mLevel 1[0m _identify(src/SalsaNext/images) by extensions ['cmake', 'python']
[0.512s] [34mcolcon.colcon_core.package_identification[0m [1;30mLevel 1[0m _identify(src/SalsaNext/images) by extension 'cmake'
[0.512s] [34mcolcon.colcon_core.package_identification[0m [1;30mLevel 1[0m _identify(src/SalsaNext/images) by extension 'python'
[0.512s] [34mcolcon.colcon_core.package_identification[0m [1;30mLevel 1[0m _identify(src/SalsaNext/images) by extensions ['python_setup_py']
[0.512s] [34mcolcon.colcon_core.package_identification[0m [1;30mLevel 1[0m _identify(src/SalsaNext/images) by extension 'python_setup_py'
[0.513s] [34mcolcon.colcon_core.package_identification[0m [1;30mLevel 1[0m _identify(src/SalsaNext/pretrained_weights) by extensions ['ignore', 'ignore_ament_install']
[0.513s] [34mcolcon.colcon_core.package_identification[0m [1;30mLevel 1[0m _identify(src/SalsaNext/pretrained_weights) by extension 'ignore'
[0.513s] [34mcolcon.colcon_core.package_identification[0m [1;30mLevel 1[0m _identify(src/SalsaNext/pretrained_weights) by extension 'ignore_ament_install'
[0.513s] [34mcolcon.colcon_core.package_identification[0m [1;30mLevel 1[0m _identify(src/SalsaNext/pretrained_weights) by extensions ['colcon_pkg']
[0.513s] [34mcolcon.colcon_core.package_identification[0m [1;30mLevel 1[0m _identify(src/SalsaNext/pretrained_weights) by extension 'colcon_pkg'
[0.513s] [34mcolcon.colcon_core.package_identification[0m [1;30mLevel 1[0m _identify(src/SalsaNext/pretrained_weights) by extensions ['colcon_meta']
[0.513s] [34mcolcon.colcon_core.package_identification[0m [1;30mLevel 1[0m _identify(src/SalsaNext/pretrained_weights) by extension 'colcon_meta'
[0.513s] [34mcolcon.colcon_core.package_identification[0m [1;30mLevel 1[0m _identify(src/SalsaNext/pretrained_weights) by extensions ['ros']
[0.513s] [34mcolcon.colcon_core.package_identification[0m [1;30mLevel 1[0m _identify(src/SalsaNext/pretrained_weights) by extension 'ros'
[0.514s] [34mcolcon.colcon_core.package_identification[0m [1;30mLevel 1[0m _identify(src/SalsaNext/pretrained_weights) by extensions ['cmake', 'python']
[0.514s] [34mcolcon.colcon_core.package_identification[0m [1;30mLevel 1[0m _identify(src/SalsaNext/pretrained_weights) by extension 'cmake'
[0.514s] [34mcolcon.colcon_core.package_identification[0m [1;30mLevel 1[0m _identify(src/SalsaNext/pretrained_weights) by extension 'python'
[0.514s] [34mcolcon.colcon_core.package_identification[0m [1;30mLevel 1[0m _identify(src/SalsaNext/pretrained_weights) by extensions ['python_setup_py']
[0.514s] [34mcolcon.colcon_core.package_identification[0m [1;30mLevel 1[0m _identify(src/SalsaNext/pretrained_weights) by extension 'python_setup_py'
[0.514s] [34mcolcon.colcon_core.package_identification[0m [1;30mLevel 1[0m _identify(src/SalsaNext/pretrained_weights/pretrained) by extensions ['ignore', 'ignore_ament_install']
[0.514s] [34mcolcon.colcon_core.package_identification[0m [1;30mLevel 1[0m _identify(src/SalsaNext/pretrained_weights/pretrained) by extension 'ignore'
[0.514s] [34mcolcon.colcon_core.package_identification[0m [1;30mLevel 1[0m _identify(src/SalsaNext/pretrained_weights/pretrained) by extension 'ignore_ament_install'
[0.514s] [34mcolcon.colcon_core.package_identification[0m [1;30mLevel 1[0m _identify(src/SalsaNext/pretrained_weights/pretrained) by extensions ['colcon_pkg']
[0.515s] [34mcolcon.colcon_core.package_identification[0m [1;30mLevel 1[0m _identify(src/SalsaNext/pretrained_weights/pretrained) by extension 'colcon_pkg'
[0.515s] [34mcolcon.colcon_core.package_identification[0m [1;30mLevel 1[0m _identify(src/SalsaNext/pretrained_weights/pretrained) by extensions ['colcon_meta']
[0.515s] [34mcolcon.colcon_core.package_identification[0m [1;30mLevel 1[0m _identify(src/SalsaNext/pretrained_weights/pretrained) by extension 'colcon_meta'
[0.515s] [34mcolcon.colcon_core.package_identification[0m [1;30mLevel 1[0m _identify(src/SalsaNext/pretrained_weights/pretrained) by extensions ['ros']
[0.515s] [34mcolcon.colcon_core.package_identification[0m [1;30mLevel 1[0m _identify(src/SalsaNext/pretrained_weights/pretrained) by extension 'ros'
[0.515s] [34mcolcon.colcon_core.package_identification[0m [1;30mLevel 1[0m _identify(src/SalsaNext/pretrained_weights/pretrained) by extensions ['cmake', 'python']
[0.515s] [34mcolcon.colcon_core.package_identification[0m [1;30mLevel 1[0m _identify(src/SalsaNext/pretrained_weights/pretrained) by extension 'cmake'
[0.515s] [34mcolcon.colcon_core.package_identification[0m [1;30mLevel 1[0m _identify(src/SalsaNext/pretrained_weights/pretrained) by extension 'python'
[0.515s] [34mcolcon.colcon_core.package_identification[0m [1;30mLevel 1[0m _identify(src/SalsaNext/pretrained_weights/pretrained) by extensions ['python_setup_py']
[0.515s] [34mcolcon.colcon_core.package_identification[0m [1;30mLevel 1[0m _identify(src/SalsaNext/pretrained_weights/pretrained) by extension 'python_setup_py'
[0.516s] [34mcolcon.colcon_core.package_identification[0m [1;30mLevel 1[0m _identify(src/SalsaNext/pretrained_weights/pretrained/__MACOSX) by extensions ['ignore', 'ignore_ament_install']
[0.516s] [34mcolcon.colcon_core.package_identification[0m [1;30mLevel 1[0m _identify(src/SalsaNext/pretrained_weights/pretrained/__MACOSX) by extension 'ignore'
[0.516s] [34mcolcon.colcon_core.package_identification[0m [1;30mLevel 1[0m _identify(src/SalsaNext/pretrained_weights/pretrained/__MACOSX) by extension 'ignore_ament_install'
[0.516s] [34mcolcon.colcon_core.package_identification[0m [1;30mLevel 1[0m _identify(src/SalsaNext/pretrained_weights/pretrained/__MACOSX) by extensions ['colcon_pkg']
[0.516s] [34mcolcon.colcon_core.package_identification[0m [1;30mLevel 1[0m _identify(src/SalsaNext/pretrained_weights/pretrained/__MACOSX) by extension 'colcon_pkg'
[0.516s] [34mcolcon.colcon_core.package_identification[0m [1;30mLevel 1[0m _identify(src/SalsaNext/pretrained_weights/pretrained/__MACOSX) by extensions ['colcon_meta']
[0.517s] [34mcolcon.colcon_core.package_identification[0m [1;30mLevel 1[0m _identify(src/SalsaNext/pretrained_weights/pretrained/__MACOSX) by extension 'colcon_meta'
[0.517s] [34mcolcon.colcon_core.package_identification[0m [1;30mLevel 1[0m _identify(src/SalsaNext/pretrained_weights/pretrained/__MACOSX) by extensions ['ros']
[0.517s] [34mcolcon.colcon_core.package_identification[0m [1;30mLevel 1[0m _identify(src/SalsaNext/pretrained_weights/pretrained/__MACOSX) by extension 'ros'
[0.517s] [34mcolcon.colcon_core.package_identification[0m [1;30mLevel 1[0m _identify(src/SalsaNext/pretrained_weights/pretrained/__MACOSX) by extensions ['cmake', 'python']
[0.517s] [34mcolcon.colcon_core.package_identification[0m [1;30mLevel 1[0m _identify(src/SalsaNext/pretrained_weights/pretrained/__MACOSX) by extension 'cmake'
[0.517s] [34mcolcon.colcon_core.package_identification[0m [1;30mLevel 1[0m _identify(src/SalsaNext/pretrained_weights/pretrained/__MACOSX) by extension 'python'
[0.517s] [34mcolcon.colcon_core.package_identification[0m [1;30mLevel 1[0m _identify(src/SalsaNext/pretrained_weights/pretrained/__MACOSX) by extensions ['python_setup_py']
[0.517s] [34mcolcon.colcon_core.package_identification[0m [1;30mLevel 1[0m _identify(src/SalsaNext/pretrained_weights/pretrained/__MACOSX) by extension 'python_setup_py'
[0.517s] [34mcolcon.colcon_core.package_identification[0m [1;30mLevel 1[0m _identify(src/SalsaNext/pretrained_weights/pretrained/__MACOSX/pretrained) by extensions ['ignore', 'ignore_ament_install']
[0.518s] [34mcolcon.colcon_core.package_identification[0m [1;30mLevel 1[0m _identify(src/SalsaNext/pretrained_weights/pretrained/__MACOSX/pretrained) by extension 'ignore'
[0.518s] [34mcolcon.colcon_core.package_identification[0m [1;30mLevel 1[0m _identify(src/SalsaNext/pretrained_weights/pretrained/__MACOSX/pretrained) by extension 'ignore_ament_install'
[0.518s] [34mcolcon.colcon_core.package_identification[0m [1;30mLevel 1[0m _identify(src/SalsaNext/pretrained_weights/pretrained/__MACOSX/pretrained) by extensions ['colcon_pkg']
[0.518s] [34mcolcon.colcon_core.package_identification[0m [1;30mLevel 1[0m _identify(src/SalsaNext/pretrained_weights/pretrained/__MACOSX/pretrained) by extension 'colcon_pkg'
[0.518s] [34mcolcon.colcon_core.package_identification[0m [1;30mLevel 1[0m _identify(src/SalsaNext/pretrained_weights/pretrained/__MACOSX/pretrained) by extensions ['colcon_meta']
[0.518s] [34mcolcon.colcon_core.package_identification[0m [1;30mLevel 1[0m _identify(src/SalsaNext/pretrained_weights/pretrained/__MACOSX/pretrained) by extension 'colcon_meta'
[0.518s] [34mcolcon.colcon_core.package_identification[0m [1;30mLevel 1[0m _identify(src/SalsaNext/pretrained_weights/pretrained/__MACOSX/pretrained) by extensions ['ros']
[0.518s] [34mcolcon.colcon_core.package_identification[0m [1;30mLevel 1[0m _identify(src/SalsaNext/pretrained_weights/pretrained/__MACOSX/pretrained) by extension 'ros'
[0.518s] [34mcolcon.colcon_core.package_identification[0m [1;30mLevel 1[0m _identify(src/SalsaNext/pretrained_weights/pretrained/__MACOSX/pretrained) by extensions ['cmake', 'python']
[0.519s] [34mcolcon.colcon_core.package_identification[0m [1;30mLevel 1[0m _identify(src/SalsaNext/pretrained_weights/pretrained/__MACOSX/pretrained) by extension 'cmake'
[0.519s] [34mcolcon.colcon_core.package_identification[0m [1;30mLevel 1[0m _identify(src/SalsaNext/pretrained_weights/pretrained/__MACOSX/pretrained) by extension 'python'
[0.519s] [34mcolcon.colcon_core.package_identification[0m [1;30mLevel 1[0m _identify(src/SalsaNext/pretrained_weights/pretrained/__MACOSX/pretrained) by extensions ['python_setup_py']
[0.519s] [34mcolcon.colcon_core.package_identification[0m [1;30mLevel 1[0m _identify(src/SalsaNext/pretrained_weights/pretrained/__MACOSX/pretrained) by extension 'python_setup_py'
[0.519s] [34mcolcon.colcon_core.package_identification[0m [1;30mLevel 1[0m _identify(src/SalsaNext/pretrained_weights/pretrained/pretrained) by extensions ['ignore', 'ignore_ament_install']
[0.519s] [34mcolcon.colcon_core.package_identification[0m [1;30mLevel 1[0m _identify(src/SalsaNext/pretrained_weights/pretrained/pretrained) by extension 'ignore'
[0.519s] [34mcolcon.colcon_core.package_identification[0m [1;30mLevel 1[0m _identify(src/SalsaNext/pretrained_weights/pretrained/pretrained) by extension 'ignore_ament_install'
[0.519s] [34mcolcon.colcon_core.package_identification[0m [1;30mLevel 1[0m _identify(src/SalsaNext/pretrained_weights/pretrained/pretrained) by extensions ['colcon_pkg']
[0.519s] [34mcolcon.colcon_core.package_identification[0m [1;30mLevel 1[0m _identify(src/SalsaNext/pretrained_weights/pretrained/pretrained) by extension 'colcon_pkg'
[0.520s] [34mcolcon.colcon_core.package_identification[0m [1;30mLevel 1[0m _identify(src/SalsaNext/pretrained_weights/pretrained/pretrained) by extensions ['colcon_meta']
[0.520s] [34mcolcon.colcon_core.package_identification[0m [1;30mLevel 1[0m _identify(src/SalsaNext/pretrained_weights/pretrained/pretrained) by extension 'colcon_meta'
[0.520s] [34mcolcon.colcon_core.package_identification[0m [1;30mLevel 1[0m _identify(src/SalsaNext/pretrained_weights/pretrained/pretrained) by extensions ['ros']
[0.520s] [34mcolcon.colcon_core.package_identification[0m [1;30mLevel 1[0m _identify(src/SalsaNext/pretrained_weights/pretrained/pretrained) by extension 'ros'
[0.520s] [34mcolcon.colcon_core.package_identification[0m [1;30mLevel 1[0m _identify(src/SalsaNext/pretrained_weights/pretrained/pretrained) by extensions ['cmake', 'python']
[0.520s] [34mcolcon.colcon_core.package_identification[0m [1;30mLevel 1[0m _identify(src/SalsaNext/pretrained_weights/pretrained/pretrained) by extension 'cmake'
[0.520s] [34mcolcon.colcon_core.package_identification[0m [1;30mLevel 1[0m _identify(src/SalsaNext/pretrained_weights/pretrained/pretrained) by extension 'python'
[0.520s] [34mcolcon.colcon_core.package_identification[0m [1;30mLevel 1[0m _identify(src/SalsaNext/pretrained_weights/pretrained/pretrained) by extensions ['python_setup_py']
[0.520s] [34mcolcon.colcon_core.package_identification[0m [1;30mLevel 1[0m _identify(src/SalsaNext/pretrained_weights/pretrained/pretrained) by extension 'python_setup_py'
[0.521s] [34mcolcon.colcon_core.package_identification[0m [1;30mLevel 1[0m _identify(src/SalsaNext/train) by extensions ['ignore', 'ignore_ament_install']
[0.521s] [34mcolcon.colcon_core.package_identification[0m [1;30mLevel 1[0m _identify(src/SalsaNext/train) by extension 'ignore'
[0.521s] [34mcolcon.colcon_core.package_identification[0m [1;30mLevel 1[0m _identify(src/SalsaNext/train) by extension 'ignore_ament_install'
[0.521s] [34mcolcon.colcon_core.package_identification[0m [1;30mLevel 1[0m _identify(src/SalsaNext/train) by extensions ['colcon_pkg']
[0.521s] [34mcolcon.colcon_core.package_identification[0m [1;30mLevel 1[0m _identify(src/SalsaNext/train) by extension 'colcon_pkg'
[0.521s] [34mcolcon.colcon_core.package_identification[0m [1;30mLevel 1[0m _identify(src/SalsaNext/train) by extensions ['colcon_meta']
[0.521s] [34mcolcon.colcon_core.package_identification[0m [1;30mLevel 1[0m _identify(src/SalsaNext/train) by extension 'colcon_meta'
[0.521s] [34mcolcon.colcon_core.package_identification[0m [1;30mLevel 1[0m _identify(src/SalsaNext/train) by extensions ['ros']
[0.521s] [34mcolcon.colcon_core.package_identification[0m [1;30mLevel 1[0m _identify(src/SalsaNext/train) by extension 'ros'
[0.522s] [34mcolcon.colcon_core.package_identification[0m [1;30mLevel 1[0m _identify(src/SalsaNext/train) by extensions ['cmake', 'python']
[0.522s] [34mcolcon.colcon_core.package_identification[0m [1;30mLevel 1[0m _identify(src/SalsaNext/train) by extension 'cmake'
[0.522s] [34mcolcon.colcon_core.package_identification[0m [1;30mLevel 1[0m _identify(src/SalsaNext/train) by extension 'python'
[0.522s] [34mcolcon.colcon_core.package_identification[0m [1;30mLevel 1[0m _identify(src/SalsaNext/train) by extensions ['python_setup_py']
[0.522s] [34mcolcon.colcon_core.package_identification[0m [1;30mLevel 1[0m _identify(src/SalsaNext/train) by extension 'python_setup_py'
[0.522s] [34mcolcon.colcon_core.package_identification[0m [1;30mLevel 1[0m _identify(src/SalsaNext/train/__pycache__) by extensions ['ignore', 'ignore_ament_install']
[0.522s] [34mcolcon.colcon_core.package_identification[0m [1;30mLevel 1[0m _identify(src/SalsaNext/train/__pycache__) by extension 'ignore'
[0.522s] [34mcolcon.colcon_core.package_identification[0m [1;30mLevel 1[0m _identify(src/SalsaNext/train/__pycache__) by extension 'ignore_ament_install'
[0.522s] [34mcolcon.colcon_core.package_identification[0m [1;30mLevel 1[0m _identify(src/SalsaNext/train/__pycache__) by extensions ['colcon_pkg']
[0.523s] [34mcolcon.colcon_core.package_identification[0m [1;30mLevel 1[0m _identify(src/SalsaNext/train/__pycache__) by extension 'colcon_pkg'
[0.523s] [34mcolcon.colcon_core.package_identification[0m [1;30mLevel 1[0m _identify(src/SalsaNext/train/__pycache__) by extensions ['colcon_meta']
[0.523s] [34mcolcon.colcon_core.package_identification[0m [1;30mLevel 1[0m _identify(src/SalsaNext/train/__pycache__) by extension 'colcon_meta'
[0.523s] [34mcolcon.colcon_core.package_identification[0m [1;30mLevel 1[0m _identify(src/SalsaNext/train/__pycache__) by extensions ['ros']
[0.523s] [34mcolcon.colcon_core.package_identification[0m [1;30mLevel 1[0m _identify(src/SalsaNext/train/__pycache__) by extension 'ros'
[0.523s] [34mcolcon.colcon_core.package_identification[0m [1;30mLevel 1[0m _identify(src/SalsaNext/train/__pycache__) by extensions ['cmake', 'python']
[0.523s] [34mcolcon.colcon_core.package_identification[0m [1;30mLevel 1[0m _identify(src/SalsaNext/train/__pycache__) by extension 'cmake'
[0.523s] [34mcolcon.colcon_core.package_identification[0m [1;30mLevel 1[0m _identify(src/SalsaNext/train/__pycache__) by extension 'python'
[0.523s] [34mcolcon.colcon_core.package_identification[0m [1;30mLevel 1[0m _identify(src/SalsaNext/train/__pycache__) by extensions ['python_setup_py']
[0.523s] [34mcolcon.colcon_core.package_identification[0m [1;30mLevel 1[0m _identify(src/SalsaNext/train/__pycache__) by extension 'python_setup_py'
[0.524s] [34mcolcon.colcon_core.package_identification[0m [1;30mLevel 1[0m _identify(src/SalsaNext/train/common) by extensions ['ignore', 'ignore_ament_install']
[0.524s] [34mcolcon.colcon_core.package_identification[0m [1;30mLevel 1[0m _identify(src/SalsaNext/train/common) by extension 'ignore'
[0.524s] [34mcolcon.colcon_core.package_identification[0m [1;30mLevel 1[0m _identify(src/SalsaNext/train/common) by extension 'ignore_ament_install'
[0.524s] [34mcolcon.colcon_core.package_identification[0m [1;30mLevel 1[0m _identify(src/SalsaNext/train/common) by extensions ['colcon_pkg']
[0.524s] [34mcolcon.colcon_core.package_identification[0m [1;30mLevel 1[0m _identify(src/SalsaNext/train/common) by extension 'colcon_pkg'
[0.524s] [34mcolcon.colcon_core.package_identification[0m [1;30mLevel 1[0m _identify(src/SalsaNext/train/common) by extensions ['colcon_meta']
[0.524s] [34mcolcon.colcon_core.package_identification[0m [1;30mLevel 1[0m _identify(src/SalsaNext/train/common) by extension 'colcon_meta'
[0.524s] [34mcolcon.colcon_core.package_identification[0m [1;30mLevel 1[0m _identify(src/SalsaNext/train/common) by extensions ['ros']
[0.524s] [34mcolcon.colcon_core.package_identification[0m [1;30mLevel 1[0m _identify(src/SalsaNext/train/common) by extension 'ros'
[0.525s] [34mcolcon.colcon_core.package_identification[0m [1;30mLevel 1[0m _identify(src/SalsaNext/train/common) by extensions ['cmake', 'python']
[0.525s] [34mcolcon.colcon_core.package_identification[0m [1;30mLevel 1[0m _identify(src/SalsaNext/train/common) by extension 'cmake'
[0.525s] [34mcolcon.colcon_core.package_identification[0m [1;30mLevel 1[0m _identify(src/SalsaNext/train/common) by extension 'python'
[0.525s] [34mcolcon.colcon_core.package_identification[0m [1;30mLevel 1[0m _identify(src/SalsaNext/train/common) by extensions ['python_setup_py']
[0.525s] [34mcolcon.colcon_core.package_identification[0m [1;30mLevel 1[0m _identify(src/SalsaNext/train/common) by extension 'python_setup_py'
[0.525s] [34mcolcon.colcon_core.package_identification[0m [1;30mLevel 1[0m _identify(src/SalsaNext/train/common/sync_batchnorm) by extensions ['ignore', 'ignore_ament_install']
[0.525s] [34mcolcon.colcon_core.package_identification[0m [1;30mLevel 1[0m _identify(src/SalsaNext/train/common/sync_batchnorm) by extension 'ignore'
[0.525s] [34mcolcon.colcon_core.package_identification[0m [1;30mLevel 1[0m _identify(src/SalsaNext/train/common/sync_batchnorm) by extension 'ignore_ament_install'
[0.526s] [34mcolcon.colcon_core.package_identification[0m [1;30mLevel 1[0m _identify(src/SalsaNext/train/common/sync_batchnorm) by extensions ['colcon_pkg']
[0.526s] [34mcolcon.colcon_core.package_identification[0m [1;30mLevel 1[0m _identify(src/SalsaNext/train/common/sync_batchnorm) by extension 'colcon_pkg'
[0.526s] [34mcolcon.colcon_core.package_identification[0m [1;30mLevel 1[0m _identify(src/SalsaNext/train/common/sync_batchnorm) by extensions ['colcon_meta']
[0.526s] [34mcolcon.colcon_core.package_identification[0m [1;30mLevel 1[0m _identify(src/SalsaNext/train/common/sync_batchnorm) by extension 'colcon_meta'
[0.526s] [34mcolcon.colcon_core.package_identification[0m [1;30mLevel 1[0m _identify(src/SalsaNext/train/common/sync_batchnorm) by extensions ['ros']
[0.526s] [34mcolcon.colcon_core.package_identification[0m [1;30mLevel 1[0m _identify(src/SalsaNext/train/common/sync_batchnorm) by extension 'ros'
[0.526s] [34mcolcon.colcon_core.package_identification[0m [1;30mLevel 1[0m _identify(src/SalsaNext/train/common/sync_batchnorm) by extensions ['cmake', 'python']
[0.526s] [34mcolcon.colcon_core.package_identification[0m [1;30mLevel 1[0m _identify(src/SalsaNext/train/common/sync_batchnorm) by extension 'cmake'
[0.526s] [34mcolcon.colcon_core.package_identification[0m [1;30mLevel 1[0m _identify(src/SalsaNext/train/common/sync_batchnorm) by extension 'python'
[0.526s] [34mcolcon.colcon_core.package_identification[0m [1;30mLevel 1[0m _identify(src/SalsaNext/train/common/sync_batchnorm) by extensions ['python_setup_py']
[0.526s] [34mcolcon.colcon_core.package_identification[0m [1;30mLevel 1[0m _identify(src/SalsaNext/train/common/sync_batchnorm) by extension 'python_setup_py'
[0.527s] [34mcolcon.colcon_core.package_identification[0m [1;30mLevel 1[0m _identify(src/SalsaNext/train/tasks) by extensions ['ignore', 'ignore_ament_install']
[0.527s] [34mcolcon.colcon_core.package_identification[0m [1;30mLevel 1[0m _identify(src/SalsaNext/train/tasks) by extension 'ignore'
[0.527s] [34mcolcon.colcon_core.package_identification[0m [1;30mLevel 1[0m _identify(src/SalsaNext/train/tasks) by extension 'ignore_ament_install'
[0.527s] [34mcolcon.colcon_core.package_identification[0m [1;30mLevel 1[0m _identify(src/SalsaNext/train/tasks) by extensions ['colcon_pkg']
[0.527s] [34mcolcon.colcon_core.package_identification[0m [1;30mLevel 1[0m _identify(src/SalsaNext/train/tasks) by extension 'colcon_pkg'
[0.527s] [34mcolcon.colcon_core.package_identification[0m [1;30mLevel 1[0m _identify(src/SalsaNext/train/tasks) by extensions ['colcon_meta']
[0.527s] [34mcolcon.colcon_core.package_identification[0m [1;30mLevel 1[0m _identify(src/SalsaNext/train/tasks) by extension 'colcon_meta'
[0.528s] [34mcolcon.colcon_core.package_identification[0m [1;30mLevel 1[0m _identify(src/SalsaNext/train/tasks) by extensions ['ros']
[0.528s] [34mcolcon.colcon_core.package_identification[0m [1;30mLevel 1[0m _identify(src/SalsaNext/train/tasks) by extension 'ros'
[0.528s] [34mcolcon.colcon_core.package_identification[0m [1;30mLevel 1[0m _identify(src/SalsaNext/train/tasks) by extensions ['cmake', 'python']
[0.528s] [34mcolcon.colcon_core.package_identification[0m [1;30mLevel 1[0m _identify(src/SalsaNext/train/tasks) by extension 'cmake'
[0.528s] [34mcolcon.colcon_core.package_identification[0m [1;30mLevel 1[0m _identify(src/SalsaNext/train/tasks) by extension 'python'
[0.528s] [34mcolcon.colcon_core.package_identification[0m [1;30mLevel 1[0m _identify(src/SalsaNext/train/tasks) by extensions ['python_setup_py']
[0.528s] [34mcolcon.colcon_core.package_identification[0m [1;30mLevel 1[0m _identify(src/SalsaNext/train/tasks) by extension 'python_setup_py'
[0.528s] [34mcolcon.colcon_core.package_identification[0m [1;30mLevel 1[0m _identify(src/SalsaNext/train/tasks/__pycache__) by extensions ['ignore', 'ignore_ament_install']
[0.529s] [34mcolcon.colcon_core.package_identification[0m [1;30mLevel 1[0m _identify(src/SalsaNext/train/tasks/__pycache__) by extension 'ignore'
[0.529s] [34mcolcon.colcon_core.package_identification[0m [1;30mLevel 1[0m _identify(src/SalsaNext/train/tasks/__pycache__) by extension 'ignore_ament_install'
[0.529s] [34mcolcon.colcon_core.package_identification[0m [1;30mLevel 1[0m _identify(src/SalsaNext/train/tasks/__pycache__) by extensions ['colcon_pkg']
[0.529s] [34mcolcon.colcon_core.package_identification[0m [1;30mLevel 1[0m _identify(src/SalsaNext/train/tasks/__pycache__) by extension 'colcon_pkg'
[0.529s] [34mcolcon.colcon_core.package_identification[0m [1;30mLevel 1[0m _identify(src/SalsaNext/train/tasks/__pycache__) by extensions ['colcon_meta']
[0.529s] [34mcolcon.colcon_core.package_identification[0m [1;30mLevel 1[0m _identify(src/SalsaNext/train/tasks/__pycache__) by extension 'colcon_meta'
[0.529s] [34mcolcon.colcon_core.package_identification[0m [1;30mLevel 1[0m _identify(src/SalsaNext/train/tasks/__pycache__) by extensions ['ros']
[0.529s] [34mcolcon.colcon_core.package_identification[0m [1;30mLevel 1[0m _identify(src/SalsaNext/train/tasks/__pycache__) by extension 'ros'
[0.529s] [34mcolcon.colcon_core.package_identification[0m [1;30mLevel 1[0m _identify(src/SalsaNext/train/tasks/__pycache__) by extensions ['cmake', 'python']
[0.529s] [34mcolcon.colcon_core.package_identification[0m [1;30mLevel 1[0m _identify(src/SalsaNext/train/tasks/__pycache__) by extension 'cmake'
[0.530s] [34mcolcon.colcon_core.package_identification[0m [1;30mLevel 1[0m _identify(src/SalsaNext/train/tasks/__pycache__) by extension 'python'
[0.530s] [34mcolcon.colcon_core.package_identification[0m [1;30mLevel 1[0m _identify(src/SalsaNext/train/tasks/__pycache__) by extensions ['python_setup_py']
[0.530s] [34mcolcon.colcon_core.package_identification[0m [1;30mLevel 1[0m _identify(src/SalsaNext/train/tasks/__pycache__) by extension 'python_setup_py'
[0.530s] [34mcolcon.colcon_core.package_identification[0m [1;30mLevel 1[0m _identify(src/SalsaNext/train/tasks/semantic) by extensions ['ignore', 'ignore_ament_install']
[0.530s] [34mcolcon.colcon_core.package_identification[0m [1;30mLevel 1[0m _identify(src/SalsaNext/train/tasks/semantic) by extension 'ignore'
[0.530s] [34mcolcon.colcon_core.package_identification[0m [1;30mLevel 1[0m _identify(src/SalsaNext/train/tasks/semantic) by extension 'ignore_ament_install'
[0.530s] [34mcolcon.colcon_core.package_identification[0m [1;30mLevel 1[0m _identify(src/SalsaNext/train/tasks/semantic) by extensions ['colcon_pkg']
[0.530s] [34mcolcon.colcon_core.package_identification[0m [1;30mLevel 1[0m _identify(src/SalsaNext/train/tasks/semantic) by extension 'colcon_pkg'
[0.531s] [34mcolcon.colcon_core.package_identification[0m [1;30mLevel 1[0m _identify(src/SalsaNext/train/tasks/semantic) by extensions ['colcon_meta']
[0.531s] [34mcolcon.colcon_core.package_identification[0m [1;30mLevel 1[0m _identify(src/SalsaNext/train/tasks/semantic) by extension 'colcon_meta'
[0.531s] [34mcolcon.colcon_core.package_identification[0m [1;30mLevel 1[0m _identify(src/SalsaNext/train/tasks/semantic) by extensions ['ros']
[0.531s] [34mcolcon.colcon_core.package_identification[0m [1;30mLevel 1[0m _identify(src/SalsaNext/train/tasks/semantic) by extension 'ros'
[0.531s] [34mcolcon.colcon_core.package_identification[0m [1;30mLevel 1[0m _identify(src/SalsaNext/train/tasks/semantic) by extensions ['cmake', 'python']
[0.531s] [34mcolcon.colcon_core.package_identification[0m [1;30mLevel 1[0m _identify(src/SalsaNext/train/tasks/semantic) by extension 'cmake'
[0.531s] [34mcolcon.colcon_core.package_identification[0m [1;30mLevel 1[0m _identify(src/SalsaNext/train/tasks/semantic) by extension 'python'
[0.531s] [34mcolcon.colcon_core.package_identification[0m [1;30mLevel 1[0m _identify(src/SalsaNext/train/tasks/semantic) by extensions ['python_setup_py']
[0.531s] [34mcolcon.colcon_core.package_identification[0m [1;30mLevel 1[0m _identify(src/SalsaNext/train/tasks/semantic) by extension 'python_setup_py'
[0.531s] [34mcolcon.colcon_core.package_identification[0m [1;30mLevel 1[0m _identify(src/SalsaNext/train/tasks/semantic/__pycache__) by extensions ['ignore', 'ignore_ament_install']
[0.532s] [34mcolcon.colcon_core.package_identification[0m [1;30mLevel 1[0m _identify(src/SalsaNext/train/tasks/semantic/__pycache__) by extension 'ignore'
[0.532s] [34mcolcon.colcon_core.package_identification[0m [1;30mLevel 1[0m _identify(src/SalsaNext/train/tasks/semantic/__pycache__) by extension 'ignore_ament_install'
[0.532s] [34mcolcon.colcon_core.package_identification[0m [1;30mLevel 1[0m _identify(src/SalsaNext/train/tasks/semantic/__pycache__) by extensions ['colcon_pkg']
[0.532s] [34mcolcon.colcon_core.package_identification[0m [1;30mLevel 1[0m _identify(src/SalsaNext/train/tasks/semantic/__pycache__) by extension 'colcon_pkg'
[0.532s] [34mcolcon.colcon_core.package_identification[0m [1;30mLevel 1[0m _identify(src/SalsaNext/train/tasks/semantic/__pycache__) by extensions ['colcon_meta']
[0.532s] [34mcolcon.colcon_core.package_identification[0m [1;30mLevel 1[0m _identify(src/SalsaNext/train/tasks/semantic/__pycache__) by extension 'colcon_meta'
[0.532s] [34mcolcon.colcon_core.package_identification[0m [1;30mLevel 1[0m _identify(src/SalsaNext/train/tasks/semantic/__pycache__) by extensions ['ros']
[0.532s] [34mcolcon.colcon_core.package_identification[0m [1;30mLevel 1[0m _identify(src/SalsaNext/train/tasks/semantic/__pycache__) by extension 'ros'
[0.532s] [34mcolcon.colcon_core.package_identification[0m [1;30mLevel 1[0m _identify(src/SalsaNext/train/tasks/semantic/__pycache__) by extensions ['cmake', 'python']
[0.533s] [34mcolcon.colcon_core.package_identification[0m [1;30mLevel 1[0m _identify(src/SalsaNext/train/tasks/semantic/__pycache__) by extension 'cmake'
[0.533s] [34mcolcon.colcon_core.package_identification[0m [1;30mLevel 1[0m _identify(src/SalsaNext/train/tasks/semantic/__pycache__) by extension 'python'
[0.533s] [34mcolcon.colcon_core.package_identification[0m [1;30mLevel 1[0m _identify(src/SalsaNext/train/tasks/semantic/__pycache__) by extensions ['python_setup_py']
[0.533s] [34mcolcon.colcon_core.package_identification[0m [1;30mLevel 1[0m _identify(src/SalsaNext/train/tasks/semantic/__pycache__) by extension 'python_setup_py'
[0.533s] [34mcolcon.colcon_core.package_identification[0m [1;30mLevel 1[0m _identify(src/SalsaNext/train/tasks/semantic/config) by extensions ['ignore', 'ignore_ament_install']
[0.533s] [34mcolcon.colcon_core.package_identification[0m [1;30mLevel 1[0m _identify(src/SalsaNext/train/tasks/semantic/config) by extension 'ignore'
[0.533s] [34mcolcon.colcon_core.package_identification[0m [1;30mLevel 1[0m _identify(src/SalsaNext/train/tasks/semantic/config) by extension 'ignore_ament_install'
[0.533s] [34mcolcon.colcon_core.package_identification[0m [1;30mLevel 1[0m _identify(src/SalsaNext/train/tasks/semantic/config) by extensions ['colcon_pkg']
[0.534s] [34mcolcon.colcon_core.package_identification[0m [1;30mLevel 1[0m _identify(src/SalsaNext/train/tasks/semantic/config) by extension 'colcon_pkg'
[0.534s] [34mcolcon.colcon_core.package_identification[0m [1;30mLevel 1[0m _identify(src/SalsaNext/train/tasks/semantic/config) by extensions ['colcon_meta']
[0.534s] [34mcolcon.colcon_core.package_identification[0m [1;30mLevel 1[0m _identify(src/SalsaNext/train/tasks/semantic/config) by extension 'colcon_meta'
[0.534s] [34mcolcon.colcon_core.package_identification[0m [1;30mLevel 1[0m _identify(src/SalsaNext/train/tasks/semantic/config) by extensions ['ros']
[0.534s] [34mcolcon.colcon_core.package_identification[0m [1;30mLevel 1[0m _identify(src/SalsaNext/train/tasks/semantic/config) by extension 'ros'
[0.534s] [34mcolcon.colcon_core.package_identification[0m [1;30mLevel 1[0m _identify(src/SalsaNext/train/tasks/semantic/config) by extensions ['cmake', 'python']
[0.534s] [34mcolcon.colcon_core.package_identification[0m [1;30mLevel 1[0m _identify(src/SalsaNext/train/tasks/semantic/config) by extension 'cmake'
[0.534s] [34mcolcon.colcon_core.package_identification[0m [1;30mLevel 1[0m _identify(src/SalsaNext/train/tasks/semantic/config) by extension 'python'
[0.534s] [34mcolcon.colcon_core.package_identification[0m [1;30mLevel 1[0m _identify(src/SalsaNext/train/tasks/semantic/config) by extensions ['python_setup_py']
[0.534s] [34mcolcon.colcon_core.package_identification[0m [1;30mLevel 1[0m _identify(src/SalsaNext/train/tasks/semantic/config) by extension 'python_setup_py'
[0.535s] [34mcolcon.colcon_core.package_identification[0m [1;30mLevel 1[0m _identify(src/SalsaNext/train/tasks/semantic/config/labels) by extensions ['ignore', 'ignore_ament_install']
[0.535s] [34mcolcon.colcon_core.package_identification[0m [1;30mLevel 1[0m _identify(src/SalsaNext/train/tasks/semantic/config/labels) by extension 'ignore'
[0.535s] [34mcolcon.colcon_core.package_identification[0m [1;30mLevel 1[0m _identify(src/SalsaNext/train/tasks/semantic/config/labels) by extension 'ignore_ament_install'
[0.535s] [34mcolcon.colcon_core.package_identification[0m [1;30mLevel 1[0m _identify(src/SalsaNext/train/tasks/semantic/config/labels) by extensions ['colcon_pkg']
[0.535s] [34mcolcon.colcon_core.package_identification[0m [1;30mLevel 1[0m _identify(src/SalsaNext/train/tasks/semantic/config/labels) by extension 'colcon_pkg'
[0.535s] [34mcolcon.colcon_core.package_identification[0m [1;30mLevel 1[0m _identify(src/SalsaNext/train/tasks/semantic/config/labels) by extensions ['colcon_meta']
[0.535s] [34mcolcon.colcon_core.package_identification[0m [1;30mLevel 1[0m _identify(src/SalsaNext/train/tasks/semantic/config/labels) by extension 'colcon_meta'
[0.535s] [34mcolcon.colcon_core.package_identification[0m [1;30mLevel 1[0m _identify(src/SalsaNext/train/tasks/semantic/config/labels) by extensions ['ros']
[0.536s] [34mcolcon.colcon_core.package_identification[0m [1;30mLevel 1[0m _identify(src/SalsaNext/train/tasks/semantic/config/labels) by extension 'ros'
[0.536s] [34mcolcon.colcon_core.package_identification[0m [1;30mLevel 1[0m _identify(src/SalsaNext/train/tasks/semantic/config/labels) by extensions ['cmake', 'python']
[0.536s] [34mcolcon.colcon_core.package_identification[0m [1;30mLevel 1[0m _identify(src/SalsaNext/train/tasks/semantic/config/labels) by extension 'cmake'
[0.536s] [34mcolcon.colcon_core.package_identification[0m [1;30mLevel 1[0m _identify(src/SalsaNext/train/tasks/semantic/config/labels) by extension 'python'
[0.536s] [34mcolcon.colcon_core.package_identification[0m [1;30mLevel 1[0m _identify(src/SalsaNext/train/tasks/semantic/config/labels) by extensions ['python_setup_py']
[0.536s] [34mcolcon.colcon_core.package_identification[0m [1;30mLevel 1[0m _identify(src/SalsaNext/train/tasks/semantic/config/labels) by extension 'python_setup_py'
[0.536s] [34mcolcon.colcon_core.package_identification[0m [1;30mLevel 1[0m _identify(src/SalsaNext/train/tasks/semantic/dataset) by extensions ['ignore', 'ignore_ament_install']
[0.536s] [34mcolcon.colcon_core.package_identification[0m [1;30mLevel 1[0m _identify(src/SalsaNext/train/tasks/semantic/dataset) by extension 'ignore'
[0.537s] [34mcolcon.colcon_core.package_identification[0m [1;30mLevel 1[0m _identify(src/SalsaNext/train/tasks/semantic/dataset) by extension 'ignore_ament_install'
[0.537s] [34mcolcon.colcon_core.package_identification[0m [1;30mLevel 1[0m _identify(src/SalsaNext/train/tasks/semantic/dataset) by extensions ['colcon_pkg']
[0.537s] [34mcolcon.colcon_core.package_identification[0m [1;30mLevel 1[0m _identify(src/SalsaNext/train/tasks/semantic/dataset) by extension 'colcon_pkg'
[0.537s] [34mcolcon.colcon_core.package_identification[0m [1;30mLevel 1[0m _identify(src/SalsaNext/train/tasks/semantic/dataset) by extensions ['colcon_meta']
[0.537s] [34mcolcon.colcon_core.package_identification[0m [1;30mLevel 1[0m _identify(src/SalsaNext/train/tasks/semantic/dataset) by extension 'colcon_meta'
[0.537s] [34mcolcon.colcon_core.package_identification[0m [1;30mLevel 1[0m _identify(src/SalsaNext/train/tasks/semantic/dataset) by extensions ['ros']
[0.537s] [34mcolcon.colcon_core.package_identification[0m [1;30mLevel 1[0m _identify(src/SalsaNext/train/tasks/semantic/dataset) by extension 'ros'
[0.537s] [34mcolcon.colcon_core.package_identification[0m [1;30mLevel 1[0m _identify(src/SalsaNext/train/tasks/semantic/dataset) by extensions ['cmake', 'python']
[0.537s] [34mcolcon.colcon_core.package_identification[0m [1;30mLevel 1[0m _identify(src/SalsaNext/train/tasks/semantic/dataset) by extension 'cmake'
[0.537s] [34mcolcon.colcon_core.package_identification[0m [1;30mLevel 1[0m _identify(src/SalsaNext/train/tasks/semantic/dataset) by extension 'python'
[0.538s] [34mcolcon.colcon_core.package_identification[0m [1;30mLevel 1[0m _identify(src/SalsaNext/train/tasks/semantic/dataset) by extensions ['python_setup_py']
[0.538s] [34mcolcon.colcon_core.package_identification[0m [1;30mLevel 1[0m _identify(src/SalsaNext/train/tasks/semantic/dataset) by extension 'python_setup_py'
[0.538s] [34mcolcon.colcon_core.package_identification[0m [1;30mLevel 1[0m _identify(src/SalsaNext/train/tasks/semantic/dataset/kitti) by extensions ['ignore', 'ignore_ament_install']
[0.538s] [34mcolcon.colcon_core.package_identification[0m [1;30mLevel 1[0m _identify(src/SalsaNext/train/tasks/semantic/dataset/kitti) by extension 'ignore'
[0.538s] [34mcolcon.colcon_core.package_identification[0m [1;30mLevel 1[0m _identify(src/SalsaNext/train/tasks/semantic/dataset/kitti) by extension 'ignore_ament_install'
[0.538s] [34mcolcon.colcon_core.package_identification[0m [1;30mLevel 1[0m _identify(src/SalsaNext/train/tasks/semantic/dataset/kitti) by extensions ['colcon_pkg']
[0.538s] [34mcolcon.colcon_core.package_identification[0m [1;30mLevel 1[0m _identify(src/SalsaNext/train/tasks/semantic/dataset/kitti) by extension 'colcon_pkg'
[0.538s] [34mcolcon.colcon_core.package_identification[0m [1;30mLevel 1[0m _identify(src/SalsaNext/train/tasks/semantic/dataset/kitti) by extensions ['colcon_meta']
[0.538s] [34mcolcon.colcon_core.package_identification[0m [1;30mLevel 1[0m _identify(src/SalsaNext/train/tasks/semantic/dataset/kitti) by extension 'colcon_meta'
[0.539s] [34mcolcon.colcon_core.package_identification[0m [1;30mLevel 1[0m _identify(src/SalsaNext/train/tasks/semantic/dataset/kitti) by extensions ['ros']
[0.539s] [34mcolcon.colcon_core.package_identification[0m [1;30mLevel 1[0m _identify(src/SalsaNext/train/tasks/semantic/dataset/kitti) by extension 'ros'
[0.539s] [34mcolcon.colcon_core.package_identification[0m [1;30mLevel 1[0m _identify(src/SalsaNext/train/tasks/semantic/dataset/kitti) by extensions ['cmake', 'python']
[0.539s] [34mcolcon.colcon_core.package_identification[0m [1;30mLevel 1[0m _identify(src/SalsaNext/train/tasks/semantic/dataset/kitti) by extension 'cmake'
[0.539s] [34mcolcon.colcon_core.package_identification[0m [1;30mLevel 1[0m _identify(src/SalsaNext/train/tasks/semantic/dataset/kitti) by extension 'python'
[0.539s] [34mcolcon.colcon_core.package_identification[0m [1;30mLevel 1[0m _identify(src/SalsaNext/train/tasks/semantic/dataset/kitti) by extensions ['python_setup_py']
[0.539s] [34mcolcon.colcon_core.package_identification[0m [1;30mLevel 1[0m _identify(src/SalsaNext/train/tasks/semantic/dataset/kitti) by extension 'python_setup_py'
[0.539s] [34mcolcon.colcon_core.package_identification[0m [1;30mLevel 1[0m _identify(src/SalsaNext/train/tasks/semantic/modules) by extensions ['ignore', 'ignore_ament_install']
[0.540s] [34mcolcon.colcon_core.package_identification[0m [1;30mLevel 1[0m _identify(src/SalsaNext/train/tasks/semantic/modules) by extension 'ignore'
[0.540s] [34mcolcon.colcon_core.package_identification[0m [1;30mLevel 1[0m _identify(src/SalsaNext/train/tasks/semantic/modules) by extension 'ignore_ament_install'
[0.540s] [34mcolcon.colcon_core.package_identification[0m [1;30mLevel 1[0m _identify(src/SalsaNext/train/tasks/semantic/modules) by extensions ['colcon_pkg']
[0.540s] [34mcolcon.colcon_core.package_identification[0m [1;30mLevel 1[0m _identify(src/SalsaNext/train/tasks/semantic/modules) by extension 'colcon_pkg'
[0.540s] [34mcolcon.colcon_core.package_identification[0m [1;30mLevel 1[0m _identify(src/SalsaNext/train/tasks/semantic/modules) by extensions ['colcon_meta']
[0.540s] [34mcolcon.colcon_core.package_identification[0m [1;30mLevel 1[0m _identify(src/SalsaNext/train/tasks/semantic/modules) by extension 'colcon_meta'
[0.540s] [34mcolcon.colcon_core.package_identification[0m [1;30mLevel 1[0m _identify(src/SalsaNext/train/tasks/semantic/modules) by extensions ['ros']
[0.540s] [34mcolcon.colcon_core.package_identification[0m [1;30mLevel 1[0m _identify(src/SalsaNext/train/tasks/semantic/modules) by extension 'ros'
[0.540s] [34mcolcon.colcon_core.package_identification[0m [1;30mLevel 1[0m _identify(src/SalsaNext/train/tasks/semantic/modules) by extensions ['cmake', 'python']
[0.541s] [34mcolcon.colcon_core.package_identification[0m [1;30mLevel 1[0m _identify(src/SalsaNext/train/tasks/semantic/modules) by extension 'cmake'
[0.541s] [34mcolcon.colcon_core.package_identification[0m [1;30mLevel 1[0m _identify(src/SalsaNext/train/tasks/semantic/modules) by extension 'python'
[0.541s] [34mcolcon.colcon_core.package_identification[0m [1;30mLevel 1[0m _identify(src/SalsaNext/train/tasks/semantic/modules) by extensions ['python_setup_py']
[0.541s] [34mcolcon.colcon_core.package_identification[0m [1;30mLevel 1[0m _identify(src/SalsaNext/train/tasks/semantic/modules) by extension 'python_setup_py'
[0.541s] [34mcolcon.colcon_core.package_identification[0m [1;30mLevel 1[0m _identify(src/SalsaNext/train/tasks/semantic/modules/__pycache__) by extensions ['ignore', 'ignore_ament_install']
[0.541s] [34mcolcon.colcon_core.package_identification[0m [1;30mLevel 1[0m _identify(src/SalsaNext/train/tasks/semantic/modules/__pycache__) by extension 'ignore'
[0.541s] [34mcolcon.colcon_core.package_identification[0m [1;30mLevel 1[0m _identify(src/SalsaNext/train/tasks/semantic/modules/__pycache__) by extension 'ignore_ament_install'
[0.541s] [34mcolcon.colcon_core.package_identification[0m [1;30mLevel 1[0m _identify(src/SalsaNext/train/tasks/semantic/modules/__pycache__) by extensions ['colcon_pkg']
[0.542s] [34mcolcon.colcon_core.package_identification[0m [1;30mLevel 1[0m _identify(src/SalsaNext/train/tasks/semantic/modules/__pycache__) by extension 'colcon_pkg'
[0.542s] [34mcolcon.colcon_core.package_identification[0m [1;30mLevel 1[0m _identify(src/SalsaNext/train/tasks/semantic/modules/__pycache__) by extensions ['colcon_meta']
[0.542s] [34mcolcon.colcon_core.package_identification[0m [1;30mLevel 1[0m _identify(src/SalsaNext/train/tasks/semantic/modules/__pycache__) by extension 'colcon_meta'
[0.542s] [34mcolcon.colcon_core.package_identification[0m [1;30mLevel 1[0m _identify(src/SalsaNext/train/tasks/semantic/modules/__pycache__) by extensions ['ros']
[0.542s] [34mcolcon.colcon_core.package_identification[0m [1;30mLevel 1[0m _identify(src/SalsaNext/train/tasks/semantic/modules/__pycache__) by extension 'ros'
[0.542s] [34mcolcon.colcon_core.package_identification[0m [1;30mLevel 1[0m _identify(src/SalsaNext/train/tasks/semantic/modules/__pycache__) by extensions ['cmake', 'python']
[0.542s] [34mcolcon.colcon_core.package_identification[0m [1;30mLevel 1[0m _identify(src/SalsaNext/train/tasks/semantic/modules/__pycache__) by extension 'cmake'
[0.542s] [34mcolcon.colcon_core.package_identification[0m [1;30mLevel 1[0m _identify(src/SalsaNext/train/tasks/semantic/modules/__pycache__) by extension 'python'
[0.542s] [34mcolcon.colcon_core.package_identification[0m [1;30mLevel 1[0m _identify(src/SalsaNext/train/tasks/semantic/modules/__pycache__) by extensions ['python_setup_py']
[0.542s] [34mcolcon.colcon_core.package_identification[0m [1;30mLevel 1[0m _identify(src/SalsaNext/train/tasks/semantic/modules/__pycache__) by extension 'python_setup_py'
[0.543s] [34mcolcon.colcon_core.package_identification[0m [1;30mLevel 1[0m _identify(src/SalsaNext/train/tasks/semantic/postproc) by extensions ['ignore', 'ignore_ament_install']
[0.543s] [34mcolcon.colcon_core.package_identification[0m [1;30mLevel 1[0m _identify(src/SalsaNext/train/tasks/semantic/postproc) by extension 'ignore'
[0.543s] [34mcolcon.colcon_core.package_identification[0m [1;30mLevel 1[0m _identify(src/SalsaNext/train/tasks/semantic/postproc) by extension 'ignore_ament_install'
[0.543s] [34mcolcon.colcon_core.package_identification[0m [1;30mLevel 1[0m _identify(src/SalsaNext/train/tasks/semantic/postproc) by extensions ['colcon_pkg']
[0.543s] [34mcolcon.colcon_core.package_identification[0m [1;30mLevel 1[0m _identify(src/SalsaNext/train/tasks/semantic/postproc) by extension 'colcon_pkg'
[0.543s] [34mcolcon.colcon_core.package_identification[0m [1;30mLevel 1[0m _identify(src/SalsaNext/train/tasks/semantic/postproc) by extensions ['colcon_meta']
[0.543s] [34mcolcon.colcon_core.package_identification[0m [1;30mLevel 1[0m _identify(src/SalsaNext/train/tasks/semantic/postproc) by extension 'colcon_meta'
[0.543s] [34mcolcon.colcon_core.package_identification[0m [1;30mLevel 1[0m _identify(src/SalsaNext/train/tasks/semantic/postproc) by extensions ['ros']
[0.543s] [34mcolcon.colcon_core.package_identification[0m [1;30mLevel 1[0m _identify(src/SalsaNext/train/tasks/semantic/postproc) by extension 'ros'
[0.544s] [34mcolcon.colcon_core.package_identification[0m [1;30mLevel 1[0m _identify(src/SalsaNext/train/tasks/semantic/postproc) by extensions ['cmake', 'python']
[0.544s] [34mcolcon.colcon_core.package_identification[0m [1;30mLevel 1[0m _identify(src/SalsaNext/train/tasks/semantic/postproc) by extension 'cmake'
[0.544s] [34mcolcon.colcon_core.package_identification[0m [1;30mLevel 1[0m _identify(src/SalsaNext/train/tasks/semantic/postproc) by extension 'python'
[0.544s] [34mcolcon.colcon_core.package_identification[0m [1;30mLevel 1[0m _identify(src/SalsaNext/train/tasks/semantic/postproc) by extensions ['python_setup_py']
[0.544s] [34mcolcon.colcon_core.package_identification[0m [1;30mLevel 1[0m _identify(src/SalsaNext/train/tasks/semantic/postproc) by extension 'python_setup_py'
[0.544s] [34mcolcon.colcon_core.package_identification[0m [1;30mLevel 1[0m _identify(src/build) by extensions ['ignore', 'ignore_ament_install']
[0.544s] [34mcolcon.colcon_core.package_identification[0m [1;30mLevel 1[0m _identify(src/build) by extension 'ignore'
[0.544s] [34mcolcon.colcon_core.package_identification[0m [1;30mLevel 1[0m _identify(src/build) ignored
[0.545s] [34mcolcon.colcon_core.package_identification[0m [1;30mLevel 1[0m _identify(src/install) by extensions ['ignore', 'ignore_ament_install']
[0.545s] [34mcolcon.colcon_core.package_identification[0m [1;30mLevel 1[0m _identify(src/install) by extension 'ignore'
[0.545s] [34mcolcon.colcon_core.package_identification[0m [1;30mLevel 1[0m _identify(src/install) ignored
[0.545s] [34mcolcon.colcon_core.package_identification[0m [1;30mLevel 1[0m _identify(src/lid_description) by extensions ['ignore', 'ignore_ament_install']
[0.545s] [34mcolcon.colcon_core.package_identification[0m [1;30mLevel 1[0m _identify(src/lid_description) by extension 'ignore'
[0.545s] [34mcolcon.colcon_core.package_identification[0m [1;30mLevel 1[0m _identify(src/lid_description) by extension 'ignore_ament_install'
[0.545s] [34mcolcon.colcon_core.package_identification[0m [1;30mLevel 1[0m _identify(src/lid_description) by extensions ['colcon_pkg']
[0.546s] [34mcolcon.colcon_core.package_identification[0m [1;30mLevel 1[0m _identify(src/lid_description) by extension 'colcon_pkg'
[0.546s] [34mcolcon.colcon_core.package_identification[0m [1;30mLevel 1[0m _identify(src/lid_description) by extensions ['colcon_meta']
[0.546s] [34mcolcon.colcon_core.package_identification[0m [1;30mLevel 1[0m _identify(src/lid_description) by extension 'colcon_meta'
[0.546s] [34mcolcon.colcon_core.package_identification[0m [1;30mLevel 1[0m _identify(src/lid_description) by extensions ['ros']
[0.546s] [34mcolcon.colcon_core.package_identification[0m [1;30mLevel 1[0m _identify(src/lid_description) by extension 'ros'
[0.547s] [34mcolcon.colcon_core.package_identification[0m [1;30mDEBUG[0m [32mPackage 'src/lid_description' with type 'ros.ament_cmake' and name 'lid_description'[0m
[0.548s] [34mcolcon.colcon_core.package_identification[0m [1;30mLevel 1[0m _identify(src/lid_simulation) by extensions ['ignore', 'ignore_ament_install']
[0.548s] [34mcolcon.colcon_core.package_identification[0m [1;30mLevel 1[0m _identify(src/lid_simulation) by extension 'ignore'
[0.548s] [34mcolcon.colcon_core.package_identification[0m [1;30mLevel 1[0m _identify(src/lid_simulation) by extension 'ignore_ament_install'
[0.548s] [34mcolcon.colcon_core.package_identification[0m [1;30mLevel 1[0m _identify(src/lid_simulation) by extensions ['colcon_pkg']
[0.548s] [34mcolcon.colcon_core.package_identification[0m [1;30mLevel 1[0m _identify(src/lid_simulation) by extension 'colcon_pkg'
[0.548s] [34mcolcon.colcon_core.package_identification[0m [1;30mLevel 1[0m _identify(src/lid_simulation) by extensions ['colcon_meta']
[0.548s] [34mcolcon.colcon_core.package_identification[0m [1;30mLevel 1[0m _identify(src/lid_simulation) by extension 'colcon_meta'
[0.548s] [34mcolcon.colcon_core.package_identification[0m [1;30mLevel 1[0m _identify(src/lid_simulation) by extensions ['ros']
[0.548s] [34mcolcon.colcon_core.package_identification[0m [1;30mLevel 1[0m _identify(src/lid_simulation) by extension 'ros'
[0.549s] [34mcolcon.colcon_core.package_identification[0m [1;30mDEBUG[0m [32mPackage 'src/lid_simulation' with type 'ros.ament_cmake' and name 'lid_simulation'[0m
[0.550s] [34mcolcon.colcon_core.package_identification[0m [1;30mLevel 1[0m _identify(src/log) by extensions ['ignore', 'ignore_ament_install']
[0.550s] [34mcolcon.colcon_core.package_identification[0m [1;30mLevel 1[0m _identify(src/log) by extension 'ignore'
[0.550s] [34mcolcon.colcon_core.package_identification[0m [1;30mLevel 1[0m _identify(src/log) ignored
[0.550s] [34mcolcon.colcon_core.package_identification[0m [1;30mLevel 1[0m _identify(src/patchwork-plusplus-ros2) by extensions ['ignore', 'ignore_ament_install']
[0.550s] [34mcolcon.colcon_core.package_identification[0m [1;30mLevel 1[0m _identify(src/patchwork-plusplus-ros2) by extension 'ignore'
[0.550s] [34mcolcon.colcon_core.package_identification[0m [1;30mLevel 1[0m _identify(src/patchwork-plusplus-ros2) by extension 'ignore_ament_install'
[0.550s] [34mcolcon.colcon_core.package_identification[0m [1;30mLevel 1[0m _identify(src/patchwork-plusplus-ros2) by extensions ['colcon_pkg']
[0.551s] [34mcolcon.colcon_core.package_identification[0m [1;30mLevel 1[0m _identify(src/patchwork-plusplus-ros2) by extension 'colcon_pkg'
[0.551s] [34mcolcon.colcon_core.package_identification[0m [1;30mLevel 1[0m _identify(src/patchwork-plusplus-ros2) by extensions ['colcon_meta']
[0.551s] [34mcolcon.colcon_core.package_identification[0m [1;30mLevel 1[0m _identify(src/patchwork-plusplus-ros2) by extension 'colcon_meta'
[0.551s] [34mcolcon.colcon_core.package_identification[0m [1;30mLevel 1[0m _identify(src/patchwork-plusplus-ros2) by extensions ['ros']
[0.551s] [34mcolcon.colcon_core.package_identification[0m [1;30mLevel 1[0m _identify(src/patchwork-plusplus-ros2) by extension 'ros'
[0.551s] [34mcolcon.colcon_core.package_identification[0m [1;30mLevel 1[0m _identify(src/patchwork-plusplus-ros2) by extensions ['cmake', 'python']
[0.551s] [34mcolcon.colcon_core.package_identification[0m [1;30mLevel 1[0m _identify(src/patchwork-plusplus-ros2) by extension 'cmake'
[0.551s] [34mcolcon.colcon_core.package_identification[0m [1;30mLevel 1[0m _identify(src/patchwork-plusplus-ros2) by extension 'python'
[0.551s] [34mcolcon.colcon_core.package_identification[0m [1;30mLevel 1[0m _identify(src/patchwork-plusplus-ros2) by extensions ['python_setup_py']
[0.551s] [34mcolcon.colcon_core.package_identification[0m [1;30mLevel 1[0m _identify(src/patchwork-plusplus-ros2) by extension 'python_setup_py'
[0.552s] [34mcolcon.colcon_core.package_identification[0m [1;30mLevel 1[0m _identify(src/patchwork-plusplus-ros2/jsk_recognition_msgs) by extensions ['ignore', 'ignore_ament_install']
[0.552s] [34mcolcon.colcon_core.package_identification[0m [1;30mLevel 1[0m _identify(src/patchwork-plusplus-ros2/jsk_recognition_msgs) by extension 'ignore'
[0.552s] [34mcolcon.colcon_core.package_identification[0m [1;30mLevel 1[0m _identify(src/patchwork-plusplus-ros2/jsk_recognition_msgs) by extension 'ignore_ament_install'
[0.552s] [34mcolcon.colcon_core.package_identification[0m [1;30mLevel 1[0m _identify(src/patchwork-plusplus-ros2/jsk_recognition_msgs) by extensions ['colcon_pkg']
[0.552s] [34mcolcon.colcon_core.package_identification[0m [1;30mLevel 1[0m _identify(src/patchwork-plusplus-ros2/jsk_recognition_msgs) by extension 'colcon_pkg'
[0.552s] [34mcolcon.colcon_core.package_identification[0m [1;30mLevel 1[0m _identify(src/patchwork-plusplus-ros2/jsk_recognition_msgs) by extensions ['colcon_meta']
[0.552s] [34mcolcon.colcon_core.package_identification[0m [1;30mLevel 1[0m _identify(src/patchwork-plusplus-ros2/jsk_recognition_msgs) by extension 'colcon_meta'
[0.552s] [34mcolcon.colcon_core.package_identification[0m [1;30mLevel 1[0m _identify(src/patchwork-plusplus-ros2/jsk_recognition_msgs) by extensions ['ros']
[0.552s] [34mcolcon.colcon_core.package_identification[0m [1;30mLevel 1[0m _identify(src/patchwork-plusplus-ros2/jsk_recognition_msgs) by extension 'ros'
[0.554s] [34mcolcon.colcon_core.package_identification[0m [1;30mDEBUG[0m [32mPackage 'src/patchwork-plusplus-ros2/jsk_recognition_msgs' with type 'ros.ament_cmake' and name 'jsk_recognition_msgs'[0m
[0.554s] [34mcolcon.colcon_core.package_identification[0m [1;30mLevel 1[0m _identify(src/patchwork-plusplus-ros2/patchwork_plusplus) by extensions ['ignore', 'ignore_ament_install']
[0.554s] [34mcolcon.colcon_core.package_identification[0m [1;30mLevel 1[0m _identify(src/patchwork-plusplus-ros2/patchwork_plusplus) by extension 'ignore'
[0.555s] [34mcolcon.colcon_core.package_identification[0m [1;30mLevel 1[0m _identify(src/patchwork-plusplus-ros2/patchwork_plusplus) by extension 'ignore_ament_install'
[0.555s] [34mcolcon.colcon_core.package_identification[0m [1;30mLevel 1[0m _identify(src/patchwork-plusplus-ros2/patchwork_plusplus) by extensions ['colcon_pkg']
[0.555s] [34mcolcon.colcon_core.package_identification[0m [1;30mLevel 1[0m _identify(src/patchwork-plusplus-ros2/patchwork_plusplus) by extension 'colcon_pkg'
[0.555s] [34mcolcon.colcon_core.package_identification[0m [1;30mLevel 1[0m _identify(src/patchwork-plusplus-ros2/patchwork_plusplus) by extensions ['colcon_meta']
[0.555s] [34mcolcon.colcon_core.package_identification[0m [1;30mLevel 1[0m _identify(src/patchwork-plusplus-ros2/patchwork_plusplus) by extension 'colcon_meta'
[0.555s] [34mcolcon.colcon_core.package_identification[0m [1;30mLevel 1[0m _identify(src/patchwork-plusplus-ros2/patchwork_plusplus) by extensions ['ros']
[0.555s] [34mcolcon.colcon_core.package_identification[0m [1;30mLevel 1[0m _identify(src/patchwork-plusplus-ros2/patchwork_plusplus) by extension 'ros'
[0.557s] [34mcolcon.colcon_core.package_identification[0m [1;30mDEBUG[0m [32mPackage 'src/patchwork-plusplus-ros2/patchwork_plusplus' with type 'ros.ament_cmake' and name 'patchwork_plusplus'[0m
[0.558s] [34mcolcon.colcon_core.package_identification[0m [1;30mLevel 1[0m _identify(src/segmentation_lidar) by extensions ['ignore', 'ignore_ament_install']
[0.558s] [34mcolcon.colcon_core.package_identification[0m [1;30mLevel 1[0m _identify(src/segmentation_lidar) by extension 'ignore'
[0.558s] [34mcolcon.colcon_core.package_identification[0m [1;30mLevel 1[0m _identify(src/segmentation_lidar) by extension 'ignore_ament_install'
[0.558s] [34mcolcon.colcon_core.package_identification[0m [1;30mLevel 1[0m _identify(src/segmentation_lidar) by extensions ['colcon_pkg']
[0.558s] [34mcolcon.colcon_core.package_identification[0m [1;30mLevel 1[0m _identify(src/segmentation_lidar) by extension 'colcon_pkg'
[0.558s] [34mcolcon.colcon_core.package_identification[0m [1;30mLevel 1[0m _identify(src/segmentation_lidar) by extensions ['colcon_meta']
[0.558s] [34mcolcon.colcon_core.package_identification[0m [1;30mLevel 1[0m _identify(src/segmentation_lidar) by extension 'colcon_meta'
[0.558s] [34mcolcon.colcon_core.package_identification[0m [1;30mLevel 1[0m _identify(src/segmentation_lidar) by extensions ['ros']
[0.558s] [34mcolcon.colcon_core.package_identification[0m [1;30mLevel 1[0m _identify(src/segmentation_lidar) by extension 'ros'
[0.560s] [34mcolcon.colcon_core.package_identification[0m [1;30mDEBUG[0m [32mPackage 'src/segmentation_lidar' with type 'ros.ament_cmake' and name 'segmentation_lidar'[0m
[0.561s] [34mcolcon.colcon_core.package_identification[0m [1;30mLevel 1[0m _identify(src/velodyne) by extensions ['ignore', 'ignore_ament_install']
[0.561s] [34mcolcon.colcon_core.package_identification[0m [1;30mLevel 1[0m _identify(src/velodyne) by extension 'ignore'
[0.561s] [34mcolcon.colcon_core.package_identification[0m [1;30mLevel 1[0m _identify(src/velodyne) by extension 'ignore_ament_install'
[0.561s] [34mcolcon.colcon_core.package_identification[0m [1;30mLevel 1[0m _identify(src/velodyne) by extensions ['colcon_pkg']
[0.561s] [34mcolcon.colcon_core.package_identification[0m [1;30mLevel 1[0m _identify(src/velodyne) by extension 'colcon_pkg'
[0.561s] [34mcolcon.colcon_core.package_identification[0m [1;30mLevel 1[0m _identify(src/velodyne) by extensions ['colcon_meta']
[0.561s] [34mcolcon.colcon_core.package_identification[0m [1;30mLevel 1[0m _identify(src/velodyne) by extension 'colcon_meta'
[0.562s] [34mcolcon.colcon_core.package_identification[0m [1;30mLevel 1[0m _identify(src/velodyne) by extensions ['ros']
[0.562s] [34mcolcon.colcon_core.package_identification[0m [1;30mLevel 1[0m _identify(src/velodyne) by extension 'ros'
[0.562s] [34mcolcon.colcon_core.package_identification[0m [1;30mLevel 1[0m _identify(src/velodyne) by extensions ['cmake', 'python']
[0.562s] [34mcolcon.colcon_core.package_identification[0m [1;30mLevel 1[0m _identify(src/velodyne) by extension 'cmake'
[0.562s] [34mcolcon.colcon_core.package_identification[0m [1;30mLevel 1[0m _identify(src/velodyne) by extension 'python'
[0.562s] [34mcolcon.colcon_core.package_identification[0m [1;30mLevel 1[0m _identify(src/velodyne) by extensions ['python_setup_py']
[0.562s] [34mcolcon.colcon_core.package_identification[0m [1;30mLevel 1[0m _identify(src/velodyne) by extension 'python_setup_py'
[0.562s] [34mcolcon.colcon_core.package_identification[0m [1;30mLevel 1[0m _identify(src/velodyne/img) by extensions ['ignore', 'ignore_ament_install']
[0.563s] [34mcolcon.colcon_core.package_identification[0m [1;30mLevel 1[0m _identify(src/velodyne/img) by extension 'ignore'
[0.563s] [34mcolcon.colcon_core.package_identification[0m [1;30mLevel 1[0m _identify(src/velodyne/img) by extension 'ignore_ament_install'
[0.563s] [34mcolcon.colcon_core.package_identification[0m [1;30mLevel 1[0m _identify(src/velodyne/img) by extensions ['colcon_pkg']
[0.563s] [34mcolcon.colcon_core.package_identification[0m [1;30mLevel 1[0m _identify(src/velodyne/img) by extension 'colcon_pkg'
[0.563s] [34mcolcon.colcon_core.package_identification[0m [1;30mLevel 1[0m _identify(src/velodyne/img) by extensions ['colcon_meta']
[0.563s] [34mcolcon.colcon_core.package_identification[0m [1;30mLevel 1[0m _identify(src/velodyne/img) by extension 'colcon_meta'
[0.563s] [34mcolcon.colcon_core.package_identification[0m [1;30mLevel 1[0m _identify(src/velodyne/img) by extensions ['ros']
[0.563s] [34mcolcon.colcon_core.package_identification[0m [1;30mLevel 1[0m _identify(src/velodyne/img) by extension 'ros'
[0.563s] [34mcolcon.colcon_core.package_identification[0m [1;30mLevel 1[0m _identify(src/velodyne/img) by extensions ['cmake', 'python']
[0.563s] [34mcolcon.colcon_core.package_identification[0m [1;30mLevel 1[0m _identify(src/velodyne/img) by extension 'cmake'
[0.564s] [34mcolcon.colcon_core.package_identification[0m [1;30mLevel 1[0m _identify(src/velodyne/img) by extension 'python'
[0.564s] [34mcolcon.colcon_core.package_identification[0m [1;30mLevel 1[0m _identify(src/velodyne/img) by extensions ['python_setup_py']
[0.564s] [34mcolcon.colcon_core.package_identification[0m [1;30mLevel 1[0m _identify(src/velodyne/img) by extension 'python_setup_py'
[0.564s] [34mcolcon.colcon_core.package_identification[0m [1;30mLevel 1[0m _identify(src/velodyne/velodyne_description) by extensions ['ignore', 'ignore_ament_install']
[0.564s] [34mcolcon.colcon_core.package_identification[0m [1;30mLevel 1[0m _identify(src/velodyne/velodyne_description) by extension 'ignore'
[0.564s] [34mcolcon.colcon_core.package_identification[0m [1;30mLevel 1[0m _identify(src/velodyne/velodyne_description) by extension 'ignore_ament_install'
[0.564s] [34mcolcon.colcon_core.package_identification[0m [1;30mLevel 1[0m _identify(src/velodyne/velodyne_description) by extensions ['colcon_pkg']
[0.564s] [34mcolcon.colcon_core.package_identification[0m [1;30mLevel 1[0m _identify(src/velodyne/velodyne_description) by extension 'colcon_pkg'
[0.564s] [34mcolcon.colcon_core.package_identification[0m [1;30mLevel 1[0m _identify(src/velodyne/velodyne_description) by extensions ['colcon_meta']
[0.565s] [34mcolcon.colcon_core.package_identification[0m [1;30mLevel 1[0m _identify(src/velodyne/velodyne_description) by extension 'colcon_meta'
[0.565s] [34mcolcon.colcon_core.package_identification[0m [1;30mLevel 1[0m _identify(src/velodyne/velodyne_description) by extensions ['ros']
[0.565s] [34mcolcon.colcon_core.package_identification[0m [1;30mLevel 1[0m _identify(src/velodyne/velodyne_description) by extension 'ros'
[0.567s] [34mcolcon.colcon_core.package_identification[0m [1;30mDEBUG[0m [32mPackage 'src/velodyne/velodyne_description' with type 'ros.ament_cmake' and name 'velodyne_description'[0m
[0.567s] [34mcolcon.colcon_core.package_identification[0m [1;30mLevel 1[0m _identify(src/velodyne/velodyne_gazebo_plugins) by extensions ['ignore', 'ignore_ament_install']
[0.567s] [34mcolcon.colcon_core.package_identification[0m [1;30mLevel 1[0m _identify(src/velodyne/velodyne_gazebo_plugins) by extension 'ignore'
[0.567s] [34mcolcon.colcon_core.package_identification[0m [1;30mLevel 1[0m _identify(src/velodyne/velodyne_gazebo_plugins) by extension 'ignore_ament_install'
[0.568s] [34mcolcon.colcon_core.package_identification[0m [1;30mLevel 1[0m _identify(src/velodyne/velodyne_gazebo_plugins) by extensions ['colcon_pkg']
[0.568s] [34mcolcon.colcon_core.package_identification[0m [1;30mLevel 1[0m _identify(src/velodyne/velodyne_gazebo_plugins) by extension 'colcon_pkg'
[0.568s] [34mcolcon.colcon_core.package_identification[0m [1;30mLevel 1[0m _identify(src/velodyne/velodyne_gazebo_plugins) by extensions ['colcon_meta']
[0.568s] [34mcolcon.colcon_core.package_identification[0m [1;30mLevel 1[0m _identify(src/velodyne/velodyne_gazebo_plugins) by extension 'colcon_meta'
[0.568s] [34mcolcon.colcon_core.package_identification[0m [1;30mLevel 1[0m _identify(src/velodyne/velodyne_gazebo_plugins) by extensions ['ros']
[0.568s] [34mcolcon.colcon_core.package_identification[0m [1;30mLevel 1[0m _identify(src/velodyne/velodyne_gazebo_plugins) by extension 'ros'
[0.571s] [34mcolcon.colcon_core.package_identification[0m [1;30mDEBUG[0m [32mPackage 'src/velodyne/velodyne_gazebo_plugins' with type 'ros.ament_cmake' and name 'velodyne_gazebo_plugins'[0m
[0.571s] [34mcolcon.colcon_core.package_identification[0m [1;30mLevel 1[0m _identify(src/velodyne/velodyne_simulator) by extensions ['ignore', 'ignore_ament_install']
[0.571s] [34mcolcon.colcon_core.package_identification[0m [1;30mLevel 1[0m _identify(src/velodyne/velodyne_simulator) by extension 'ignore'
[0.571s] [34mcolcon.colcon_core.package_identification[0m [1;30mLevel 1[0m _identify(src/velodyne/velodyne_simulator) by extension 'ignore_ament_install'
[0.571s] [34mcolcon.colcon_core.package_identification[0m [1;30mLevel 1[0m _identify(src/velodyne/velodyne_simulator) by extensions ['colcon_pkg']
[0.571s] [34mcolcon.colcon_core.package_identification[0m [1;30mLevel 1[0m _identify(src/velodyne/velodyne_simulator) by extension 'colcon_pkg'
[0.571s] [34mcolcon.colcon_core.package_identification[0m [1;30mLevel 1[0m _identify(src/velodyne/velodyne_simulator) by extensions ['colcon_meta']
[0.571s] [34mcolcon.colcon_core.package_identification[0m [1;30mLevel 1[0m _identify(src/velodyne/velodyne_simulator) by extension 'colcon_meta'
[0.572s] [34mcolcon.colcon_core.package_identification[0m [1;30mLevel 1[0m _identify(src/velodyne/velodyne_simulator) by extensions ['ros']
[0.572s] [34mcolcon.colcon_core.package_identification[0m [1;30mLevel 1[0m _identify(src/velodyne/velodyne_simulator) by extension 'ros'
[0.573s] [34mcolcon.colcon_core.package_identification[0m [1;30mDEBUG[0m [32mPackage 'src/velodyne/velodyne_simulator' with type 'ros.ament_cmake' and name 'velodyne_simulator'[0m
[0.573s] [34mcolcon.colcon_core.package_discovery[0m [1;30mLevel 1[0m discover_packages(recursive) using defaults
[0.573s] [34mcolcon.colcon_core.package_discovery[0m [1;30mLevel 1[0m discover_packages(ignore) discover
[0.573s] [34mcolcon.colcon_core.package_discovery[0m [1;30mLevel 1[0m discover_packages(ignore) using defaults
[0.573s] [34mcolcon.colcon_core.package_discovery[0m [1;30mLevel 1[0m discover_packages(path) discover
[0.573s] [34mcolcon.colcon_core.package_discovery[0m [1;30mLevel 1[0m discover_packages(path) using defaults
[0.619s] [34mcolcon.colcon_core.package_discovery[0m [1;30mLevel 1[0m discover_packages(prefix_path) check parameters
[0.619s] [34mcolcon.colcon_core.package_discovery[0m [1;30mLevel 1[0m discover_packages(prefix_path) discover
[0.621s] [34mcolcon.colcon_ros.prefix_path.ament[0m [1;30mWARNING[0m [33mThe path '/media/subham/85dce0f4-2e29-4540-9a32-801850cfcef6/subham/LidarMapping2.5D/install/salsanext_ros2' in the environment variable AMENT_PREFIX_PATH doesn't exist[0m
[0.622s] [34mcolcon.colcon_ros.prefix_path.ament[0m [1;30mWARNING[0m [33mThe path '/media/subham/85dce0f4-2e29-4540-9a32-801850cfcef6/subham/LidarMapping2.5D/install/height_mapping_ros2' in the environment variable AMENT_PREFIX_PATH doesn't exist[0m
[0.622s] [34mcolcon.colcon_ros.prefix_path.ament[0m [1;30mWARNING[0m [33mThe path '/media/subham/85dce0f4-2e29-4540-9a32-801850cfcef6/subham/LidarMapping2.5D/install/height_mapping_core' in the environment variable AMENT_PREFIX_PATH doesn't exist[0m
[0.625s] [34mcolcon.colcon_ros.prefix_path.catkin[0m [1;30mWARNING[0m [33mThe path '/media/subham/85dce0f4-2e29-4540-9a32-801850cfcef6/subham/LidarMapping2.5D/install/salsanext_ros2' in the environment variable CMAKE_PREFIX_PATH doesn't exist[0m
[0.626s] [34mcolcon.colcon_ros.prefix_path.catkin[0m [1;30mWARNING[0m [33mThe path '/media/subham/85dce0f4-2e29-4540-9a32-801850cfcef6/subham/LidarMapping2.5D/install/height_mapping_ros2' in the environment variable CMAKE_PREFIX_PATH doesn't exist[0m
[0.626s] [34mcolcon.colcon_ros.prefix_path.catkin[0m [1;30mWARNING[0m [33mThe path '/media/subham/85dce0f4-2e29-4540-9a32-801850cfcef6/subham/LidarMapping2.5D/install/height_mapping_core' in the environment variable CMAKE_PREFIX_PATH doesn't exist[0m
[0.629s] [34mcolcon.colcon_installed_package_information.package_discovery[0m [1;30mDEBUG[0m [32mFound 11 installed packages in /media/subham/85dce0f4-2e29-4540-9a32-801850cfcef6/subham/LidarMapping2.5D/install[0m
[0.630s] [34mcolcon.colcon_installed_package_information.package_discovery[0m [1;30mDEBUG[0m [32mFound 4 installed packages in /home/subham/Edge_AI_for_ADAS_and_Autonomous_Systems/install[0m
[0.631s] [34mcolcon.colcon_installed_package_information.package_discovery[0m [1;30mDEBUG[0m [32mFound 4 installed packages in /home/subham/rover_ws/install[0m
[0.633s] [34mcolcon.colcon_installed_package_information.package_discovery[0m [1;30mDEBUG[0m [32mFound 7 installed packages in /home/subham/igvc/install[0m
[0.634s] [34mcolcon.colcon_installed_package_information.package_discovery[0m [1;30mDEBUG[0m [32mFound 8 installed packages in /home/subham/colcon_ws/install[0m
[0.636s] [34mcolcon.colcon_installed_package_information.package_discovery[0m [1;30mDEBUG[0m [32mFound 7 installed packages in /home/subham/anvrit_ws/install[0m
[0.637s] [34mcolcon.colcon_installed_package_information.package_discovery[0m [1;30mDEBUG[0m [32mFound 4 installed packages in /home/subham/omokai_ws/install[0m
[0.643s] [34mcolcon.colcon_installed_package_information.package_discovery[0m [1;30mDEBUG[0m [32mFound 512 installed packages in /opt/ros/humble[0m
[0.650s] [34mcolcon.colcon_core.package_discovery[0m [1;30mLevel 1[0m discover_packages(prefix_path) using defaults
[0.851s] [34mcolcon.colcon_core.verb[0m [1;30mLevel 5[0m set package 'fastdem' build argument 'cmake_args' from command line to 'None'
[0.852s] [34mcolcon.colcon_core.verb[0m [1;30mLevel 5[0m set package 'fastdem' build argument 'cmake_target' from command line to 'None'
[0.852s] [34mcolcon.colcon_core.verb[0m [1;30mLevel 5[0m set package 'fastdem' build argument 'cmake_target_skip_unavailable' from command line to 'False'
[0.852s] [34mcolcon.colcon_core.verb[0m [1;30mLevel 5[0m set package 'fastdem' build argument 'cmake_clean_cache' from command line to 'False'
[0.852s] [34mcolcon.colcon_core.verb[0m [1;30mLevel 5[0m set package 'fastdem' build argument 'cmake_clean_first' from command line to 'False'
[0.852s] [34mcolcon.colcon_core.verb[0m [1;30mLevel 5[0m set package 'fastdem' build argument 'cmake_force_configure' from command line to 'False'
[0.852s] [34mcolcon.colcon_core.verb[0m [1;30mLevel 5[0m set package 'fastdem' build argument 'ament_cmake_args' from command line to 'None'
[0.852s] [34mcolcon.colcon_core.verb[0m [1;30mLevel 5[0m set package 'fastdem' build argument 'catkin_cmake_args' from command line to 'None'
[0.852s] [34mcolcon.colcon_core.verb[0m [1;30mLevel 5[0m set package 'fastdem' build argument 'catkin_skip_building_tests' from command line to 'False'
[0.852s] [34mcolcon.colcon_core.verb[0m [1;30mDEBUG[0m [32mBuilding package 'fastdem' with the following arguments: {'ament_cmake_args': None, 'build_base': '/media/subham/85dce0f4-2e29-4540-9a32-801850cfcef6/subham/LidarMapping2.5D/build/fastdem', 'catkin_cmake_args': None, 'catkin_skip_building_tests': False, 'cmake_args': None, 'cmake_clean_cache': False, 'cmake_clean_first': False, 'cmake_force_configure': False, 'cmake_target': None, 'cmake_target_skip_unavailable': False, 'install_base': '/media/subham/85dce0f4-2e29-4540-9a32-801850cfcef6/subham/LidarMapping2.5D/install/fastdem', 'merge_install': False, 'path': '/media/subham/85dce0f4-2e29-4540-9a32-801850cfcef6/subham/LidarMapping2.5D/src/FastDEM/fastdem', 'symlink_install': True, 'test_result_base': None}[0m
[0.853s] [34mcolcon.colcon_core.verb[0m [1;30mLevel 5[0m set package 'jsk_recognition_msgs' build argument 'cmake_args' from command line to 'None'
[0.853s] [34mcolcon.colcon_core.verb[0m [1;30mLevel 5[0m set package 'jsk_recognition_msgs' build argument 'cmake_target' from command line to 'None'
[0.853s] [34mcolcon.colcon_core.verb[0m [1;30mLevel 5[0m set package 'jsk_recognition_msgs' build argument 'cmake_target_skip_unavailable' from command line to 'False'
[0.853s] [34mcolcon.colcon_core.verb[0m [1;30mLevel 5[0m set package 'jsk_recognition_msgs' build argument 'cmake_clean_cache' from command line to 'False'
[0.853s] [34mcolcon.colcon_core.verb[0m [1;30mLevel 5[0m set package 'jsk_recognition_msgs' build argument 'cmake_clean_first' from command line to 'False'
[0.853s] [34mcolcon.colcon_core.verb[0m [1;30mLevel 5[0m set package 'jsk_recognition_msgs' build argument 'cmake_force_configure' from command line to 'False'
[0.853s] [34mcolcon.colcon_core.verb[0m [1;30mLevel 5[0m set package 'jsk_recognition_msgs' build argument 'ament_cmake_args' from command line to 'None'
[0.853s] [34mcolcon.colcon_core.verb[0m [1;30mLevel 5[0m set package 'jsk_recognition_msgs' build argument 'catkin_cmake_args' from command line to 'None'
[0.853s] [34mcolcon.colcon_core.verb[0m [1;30mLevel 5[0m set package 'jsk_recognition_msgs' build argument 'catkin_skip_building_tests' from command line to 'False'
[0.853s] [34mcolcon.colcon_core.verb[0m [1;30mDEBUG[0m [32mBuilding package 'jsk_recognition_msgs' with the following arguments: {'ament_cmake_args': None, 'build_base': '/media/subham/85dce0f4-2e29-4540-9a32-801850cfcef6/subham/LidarMapping2.5D/build/jsk_recognition_msgs', 'catkin_cmake_args': None, 'catkin_skip_building_tests': False, 'cmake_args': None, 'cmake_clean_cache': False, 'cmake_clean_first': False, 'cmake_force_configure': False, 'cmake_target': None, 'cmake_target_skip_unavailable': False, 'install_base': '/media/subham/85dce0f4-2e29-4540-9a32-801850cfcef6/subham/LidarMapping2.5D/install/jsk_recognition_msgs', 'merge_install': False, 'path': '/media/subham/85dce0f4-2e29-4540-9a32-801850cfcef6/subham/LidarMapping2.5D/src/patchwork-plusplus-ros2/jsk_recognition_msgs', 'symlink_install': True, 'test_result_base': None}[0m
[0.854s] [34mcolcon.colcon_core.verb[0m [1;30mLevel 5[0m set package 'lid_description' build argument 'cmake_args' from command line to 'None'
[0.854s] [34mcolcon.colcon_core.verb[0m [1;30mLevel 5[0m set package 'lid_description' build argument 'cmake_target' from command line to 'None'
[0.854s] [34mcolcon.colcon_core.verb[0m [1;30mLevel 5[0m set package 'lid_description' build argument 'cmake_target_skip_unavailable' from command line to 'False'
[0.854s] [34mcolcon.colcon_core.verb[0m [1;30mLevel 5[0m set package 'lid_description' build argument 'cmake_clean_cache' from command line to 'False'
[0.854s] [34mcolcon.colcon_core.verb[0m [1;30mLevel 5[0m set package 'lid_description' build argument 'cmake_clean_first' from command line to 'False'
[0.854s] [34mcolcon.colcon_core.verb[0m [1;30mLevel 5[0m set package 'lid_description' build argument 'cmake_force_configure' from command line to 'False'
[0.855s] [34mcolcon.colcon_core.verb[0m [1;30mLevel 5[0m set package 'lid_description' build argument 'ament_cmake_args' from command line to 'None'
[0.855s] [34mcolcon.colcon_core.verb[0m [1;30mLevel 5[0m set package 'lid_description' build argument 'catkin_cmake_args' from command line to 'None'
[0.855s] [34mcolcon.colcon_core.verb[0m [1;30mLevel 5[0m set package 'lid_description' build argument 'catkin_skip_building_tests' from command line to 'False'
[0.855s] [34mcolcon.colcon_core.verb[0m [1;30mDEBUG[0m [32mBuilding package 'lid_description' with the following arguments: {'ament_cmake_args': None, 'build_base': '/media/subham/85dce0f4-2e29-4540-9a32-801850cfcef6/subham/LidarMapping2.5D/build/lid_description', 'catkin_cmake_args': None, 'catkin_skip_building_tests': False, 'cmake_args': None, 'cmake_clean_cache': False, 'cmake_clean_first': False, 'cmake_force_configure': False, 'cmake_target': None, 'cmake_target_skip_unavailable': False, 'install_base': '/media/subham/85dce0f4-2e29-4540-9a32-801850cfcef6/subham/LidarMapping2.5D/install/lid_description', 'merge_install': False, 'path': '/media/subham/85dce0f4-2e29-4540-9a32-801850cfcef6/subham/LidarMapping2.5D/src/lid_description', 'symlink_install': True, 'test_result_base': None}[0m
[0.856s] [34mcolcon.colcon_core.verb[0m [1;30mLevel 5[0m set package 'lid_simulation' build argument 'cmake_args' from command line to 'None'
[0.856s] [34mcolcon.colcon_core.verb[0m [1;30mLevel 5[0m set package 'lid_simulation' build argument 'cmake_target' from command line to 'None'
[0.856s] [34mcolcon.colcon_core.verb[0m [1;30mLevel 5[0m set package 'lid_simulation' build argument 'cmake_target_skip_unavailable' from command line to 'False'
[0.856s] [34mcolcon.colcon_core.verb[0m [1;30mLevel 5[0m set package 'lid_simulation' build argument 'cmake_clean_cache' from command line to 'False'
[0.856s] [34mcolcon.colcon_core.verb[0m [1;30mLevel 5[0m set package 'lid_simulation' build argument 'cmake_clean_first' from command line to 'False'
[0.856s] [34mcolcon.colcon_core.verb[0m [1;30mLevel 5[0m set package 'lid_simulation' build argument 'cmake_force_configure' from command line to 'False'
[0.856s] [34mcolcon.colcon_core.verb[0m [1;30mLevel 5[0m set package 'lid_simulation' build argument 'ament_cmake_args' from command line to 'None'
[0.856s] [34mcolcon.colcon_core.verb[0m [1;30mLevel 5[0m set package 'lid_simulation' build argument 'catkin_cmake_args' from command line to 'None'
[0.856s] [34mcolcon.colcon_core.verb[0m [1;30mLevel 5[0m set package 'lid_simulation' build argument 'catkin_skip_building_tests' from command line to 'False'
[0.856s] [34mcolcon.colcon_core.verb[0m [1;30mDEBUG[0m [32mBuilding package 'lid_simulation' with the following arguments: {'ament_cmake_args': None, 'build_base': '/media/subham/85dce0f4-2e29-4540-9a32-801850cfcef6/subham/LidarMapping2.5D/build/lid_simulation', 'catkin_cmake_args': None, 'catkin_skip_building_tests': False, 'cmake_args': None, 'cmake_clean_cache': False, 'cmake_clean_first': False, 'cmake_force_configure': False, 'cmake_target': None, 'cmake_target_skip_unavailable': False, 'install_base': '/media/subham/85dce0f4-2e29-4540-9a32-801850cfcef6/subham/LidarMapping2.5D/install/lid_simulation', 'merge_install': False, 'path': '/media/subham/85dce0f4-2e29-4540-9a32-801850cfcef6/subham/LidarMapping2.5D/src/lid_simulation', 'symlink_install': True, 'test_result_base': None}[0m
[0.857s] [34mcolcon.colcon_core.verb[0m [1;30mLevel 5[0m set package 'segmentation_lidar' build argument 'cmake_args' from command line to 'None'
[0.857s] [34mcolcon.colcon_core.verb[0m [1;30mLevel 5[0m set package 'segmentation_lidar' build argument 'cmake_target' from command line to 'None'
[0.857s] [34mcolcon.colcon_core.verb[0m [1;30mLevel 5[0m set package 'segmentation_lidar' build argument 'cmake_target_skip_unavailable' from command line to 'False'
[0.857s] [34mcolcon.colcon_core.verb[0m [1;30mLevel 5[0m set package 'segmentation_lidar' build argument 'cmake_clean_cache' from command line to 'False'
[0.857s] [34mcolcon.colcon_core.verb[0m [1;30mLevel 5[0m set package 'segmentation_lidar' build argument 'cmake_clean_first' from command line to 'False'
[0.857s] [34mcolcon.colcon_core.verb[0m [1;30mLevel 5[0m set package 'segmentation_lidar' build argument 'cmake_force_configure' from command line to 'False'
[0.857s] [34mcolcon.colcon_core.verb[0m [1;30mLevel 5[0m set package 'segmentation_lidar' build argument 'ament_cmake_args' from command line to 'None'
[0.857s] [34mcolcon.colcon_core.verb[0m [1;30mLevel 5[0m set package 'segmentation_lidar' build argument 'catkin_cmake_args' from command line to 'None'
[0.857s] [34mcolcon.colcon_core.verb[0m [1;30mLevel 5[0m set package 'segmentation_lidar' build argument 'catkin_skip_building_tests' from command line to 'False'
[0.857s] [34mcolcon.colcon_core.verb[0m [1;30mDEBUG[0m [32mBuilding package 'segmentation_lidar' with the following arguments: {'ament_cmake_args': None, 'build_base': '/media/subham/85dce0f4-2e29-4540-9a32-801850cfcef6/subham/LidarMapping2.5D/build/segmentation_lidar', 'catkin_cmake_args': None, 'catkin_skip_building_tests': False, 'cmake_args': None, 'cmake_clean_cache': False, 'cmake_clean_first': False, 'cmake_force_configure': False, 'cmake_target': None, 'cmake_target_skip_unavailable': False, 'install_base': '/media/subham/85dce0f4-2e29-4540-9a32-801850cfcef6/subham/LidarMapping2.5D/install/segmentation_lidar', 'merge_install': False, 'path': '/media/subham/85dce0f4-2e29-4540-9a32-801850cfcef6/subham/LidarMapping2.5D/src/segmentation_lidar', 'symlink_install': True, 'test_result_base': None}[0m
[0.858s] [34mcolcon.colcon_core.verb[0m [1;30mLevel 5[0m set package 'velodyne_gazebo_plugins' build argument 'cmake_args' from command line to 'None'
[0.858s] [34mcolcon.colcon_core.verb[0m [1;30mLevel 5[0m set package 'velodyne_gazebo_plugins' build argument 'cmake_target' from command line to 'None'
[0.858s] [34mcolcon.colcon_core.verb[0m [1;30mLevel 5[0m set package 'velodyne_gazebo_plugins' build argument 'cmake_target_skip_unavailable' from command line to 'False'
[0.858s] [34mcolcon.colcon_core.verb[0m [1;30mLevel 5[0m set package 'velodyne_gazebo_plugins' build argument 'cmake_clean_cache' from command line to 'False'
[0.858s] [34mcolcon.colcon_core.verb[0m [1;30mLevel 5[0m set package 'velodyne_gazebo_plugins' build argument 'cmake_clean_first' from command line to 'False'
[0.858s] [34mcolcon.colcon_core.verb[0m [1;30mLevel 5[0m set package 'velodyne_gazebo_plugins' build argument 'cmake_force_configure' from command line to 'False'
[0.858s] [34mcolcon.colcon_core.verb[0m [1;30mLevel 5[0m set package 'velodyne_gazebo_plugins' build argument 'ament_cmake_args' from command line to 'None'
[0.858s] [34mcolcon.colcon_core.verb[0m [1;30mLevel 5[0m set package 'velodyne_gazebo_plugins' build argument 'catkin_cmake_args' from command line to 'None'
[0.859s] [34mcolcon.colcon_core.verb[0m [1;30mLevel 5[0m set package 'velodyne_gazebo_plugins' build argument 'catkin_skip_building_tests' from command line to 'False'
[0.859s] [34mcolcon.colcon_core.verb[0m [1;30mDEBUG[0m [32mBuilding package 'velodyne_gazebo_plugins' with the following arguments: {'ament_cmake_args': None, 'build_base': '/media/subham/85dce0f4-2e29-4540-9a32-801850cfcef6/subham/LidarMapping2.5D/build/velodyne_gazebo_plugins', 'catkin_cmake_args': None, 'catkin_skip_building_tests': False, 'cmake_args': None, 'cmake_clean_cache': False, 'cmake_clean_first': False, 'cmake_force_configure': False, 'cmake_target': None, 'cmake_target_skip_unavailable': False, 'install_base': '/media/subham/85dce0f4-2e29-4540-9a32-801850cfcef6/subham/LidarMapping2.5D/install/velodyne_gazebo_plugins', 'merge_install': False, 'path': '/media/subham/85dce0f4-2e29-4540-9a32-801850cfcef6/subham/LidarMapping2.5D/src/velodyne/velodyne_gazebo_plugins', 'symlink_install': True, 'test_result_base': None}[0m
[0.859s] [34mcolcon.colcon_core.verb[0m [1;30mLevel 5[0m set package 'fastdem_ros2' build argument 'cmake_args' from command line to 'None'
[0.859s] [34mcolcon.colcon_core.verb[0m [1;30mLevel 5[0m set package 'fastdem_ros2' build argument 'cmake_target' from command line to 'None'
[0.860s] [34mcolcon.colcon_core.verb[0m [1;30mLevel 5[0m set package 'fastdem_ros2' build argument 'cmake_target_skip_unavailable' from command line to 'False'
[0.860s] [34mcolcon.colcon_core.verb[0m [1;30mLevel 5[0m set package 'fastdem_ros2' build argument 'cmake_clean_cache' from command line to 'False'
[0.860s] [34mcolcon.colcon_core.verb[0m [1;30mLevel 5[0m set package 'fastdem_ros2' build argument 'cmake_clean_first' from command line to 'False'
[0.860s] [34mcolcon.colcon_core.verb[0m [1;30mLevel 5[0m set package 'fastdem_ros2' build argument 'cmake_force_configure' from command line to 'False'
[0.860s] [34mcolcon.colcon_core.verb[0m [1;30mLevel 5[0m set package 'fastdem_ros2' build argument 'ament_cmake_args' from command line to 'None'
[0.860s] [34mcolcon.colcon_core.verb[0m [1;30mLevel 5[0m set package 'fastdem_ros2' build argument 'catkin_cmake_args' from command line to 'None'
[0.860s] [34mcolcon.colcon_core.verb[0m [1;30mLevel 5[0m set package 'fastdem_ros2' build argument 'catkin_skip_building_tests' from command line to 'False'
[0.860s] [34mcolcon.colcon_core.verb[0m [1;30mDEBUG[0m [32mBuilding package 'fastdem_ros2' with the following arguments: {'ament_cmake_args': None, 'build_base': '/media/subham/85dce0f4-2e29-4540-9a32-801850cfcef6/subham/LidarMapping2.5D/build/fastdem_ros2', 'catkin_cmake_args': None, 'catkin_skip_building_tests': False, 'cmake_args': None, 'cmake_clean_cache': False, 'cmake_clean_first': False, 'cmake_force_configure': False, 'cmake_target': None, 'cmake_target_skip_unavailable': False, 'install_base': '/media/subham/85dce0f4-2e29-4540-9a32-801850cfcef6/subham/LidarMapping2.5D/install/fastdem_ros2', 'merge_install': False, 'path': '/media/subham/85dce0f4-2e29-4540-9a32-801850cfcef6/subham/LidarMapping2.5D/src/FastDEM/ros2', 'symlink_install': True, 'test_result_base': None}[0m
[0.861s] [34mcolcon.colcon_core.verb[0m [1;30mLevel 5[0m set package 'patchwork_plusplus' build argument 'cmake_args' from command line to 'None'
[0.861s] [34mcolcon.colcon_core.verb[0m [1;30mLevel 5[0m set package 'patchwork_plusplus' build argument 'cmake_target' from command line to 'None'
[0.861s] [34mcolcon.colcon_core.verb[0m [1;30mLevel 5[0m set package 'patchwork_plusplus' build argument 'cmake_target_skip_unavailable' from command line to 'False'
[0.861s] [34mcolcon.colcon_core.verb[0m [1;30mLevel 5[0m set package 'patchwork_plusplus' build argument 'cmake_clean_cache' from command line to 'False'
[0.861s] [34mcolcon.colcon_core.verb[0m [1;30mLevel 5[0m set package 'patchwork_plusplus' build argument 'cmake_clean_first' from command line to 'False'
[0.861s] [34mcolcon.colcon_core.verb[0m [1;30mLevel 5[0m set package 'patchwork_plusplus' build argument 'cmake_force_configure' from command line to 'False'
[0.861s] [34mcolcon.colcon_core.verb[0m [1;30mLevel 5[0m set package 'patchwork_plusplus' build argument 'ament_cmake_args' from command line to 'None'
[0.861s] [34mcolcon.colcon_core.verb[0m [1;30mLevel 5[0m set package 'patchwork_plusplus' build argument 'catkin_cmake_args' from command line to 'None'
[0.861s] [34mcolcon.colcon_core.verb[0m [1;30mLevel 5[0m set package 'patchwork_plusplus' build argument 'catkin_skip_building_tests' from command line to 'False'
[0.861s] [34mcolcon.colcon_core.verb[0m [1;30mDEBUG[0m [32mBuilding package 'patchwork_plusplus' with the following arguments: {'ament_cmake_args': None, 'build_base': '/media/subham/85dce0f4-2e29-4540-9a32-801850cfcef6/subham/LidarMapping2.5D/build/patchwork_plusplus', 'catkin_cmake_args': None, 'catkin_skip_building_tests': False, 'cmake_args': None, 'cmake_clean_cache': False, 'cmake_clean_first': False, 'cmake_force_configure': False, 'cmake_target': None, 'cmake_target_skip_unavailable': False, 'install_base': '/media/subham/85dce0f4-2e29-4540-9a32-801850cfcef6/subham/LidarMapping2.5D/install/patchwork_plusplus', 'merge_install': False, 'path': '/media/subham/85dce0f4-2e29-4540-9a32-801850cfcef6/subham/LidarMapping2.5D/src/patchwork-plusplus-ros2/patchwork_plusplus', 'symlink_install': True, 'test_result_base': None}[0m
[0.862s] [34mcolcon.colcon_core.verb[0m [1;30mLevel 5[0m set package 'velodyne_description' build argument 'cmake_args' from command line to 'None'
[0.862s] [34mcolcon.colcon_core.verb[0m [1;30mLevel 5[0m set package 'velodyne_description' build argument 'cmake_target' from command line to 'None'
[0.862s] [34mcolcon.colcon_core.verb[0m [1;30mLevel 5[0m set package 'velodyne_description' build argument 'cmake_target_skip_unavailable' from command line to 'False'
[0.862s] [34mcolcon.colcon_core.verb[0m [1;30mLevel 5[0m set package 'velodyne_description' build argument 'cmake_clean_cache' from command line to 'False'
[0.862s] [34mcolcon.colcon_core.verb[0m [1;30mLevel 5[0m set package 'velodyne_description' build argument 'cmake_clean_first' from command line to 'False'
[0.862s] [34mcolcon.colcon_core.verb[0m [1;30mLevel 5[0m set package 'velodyne_description' build argument 'cmake_force_configure' from command line to 'False'
[0.862s] [34mcolcon.colcon_core.verb[0m [1;30mLevel 5[0m set package 'velodyne_description' build argument 'ament_cmake_args' from command line to 'None'
[0.862s] [34mcolcon.colcon_core.verb[0m [1;30mLevel 5[0m set package 'velodyne_description' build argument 'catkin_cmake_args' from command line to 'None'
[0.862s] [34mcolcon.colcon_core.verb[0m [1;30mLevel 5[0m set package 'velodyne_description' build argument 'catkin_skip_building_tests' from command line to 'False'
[0.862s] [34mcolcon.colcon_core.verb[0m [1;30mDEBUG[0m [32mBuilding package 'velodyne_description' with the following arguments: {'ament_cmake_args': None, 'build_base': '/media/subham/85dce0f4-2e29-4540-9a32-801850cfcef6/subham/LidarMapping2.5D/build/velodyne_description', 'catkin_cmake_args': None, 'catkin_skip_building_tests': False, 'cmake_args': None, 'cmake_clean_cache': False, 'cmake_clean_first': False, 'cmake_force_configure': False, 'cmake_target': None, 'cmake_target_skip_unavailable': False, 'install_base': '/media/subham/85dce0f4-2e29-4540-9a32-801850cfcef6/subham/LidarMapping2.5D/install/velodyne_description', 'merge_install': False, 'path': '/media/subham/85dce0f4-2e29-4540-9a32-801850cfcef6/subham/LidarMapping2.5D/src/velodyne/velodyne_description', 'symlink_install': True, 'test_result_base': None}[0m
[0.863s] [34mcolcon.colcon_core.verb[0m [1;30mLevel 5[0m set package 'velodyne_simulator' build argument 'cmake_args' from command line to 'None'
[0.863s] [34mcolcon.colcon_core.verb[0m [1;30mLevel 5[0m set package 'velodyne_simulator' build argument 'cmake_target' from command line to 'None'
[0.863s] [34mcolcon.colcon_core.verb[0m [1;30mLevel 5[0m set package 'velodyne_simulator' build argument 'cmake_target_skip_unavailable' from command line to 'False'
[0.863s] [34mcolcon.colcon_core.verb[0m [1;30mLevel 5[0m set package 'velodyne_simulator' build argument 'cmake_clean_cache' from command line to 'False'
[0.863s] [34mcolcon.colcon_core.verb[0m [1;30mLevel 5[0m set package 'velodyne_simulator' build argument 'cmake_clean_first' from command line to 'False'
[0.863s] [34mcolcon.colcon_core.verb[0m [1;30mLevel 5[0m set package 'velodyne_simulator' build argument 'cmake_force_configure' from command line to 'False'
[0.864s] [34mcolcon.colcon_core.verb[0m [1;30mLevel 5[0m set package 'velodyne_simulator' build argument 'ament_cmake_args' from command line to 'None'
[0.864s] [34mcolcon.colcon_core.verb[0m [1;30mLevel 5[0m set package 'velodyne_simulator' build argument 'catkin_cmake_args' from command line to 'None'
[0.864s] [34mcolcon.colcon_core.verb[0m [1;30mLevel 5[0m set package 'velodyne_simulator' build argument 'catkin_skip_building_tests' from command line to 'False'
[0.864s] [34mcolcon.colcon_core.verb[0m [1;30mDEBUG[0m [32mBuilding package 'velodyne_simulator' with the following arguments: {'ament_cmake_args': None, 'build_base': '/media/subham/85dce0f4-2e29-4540-9a32-801850cfcef6/subham/LidarMapping2.5D/build/velodyne_simulator', 'catkin_cmake_args': None, 'catkin_skip_building_tests': False, 'cmake_args': None, 'cmake_clean_cache': False, 'cmake_clean_first': False, 'cmake_force_configure': False, 'cmake_target': None, 'cmake_target_skip_unavailable': False, 'install_base': '/media/subham/85dce0f4-2e29-4540-9a32-801850cfcef6/subham/LidarMapping2.5D/install/velodyne_simulator', 'merge_install': False, 'path': '/media/subham/85dce0f4-2e29-4540-9a32-801850cfcef6/subham/LidarMapping2.5D/src/velodyne/velodyne_simulator', 'symlink_install': True, 'test_result_base': None}[0m
[0.864s] [34mcolcon.colcon_core.executor[0m [1;30mINFO[0m Executing jobs using 'sequential' executor
[0.866s] [34mcolcon.colcon_core.executor.sequential[0m [1;30mDEBUG[0m [32mrun_until_complete 'fastdem'[0m
[0.867s] [34mcolcon.colcon_ros.task.cmake.build[0m [1;30mINFO[0m Building ROS package in '/media/subham/85dce0f4-2e29-4540-9a32-801850cfcef6/subham/LidarMapping2.5D/src/FastDEM/fastdem' with build type 'cmake'
[0.867s] [34mcolcon.colcon_cmake.task.cmake.build[0m [1;30mINFO[0m Building CMake package in '/media/subham/85dce0f4-2e29-4540-9a32-801850cfcef6/subham/LidarMapping2.5D/src/FastDEM/fastdem'
[0.873s] [34mcolcon.colcon_core.plugin_system[0m [1;30mINFO[0m Skipping extension 'colcon_core.shell.bat': Not used on non-Windows systems
[0.873s] [34mcolcon.colcon_core.shell[0m [1;30mINFO[0m Skip shell extension 'powershell' for command environment: Not usable outside of PowerShell
[0.873s] [34mcolcon.colcon_core.shell[0m [1;30mDEBUG[0m [32mSkip shell extension 'dsv' for command environment[0m
[0.910s] [34mcolcon.colcon_core.event_handler.log_command[0m [1;30mDEBUG[0m [32mInvoking command in '/media/subham/85dce0f4-2e29-4540-9a32-801850cfcef6/subham/LidarMapping2.5D/build/fastdem': CMAKE_PREFIX_PATH=${CMAKE_PREFIX_PATH}:/home/subham/omokai_ws/install/llm_navigation:/home/subham/Edge_AI_for_ADAS_and_Autonomous_Systems/install/adas_perception:/home/subham/Edge_AI_for_ADAS_and_Autonomous_Systems/install/adas_navigation:/home/subham/rover_ws/install/rover_navigation:/home/subham/anvrit_ws/install/anvrit_perception:/home/subham/anvrit_ws/install/anvrit_odometry:/home/subham/anvrit_ws/install/anvrit_nav2:/home/subham/igvc/install/igvc_perception:/home/subham/igvc/install/igvc_navigation:/home/subham/colcon_ws/install/ros2ai:/opt/ros/humble /usr/bin/cmake --build /media/subham/85dce0f4-2e29-4540-9a32-801850cfcef6/subham/LidarMapping2.5D/build/fastdem[0m
[1.216s] [34mcolcon.colcon_core.event_handler.log_command[0m [1;30mDEBUG[0m [32mInvoked command in '/media/subham/85dce0f4-2e29-4540-9a32-801850cfcef6/subham/LidarMapping2.5D/build/fastdem' returned '0': CMAKE_PREFIX_PATH=${CMAKE_PREFIX_PATH}:/home/subham/omokai_ws/install/llm_navigation:/home/subham/Edge_AI_for_ADAS_and_Autonomous_Systems/install/adas_perception:/home/subham/Edge_AI_for_ADAS_and_Autonomous_Systems/install/adas_navigation:/home/subham/rover_ws/install/rover_navigation:/home/subham/anvrit_ws/install/anvrit_perception:/home/subham/anvrit_ws/install/anvrit_odometry:/home/subham/anvrit_ws/install/anvrit_nav2:/home/subham/igvc/install/igvc_perception:/home/subham/igvc/install/igvc_navigation:/home/subham/colcon_ws/install/ros2ai:/opt/ros/humble /usr/bin/cmake --build /media/subham/85dce0f4-2e29-4540-9a32-801850cfcef6/subham/LidarMapping2.5D/build/fastdem[0m
[1.254s] [34mcolcon.colcon_core.event_handler.log_command[0m [1;30mDEBUG[0m [32mInvoking command in '/media/subham/85dce0f4-2e29-4540-9a32-801850cfcef6/subham/LidarMapping2.5D/build/fastdem': CMAKE_PREFIX_PATH=${CMAKE_PREFIX_PATH}:/home/subham/omokai_ws/install/llm_navigation:/home/subham/Edge_AI_for_ADAS_and_Autonomous_Systems/install/adas_perception:/home/subham/Edge_AI_for_ADAS_and_Autonomous_Systems/install/adas_navigation:/home/subham/rover_ws/install/rover_navigation:/home/subham/anvrit_ws/install/anvrit_perception:/home/subham/anvrit_ws/install/anvrit_odometry:/home/subham/anvrit_ws/install/anvrit_nav2:/home/subham/igvc/install/igvc_perception:/home/subham/igvc/install/igvc_navigation:/home/subham/colcon_ws/install/ros2ai:/opt/ros/humble /usr/bin/cmake --install /media/subham/85dce0f4-2e29-4540-9a32-801850cfcef6/subham/LidarMapping2.5D/build/fastdem[0m
[1.301s] [34mcolcon.colcon_core.shell[0m [1;30mLevel 1[0m create_environment_hook('fastdem', 'pkg_config_path')
[1.301s] [34mcolcon.colcon_core.shell[0m [1;30mINFO[0m Creating environment hook '/media/subham/85dce0f4-2e29-4540-9a32-801850cfcef6/subham/LidarMapping2.5D/install/fastdem/share/fastdem/hook/pkg_config_path.ps1'
[1.304s] [34mcolcon.colcon_core.shell[0m [1;30mINFO[0m Creating environment descriptor '/media/subham/85dce0f4-2e29-4540-9a32-801850cfcef6/subham/LidarMapping2.5D/install/fastdem/share/fastdem/hook/pkg_config_path.dsv'
[1.306s] [34mcolcon.colcon_core.shell[0m [1;30mINFO[0m Creating environment hook '/media/subham/85dce0f4-2e29-4540-9a32-801850cfcef6/subham/LidarMapping2.5D/install/fastdem/share/fastdem/hook/pkg_config_path.sh'
[1.311s] [34mcolcon.colcon_core.event_handler.log_command[0m [1;30mDEBUG[0m [32mInvoked command in '/media/subham/85dce0f4-2e29-4540-9a32-801850cfcef6/subham/LidarMapping2.5D/build/fastdem' returned '0': CMAKE_PREFIX_PATH=${CMAKE_PREFIX_PATH}:/home/subham/omokai_ws/install/llm_navigation:/home/subham/Edge_AI_for_ADAS_and_Autonomous_Systems/install/adas_perception:/home/subham/Edge_AI_for_ADAS_and_Autonomous_Systems/install/adas_navigation:/home/subham/rover_ws/install/rover_navigation:/home/subham/anvrit_ws/install/anvrit_perception:/home/subham/anvrit_ws/install/anvrit_odometry:/home/subham/anvrit_ws/install/anvrit_nav2:/home/subham/igvc/install/igvc_perception:/home/subham/igvc/install/igvc_navigation:/home/subham/colcon_ws/install/ros2ai:/opt/ros/humble /usr/bin/cmake --install /media/subham/85dce0f4-2e29-4540-9a32-801850cfcef6/subham/LidarMapping2.5D/build/fastdem[0m
[1.314s] [34mcolcon.colcon_core.shell[0m [1;30mLevel 1[0m create_environment_hook('fastdem', 'pkg_config_path_multiarch')
[1.314s] [34mcolcon.colcon_core.shell[0m [1;30mINFO[0m Creating environment hook '/media/subham/85dce0f4-2e29-4540-9a32-801850cfcef6/subham/LidarMapping2.5D/install/fastdem/share/fastdem/hook/pkg_config_path_multiarch.ps1'
[1.316s] [34mcolcon.colcon_core.shell[0m [1;30mINFO[0m Creating environment descriptor '/media/subham/85dce0f4-2e29-4540-9a32-801850cfcef6/subham/LidarMapping2.5D/install/fastdem/share/fastdem/hook/pkg_config_path_multiarch.dsv'
[1.316s] [34mcolcon.colcon_core.shell[0m [1;30mINFO[0m Creating environment hook '/media/subham/85dce0f4-2e29-4540-9a32-801850cfcef6/subham/LidarMapping2.5D/install/fastdem/share/fastdem/hook/pkg_config_path_multiarch.sh'
[1.317s] [34mcolcon.colcon_core.environment[0m [1;30mLevel 1[0m create_environment_scripts_only(fastdem)
[1.323s] [34mcolcon.colcon_core.environment[0m [1;30mLevel 1[0m checking '/media/subham/85dce0f4-2e29-4540-9a32-801850cfcef6/subham/LidarMapping2.5D/install/fastdem' for CMake module files
[1.324s] [34mcolcon.colcon_core.environment[0m [1;30mLevel 1[0m checking '/media/subham/85dce0f4-2e29-4540-9a32-801850cfcef6/subham/LidarMapping2.5D/install/fastdem' for CMake config files
[1.326s] [34mcolcon.colcon_core.shell[0m [1;30mLevel 1[0m create_environment_hook('fastdem', 'cmake_prefix_path')
[1.326s] [34mcolcon.colcon_core.shell[0m [1;30mINFO[0m Creating environment hook '/media/subham/85dce0f4-2e29-4540-9a32-801850cfcef6/subham/LidarMapping2.5D/install/fastdem/share/fastdem/hook/cmake_prefix_path.ps1'
[1.327s] [34mcolcon.colcon_core.shell[0m [1;30mINFO[0m Creating environment descriptor '/media/subham/85dce0f4-2e29-4540-9a32-801850cfcef6/subham/LidarMapping2.5D/install/fastdem/share/fastdem/hook/cmake_prefix_path.dsv'
[1.328s] [34mcolcon.colcon_core.shell[0m [1;30mINFO[0m Creating environment hook '/media/subham/85dce0f4-2e29-4540-9a32-801850cfcef6/subham/LidarMapping2.5D/install/fastdem/share/fastdem/hook/cmake_prefix_path.sh'
[1.330s] [34mcolcon.colcon_core.environment[0m [1;30mLevel 1[0m checking '/media/subham/85dce0f4-2e29-4540-9a32-801850cfcef6/subham/LidarMapping2.5D/install/fastdem/lib'
[1.330s] [34mcolcon.colcon_core.environment[0m [1;30mLevel 1[0m checking '/media/subham/85dce0f4-2e29-4540-9a32-801850cfcef6/subham/LidarMapping2.5D/install/fastdem/bin'
[1.330s] [34mcolcon.colcon_core.environment[0m [1;30mLevel 1[0m checking '/media/subham/85dce0f4-2e29-4540-9a32-801850cfcef6/subham/LidarMapping2.5D/install/fastdem/lib/pkgconfig/fastdem.pc'
[1.331s] [34mcolcon.colcon_core.environment[0m [1;30mLevel 1[0m checking '/media/subham/85dce0f4-2e29-4540-9a32-801850cfcef6/subham/LidarMapping2.5D/install/fastdem/lib/python3.10/site-packages'
[1.331s] [34mcolcon.colcon_core.environment[0m [1;30mLevel 1[0m checking '/media/subham/85dce0f4-2e29-4540-9a32-801850cfcef6/subham/LidarMapping2.5D/install/fastdem/bin'
[1.332s] [34mcolcon.colcon_core.shell[0m [1;30mINFO[0m Creating package script '/media/subham/85dce0f4-2e29-4540-9a32-801850cfcef6/subham/LidarMapping2.5D/install/fastdem/share/fastdem/package.ps1'
[1.335s] [34mcolcon.colcon_core.shell[0m [1;30mINFO[0m Creating package descriptor '/media/subham/85dce0f4-2e29-4540-9a32-801850cfcef6/subham/LidarMapping2.5D/install/fastdem/share/fastdem/package.dsv'
[1.337s] [34mcolcon.colcon_core.shell[0m [1;30mINFO[0m Creating package script '/media/subham/85dce0f4-2e29-4540-9a32-801850cfcef6/subham/LidarMapping2.5D/install/fastdem/share/fastdem/package.sh'
[1.339s] [34mcolcon.colcon_core.shell[0m [1;30mINFO[0m Creating package script '/media/subham/85dce0f4-2e29-4540-9a32-801850cfcef6/subham/LidarMapping2.5D/install/fastdem/share/fastdem/package.bash'
[1.340s] [34mcolcon.colcon_core.shell[0m [1;30mINFO[0m Creating package script '/media/subham/85dce0f4-2e29-4540-9a32-801850cfcef6/subham/LidarMapping2.5D/install/fastdem/share/fastdem/package.zsh'
[1.342s] [34mcolcon.colcon_core.environment[0m [1;30mLevel 1[0m create_file_with_runtime_dependencies(/media/subham/85dce0f4-2e29-4540-9a32-801850cfcef6/subham/LidarMapping2.5D/install/fastdem/share/colcon-core/packages/fastdem)
[1.342s] [34mcolcon.colcon_core.executor.sequential[0m [1;30mDEBUG[0m [32mrun_until_complete 'fastdem' finished with '0'[0m
[1.342s] [34mcolcon.colcon_core.executor.sequential[0m [1;30mDEBUG[0m [32mrun_until_complete 'jsk_recognition_msgs'[0m
[1.342s] [34mcolcon.colcon_ros.task.ament_cmake.build[0m [1;30mINFO[0m Building ROS package in '/media/subham/85dce0f4-2e29-4540-9a32-801850cfcef6/subham/LidarMapping2.5D/src/patchwork-plusplus-ros2/jsk_recognition_msgs' with build type 'ament_cmake'
[1.343s] [34mcolcon.colcon_cmake.task.cmake.build[0m [1;30mINFO[0m Building CMake package in '/media/subham/85dce0f4-2e29-4540-9a32-801850cfcef6/subham/LidarMapping2.5D/src/patchwork-plusplus-ros2/jsk_recognition_msgs'
[1.343s] [34mcolcon.colcon_core.shell[0m [1;30mINFO[0m Skip shell extension 'powershell' for command environment: Not usable outside of PowerShell
[1.343s] [34mcolcon.colcon_core.shell[0m [1;30mDEBUG[0m [32mSkip shell extension 'dsv' for command environment[0m
[1.381s] [34mcolcon.colcon_core.event_handler.log_command[0m [1;30mDEBUG[0m [32mInvoking command in '/media/subham/85dce0f4-2e29-4540-9a32-801850cfcef6/subham/LidarMapping2.5D/build/jsk_recognition_msgs': CMAKE_PREFIX_PATH=${CMAKE_PREFIX_PATH}:/home/subham/omokai_ws/install/llm_navigation:/home/subham/Edge_AI_for_ADAS_and_Autonomous_Systems/install/adas_perception:/home/subham/Edge_AI_for_ADAS_and_Autonomous_Systems/install/adas_navigation:/home/subham/rover_ws/install/rover_navigation:/home/subham/anvrit_ws/install/anvrit_perception:/home/subham/anvrit_ws/install/anvrit_odometry:/home/subham/anvrit_ws/install/anvrit_nav2:/home/subham/igvc/install/igvc_perception:/home/subham/igvc/install/igvc_navigation:/home/subham/colcon_ws/install/ros2ai:/opt/ros/humble /usr/bin/cmake --build /media/subham/85dce0f4-2e29-4540-9a32-801850cfcef6/subham/LidarMapping2.5D/build/jsk_recognition_msgs[0m
[6.190s] [34mcolcon.colcon_core.event_handler.log_command[0m [1;30mDEBUG[0m [32mInvoked command in '/media/subham/85dce0f4-2e29-4540-9a32-801850cfcef6/subham/LidarMapping2.5D/build/jsk_recognition_msgs' returned '0': CMAKE_PREFIX_PATH=${CMAKE_PREFIX_PATH}:/home/subham/omokai_ws/install/llm_navigation:/home/subham/Edge_AI_for_ADAS_and_Autonomous_Systems/install/adas_perception:/home/subham/Edge_AI_for_ADAS_and_Autonomous_Systems/install/adas_navigation:/home/subham/rover_ws/install/rover_navigation:/home/subham/anvrit_ws/install/anvrit_perception:/home/subham/anvrit_ws/install/anvrit_odometry:/home/subham/anvrit_ws/install/anvrit_nav2:/home/subham/igvc/install/igvc_perception:/home/subham/igvc/install/igvc_navigation:/home/subham/colcon_ws/install/ros2ai:/opt/ros/humble /usr/bin/cmake --build /media/subham/85dce0f4-2e29-4540-9a32-801850cfcef6/subham/LidarMapping2.5D/build/jsk_recognition_msgs[0m
[6.195s] [34mcolcon.colcon_core.event_handler.log_command[0m [1;30mDEBUG[0m [32mInvoking command in '/media/subham/85dce0f4-2e29-4540-9a32-801850cfcef6/subham/LidarMapping2.5D/build/jsk_recognition_msgs': CMAKE_PREFIX_PATH=${CMAKE_PREFIX_PATH}:/home/subham/omokai_ws/install/llm_navigation:/home/subham/Edge_AI_for_ADAS_and_Autonomous_Systems/install/adas_perception:/home/subham/Edge_AI_for_ADAS_and_Autonomous_Systems/install/adas_navigation:/home/subham/rover_ws/install/rover_navigation:/home/subham/anvrit_ws/install/anvrit_perception:/home/subham/anvrit_ws/install/anvrit_odometry:/home/subham/anvrit_ws/install/anvrit_nav2:/home/subham/igvc/install/igvc_perception:/home/subham/igvc/install/igvc_navigation:/home/subham/colcon_ws/install/ros2ai:/opt/ros/humble /usr/bin/cmake --install /media/subham/85dce0f4-2e29-4540-9a32-801850cfcef6/subham/LidarMapping2.5D/build/jsk_recognition_msgs[0m
[6.427s] [34mcolcon.colcon_core.environment[0m [1;30mLevel 1[0m create_environment_scripts_only(jsk_recognition_msgs)
[6.428s] [34mcolcon.colcon_core.event_handler.log_command[0m [1;30mDEBUG[0m [32mInvoked command in '/media/subham/85dce0f4-2e29-4540-9a32-801850cfcef6/subham/LidarMapping2.5D/build/jsk_recognition_msgs' returned '0': CMAKE_PREFIX_PATH=${CMAKE_PREFIX_PATH}:/home/subham/omokai_ws/install/llm_navigation:/home/subham/Edge_AI_for_ADAS_and_Autonomous_Systems/install/adas_perception:/home/subham/Edge_AI_for_ADAS_and_Autonomous_Systems/install/adas_navigation:/home/subham/rover_ws/install/rover_navigation:/home/subham/anvrit_ws/install/anvrit_perception:/home/subham/anvrit_ws/install/anvrit_odometry:/home/subham/anvrit_ws/install/anvrit_nav2:/home/subham/igvc/install/igvc_perception:/home/subham/igvc/install/igvc_navigation:/home/subham/colcon_ws/install/ros2ai:/opt/ros/humble /usr/bin/cmake --install /media/subham/85dce0f4-2e29-4540-9a32-801850cfcef6/subham/LidarMapping2.5D/build/jsk_recognition_msgs[0m
[6.429s] [34mcolcon.colcon_core.environment[0m [1;30mLevel 1[0m checking '/media/subham/85dce0f4-2e29-4540-9a32-801850cfcef6/subham/LidarMapping2.5D/install/jsk_recognition_msgs' for CMake module files
[6.430s] [34mcolcon.colcon_core.environment[0m [1;30mLevel 1[0m checking '/media/subham/85dce0f4-2e29-4540-9a32-801850cfcef6/subham/LidarMapping2.5D/install/jsk_recognition_msgs' for CMake config files
[6.433s] [34mcolcon.colcon_core.shell[0m [1;30mLevel 1[0m create_environment_hook('jsk_recognition_msgs', 'cmake_prefix_path')
[6.433s] [34mcolcon.colcon_core.shell[0m [1;30mINFO[0m Creating environment hook '/media/subham/85dce0f4-2e29-4540-9a32-801850cfcef6/subham/LidarMapping2.5D/install/jsk_recognition_msgs/share/jsk_recognition_msgs/hook/cmake_prefix_path.ps1'
[6.434s] [34mcolcon.colcon_core.shell[0m [1;30mINFO[0m Creating environment descriptor '/media/subham/85dce0f4-2e29-4540-9a32-801850cfcef6/subham/LidarMapping2.5D/install/jsk_recognition_msgs/share/jsk_recognition_msgs/hook/cmake_prefix_path.dsv'
[6.435s] [34mcolcon.colcon_core.shell[0m [1;30mINFO[0m Creating environment hook '/media/subham/85dce0f4-2e29-4540-9a32-801850cfcef6/subham/LidarMapping2.5D/install/jsk_recognition_msgs/share/jsk_recognition_msgs/hook/cmake_prefix_path.sh'
[6.437s] [34mcolcon.colcon_core.environment[0m [1;30mLevel 1[0m checking '/media/subham/85dce0f4-2e29-4540-9a32-801850cfcef6/subham/LidarMapping2.5D/install/jsk_recognition_msgs/lib'
[6.438s] [34mcolcon.colcon_core.shell[0m [1;30mLevel 1[0m create_environment_hook('jsk_recognition_msgs', 'ld_library_path_lib')
[6.438s] [34mcolcon.colcon_core.shell[0m [1;30mINFO[0m Creating environment hook '/media/subham/85dce0f4-2e29-4540-9a32-801850cfcef6/subham/LidarMapping2.5D/install/jsk_recognition_msgs/share/jsk_recognition_msgs/hook/ld_library_path_lib.ps1'
[6.439s] [34mcolcon.colcon_core.shell[0m [1;30mINFO[0m Creating environment descriptor '/media/subham/85dce0f4-2e29-4540-9a32-801850cfcef6/subham/LidarMapping2.5D/install/jsk_recognition_msgs/share/jsk_recognition_msgs/hook/ld_library_path_lib.dsv'
[6.440s] [34mcolcon.colcon_core.shell[0m [1;30mINFO[0m Creating environment hook '/media/subham/85dce0f4-2e29-4540-9a32-801850cfcef6/subham/LidarMapping2.5D/install/jsk_recognition_msgs/share/jsk_recognition_msgs/hook/ld_library_path_lib.sh'
[6.441s] [34mcolcon.colcon_core.environment[0m [1;30mLevel 1[0m checking '/media/subham/85dce0f4-2e29-4540-9a32-801850cfcef6/subham/LidarMapping2.5D/install/jsk_recognition_msgs/bin'
[6.441s] [34mcolcon.colcon_core.environment[0m [1;30mLevel 1[0m checking '/media/subham/85dce0f4-2e29-4540-9a32-801850cfcef6/subham/LidarMapping2.5D/install/jsk_recognition_msgs/lib/pkgconfig/jsk_recognition_msgs.pc'
[6.441s] [34mcolcon.colcon_core.environment[0m [1;30mLevel 1[0m checking '/media/subham/85dce0f4-2e29-4540-9a32-801850cfcef6/subham/LidarMapping2.5D/install/jsk_recognition_msgs/lib/python3.10/site-packages'
[6.442s] [34mcolcon.colcon_core.environment[0m [1;30mLevel 1[0m checking '/media/subham/85dce0f4-2e29-4540-9a32-801850cfcef6/subham/LidarMapping2.5D/install/jsk_recognition_msgs/bin'
[6.443s] [34mcolcon.colcon_core.shell[0m [1;30mINFO[0m Creating package script '/media/subham/85dce0f4-2e29-4540-9a32-801850cfcef6/subham/LidarMapping2.5D/install/jsk_recognition_msgs/share/jsk_recognition_msgs/package.ps1'
[6.444s] [34mcolcon.colcon_core.shell[0m [1;30mINFO[0m Creating package descriptor '/media/subham/85dce0f4-2e29-4540-9a32-801850cfcef6/subham/LidarMapping2.5D/install/jsk_recognition_msgs/share/jsk_recognition_msgs/package.dsv'
[6.445s] [34mcolcon.colcon_core.shell[0m [1;30mINFO[0m Creating package script '/media/subham/85dce0f4-2e29-4540-9a32-801850cfcef6/subham/LidarMapping2.5D/install/jsk_recognition_msgs/share/jsk_recognition_msgs/package.sh'
[6.446s] [34mcolcon.colcon_core.shell[0m [1;30mINFO[0m Creating package script '/media/subham/85dce0f4-2e29-4540-9a32-801850cfcef6/subham/LidarMapping2.5D/install/jsk_recognition_msgs/share/jsk_recognition_msgs/package.bash'
[6.447s] [34mcolcon.colcon_core.shell[0m [1;30mINFO[0m Creating package script '/media/subham/85dce0f4-2e29-4540-9a32-801850cfcef6/subham/LidarMapping2.5D/install/jsk_recognition_msgs/share/jsk_recognition_msgs/package.zsh'
[6.448s] [34mcolcon.colcon_core.environment[0m [1;30mLevel 1[0m create_file_with_runtime_dependencies(/media/subham/85dce0f4-2e29-4540-9a32-801850cfcef6/subham/LidarMapping2.5D/install/jsk_recognition_msgs/share/colcon-core/packages/jsk_recognition_msgs)
[6.449s] [34mcolcon.colcon_core.environment[0m [1;30mLevel 1[0m create_environment_scripts_only(jsk_recognition_msgs)
[6.450s] [34mcolcon.colcon_core.environment[0m [1;30mLevel 1[0m checking '/media/subham/85dce0f4-2e29-4540-9a32-801850cfcef6/subham/LidarMapping2.5D/install/jsk_recognition_msgs' for CMake module files
[6.451s] [34mcolcon.colcon_core.environment[0m [1;30mLevel 1[0m checking '/media/subham/85dce0f4-2e29-4540-9a32-801850cfcef6/subham/LidarMapping2.5D/install/jsk_recognition_msgs' for CMake config files
[6.454s] [34mcolcon.colcon_core.shell[0m [1;30mLevel 1[0m create_environment_hook('jsk_recognition_msgs', 'cmake_prefix_path')
[6.454s] [34mcolcon.colcon_core.shell[0m [1;30mINFO[0m Creating environment hook '/media/subham/85dce0f4-2e29-4540-9a32-801850cfcef6/subham/LidarMapping2.5D/install/jsk_recognition_msgs/share/jsk_recognition_msgs/hook/cmake_prefix_path.ps1'
[6.455s] [34mcolcon.colcon_core.shell[0m [1;30mINFO[0m Creating environment descriptor '/media/subham/85dce0f4-2e29-4540-9a32-801850cfcef6/subham/LidarMapping2.5D/install/jsk_recognition_msgs/share/jsk_recognition_msgs/hook/cmake_prefix_path.dsv'
[6.456s] [34mcolcon.colcon_core.shell[0m [1;30mINFO[0m Creating environment hook '/media/subham/85dce0f4-2e29-4540-9a32-801850cfcef6/subham/LidarMapping2.5D/install/jsk_recognition_msgs/share/jsk_recognition_msgs/hook/cmake_prefix_path.sh'
[6.457s] [34mcolcon.colcon_core.environment[0m [1;30mLevel 1[0m checking '/media/subham/85dce0f4-2e29-4540-9a32-801850cfcef6/subham/LidarMapping2.5D/install/jsk_recognition_msgs/lib'
[6.458s] [34mcolcon.colcon_core.shell[0m [1;30mLevel 1[0m create_environment_hook('jsk_recognition_msgs', 'ld_library_path_lib')
[6.458s] [34mcolcon.colcon_core.shell[0m [1;30mINFO[0m Creating environment hook '/media/subham/85dce0f4-2e29-4540-9a32-801850cfcef6/subham/LidarMapping2.5D/install/jsk_recognition_msgs/share/jsk_recognition_msgs/hook/ld_library_path_lib.ps1'
[6.459s] [34mcolcon.colcon_core.shell[0m [1;30mINFO[0m Creating environment descriptor '/media/subham/85dce0f4-2e29-4540-9a32-801850cfcef6/subham/LidarMapping2.5D/install/jsk_recognition_msgs/share/jsk_recognition_msgs/hook/ld_library_path_lib.dsv'
[6.460s] [34mcolcon.colcon_core.shell[0m [1;30mINFO[0m Creating environment hook '/media/subham/85dce0f4-2e29-4540-9a32-801850cfcef6/subham/LidarMapping2.5D/install/jsk_recognition_msgs/share/jsk_recognition_msgs/hook/ld_library_path_lib.sh'
[6.461s] [34mcolcon.colcon_core.environment[0m [1;30mLevel 1[0m checking '/media/subham/85dce0f4-2e29-4540-9a32-801850cfcef6/subham/LidarMapping2.5D/install/jsk_recognition_msgs/bin'
[6.461s] [34mcolcon.colcon_core.environment[0m [1;30mLevel 1[0m checking '/media/subham/85dce0f4-2e29-4540-9a32-801850cfcef6/subham/LidarMapping2.5D/install/jsk_recognition_msgs/lib/pkgconfig/jsk_recognition_msgs.pc'
[6.461s] [34mcolcon.colcon_core.environment[0m [1;30mLevel 1[0m checking '/media/subham/85dce0f4-2e29-4540-9a32-801850cfcef6/subham/LidarMapping2.5D/install/jsk_recognition_msgs/lib/python3.10/site-packages'
[6.462s] [34mcolcon.colcon_core.environment[0m [1;30mLevel 1[0m checking '/media/subham/85dce0f4-2e29-4540-9a32-801850cfcef6/subham/LidarMapping2.5D/install/jsk_recognition_msgs/bin'
[6.463s] [34mcolcon.colcon_core.shell[0m [1;30mINFO[0m Creating package script '/media/subham/85dce0f4-2e29-4540-9a32-801850cfcef6/subham/LidarMapping2.5D/install/jsk_recognition_msgs/share/jsk_recognition_msgs/package.ps1'
[6.465s] [34mcolcon.colcon_core.shell[0m [1;30mINFO[0m Creating package descriptor '/media/subham/85dce0f4-2e29-4540-9a32-801850cfcef6/subham/LidarMapping2.5D/install/jsk_recognition_msgs/share/jsk_recognition_msgs/package.dsv'
[6.466s] [34mcolcon.colcon_core.shell[0m [1;30mINFO[0m Creating package script '/media/subham/85dce0f4-2e29-4540-9a32-801850cfcef6/subham/LidarMapping2.5D/install/jsk_recognition_msgs/share/jsk_recognition_msgs/package.sh'
[6.467s] [34mcolcon.colcon_core.shell[0m [1;30mINFO[0m Creating package script '/media/subham/85dce0f4-2e29-4540-9a32-801850cfcef6/subham/LidarMapping2.5D/install/jsk_recognition_msgs/share/jsk_recognition_msgs/package.bash'
[6.468s] [34mcolcon.colcon_core.shell[0m [1;30mINFO[0m Creating package script '/media/subham/85dce0f4-2e29-4540-9a32-801850cfcef6/subham/LidarMapping2.5D/install/jsk_recognition_msgs/share/jsk_recognition_msgs/package.zsh'
[6.469s] [34mcolcon.colcon_core.environment[0m [1;30mLevel 1[0m create_file_with_runtime_dependencies(/media/subham/85dce0f4-2e29-4540-9a32-801850cfcef6/subham/LidarMapping2.5D/install/jsk_recognition_msgs/share/colcon-core/packages/jsk_recognition_msgs)
[6.470s] [34mcolcon.colcon_core.executor.sequential[0m [1;30mDEBUG[0m [32mrun_until_complete 'jsk_recognition_msgs' finished with '0'[0m
[6.470s] [34mcolcon.colcon_core.executor.sequential[0m [1;30mDEBUG[0m [32mrun_until_complete 'lid_description'[0m
[6.470s] [34mcolcon.colcon_ros.task.ament_cmake.build[0m [1;30mINFO[0m Building ROS package in '/media/subham/85dce0f4-2e29-4540-9a32-801850cfcef6/subham/LidarMapping2.5D/src/lid_description' with build type 'ament_cmake'
[6.471s] [34mcolcon.colcon_cmake.task.cmake.build[0m [1;30mINFO[0m Building CMake package in '/media/subham/85dce0f4-2e29-4540-9a32-801850cfcef6/subham/LidarMapping2.5D/src/lid_description'
[6.471s] [34mcolcon.colcon_core.shell[0m [1;30mINFO[0m Skip shell extension 'powershell' for command environment: Not usable outside of PowerShell
[6.472s] [34mcolcon.colcon_core.shell[0m [1;30mDEBUG[0m [32mSkip shell extension 'dsv' for command environment[0m
[6.515s] [34mcolcon.colcon_core.event_handler.log_command[0m [1;30mDEBUG[0m [32mInvoking command in '/media/subham/85dce0f4-2e29-4540-9a32-801850cfcef6/subham/LidarMapping2.5D/build/lid_description': CMAKE_PREFIX_PATH=${CMAKE_PREFIX_PATH}:/home/subham/omokai_ws/install/llm_navigation:/home/subham/Edge_AI_for_ADAS_and_Autonomous_Systems/install/adas_perception:/home/subham/Edge_AI_for_ADAS_and_Autonomous_Systems/install/adas_navigation:/home/subham/rover_ws/install/rover_navigation:/home/subham/anvrit_ws/install/anvrit_perception:/home/subham/anvrit_ws/install/anvrit_odometry:/home/subham/anvrit_ws/install/anvrit_nav2:/home/subham/igvc/install/igvc_perception:/home/subham/igvc/install/igvc_navigation:/home/subham/colcon_ws/install/ros2ai:/opt/ros/humble /usr/bin/cmake --build /media/subham/85dce0f4-2e29-4540-9a32-801850cfcef6/subham/LidarMapping2.5D/build/lid_description[0m
[6.627s] [34mcolcon.colcon_core.event_handler.log_command[0m [1;30mDEBUG[0m [32mInvoked command in '/media/subham/85dce0f4-2e29-4540-9a32-801850cfcef6/subham/LidarMapping2.5D/build/lid_description' returned '0': CMAKE_PREFIX_PATH=${CMAKE_PREFIX_PATH}:/home/subham/omokai_ws/install/llm_navigation:/home/subham/Edge_AI_for_ADAS_and_Autonomous_Systems/install/adas_perception:/home/subham/Edge_AI_for_ADAS_and_Autonomous_Systems/install/adas_navigation:/home/subham/rover_ws/install/rover_navigation:/home/subham/anvrit_ws/install/anvrit_perception:/home/subham/anvrit_ws/install/anvrit_odometry:/home/subham/anvrit_ws/install/anvrit_nav2:/home/subham/igvc/install/igvc_perception:/home/subham/igvc/install/igvc_navigation:/home/subham/colcon_ws/install/ros2ai:/opt/ros/humble /usr/bin/cmake --build /media/subham/85dce0f4-2e29-4540-9a32-801850cfcef6/subham/LidarMapping2.5D/build/lid_description[0m
[6.631s] [34mcolcon.colcon_core.event_handler.log_command[0m [1;30mDEBUG[0m [32mInvoking command in '/media/subham/85dce0f4-2e29-4540-9a32-801850cfcef6/subham/LidarMapping2.5D/build/lid_description': CMAKE_PREFIX_PATH=${CMAKE_PREFIX_PATH}:/home/subham/omokai_ws/install/llm_navigation:/home/subham/Edge_AI_for_ADAS_and_Autonomous_Systems/install/adas_perception:/home/subham/Edge_AI_for_ADAS_and_Autonomous_Systems/install/adas_navigation:/home/subham/rover_ws/install/rover_navigation:/home/subham/anvrit_ws/install/anvrit_perception:/home/subham/anvrit_ws/install/anvrit_odometry:/home/subham/anvrit_ws/install/anvrit_nav2:/home/subham/igvc/install/igvc_perception:/home/subham/igvc/install/igvc_navigation:/home/subham/colcon_ws/install/ros2ai:/opt/ros/humble /usr/bin/cmake --install /media/subham/85dce0f4-2e29-4540-9a32-801850cfcef6/subham/LidarMapping2.5D/build/lid_description[0m
[6.702s] [34mcolcon.colcon_core.environment[0m [1;30mLevel 1[0m create_environment_scripts_only(lid_description)
[6.703s] [34mcolcon.colcon_core.environment[0m [1;30mLevel 1[0m checking '/media/subham/85dce0f4-2e29-4540-9a32-801850cfcef6/subham/LidarMapping2.5D/install/lid_description' for CMake module files
[6.704s] [34mcolcon.colcon_core.event_handler.log_command[0m [1;30mDEBUG[0m [32mInvoked command in '/media/subham/85dce0f4-2e29-4540-9a32-801850cfcef6/subham/LidarMapping2.5D/build/lid_description' returned '0': CMAKE_PREFIX_PATH=${CMAKE_PREFIX_PATH}:/home/subham/omokai_ws/install/llm_navigation:/home/subham/Edge_AI_for_ADAS_and_Autonomous_Systems/install/adas_perception:/home/subham/Edge_AI_for_ADAS_and_Autonomous_Systems/install/adas_navigation:/home/subham/rover_ws/install/rover_navigation:/home/subham/anvrit_ws/install/anvrit_perception:/home/subham/anvrit_ws/install/anvrit_odometry:/home/subham/anvrit_ws/install/anvrit_nav2:/home/subham/igvc/install/igvc_perception:/home/subham/igvc/install/igvc_navigation:/home/subham/colcon_ws/install/ros2ai:/opt/ros/humble /usr/bin/cmake --install /media/subham/85dce0f4-2e29-4540-9a32-801850cfcef6/subham/LidarMapping2.5D/build/lid_description[0m
[6.705s] [34mcolcon.colcon_core.environment[0m [1;30mLevel 1[0m checking '/media/subham/85dce0f4-2e29-4540-9a32-801850cfcef6/subham/LidarMapping2.5D/install/lid_description' for CMake config files
[6.706s] [34mcolcon.colcon_core.shell[0m [1;30mLevel 1[0m create_environment_hook('lid_description', 'cmake_prefix_path')
[6.707s] [34mcolcon.colcon_core.shell[0m [1;30mINFO[0m Creating environment hook '/media/subham/85dce0f4-2e29-4540-9a32-801850cfcef6/subham/LidarMapping2.5D/install/lid_description/share/lid_description/hook/cmake_prefix_path.ps1'
[6.708s] [34mcolcon.colcon_core.shell[0m [1;30mINFO[0m Creating environment descriptor '/media/subham/85dce0f4-2e29-4540-9a32-801850cfcef6/subham/LidarMapping2.5D/install/lid_description/share/lid_description/hook/cmake_prefix_path.dsv'
[6.709s] [34mcolcon.colcon_core.shell[0m [1;30mINFO[0m Creating environment hook '/media/subham/85dce0f4-2e29-4540-9a32-801850cfcef6/subham/LidarMapping2.5D/install/lid_description/share/lid_description/hook/cmake_prefix_path.sh'
[6.710s] [34mcolcon.colcon_core.environment[0m [1;30mLevel 1[0m checking '/media/subham/85dce0f4-2e29-4540-9a32-801850cfcef6/subham/LidarMapping2.5D/install/lid_description/bin'
[6.710s] [34mcolcon.colcon_core.environment[0m [1;30mLevel 1[0m checking '/media/subham/85dce0f4-2e29-4540-9a32-801850cfcef6/subham/LidarMapping2.5D/install/lid_description/lib/pkgconfig/lid_description.pc'
[6.710s] [34mcolcon.colcon_core.environment[0m [1;30mLevel 1[0m checking '/media/subham/85dce0f4-2e29-4540-9a32-801850cfcef6/subham/LidarMapping2.5D/install/lid_description/lib/python3.10/site-packages'
[6.711s] [34mcolcon.colcon_core.environment[0m [1;30mLevel 1[0m checking '/media/subham/85dce0f4-2e29-4540-9a32-801850cfcef6/subham/LidarMapping2.5D/install/lid_description/bin'
[6.712s] [34mcolcon.colcon_core.shell[0m [1;30mINFO[0m Creating package script '/media/subham/85dce0f4-2e29-4540-9a32-801850cfcef6/subham/LidarMapping2.5D/install/lid_description/share/lid_description/package.ps1'
[6.713s] [34mcolcon.colcon_core.shell[0m [1;30mINFO[0m Creating package descriptor '/media/subham/85dce0f4-2e29-4540-9a32-801850cfcef6/subham/LidarMapping2.5D/install/lid_description/share/lid_description/package.dsv'
[6.714s] [34mcolcon.colcon_core.shell[0m [1;30mINFO[0m Creating package script '/media/subham/85dce0f4-2e29-4540-9a32-801850cfcef6/subham/LidarMapping2.5D/install/lid_description/share/lid_description/package.sh'
[6.715s] [34mcolcon.colcon_core.shell[0m [1;30mINFO[0m Creating package script '/media/subham/85dce0f4-2e29-4540-9a32-801850cfcef6/subham/LidarMapping2.5D/install/lid_description/share/lid_description/package.bash'
[6.716s] [34mcolcon.colcon_core.shell[0m [1;30mINFO[0m Creating package script '/media/subham/85dce0f4-2e29-4540-9a32-801850cfcef6/subham/LidarMapping2.5D/install/lid_description/share/lid_description/package.zsh'
[6.717s] [34mcolcon.colcon_core.environment[0m [1;30mLevel 1[0m create_file_with_runtime_dependencies(/media/subham/85dce0f4-2e29-4540-9a32-801850cfcef6/subham/LidarMapping2.5D/install/lid_description/share/colcon-core/packages/lid_description)
[6.719s] [34mcolcon.colcon_core.environment[0m [1;30mLevel 1[0m create_environment_scripts_only(lid_description)
[6.720s] [34mcolcon.colcon_core.environment[0m [1;30mLevel 1[0m checking '/media/subham/85dce0f4-2e29-4540-9a32-801850cfcef6/subham/LidarMapping2.5D/install/lid_description' for CMake module files
[6.721s] [34mcolcon.colcon_core.environment[0m [1;30mLevel 1[0m checking '/media/subham/85dce0f4-2e29-4540-9a32-801850cfcef6/subham/LidarMapping2.5D/install/lid_description' for CMake config files
[6.722s] [34mcolcon.colcon_core.shell[0m [1;30mLevel 1[0m create_environment_hook('lid_description', 'cmake_prefix_path')
[6.722s] [34mcolcon.colcon_core.shell[0m [1;30mINFO[0m Creating environment hook '/media/subham/85dce0f4-2e29-4540-9a32-801850cfcef6/subham/LidarMapping2.5D/install/lid_description/share/lid_description/hook/cmake_prefix_path.ps1'
[6.723s] [34mcolcon.colcon_core.shell[0m [1;30mINFO[0m Creating environment descriptor '/media/subham/85dce0f4-2e29-4540-9a32-801850cfcef6/subham/LidarMapping2.5D/install/lid_description/share/lid_description/hook/cmake_prefix_path.dsv'
[6.724s] [34mcolcon.colcon_core.shell[0m [1;30mINFO[0m Creating environment hook '/media/subham/85dce0f4-2e29-4540-9a32-801850cfcef6/subham/LidarMapping2.5D/install/lid_description/share/lid_description/hook/cmake_prefix_path.sh'
[6.725s] [34mcolcon.colcon_core.environment[0m [1;30mLevel 1[0m checking '/media/subham/85dce0f4-2e29-4540-9a32-801850cfcef6/subham/LidarMapping2.5D/install/lid_description/bin'
[6.725s] [34mcolcon.colcon_core.environment[0m [1;30mLevel 1[0m checking '/media/subham/85dce0f4-2e29-4540-9a32-801850cfcef6/subham/LidarMapping2.5D/install/lid_description/lib/pkgconfig/lid_description.pc'
[6.726s] [34mcolcon.colcon_core.environment[0m [1;30mLevel 1[0m checking '/media/subham/85dce0f4-2e29-4540-9a32-801850cfcef6/subham/LidarMapping2.5D/install/lid_description/lib/python3.10/site-packages'
[6.726s] [34mcolcon.colcon_core.environment[0m [1;30mLevel 1[0m checking '/media/subham/85dce0f4-2e29-4540-9a32-801850cfcef6/subham/LidarMapping2.5D/install/lid_description/bin'
[6.727s] [34mcolcon.colcon_core.shell[0m [1;30mINFO[0m Creating package script '/media/subham/85dce0f4-2e29-4540-9a32-801850cfcef6/subham/LidarMapping2.5D/install/lid_description/share/lid_description/package.ps1'
[6.728s] [34mcolcon.colcon_core.shell[0m [1;30mINFO[0m Creating package descriptor '/media/subham/85dce0f4-2e29-4540-9a32-801850cfcef6/subham/LidarMapping2.5D/install/lid_description/share/lid_description/package.dsv'
[6.729s] [34mcolcon.colcon_core.shell[0m [1;30mINFO[0m Creating package script '/media/subham/85dce0f4-2e29-4540-9a32-801850cfcef6/subham/LidarMapping2.5D/install/lid_description/share/lid_description/package.sh'
[6.730s] [34mcolcon.colcon_core.shell[0m [1;30mINFO[0m Creating package script '/media/subham/85dce0f4-2e29-4540-9a32-801850cfcef6/subham/LidarMapping2.5D/install/lid_description/share/lid_description/package.bash'
[6.731s] [34mcolcon.colcon_core.shell[0m [1;30mINFO[0m Creating package script '/media/subham/85dce0f4-2e29-4540-9a32-801850cfcef6/subham/LidarMapping2.5D/install/lid_description/share/lid_description/package.zsh'
[6.732s] [34mcolcon.colcon_core.environment[0m [1;30mLevel 1[0m create_file_with_runtime_dependencies(/media/subham/85dce0f4-2e29-4540-9a32-801850cfcef6/subham/LidarMapping2.5D/install/lid_description/share/colcon-core/packages/lid_description)
[6.732s] [34mcolcon.colcon_core.executor.sequential[0m [1;30mDEBUG[0m [32mrun_until_complete 'lid_description' finished with '0'[0m
[6.733s] [34mcolcon.colcon_core.executor.sequential[0m [1;30mDEBUG[0m [32mrun_until_complete 'lid_simulation'[0m
[6.733s] [34mcolcon.colcon_ros.task.ament_cmake.build[0m [1;30mINFO[0m Building ROS package in '/media/subham/85dce0f4-2e29-4540-9a32-801850cfcef6/subham/LidarMapping2.5D/src/lid_simulation' with build type 'ament_cmake'
[6.733s] [34mcolcon.colcon_cmake.task.cmake.build[0m [1;30mINFO[0m Building CMake package in '/media/subham/85dce0f4-2e29-4540-9a32-801850cfcef6/subham/LidarMapping2.5D/src/lid_simulation'
[6.734s] [34mcolcon.colcon_core.shell[0m [1;30mINFO[0m Skip shell extension 'powershell' for command environment: Not usable outside of PowerShell
[6.735s] [34mcolcon.colcon_core.shell[0m [1;30mDEBUG[0m [32mSkip shell extension 'dsv' for command environment[0m
[6.773s] [34mcolcon.colcon_core.event_handler.log_command[0m [1;30mDEBUG[0m [32mInvoking command in '/media/subham/85dce0f4-2e29-4540-9a32-801850cfcef6/subham/LidarMapping2.5D/build/lid_simulation': CMAKE_PREFIX_PATH=${CMAKE_PREFIX_PATH}:/home/subham/omokai_ws/install/llm_navigation:/home/subham/Edge_AI_for_ADAS_and_Autonomous_Systems/install/adas_perception:/home/subham/Edge_AI_for_ADAS_and_Autonomous_Systems/install/adas_navigation:/home/subham/rover_ws/install/rover_navigation:/home/subham/anvrit_ws/install/anvrit_perception:/home/subham/anvrit_ws/install/anvrit_odometry:/home/subham/anvrit_ws/install/anvrit_nav2:/home/subham/igvc/install/igvc_perception:/home/subham/igvc/install/igvc_navigation:/home/subham/colcon_ws/install/ros2ai:/opt/ros/humble /usr/bin/cmake --build /media/subham/85dce0f4-2e29-4540-9a32-801850cfcef6/subham/LidarMapping2.5D/build/lid_simulation[0m
[6.884s] [34mcolcon.colcon_core.event_handler.log_command[0m [1;30mDEBUG[0m [32mInvoked command in '/media/subham/85dce0f4-2e29-4540-9a32-801850cfcef6/subham/LidarMapping2.5D/build/lid_simulation' returned '0': CMAKE_PREFIX_PATH=${CMAKE_PREFIX_PATH}:/home/subham/omokai_ws/install/llm_navigation:/home/subham/Edge_AI_for_ADAS_and_Autonomous_Systems/install/adas_perception:/home/subham/Edge_AI_for_ADAS_and_Autonomous_Systems/install/adas_navigation:/home/subham/rover_ws/install/rover_navigation:/home/subham/anvrit_ws/install/anvrit_perception:/home/subham/anvrit_ws/install/anvrit_odometry:/home/subham/anvrit_ws/install/anvrit_nav2:/home/subham/igvc/install/igvc_perception:/home/subham/igvc/install/igvc_navigation:/home/subham/colcon_ws/install/ros2ai:/opt/ros/humble /usr/bin/cmake --build /media/subham/85dce0f4-2e29-4540-9a32-801850cfcef6/subham/LidarMapping2.5D/build/lid_simulation[0m
[6.888s] [34mcolcon.colcon_core.event_handler.log_command[0m [1;30mDEBUG[0m [32mInvoking command in '/media/subham/85dce0f4-2e29-4540-9a32-801850cfcef6/subham/LidarMapping2.5D/build/lid_simulation': CMAKE_PREFIX_PATH=${CMAKE_PREFIX_PATH}:/home/subham/omokai_ws/install/llm_navigation:/home/subham/Edge_AI_for_ADAS_and_Autonomous_Systems/install/adas_perception:/home/subham/Edge_AI_for_ADAS_and_Autonomous_Systems/install/adas_navigation:/home/subham/rover_ws/install/rover_navigation:/home/subham/anvrit_ws/install/anvrit_perception:/home/subham/anvrit_ws/install/anvrit_odometry:/home/subham/anvrit_ws/install/anvrit_nav2:/home/subham/igvc/install/igvc_perception:/home/subham/igvc/install/igvc_navigation:/home/subham/colcon_ws/install/ros2ai:/opt/ros/humble /usr/bin/cmake --install /media/subham/85dce0f4-2e29-4540-9a32-801850cfcef6/subham/LidarMapping2.5D/build/lid_simulation[0m
[6.968s] [34mcolcon.colcon_core.environment[0m [1;30mLevel 1[0m create_environment_scripts_only(lid_simulation)
[6.969s] [34mcolcon.colcon_core.environment[0m [1;30mLevel 1[0m checking '/media/subham/85dce0f4-2e29-4540-9a32-801850cfcef6/subham/LidarMapping2.5D/install/lid_simulation' for CMake module files
[6.970s] [34mcolcon.colcon_core.event_handler.log_command[0m [1;30mDEBUG[0m [32mInvoked command in '/media/subham/85dce0f4-2e29-4540-9a32-801850cfcef6/subham/LidarMapping2.5D/build/lid_simulation' returned '0': CMAKE_PREFIX_PATH=${CMAKE_PREFIX_PATH}:/home/subham/omokai_ws/install/llm_navigation:/home/subham/Edge_AI_for_ADAS_and_Autonomous_Systems/install/adas_perception:/home/subham/Edge_AI_for_ADAS_and_Autonomous_Systems/install/adas_navigation:/home/subham/rover_ws/install/rover_navigation:/home/subham/anvrit_ws/install/anvrit_perception:/home/subham/anvrit_ws/install/anvrit_odometry:/home/subham/anvrit_ws/install/anvrit_nav2:/home/subham/igvc/install/igvc_perception:/home/subham/igvc/install/igvc_navigation:/home/subham/colcon_ws/install/ros2ai:/opt/ros/humble /usr/bin/cmake --install /media/subham/85dce0f4-2e29-4540-9a32-801850cfcef6/subham/LidarMapping2.5D/build/lid_simulation[0m
[6.971s] [34mcolcon.colcon_core.environment[0m [1;30mLevel 1[0m checking '/media/subham/85dce0f4-2e29-4540-9a32-801850cfcef6/subham/LidarMapping2.5D/install/lid_simulation' for CMake config files
[6.972s] [34mcolcon.colcon_core.shell[0m [1;30mLevel 1[0m create_environment_hook('lid_simulation', 'cmake_prefix_path')
[6.973s] [34mcolcon.colcon_core.shell[0m [1;30mINFO[0m Creating environment hook '/media/subham/85dce0f4-2e29-4540-9a32-801850cfcef6/subham/LidarMapping2.5D/install/lid_simulation/share/lid_simulation/hook/cmake_prefix_path.ps1'
[6.974s] [34mcolcon.colcon_core.shell[0m [1;30mINFO[0m Creating environment descriptor '/media/subham/85dce0f4-2e29-4540-9a32-801850cfcef6/subham/LidarMapping2.5D/install/lid_simulation/share/lid_simulation/hook/cmake_prefix_path.dsv'
[6.974s] [34mcolcon.colcon_core.shell[0m [1;30mINFO[0m Creating environment hook '/media/subham/85dce0f4-2e29-4540-9a32-801850cfcef6/subham/LidarMapping2.5D/install/lid_simulation/share/lid_simulation/hook/cmake_prefix_path.sh'
[6.976s] [34mcolcon.colcon_core.environment[0m [1;30mLevel 1[0m checking '/media/subham/85dce0f4-2e29-4540-9a32-801850cfcef6/subham/LidarMapping2.5D/install/lid_simulation/bin'
[6.976s] [34mcolcon.colcon_core.environment[0m [1;30mLevel 1[0m checking '/media/subham/85dce0f4-2e29-4540-9a32-801850cfcef6/subham/LidarMapping2.5D/install/lid_simulation/lib/pkgconfig/lid_simulation.pc'
[6.976s] [34mcolcon.colcon_core.environment[0m [1;30mLevel 1[0m checking '/media/subham/85dce0f4-2e29-4540-9a32-801850cfcef6/subham/LidarMapping2.5D/install/lid_simulation/lib/python3.10/site-packages'
[6.977s] [34mcolcon.colcon_core.environment[0m [1;30mLevel 1[0m checking '/media/subham/85dce0f4-2e29-4540-9a32-801850cfcef6/subham/LidarMapping2.5D/install/lid_simulation/bin'
[6.978s] [34mcolcon.colcon_core.shell[0m [1;30mINFO[0m Creating package script '/media/subham/85dce0f4-2e29-4540-9a32-801850cfcef6/subham/LidarMapping2.5D/install/lid_simulation/share/lid_simulation/package.ps1'
[6.979s] [34mcolcon.colcon_core.shell[0m [1;30mINFO[0m Creating package descriptor '/media/subham/85dce0f4-2e29-4540-9a32-801850cfcef6/subham/LidarMapping2.5D/install/lid_simulation/share/lid_simulation/package.dsv'
[6.980s] [34mcolcon.colcon_core.shell[0m [1;30mINFO[0m Creating package script '/media/subham/85dce0f4-2e29-4540-9a32-801850cfcef6/subham/LidarMapping2.5D/install/lid_simulation/share/lid_simulation/package.sh'
[6.981s] [34mcolcon.colcon_core.shell[0m [1;30mINFO[0m Creating package script '/media/subham/85dce0f4-2e29-4540-9a32-801850cfcef6/subham/LidarMapping2.5D/install/lid_simulation/share/lid_simulation/package.bash'
[6.982s] [34mcolcon.colcon_core.shell[0m [1;30mINFO[0m Creating package script '/media/subham/85dce0f4-2e29-4540-9a32-801850cfcef6/subham/LidarMapping2.5D/install/lid_simulation/share/lid_simulation/package.zsh'
[6.984s] [34mcolcon.colcon_core.environment[0m [1;30mLevel 1[0m create_file_with_runtime_dependencies(/media/subham/85dce0f4-2e29-4540-9a32-801850cfcef6/subham/LidarMapping2.5D/install/lid_simulation/share/colcon-core/packages/lid_simulation)
[6.987s] [34mcolcon.colcon_core.environment[0m [1;30mLevel 1[0m create_environment_scripts_only(lid_simulation)
[6.987s] [34mcolcon.colcon_core.environment[0m [1;30mLevel 1[0m checking '/media/subham/85dce0f4-2e29-4540-9a32-801850cfcef6/subham/LidarMapping2.5D/install/lid_simulation' for CMake module files
[6.990s] [34mcolcon.colcon_core.environment[0m [1;30mLevel 1[0m checking '/media/subham/85dce0f4-2e29-4540-9a32-801850cfcef6/subham/LidarMapping2.5D/install/lid_simulation' for CMake config files
[6.991s] [34mcolcon.colcon_core.shell[0m [1;30mLevel 1[0m create_environment_hook('lid_simulation', 'cmake_prefix_path')
[6.992s] [34mcolcon.colcon_core.shell[0m [1;30mINFO[0m Creating environment hook '/media/subham/85dce0f4-2e29-4540-9a32-801850cfcef6/subham/LidarMapping2.5D/install/lid_simulation/share/lid_simulation/hook/cmake_prefix_path.ps1'
[6.993s] [34mcolcon.colcon_core.shell[0m [1;30mINFO[0m Creating environment descriptor '/media/subham/85dce0f4-2e29-4540-9a32-801850cfcef6/subham/LidarMapping2.5D/install/lid_simulation/share/lid_simulation/hook/cmake_prefix_path.dsv'
[6.994s] [34mcolcon.colcon_core.shell[0m [1;30mINFO[0m Creating environment hook '/media/subham/85dce0f4-2e29-4540-9a32-801850cfcef6/subham/LidarMapping2.5D/install/lid_simulation/share/lid_simulation/hook/cmake_prefix_path.sh'
[6.995s] [34mcolcon.colcon_core.environment[0m [1;30mLevel 1[0m checking '/media/subham/85dce0f4-2e29-4540-9a32-801850cfcef6/subham/LidarMapping2.5D/install/lid_simulation/bin'
[6.995s] [34mcolcon.colcon_core.environment[0m [1;30mLevel 1[0m checking '/media/subham/85dce0f4-2e29-4540-9a32-801850cfcef6/subham/LidarMapping2.5D/install/lid_simulation/lib/pkgconfig/lid_simulation.pc'
[6.995s] [34mcolcon.colcon_core.environment[0m [1;30mLevel 1[0m checking '/media/subham/85dce0f4-2e29-4540-9a32-801850cfcef6/subham/LidarMapping2.5D/install/lid_simulation/lib/python3.10/site-packages'
[6.996s] [34mcolcon.colcon_core.environment[0m [1;30mLevel 1[0m checking '/media/subham/85dce0f4-2e29-4540-9a32-801850cfcef6/subham/LidarMapping2.5D/install/lid_simulation/bin'
[6.997s] [34mcolcon.colcon_core.shell[0m [1;30mINFO[0m Creating package script '/media/subham/85dce0f4-2e29-4540-9a32-801850cfcef6/subham/LidarMapping2.5D/install/lid_simulation/share/lid_simulation/package.ps1'
[6.998s] [34mcolcon.colcon_core.shell[0m [1;30mINFO[0m Creating package descriptor '/media/subham/85dce0f4-2e29-4540-9a32-801850cfcef6/subham/LidarMapping2.5D/install/lid_simulation/share/lid_simulation/package.dsv'
[6.999s] [34mcolcon.colcon_core.shell[0m [1;30mINFO[0m Creating package script '/media/subham/85dce0f4-2e29-4540-9a32-801850cfcef6/subham/LidarMapping2.5D/install/lid_simulation/share/lid_simulation/package.sh'
[7.000s] [34mcolcon.colcon_core.shell[0m [1;30mINFO[0m Creating package script '/media/subham/85dce0f4-2e29-4540-9a32-801850cfcef6/subham/LidarMapping2.5D/install/lid_simulation/share/lid_simulation/package.bash'
[7.001s] [34mcolcon.colcon_core.shell[0m [1;30mINFO[0m Creating package script '/media/subham/85dce0f4-2e29-4540-9a32-801850cfcef6/subham/LidarMapping2.5D/install/lid_simulation/share/lid_simulation/package.zsh'
[7.002s] [34mcolcon.colcon_core.environment[0m [1;30mLevel 1[0m create_file_with_runtime_dependencies(/media/subham/85dce0f4-2e29-4540-9a32-801850cfcef6/subham/LidarMapping2.5D/install/lid_simulation/share/colcon-core/packages/lid_simulation)
[7.003s] [34mcolcon.colcon_core.executor.sequential[0m [1;30mDEBUG[0m [32mrun_until_complete 'lid_simulation' finished with '0'[0m
[7.003s] [34mcolcon.colcon_core.executor.sequential[0m [1;30mDEBUG[0m [32mrun_until_complete 'segmentation_lidar'[0m
[7.003s] [34mcolcon.colcon_ros.task.ament_cmake.build[0m [1;30mINFO[0m Building ROS package in '/media/subham/85dce0f4-2e29-4540-9a32-801850cfcef6/subham/LidarMapping2.5D/src/segmentation_lidar' with build type 'ament_cmake'
[7.003s] [34mcolcon.colcon_cmake.task.cmake.build[0m [1;30mINFO[0m Building CMake package in '/media/subham/85dce0f4-2e29-4540-9a32-801850cfcef6/subham/LidarMapping2.5D/src/segmentation_lidar'
[7.004s] [34mcolcon.colcon_core.shell[0m [1;30mINFO[0m Skip shell extension 'powershell' for command environment: Not usable outside of PowerShell
[7.004s] [34mcolcon.colcon_core.shell[0m [1;30mDEBUG[0m [32mSkip shell extension 'dsv' for command environment[0m
[7.040s] [34mcolcon.colcon_core.event_handler.log_command[0m [1;30mDEBUG[0m [32mInvoking command in '/media/subham/85dce0f4-2e29-4540-9a32-801850cfcef6/subham/LidarMapping2.5D/build/segmentation_lidar': CMAKE_PREFIX_PATH=${CMAKE_PREFIX_PATH}:/home/subham/omokai_ws/install/llm_navigation:/home/subham/Edge_AI_for_ADAS_and_Autonomous_Systems/install/adas_perception:/home/subham/Edge_AI_for_ADAS_and_Autonomous_Systems/install/adas_navigation:/home/subham/rover_ws/install/rover_navigation:/home/subham/anvrit_ws/install/anvrit_perception:/home/subham/anvrit_ws/install/anvrit_odometry:/home/subham/anvrit_ws/install/anvrit_nav2:/home/subham/igvc/install/igvc_perception:/home/subham/igvc/install/igvc_navigation:/home/subham/colcon_ws/install/ros2ai:/opt/ros/humble /usr/bin/cmake --build /media/subham/85dce0f4-2e29-4540-9a32-801850cfcef6/subham/LidarMapping2.5D/build/segmentation_lidar[0m
[24.369s] [34mcolcon.colcon_core.event_handler.log_command[0m [1;30mDEBUG[0m [32mInvoked command in '/media/subham/85dce0f4-2e29-4540-9a32-801850cfcef6/subham/LidarMapping2.5D/build/segmentation_lidar' returned '0': CMAKE_PREFIX_PATH=${CMAKE_PREFIX_PATH}:/home/subham/omokai_ws/install/llm_navigation:/home/subham/Edge_AI_for_ADAS_and_Autonomous_Systems/install/adas_perception:/home/subham/Edge_AI_for_ADAS_and_Autonomous_Systems/install/adas_navigation:/home/subham/rover_ws/install/rover_navigation:/home/subham/anvrit_ws/install/anvrit_perception:/home/subham/anvrit_ws/install/anvrit_odometry:/home/subham/anvrit_ws/install/anvrit_nav2:/home/subham/igvc/install/igvc_perception:/home/subham/igvc/install/igvc_navigation:/home/subham/colcon_ws/install/ros2ai:/opt/ros/humble /usr/bin/cmake --build /media/subham/85dce0f4-2e29-4540-9a32-801850cfcef6/subham/LidarMapping2.5D/build/segmentation_lidar[0m
[24.372s] [34mcolcon.colcon_core.event_handler.log_command[0m [1;30mDEBUG[0m [32mInvoking command in '/media/subham/85dce0f4-2e29-4540-9a32-801850cfcef6/subham/LidarMapping2.5D/build/segmentation_lidar': CMAKE_PREFIX_PATH=${CMAKE_PREFIX_PATH}:/home/subham/omokai_ws/install/llm_navigation:/home/subham/Edge_AI_for_ADAS_and_Autonomous_Systems/install/adas_perception:/home/subham/Edge_AI_for_ADAS_and_Autonomous_Systems/install/adas_navigation:/home/subham/rover_ws/install/rover_navigation:/home/subham/anvrit_ws/install/anvrit_perception:/home/subham/anvrit_ws/install/anvrit_odometry:/home/subham/anvrit_ws/install/anvrit_nav2:/home/subham/igvc/install/igvc_perception:/home/subham/igvc/install/igvc_navigation:/home/subham/colcon_ws/install/ros2ai:/opt/ros/humble /usr/bin/cmake --install /media/subham/85dce0f4-2e29-4540-9a32-801850cfcef6/subham/LidarMapping2.5D/build/segmentation_lidar[0m
[24.403s] [34mcolcon.colcon_core.environment[0m [1;30mLevel 1[0m create_environment_scripts_only(segmentation_lidar)
[24.403s] [34mcolcon.colcon_core.environment[0m [1;30mLevel 1[0m checking '/media/subham/85dce0f4-2e29-4540-9a32-801850cfcef6/subham/LidarMapping2.5D/install/segmentation_lidar' for CMake module files
[24.404s] [34mcolcon.colcon_core.event_handler.log_command[0m [1;30mDEBUG[0m [32mInvoked command in '/media/subham/85dce0f4-2e29-4540-9a32-801850cfcef6/subham/LidarMapping2.5D/build/segmentation_lidar' returned '0': CMAKE_PREFIX_PATH=${CMAKE_PREFIX_PATH}:/home/subham/omokai_ws/install/llm_navigation:/home/subham/Edge_AI_for_ADAS_and_Autonomous_Systems/install/adas_perception:/home/subham/Edge_AI_for_ADAS_and_Autonomous_Systems/install/adas_navigation:/home/subham/rover_ws/install/rover_navigation:/home/subham/anvrit_ws/install/anvrit_perception:/home/subham/anvrit_ws/install/anvrit_odometry:/home/subham/anvrit_ws/install/anvrit_nav2:/home/subham/igvc/install/igvc_perception:/home/subham/igvc/install/igvc_navigation:/home/subham/colcon_ws/install/ros2ai:/opt/ros/humble /usr/bin/cmake --install /media/subham/85dce0f4-2e29-4540-9a32-801850cfcef6/subham/LidarMapping2.5D/build/segmentation_lidar[0m
[24.404s] [34mcolcon.colcon_core.environment[0m [1;30mLevel 1[0m checking '/media/subham/85dce0f4-2e29-4540-9a32-801850cfcef6/subham/LidarMapping2.5D/install/segmentation_lidar' for CMake config files
[24.405s] [34mcolcon.colcon_core.shell[0m [1;30mLevel 1[0m create_environment_hook('segmentation_lidar', 'cmake_prefix_path')
[24.406s] [34mcolcon.colcon_core.shell[0m [1;30mINFO[0m Creating environment hook '/media/subham/85dce0f4-2e29-4540-9a32-801850cfcef6/subham/LidarMapping2.5D/install/segmentation_lidar/share/segmentation_lidar/hook/cmake_prefix_path.ps1'
[24.406s] [34mcolcon.colcon_core.shell[0m [1;30mINFO[0m Creating environment descriptor '/media/subham/85dce0f4-2e29-4540-9a32-801850cfcef6/subham/LidarMapping2.5D/install/segmentation_lidar/share/segmentation_lidar/hook/cmake_prefix_path.dsv'
[24.407s] [34mcolcon.colcon_core.shell[0m [1;30mINFO[0m Creating environment hook '/media/subham/85dce0f4-2e29-4540-9a32-801850cfcef6/subham/LidarMapping2.5D/install/segmentation_lidar/share/segmentation_lidar/hook/cmake_prefix_path.sh'
[24.409s] [34mcolcon.colcon_core.environment[0m [1;30mLevel 1[0m checking '/media/subham/85dce0f4-2e29-4540-9a32-801850cfcef6/subham/LidarMapping2.5D/install/segmentation_lidar/lib'
[24.410s] [34mcolcon.colcon_core.environment[0m [1;30mLevel 1[0m checking '/media/subham/85dce0f4-2e29-4540-9a32-801850cfcef6/subham/LidarMapping2.5D/install/segmentation_lidar/bin'
[24.410s] [34mcolcon.colcon_core.environment[0m [1;30mLevel 1[0m checking '/media/subham/85dce0f4-2e29-4540-9a32-801850cfcef6/subham/LidarMapping2.5D/install/segmentation_lidar/lib/pkgconfig/segmentation_lidar.pc'
[24.410s] [34mcolcon.colcon_core.environment[0m [1;30mLevel 1[0m checking '/media/subham/85dce0f4-2e29-4540-9a32-801850cfcef6/subham/LidarMapping2.5D/install/segmentation_lidar/lib/python3.10/site-packages'
[24.410s] [34mcolcon.colcon_core.environment[0m [1;30mLevel 1[0m checking '/media/subham/85dce0f4-2e29-4540-9a32-801850cfcef6/subham/LidarMapping2.5D/install/segmentation_lidar/bin'
[24.411s] [34mcolcon.colcon_core.shell[0m [1;30mINFO[0m Creating package script '/media/subham/85dce0f4-2e29-4540-9a32-801850cfcef6/subham/LidarMapping2.5D/install/segmentation_lidar/share/segmentation_lidar/package.ps1'
[24.412s] [34mcolcon.colcon_core.shell[0m [1;30mINFO[0m Creating package descriptor '/media/subham/85dce0f4-2e29-4540-9a32-801850cfcef6/subham/LidarMapping2.5D/install/segmentation_lidar/share/segmentation_lidar/package.dsv'
[24.413s] [34mcolcon.colcon_core.shell[0m [1;30mINFO[0m Creating package script '/media/subham/85dce0f4-2e29-4540-9a32-801850cfcef6/subham/LidarMapping2.5D/install/segmentation_lidar/share/segmentation_lidar/package.sh'
[24.413s] [34mcolcon.colcon_core.shell[0m [1;30mINFO[0m Creating package script '/media/subham/85dce0f4-2e29-4540-9a32-801850cfcef6/subham/LidarMapping2.5D/install/segmentation_lidar/share/segmentation_lidar/package.bash'
[24.414s] [34mcolcon.colcon_core.shell[0m [1;30mINFO[0m Creating package script '/media/subham/85dce0f4-2e29-4540-9a32-801850cfcef6/subham/LidarMapping2.5D/install/segmentation_lidar/share/segmentation_lidar/package.zsh'
[24.414s] [34mcolcon.colcon_core.environment[0m [1;30mLevel 1[0m create_file_with_runtime_dependencies(/media/subham/85dce0f4-2e29-4540-9a32-801850cfcef6/subham/LidarMapping2.5D/install/segmentation_lidar/share/colcon-core/packages/segmentation_lidar)
[24.415s] [34mcolcon.colcon_core.environment[0m [1;30mLevel 1[0m create_environment_scripts_only(segmentation_lidar)
[24.415s] [34mcolcon.colcon_core.environment[0m [1;30mLevel 1[0m checking '/media/subham/85dce0f4-2e29-4540-9a32-801850cfcef6/subham/LidarMapping2.5D/install/segmentation_lidar' for CMake module files
[24.416s] [34mcolcon.colcon_core.environment[0m [1;30mLevel 1[0m checking '/media/subham/85dce0f4-2e29-4540-9a32-801850cfcef6/subham/LidarMapping2.5D/install/segmentation_lidar' for CMake config files
[24.416s] [34mcolcon.colcon_core.shell[0m [1;30mLevel 1[0m create_environment_hook('segmentation_lidar', 'cmake_prefix_path')
[24.416s] [34mcolcon.colcon_core.shell[0m [1;30mINFO[0m Creating environment hook '/media/subham/85dce0f4-2e29-4540-9a32-801850cfcef6/subham/LidarMapping2.5D/install/segmentation_lidar/share/segmentation_lidar/hook/cmake_prefix_path.ps1'
[24.417s] [34mcolcon.colcon_core.shell[0m [1;30mINFO[0m Creating environment descriptor '/media/subham/85dce0f4-2e29-4540-9a32-801850cfcef6/subham/LidarMapping2.5D/install/segmentation_lidar/share/segmentation_lidar/hook/cmake_prefix_path.dsv'
[24.417s] [34mcolcon.colcon_core.shell[0m [1;30mINFO[0m Creating environment hook '/media/subham/85dce0f4-2e29-4540-9a32-801850cfcef6/subham/LidarMapping2.5D/install/segmentation_lidar/share/segmentation_lidar/hook/cmake_prefix_path.sh'
[24.418s] [34mcolcon.colcon_core.environment[0m [1;30mLevel 1[0m checking '/media/subham/85dce0f4-2e29-4540-9a32-801850cfcef6/subham/LidarMapping2.5D/install/segmentation_lidar/lib'
[24.418s] [34mcolcon.colcon_core.environment[0m [1;30mLevel 1[0m checking '/media/subham/85dce0f4-2e29-4540-9a32-801850cfcef6/subham/LidarMapping2.5D/install/segmentation_lidar/bin'
[24.418s] [34mcolcon.colcon_core.environment[0m [1;30mLevel 1[0m checking '/media/subham/85dce0f4-2e29-4540-9a32-801850cfcef6/subham/LidarMapping2.5D/install/segmentation_lidar/lib/pkgconfig/segmentation_lidar.pc'
[24.419s] [34mcolcon.colcon_core.environment[0m [1;30mLevel 1[0m checking '/media/subham/85dce0f4-2e29-4540-9a32-801850cfcef6/subham/LidarMapping2.5D/install/segmentation_lidar/lib/python3.10/site-packages'
[24.419s] [34mcolcon.colcon_core.environment[0m [1;30mLevel 1[0m checking '/media/subham/85dce0f4-2e29-4540-9a32-801850cfcef6/subham/LidarMapping2.5D/install/segmentation_lidar/bin'
[24.419s] [34mcolcon.colcon_core.shell[0m [1;30mINFO[0m Creating package script '/media/subham/85dce0f4-2e29-4540-9a32-801850cfcef6/subham/LidarMapping2.5D/install/segmentation_lidar/share/segmentation_lidar/package.ps1'
[24.420s] [34mcolcon.colcon_core.shell[0m [1;30mINFO[0m Creating package descriptor '/media/subham/85dce0f4-2e29-4540-9a32-801850cfcef6/subham/LidarMapping2.5D/install/segmentation_lidar/share/segmentation_lidar/package.dsv'
[24.421s] [34mcolcon.colcon_core.shell[0m [1;30mINFO[0m Creating package script '/media/subham/85dce0f4-2e29-4540-9a32-801850cfcef6/subham/LidarMapping2.5D/install/segmentation_lidar/share/segmentation_lidar/package.sh'
[24.422s] [34mcolcon.colcon_core.shell[0m [1;30mINFO[0m Creating package script '/media/subham/85dce0f4-2e29-4540-9a32-801850cfcef6/subham/LidarMapping2.5D/install/segmentation_lidar/share/segmentation_lidar/package.bash'
[24.422s] [34mcolcon.colcon_core.shell[0m [1;30mINFO[0m Creating package script '/media/subham/85dce0f4-2e29-4540-9a32-801850cfcef6/subham/LidarMapping2.5D/install/segmentation_lidar/share/segmentation_lidar/package.zsh'
[24.423s] [34mcolcon.colcon_core.environment[0m [1;30mLevel 1[0m create_file_with_runtime_dependencies(/media/subham/85dce0f4-2e29-4540-9a32-801850cfcef6/subham/LidarMapping2.5D/install/segmentation_lidar/share/colcon-core/packages/segmentation_lidar)
[24.423s] [34mcolcon.colcon_core.executor.sequential[0m [1;30mDEBUG[0m [32mrun_until_complete 'segmentation_lidar' finished with '0'[0m
[24.423s] [34mcolcon.colcon_core.executor.sequential[0m [1;30mDEBUG[0m [32mrun_until_complete 'velodyne_gazebo_plugins'[0m
[24.423s] [34mcolcon.colcon_ros.task.ament_cmake.build[0m [1;30mINFO[0m Building ROS package in '/media/subham/85dce0f4-2e29-4540-9a32-801850cfcef6/subham/LidarMapping2.5D/src/velodyne/velodyne_gazebo_plugins' with build type 'ament_cmake'
[24.423s] [34mcolcon.colcon_cmake.task.cmake.build[0m [1;30mINFO[0m Building CMake package in '/media/subham/85dce0f4-2e29-4540-9a32-801850cfcef6/subham/LidarMapping2.5D/src/velodyne/velodyne_gazebo_plugins'
[24.423s] [34mcolcon.colcon_core.shell[0m [1;30mINFO[0m Skip shell extension 'powershell' for command environment: Not usable outside of PowerShell
[24.423s] [34mcolcon.colcon_core.shell[0m [1;30mDEBUG[0m [32mSkip shell extension 'dsv' for command environment[0m
[24.443s] [34mcolcon.colcon_core.event_handler.log_command[0m [1;30mDEBUG[0m [32mInvoking command in '/media/subham/85dce0f4-2e29-4540-9a32-801850cfcef6/subham/LidarMapping2.5D/build/velodyne_gazebo_plugins': CMAKE_PREFIX_PATH=${CMAKE_PREFIX_PATH}:/home/subham/omokai_ws/install/llm_navigation:/home/subham/Edge_AI_for_ADAS_and_Autonomous_Systems/install/adas_perception:/home/subham/Edge_AI_for_ADAS_and_Autonomous_Systems/install/adas_navigation:/home/subham/rover_ws/install/rover_navigation:/home/subham/anvrit_ws/install/anvrit_perception:/home/subham/anvrit_ws/install/anvrit_odometry:/home/subham/anvrit_ws/install/anvrit_nav2:/home/subham/igvc/install/igvc_perception:/home/subham/igvc/install/igvc_navigation:/home/subham/colcon_ws/install/ros2ai:/opt/ros/humble /usr/bin/cmake --build /media/subham/85dce0f4-2e29-4540-9a32-801850cfcef6/subham/LidarMapping2.5D/build/velodyne_gazebo_plugins[0m
[24.550s] [34mcolcon.colcon_core.event_handler.log_command[0m [1;30mDEBUG[0m [32mInvoked command in '/media/subham/85dce0f4-2e29-4540-9a32-801850cfcef6/subham/LidarMapping2.5D/build/velodyne_gazebo_plugins' returned '0': CMAKE_PREFIX_PATH=${CMAKE_PREFIX_PATH}:/home/subham/omokai_ws/install/llm_navigation:/home/subham/Edge_AI_for_ADAS_and_Autonomous_Systems/install/adas_perception:/home/subham/Edge_AI_for_ADAS_and_Autonomous_Systems/install/adas_navigation:/home/subham/rover_ws/install/rover_navigation:/home/subham/anvrit_ws/install/anvrit_perception:/home/subham/anvrit_ws/install/anvrit_odometry:/home/subham/anvrit_ws/install/anvrit_nav2:/home/subham/igvc/install/igvc_perception:/home/subham/igvc/install/igvc_navigation:/home/subham/colcon_ws/install/ros2ai:/opt/ros/humble /usr/bin/cmake --build /media/subham/85dce0f4-2e29-4540-9a32-801850cfcef6/subham/LidarMapping2.5D/build/velodyne_gazebo_plugins[0m
[24.553s] [34mcolcon.colcon_core.event_handler.log_command[0m [1;30mDEBUG[0m [32mInvoking command in '/media/subham/85dce0f4-2e29-4540-9a32-801850cfcef6/subham/LidarMapping2.5D/build/velodyne_gazebo_plugins': CMAKE_PREFIX_PATH=${CMAKE_PREFIX_PATH}:/home/subham/omokai_ws/install/llm_navigation:/home/subham/Edge_AI_for_ADAS_and_Autonomous_Systems/install/adas_perception:/home/subham/Edge_AI_for_ADAS_and_Autonomous_Systems/install/adas_navigation:/home/subham/rover_ws/install/rover_navigation:/home/subham/anvrit_ws/install/anvrit_perception:/home/subham/anvrit_ws/install/anvrit_odometry:/home/subham/anvrit_ws/install/anvrit_nav2:/home/subham/igvc/install/igvc_perception:/home/subham/igvc/install/igvc_navigation:/home/subham/colcon_ws/install/ros2ai:/opt/ros/humble /usr/bin/cmake --install /media/subham/85dce0f4-2e29-4540-9a32-801850cfcef6/subham/LidarMapping2.5D/build/velodyne_gazebo_plugins[0m
[24.585s] [34mcolcon.colcon_core.environment[0m [1;30mLevel 1[0m create_environment_scripts_only(velodyne_gazebo_plugins)
[24.586s] [34mcolcon.colcon_core.environment[0m [1;30mLevel 1[0m checking '/media/subham/85dce0f4-2e29-4540-9a32-801850cfcef6/subham/LidarMapping2.5D/install/velodyne_gazebo_plugins' for CMake module files
[24.586s] [34mcolcon.colcon_core.event_handler.log_command[0m [1;30mDEBUG[0m [32mInvoked command in '/media/subham/85dce0f4-2e29-4540-9a32-801850cfcef6/subham/LidarMapping2.5D/build/velodyne_gazebo_plugins' returned '0': CMAKE_PREFIX_PATH=${CMAKE_PREFIX_PATH}:/home/subham/omokai_ws/install/llm_navigation:/home/subham/Edge_AI_for_ADAS_and_Autonomous_Systems/install/adas_perception:/home/subham/Edge_AI_for_ADAS_and_Autonomous_Systems/install/adas_navigation:/home/subham/rover_ws/install/rover_navigation:/home/subham/anvrit_ws/install/anvrit_perception:/home/subham/anvrit_ws/install/anvrit_odometry:/home/subham/anvrit_ws/install/anvrit_nav2:/home/subham/igvc/install/igvc_perception:/home/subham/igvc/install/igvc_navigation:/home/subham/colcon_ws/install/ros2ai:/opt/ros/humble /usr/bin/cmake --install /media/subham/85dce0f4-2e29-4540-9a32-801850cfcef6/subham/LidarMapping2.5D/build/velodyne_gazebo_plugins[0m
[24.587s] [34mcolcon.colcon_core.environment[0m [1;30mLevel 1[0m checking '/media/subham/85dce0f4-2e29-4540-9a32-801850cfcef6/subham/LidarMapping2.5D/install/velodyne_gazebo_plugins' for CMake config files
[24.587s] [34mcolcon.colcon_core.shell[0m [1;30mLevel 1[0m create_environment_hook('velodyne_gazebo_plugins', 'cmake_prefix_path')
[24.587s] [34mcolcon.colcon_core.shell[0m [1;30mINFO[0m Creating environment hook '/media/subham/85dce0f4-2e29-4540-9a32-801850cfcef6/subham/LidarMapping2.5D/install/velodyne_gazebo_plugins/share/velodyne_gazebo_plugins/hook/cmake_prefix_path.ps1'
[24.588s] [34mcolcon.colcon_core.shell[0m [1;30mINFO[0m Creating environment descriptor '/media/subham/85dce0f4-2e29-4540-9a32-801850cfcef6/subham/LidarMapping2.5D/install/velodyne_gazebo_plugins/share/velodyne_gazebo_plugins/hook/cmake_prefix_path.dsv'
[24.588s] [34mcolcon.colcon_core.shell[0m [1;30mINFO[0m Creating environment hook '/media/subham/85dce0f4-2e29-4540-9a32-801850cfcef6/subham/LidarMapping2.5D/install/velodyne_gazebo_plugins/share/velodyne_gazebo_plugins/hook/cmake_prefix_path.sh'
[24.589s] [34mcolcon.colcon_core.environment[0m [1;30mLevel 1[0m checking '/media/subham/85dce0f4-2e29-4540-9a32-801850cfcef6/subham/LidarMapping2.5D/install/velodyne_gazebo_plugins/lib'
[24.589s] [34mcolcon.colcon_core.shell[0m [1;30mLevel 1[0m create_environment_hook('velodyne_gazebo_plugins', 'ld_library_path_lib')
[24.589s] [34mcolcon.colcon_core.shell[0m [1;30mINFO[0m Creating environment hook '/media/subham/85dce0f4-2e29-4540-9a32-801850cfcef6/subham/LidarMapping2.5D/install/velodyne_gazebo_plugins/share/velodyne_gazebo_plugins/hook/ld_library_path_lib.ps1'
[24.589s] [34mcolcon.colcon_core.shell[0m [1;30mINFO[0m Creating environment descriptor '/media/subham/85dce0f4-2e29-4540-9a32-801850cfcef6/subham/LidarMapping2.5D/install/velodyne_gazebo_plugins/share/velodyne_gazebo_plugins/hook/ld_library_path_lib.dsv'
[24.589s] [34mcolcon.colcon_core.shell[0m [1;30mINFO[0m Creating environment hook '/media/subham/85dce0f4-2e29-4540-9a32-801850cfcef6/subham/LidarMapping2.5D/install/velodyne_gazebo_plugins/share/velodyne_gazebo_plugins/hook/ld_library_path_lib.sh'
[24.590s] [34mcolcon.colcon_core.environment[0m [1;30mLevel 1[0m checking '/media/subham/85dce0f4-2e29-4540-9a32-801850cfcef6/subham/LidarMapping2.5D/install/velodyne_gazebo_plugins/bin'
[24.590s] [34mcolcon.colcon_core.environment[0m [1;30mLevel 1[0m checking '/media/subham/85dce0f4-2e29-4540-9a32-801850cfcef6/subham/LidarMapping2.5D/install/velodyne_gazebo_plugins/lib/pkgconfig/velodyne_gazebo_plugins.pc'
[24.590s] [34mcolcon.colcon_core.environment[0m [1;30mLevel 1[0m checking '/media/subham/85dce0f4-2e29-4540-9a32-801850cfcef6/subham/LidarMapping2.5D/install/velodyne_gazebo_plugins/lib/python3.10/site-packages'
[24.590s] [34mcolcon.colcon_core.environment[0m [1;30mLevel 1[0m checking '/media/subham/85dce0f4-2e29-4540-9a32-801850cfcef6/subham/LidarMapping2.5D/install/velodyne_gazebo_plugins/bin'
[24.591s] [34mcolcon.colcon_core.shell[0m [1;30mINFO[0m Creating package script '/media/subham/85dce0f4-2e29-4540-9a32-801850cfcef6/subham/LidarMapping2.5D/install/velodyne_gazebo_plugins/share/velodyne_gazebo_plugins/package.ps1'
[24.591s] [34mcolcon.colcon_core.shell[0m [1;30mINFO[0m Creating package descriptor '/media/subham/85dce0f4-2e29-4540-9a32-801850cfcef6/subham/LidarMapping2.5D/install/velodyne_gazebo_plugins/share/velodyne_gazebo_plugins/package.dsv'
[24.592s] [34mcolcon.colcon_core.shell[0m [1;30mINFO[0m Creating package script '/media/subham/85dce0f4-2e29-4540-9a32-801850cfcef6/subham/LidarMapping2.5D/install/velodyne_gazebo_plugins/share/velodyne_gazebo_plugins/package.sh'
[24.592s] [34mcolcon.colcon_core.shell[0m [1;30mINFO[0m Creating package script '/media/subham/85dce0f4-2e29-4540-9a32-801850cfcef6/subham/LidarMapping2.5D/install/velodyne_gazebo_plugins/share/velodyne_gazebo_plugins/package.bash'
[24.592s] [34mcolcon.colcon_core.shell[0m [1;30mINFO[0m Creating package script '/media/subham/85dce0f4-2e29-4540-9a32-801850cfcef6/subham/LidarMapping2.5D/install/velodyne_gazebo_plugins/share/velodyne_gazebo_plugins/package.zsh'
[24.593s] [34mcolcon.colcon_core.environment[0m [1;30mLevel 1[0m create_file_with_runtime_dependencies(/media/subham/85dce0f4-2e29-4540-9a32-801850cfcef6/subham/LidarMapping2.5D/install/velodyne_gazebo_plugins/share/colcon-core/packages/velodyne_gazebo_plugins)
[24.593s] [34mcolcon.colcon_core.environment[0m [1;30mLevel 1[0m create_environment_scripts_only(velodyne_gazebo_plugins)
[24.593s] [34mcolcon.colcon_core.environment[0m [1;30mLevel 1[0m checking '/media/subham/85dce0f4-2e29-4540-9a32-801850cfcef6/subham/LidarMapping2.5D/install/velodyne_gazebo_plugins' for CMake module files
[24.594s] [34mcolcon.colcon_core.environment[0m [1;30mLevel 1[0m checking '/media/subham/85dce0f4-2e29-4540-9a32-801850cfcef6/subham/LidarMapping2.5D/install/velodyne_gazebo_plugins' for CMake config files
[24.594s] [34mcolcon.colcon_core.shell[0m [1;30mLevel 1[0m create_environment_hook('velodyne_gazebo_plugins', 'cmake_prefix_path')
[24.594s] [34mcolcon.colcon_core.shell[0m [1;30mINFO[0m Creating environment hook '/media/subham/85dce0f4-2e29-4540-9a32-801850cfcef6/subham/LidarMapping2.5D/install/velodyne_gazebo_plugins/share/velodyne_gazebo_plugins/hook/cmake_prefix_path.ps1'
[24.594s] [34mcolcon.colcon_core.shell[0m [1;30mINFO[0m Creating environment descriptor '/media/subham/85dce0f4-2e29-4540-9a32-801850cfcef6/subham/LidarMapping2.5D/install/velodyne_gazebo_plugins/share/velodyne_gazebo_plugins/hook/cmake_prefix_path.dsv'
[24.595s] [34mcolcon.colcon_core.shell[0m [1;30mINFO[0m Creating environment hook '/media/subham/85dce0f4-2e29-4540-9a32-801850cfcef6/subham/LidarMapping2.5D/install/velodyne_gazebo_plugins/share/velodyne_gazebo_plugins/hook/cmake_prefix_path.sh'
[24.595s] [34mcolcon.colcon_core.environment[0m [1;30mLevel 1[0m checking '/media/subham/85dce0f4-2e29-4540-9a32-801850cfcef6/subham/LidarMapping2.5D/install/velodyne_gazebo_plugins/lib'
[24.595s] [34mcolcon.colcon_core.shell[0m [1;30mLevel 1[0m create_environment_hook('velodyne_gazebo_plugins', 'ld_library_path_lib')
[24.595s] [34mcolcon.colcon_core.shell[0m [1;30mINFO[0m Creating environment hook '/media/subham/85dce0f4-2e29-4540-9a32-801850cfcef6/subham/LidarMapping2.5D/install/velodyne_gazebo_plugins/share/velodyne_gazebo_plugins/hook/ld_library_path_lib.ps1'
[24.596s] [34mcolcon.colcon_core.shell[0m [1;30mINFO[0m Creating environment descriptor '/media/subham/85dce0f4-2e29-4540-9a32-801850cfcef6/subham/LidarMapping2.5D/install/velodyne_gazebo_plugins/share/velodyne_gazebo_plugins/hook/ld_library_path_lib.dsv'
[24.596s] [34mcolcon.colcon_core.shell[0m [1;30mINFO[0m Creating environment hook '/media/subham/85dce0f4-2e29-4540-9a32-801850cfcef6/subham/LidarMapping2.5D/install/velodyne_gazebo_plugins/share/velodyne_gazebo_plugins/hook/ld_library_path_lib.sh'
[24.596s] [34mcolcon.colcon_core.environment[0m [1;30mLevel 1[0m checking '/media/subham/85dce0f4-2e29-4540-9a32-801850cfcef6/subham/LidarMapping2.5D/install/velodyne_gazebo_plugins/bin'
[24.596s] [34mcolcon.colcon_core.environment[0m [1;30mLevel 1[0m checking '/media/subham/85dce0f4-2e29-4540-9a32-801850cfcef6/subham/LidarMapping2.5D/install/velodyne_gazebo_plugins/lib/pkgconfig/velodyne_gazebo_plugins.pc'
[24.597s] [34mcolcon.colcon_core.environment[0m [1;30mLevel 1[0m checking '/media/subham/85dce0f4-2e29-4540-9a32-801850cfcef6/subham/LidarMapping2.5D/install/velodyne_gazebo_plugins/lib/python3.10/site-packages'
[24.597s] [34mcolcon.colcon_core.environment[0m [1;30mLevel 1[0m checking '/media/subham/85dce0f4-2e29-4540-9a32-801850cfcef6/subham/LidarMapping2.5D/install/velodyne_gazebo_plugins/bin'
[24.597s] [34mcolcon.colcon_core.shell[0m [1;30mINFO[0m Creating package script '/media/subham/85dce0f4-2e29-4540-9a32-801850cfcef6/subham/LidarMapping2.5D/install/velodyne_gazebo_plugins/share/velodyne_gazebo_plugins/package.ps1'
[24.598s] [34mcolcon.colcon_core.shell[0m [1;30mINFO[0m Creating package descriptor '/media/subham/85dce0f4-2e29-4540-9a32-801850cfcef6/subham/LidarMapping2.5D/install/velodyne_gazebo_plugins/share/velodyne_gazebo_plugins/package.dsv'
[24.598s] [34mcolcon.colcon_core.shell[0m [1;30mINFO[0m Creating package script '/media/subham/85dce0f4-2e29-4540-9a32-801850cfcef6/subham/LidarMapping2.5D/install/velodyne_gazebo_plugins/share/velodyne_gazebo_plugins/package.sh'
[24.599s] [34mcolcon.colcon_core.shell[0m [1;30mINFO[0m Creating package script '/media/subham/85dce0f4-2e29-4540-9a32-801850cfcef6/subham/LidarMapping2.5D/install/velodyne_gazebo_plugins/share/velodyne_gazebo_plugins/package.bash'
[24.599s] [34mcolcon.colcon_core.shell[0m [1;30mINFO[0m Creating package script '/media/subham/85dce0f4-2e29-4540-9a32-801850cfcef6/subham/LidarMapping2.5D/install/velodyne_gazebo_plugins/share/velodyne_gazebo_plugins/package.zsh'
[24.599s] [34mcolcon.colcon_core.environment[0m [1;30mLevel 1[0m create_file_with_runtime_dependencies(/media/subham/85dce0f4-2e29-4540-9a32-801850cfcef6/subham/LidarMapping2.5D/install/velodyne_gazebo_plugins/share/colcon-core/packages/velodyne_gazebo_plugins)
[24.599s] [34mcolcon.colcon_core.executor.sequential[0m [1;30mDEBUG[0m [32mrun_until_complete 'velodyne_gazebo_plugins' finished with '0'[0m
[24.600s] [34mcolcon.colcon_core.executor.sequential[0m [1;30mDEBUG[0m [32mrun_until_complete 'fastdem_ros2'[0m
[24.600s] [34mcolcon.colcon_ros.task.ament_cmake.build[0m [1;30mINFO[0m Building ROS package in '/media/subham/85dce0f4-2e29-4540-9a32-801850cfcef6/subham/LidarMapping2.5D/src/FastDEM/ros2' with build type 'ament_cmake'
[24.600s] [34mcolcon.colcon_cmake.task.cmake.build[0m [1;30mINFO[0m Building CMake package in '/media/subham/85dce0f4-2e29-4540-9a32-801850cfcef6/subham/LidarMapping2.5D/src/FastDEM/ros2'
[24.600s] [34mcolcon.colcon_core.shell[0m [1;30mINFO[0m Skip shell extension 'powershell' for command environment: Not usable outside of PowerShell
[24.600s] [34mcolcon.colcon_core.shell[0m [1;30mDEBUG[0m [32mSkip shell extension 'dsv' for command environment[0m
[24.618s] [34mcolcon.colcon_core.event_handler.log_command[0m [1;30mDEBUG[0m [32mInvoking command in '/media/subham/85dce0f4-2e29-4540-9a32-801850cfcef6/subham/LidarMapping2.5D/build/fastdem_ros2': CMAKE_PREFIX_PATH=/media/subham/85dce0f4-2e29-4540-9a32-801850cfcef6/subham/LidarMapping2.5D/install/fastdem:/media/subham/85dce0f4-2e29-4540-9a32-801850cfcef6/subham/LidarMapping2.5D/install/segmentation_lidar:/media/subham/85dce0f4-2e29-4540-9a32-801850cfcef6/subham/LidarMapping2.5D/install/velodyne_simulator:/media/subham/85dce0f4-2e29-4540-9a32-801850cfcef6/subham/LidarMapping2.5D/install/velodyne_description:/media/subham/85dce0f4-2e29-4540-9a32-801850cfcef6/subham/LidarMapping2.5D/install/velodyne_gazebo_plugins:/media/subham/85dce0f4-2e29-4540-9a32-801850cfcef6/subham/LidarMapping2.5D/install/salsanext_ros2:/media/subham/85dce0f4-2e29-4540-9a32-801850cfcef6/subham/LidarMapping2.5D/install/patchwork_plusplus:/media/subham/85dce0f4-2e29-4540-9a32-801850cfcef6/subham/LidarMapping2.5D/install/lid_simulation:/media/subham/85dce0f4-2e29-4540-9a32-801850cfcef6/subham/LidarMapping2.5D/install/lid_description:/media/subham/85dce0f4-2e29-4540-9a32-801850cfcef6/subham/LidarMapping2.5D/install/jsk_recognition_msgs:/media/subham/85dce0f4-2e29-4540-9a32-801850cfcef6/subham/LidarMapping2.5D/install/height_mapping_ros2:/media/subham/85dce0f4-2e29-4540-9a32-801850cfcef6/subham/LidarMapping2.5D/install/height_mapping_core:/media/subham/85dce0f4-2e29-4540-9a32-801850cfcef6/subham/LidarMapping2.5D/install/fastdem_ros2:/home/subham/omokai_ws/install/llm_simulation:/home/subham/omokai_ws/install/llm_prompt:/home/subham/omokai_ws/install/llm_description:/home/subham/Edge_AI_for_ADAS_and_Autonomous_Systems/install/adas_simulation:/home/subham/Edge_AI_for_ADAS_and_Autonomous_Systems/install/adas_description:/home/subham/rover_ws/install/rover_gazebo:/home/subham/rover_ws/install/rover_description:/home/subham/rover_ws/install/rf2o_laser_odometry:/home/subham/anvrit_ws/install/rplidar_ros:/home/subham/anvrit_ws/install/astra_camera:/home/subham/anvrit_ws/install/astra_camera_msgs:/home/subham/anvrit_ws/install/anvrit_description:/home/subham/igvc/install/velodyne_simulator:/home/subham/igvc/install/velodyne_description:/home/subham/igvc/install/velodyne_gazebo_plugins:/home/subham/igvc/install/igvc_simulation:/home/subham/igvc/install/igvc_description:/home/subham/colcon_ws/install/ur_simulation_gz:/home/subham/colcon_ws/install/ur_description:/home/subham/colcon_ws/install/ur5_control_2481:/home/subham/colcon_ws/install/s2481_ebot_description:/home/subham/colcon_ws/install/linkattacher_msgs:/home/subham/colcon_ws/install/eyantra_warehouse:/home/subham/colcon_ws/install/ackerman_description:/home/subham/omokai_ws/install/llm_navigation:/home/subham/Edge_AI_for_ADAS_and_Autonomous_Systems/install/adas_perception:/home/subham/Edge_AI_for_ADAS_and_Autonomous_Systems/install/adas_navigation:/home/subham/rover_ws/install/rover_navigation:/home/subham/anvrit_ws/install/anvrit_perception:/home/subham/anvrit_ws/install/anvrit_odometry:/home/subham/anvrit_ws/install/anvrit_nav2:/home/subham/igvc/install/igvc_perception:/home/subham/igvc/install/igvc_navigation:/home/subham/colcon_ws/install/ros2ai:/opt/ros/humble /usr/bin/cmake --build /media/subham/85dce0f4-2e29-4540-9a32-801850cfcef6/subham/LidarMapping2.5D/build/fastdem_ros2[0m
[24.720s] [34mcolcon.colcon_core.event_handler.log_command[0m [1;30mDEBUG[0m [32mInvoked command in '/media/subham/85dce0f4-2e29-4540-9a32-801850cfcef6/subham/LidarMapping2.5D/build/fastdem_ros2' returned '0': CMAKE_PREFIX_PATH=/media/subham/85dce0f4-2e29-4540-9a32-801850cfcef6/subham/LidarMapping2.5D/install/fastdem:/media/subham/85dce0f4-2e29-4540-9a32-801850cfcef6/subham/LidarMapping2.5D/install/segmentation_lidar:/media/subham/85dce0f4-2e29-4540-9a32-801850cfcef6/subham/LidarMapping2.5D/install/velodyne_simulator:/media/subham/85dce0f4-2e29-4540-9a32-801850cfcef6/subham/LidarMapping2.5D/install/velodyne_description:/media/subham/85dce0f4-2e29-4540-9a32-801850cfcef6/subham/LidarMapping2.5D/install/velodyne_gazebo_plugins:/media/subham/85dce0f4-2e29-4540-9a32-801850cfcef6/subham/LidarMapping2.5D/install/salsanext_ros2:/media/subham/85dce0f4-2e29-4540-9a32-801850cfcef6/subham/LidarMapping2.5D/install/patchwork_plusplus:/media/subham/85dce0f4-2e29-4540-9a32-801850cfcef6/subham/LidarMapping2.5D/install/lid_simulation:/media/subham/85dce0f4-2e29-4540-9a32-801850cfcef6/subham/LidarMapping2.5D/install/lid_description:/media/subham/85dce0f4-2e29-4540-9a32-801850cfcef6/subham/LidarMapping2.5D/install/jsk_recognition_msgs:/media/subham/85dce0f4-2e29-4540-9a32-801850cfcef6/subham/LidarMapping2.5D/install/height_mapping_ros2:/media/subham/85dce0f4-2e29-4540-9a32-801850cfcef6/subham/LidarMapping2.5D/install/height_mapping_core:/media/subham/85dce0f4-2e29-4540-9a32-801850cfcef6/subham/LidarMapping2.5D/install/fastdem_ros2:/home/subham/omokai_ws/install/llm_simulation:/home/subham/omokai_ws/install/llm_prompt:/home/subham/omokai_ws/install/llm_description:/home/subham/Edge_AI_for_ADAS_and_Autonomous_Systems/install/adas_simulation:/home/subham/Edge_AI_for_ADAS_and_Autonomous_Systems/install/adas_description:/home/subham/rover_ws/install/rover_gazebo:/home/subham/rover_ws/install/rover_description:/home/subham/rover_ws/install/rf2o_laser_odometry:/home/subham/anvrit_ws/install/rplidar_ros:/home/subham/anvrit_ws/install/astra_camera:/home/subham/anvrit_ws/install/astra_camera_msgs:/home/subham/anvrit_ws/install/anvrit_description:/home/subham/igvc/install/velodyne_simulator:/home/subham/igvc/install/velodyne_description:/home/subham/igvc/install/velodyne_gazebo_plugins:/home/subham/igvc/install/igvc_simulation:/home/subham/igvc/install/igvc_description:/home/subham/colcon_ws/install/ur_simulation_gz:/home/subham/colcon_ws/install/ur_description:/home/subham/colcon_ws/install/ur5_control_2481:/home/subham/colcon_ws/install/s2481_ebot_description:/home/subham/colcon_ws/install/linkattacher_msgs:/home/subham/colcon_ws/install/eyantra_warehouse:/home/subham/colcon_ws/install/ackerman_description:/home/subham/omokai_ws/install/llm_navigation:/home/subham/Edge_AI_for_ADAS_and_Autonomous_Systems/install/adas_perception:/home/subham/Edge_AI_for_ADAS_and_Autonomous_Systems/install/adas_navigation:/home/subham/rover_ws/install/rover_navigation:/home/subham/anvrit_ws/install/anvrit_perception:/home/subham/anvrit_ws/install/anvrit_odometry:/home/subham/anvrit_ws/install/anvrit_nav2:/home/subham/igvc/install/igvc_perception:/home/subham/igvc/install/igvc_navigation:/home/subham/colcon_ws/install/ros2ai:/opt/ros/humble /usr/bin/cmake --build /media/subham/85dce0f4-2e29-4540-9a32-801850cfcef6/subham/LidarMapping2.5D/build/fastdem_ros2[0m
[24.721s] [34mcolcon.colcon_core.event_handler.log_command[0m [1;30mDEBUG[0m [32mInvoking command in '/media/subham/85dce0f4-2e29-4540-9a32-801850cfcef6/subham/LidarMapping2.5D/build/fastdem_ros2': CMAKE_PREFIX_PATH=/media/subham/85dce0f4-2e29-4540-9a32-801850cfcef6/subham/LidarMapping2.5D/install/fastdem:/media/subham/85dce0f4-2e29-4540-9a32-801850cfcef6/subham/LidarMapping2.5D/install/segmentation_lidar:/media/subham/85dce0f4-2e29-4540-9a32-801850cfcef6/subham/LidarMapping2.5D/install/velodyne_simulator:/media/subham/85dce0f4-2e29-4540-9a32-801850cfcef6/subham/LidarMapping2.5D/install/velodyne_description:/media/subham/85dce0f4-2e29-4540-9a32-801850cfcef6/subham/LidarMapping2.5D/install/velodyne_gazebo_plugins:/media/subham/85dce0f4-2e29-4540-9a32-801850cfcef6/subham/LidarMapping2.5D/install/salsanext_ros2:/media/subham/85dce0f4-2e29-4540-9a32-801850cfcef6/subham/LidarMapping2.5D/install/patchwork_plusplus:/media/subham/85dce0f4-2e29-4540-9a32-801850cfcef6/subham/LidarMapping2.5D/install/lid_simulation:/media/subham/85dce0f4-2e29-4540-9a32-801850cfcef6/subham/LidarMapping2.5D/install/lid_description:/media/subham/85dce0f4-2e29-4540-9a32-801850cfcef6/subham/LidarMapping2.5D/install/jsk_recognition_msgs:/media/subham/85dce0f4-2e29-4540-9a32-801850cfcef6/subham/LidarMapping2.5D/install/height_mapping_ros2:/media/subham/85dce0f4-2e29-4540-9a32-801850cfcef6/subham/LidarMapping2.5D/install/height_mapping_core:/media/subham/85dce0f4-2e29-4540-9a32-801850cfcef6/subham/LidarMapping2.5D/install/fastdem_ros2:/home/subham/omokai_ws/install/llm_simulation:/home/subham/omokai_ws/install/llm_prompt:/home/subham/omokai_ws/install/llm_description:/home/subham/Edge_AI_for_ADAS_and_Autonomous_Systems/install/adas_simulation:/home/subham/Edge_AI_for_ADAS_and_Autonomous_Systems/install/adas_description:/home/subham/rover_ws/install/rover_gazebo:/home/subham/rover_ws/install/rover_description:/home/subham/rover_ws/install/rf2o_laser_odometry:/home/subham/anvrit_ws/install/rplidar_ros:/home/subham/anvrit_ws/install/astra_camera:/home/subham/anvrit_ws/install/astra_camera_msgs:/home/subham/anvrit_ws/install/anvrit_description:/home/subham/igvc/install/velodyne_simulator:/home/subham/igvc/install/velodyne_description:/home/subham/igvc/install/velodyne_gazebo_plugins:/home/subham/igvc/install/igvc_simulation:/home/subham/igvc/install/igvc_description:/home/subham/colcon_ws/install/ur_simulation_gz:/home/subham/colcon_ws/install/ur_description:/home/subham/colcon_ws/install/ur5_control_2481:/home/subham/colcon_ws/install/s2481_ebot_description:/home/subham/colcon_ws/install/linkattacher_msgs:/home/subham/colcon_ws/install/eyantra_warehouse:/home/subham/colcon_ws/install/ackerman_description:/home/subham/omokai_ws/install/llm_navigation:/home/subham/Edge_AI_for_ADAS_and_Autonomous_Systems/install/adas_perception:/home/subham/Edge_AI_for_ADAS_and_Autonomous_Systems/install/adas_navigation:/home/subham/rover_ws/install/rover_navigation:/home/subham/anvrit_ws/install/anvrit_perception:/home/subham/anvrit_ws/install/anvrit_odometry:/home/subham/anvrit_ws/install/anvrit_nav2:/home/subham/igvc/install/igvc_perception:/home/subham/igvc/install/igvc_navigation:/home/subham/colcon_ws/install/ros2ai:/opt/ros/humble /usr/bin/cmake --install /media/subham/85dce0f4-2e29-4540-9a32-801850cfcef6/subham/LidarMapping2.5D/build/fastdem_ros2[0m
[24.750s] [34mcolcon.colcon_core.environment[0m [1;30mLevel 1[0m create_environment_scripts_only(fastdem_ros2)
[24.751s] [34mcolcon.colcon_core.environment[0m [1;30mLevel 1[0m checking '/media/subham/85dce0f4-2e29-4540-9a32-801850cfcef6/subham/LidarMapping2.5D/install/fastdem_ros2' for CMake module files
[24.752s] [34mcolcon.colcon_core.event_handler.log_command[0m [1;30mDEBUG[0m [32mInvoked command in '/media/subham/85dce0f4-2e29-4540-9a32-801850cfcef6/subham/LidarMapping2.5D/build/fastdem_ros2' returned '0': CMAKE_PREFIX_PATH=/media/subham/85dce0f4-2e29-4540-9a32-801850cfcef6/subham/LidarMapping2.5D/install/fastdem:/media/subham/85dce0f4-2e29-4540-9a32-801850cfcef6/subham/LidarMapping2.5D/install/segmentation_lidar:/media/subham/85dce0f4-2e29-4540-9a32-801850cfcef6/subham/LidarMapping2.5D/install/velodyne_simulator:/media/subham/85dce0f4-2e29-4540-9a32-801850cfcef6/subham/LidarMapping2.5D/install/velodyne_description:/media/subham/85dce0f4-2e29-4540-9a32-801850cfcef6/subham/LidarMapping2.5D/install/velodyne_gazebo_plugins:/media/subham/85dce0f4-2e29-4540-9a32-801850cfcef6/subham/LidarMapping2.5D/install/salsanext_ros2:/media/subham/85dce0f4-2e29-4540-9a32-801850cfcef6/subham/LidarMapping2.5D/install/patchwork_plusplus:/media/subham/85dce0f4-2e29-4540-9a32-801850cfcef6/subham/LidarMapping2.5D/install/lid_simulation:/media/subham/85dce0f4-2e29-4540-9a32-801850cfcef6/subham/LidarMapping2.5D/install/lid_description:/media/subham/85dce0f4-2e29-4540-9a32-801850cfcef6/subham/LidarMapping2.5D/install/jsk_recognition_msgs:/media/subham/85dce0f4-2e29-4540-9a32-801850cfcef6/subham/LidarMapping2.5D/install/height_mapping_ros2:/media/subham/85dce0f4-2e29-4540-9a32-801850cfcef6/subham/LidarMapping2.5D/install/height_mapping_core:/media/subham/85dce0f4-2e29-4540-9a32-801850cfcef6/subham/LidarMapping2.5D/install/fastdem_ros2:/home/subham/omokai_ws/install/llm_simulation:/home/subham/omokai_ws/install/llm_prompt:/home/subham/omokai_ws/install/llm_description:/home/subham/Edge_AI_for_ADAS_and_Autonomous_Systems/install/adas_simulation:/home/subham/Edge_AI_for_ADAS_and_Autonomous_Systems/install/adas_description:/home/subham/rover_ws/install/rover_gazebo:/home/subham/rover_ws/install/rover_description:/home/subham/rover_ws/install/rf2o_laser_odometry:/home/subham/anvrit_ws/install/rplidar_ros:/home/subham/anvrit_ws/install/astra_camera:/home/subham/anvrit_ws/install/astra_camera_msgs:/home/subham/anvrit_ws/install/anvrit_description:/home/subham/igvc/install/velodyne_simulator:/home/subham/igvc/install/velodyne_description:/home/subham/igvc/install/velodyne_gazebo_plugins:/home/subham/igvc/install/igvc_simulation:/home/subham/igvc/install/igvc_description:/home/subham/colcon_ws/install/ur_simulation_gz:/home/subham/colcon_ws/install/ur_description:/home/subham/colcon_ws/install/ur5_control_2481:/home/subham/colcon_ws/install/s2481_ebot_description:/home/subham/colcon_ws/install/linkattacher_msgs:/home/subham/colcon_ws/install/eyantra_warehouse:/home/subham/colcon_ws/install/ackerman_description:/home/subham/omokai_ws/install/llm_navigation:/home/subham/Edge_AI_for_ADAS_and_Autonomous_Systems/install/adas_perception:/home/subham/Edge_AI_for_ADAS_and_Autonomous_Systems/install/adas_navigation:/home/subham/rover_ws/install/rover_navigation:/home/subham/anvrit_ws/install/anvrit_perception:/home/subham/anvrit_ws/install/anvrit_odometry:/home/subham/anvrit_ws/install/anvrit_nav2:/home/subham/igvc/install/igvc_perception:/home/subham/igvc/install/igvc_navigation:/home/subham/colcon_ws/install/ros2ai:/opt/ros/humble /usr/bin/cmake --install /media/subham/85dce0f4-2e29-4540-9a32-801850cfcef6/subham/LidarMapping2.5D/build/fastdem_ros2[0m
[24.752s] [34mcolcon.colcon_core.environment[0m [1;30mLevel 1[0m checking '/media/subham/85dce0f4-2e29-4540-9a32-801850cfcef6/subham/LidarMapping2.5D/install/fastdem_ros2' for CMake config files
[24.752s] [34mcolcon.colcon_core.shell[0m [1;30mLevel 1[0m create_environment_hook('fastdem_ros2', 'cmake_prefix_path')
[24.753s] [34mcolcon.colcon_core.shell[0m [1;30mINFO[0m Creating environment hook '/media/subham/85dce0f4-2e29-4540-9a32-801850cfcef6/subham/LidarMapping2.5D/install/fastdem_ros2/share/fastdem_ros2/hook/cmake_prefix_path.ps1'
[24.753s] [34mcolcon.colcon_core.shell[0m [1;30mINFO[0m Creating environment descriptor '/media/subham/85dce0f4-2e29-4540-9a32-801850cfcef6/subham/LidarMapping2.5D/install/fastdem_ros2/share/fastdem_ros2/hook/cmake_prefix_path.dsv'
[24.753s] [34mcolcon.colcon_core.shell[0m [1;30mINFO[0m Creating environment hook '/media/subham/85dce0f4-2e29-4540-9a32-801850cfcef6/subham/LidarMapping2.5D/install/fastdem_ros2/share/fastdem_ros2/hook/cmake_prefix_path.sh'
[24.754s] [34mcolcon.colcon_core.environment[0m [1;30mLevel 1[0m checking '/media/subham/85dce0f4-2e29-4540-9a32-801850cfcef6/subham/LidarMapping2.5D/install/fastdem_ros2/lib'
[24.754s] [34mcolcon.colcon_core.environment[0m [1;30mLevel 1[0m checking '/media/subham/85dce0f4-2e29-4540-9a32-801850cfcef6/subham/LidarMapping2.5D/install/fastdem_ros2/bin'
[24.754s] [34mcolcon.colcon_core.environment[0m [1;30mLevel 1[0m checking '/media/subham/85dce0f4-2e29-4540-9a32-801850cfcef6/subham/LidarMapping2.5D/install/fastdem_ros2/lib/pkgconfig/fastdem_ros2.pc'
[24.754s] [34mcolcon.colcon_core.environment[0m [1;30mLevel 1[0m checking '/media/subham/85dce0f4-2e29-4540-9a32-801850cfcef6/subham/LidarMapping2.5D/install/fastdem_ros2/lib/python3.10/site-packages'
[24.754s] [34mcolcon.colcon_core.environment[0m [1;30mLevel 1[0m checking '/media/subham/85dce0f4-2e29-4540-9a32-801850cfcef6/subham/LidarMapping2.5D/install/fastdem_ros2/bin'
[24.755s] [34mcolcon.colcon_core.shell[0m [1;30mINFO[0m Creating package script '/media/subham/85dce0f4-2e29-4540-9a32-801850cfcef6/subham/LidarMapping2.5D/install/fastdem_ros2/share/fastdem_ros2/package.ps1'
[24.755s] [34mcolcon.colcon_core.shell[0m [1;30mINFO[0m Creating package descriptor '/media/subham/85dce0f4-2e29-4540-9a32-801850cfcef6/subham/LidarMapping2.5D/install/fastdem_ros2/share/fastdem_ros2/package.dsv'
[24.756s] [34mcolcon.colcon_core.shell[0m [1;30mINFO[0m Creating package script '/media/subham/85dce0f4-2e29-4540-9a32-801850cfcef6/subham/LidarMapping2.5D/install/fastdem_ros2/share/fastdem_ros2/package.sh'
[24.756s] [34mcolcon.colcon_core.shell[0m [1;30mINFO[0m Creating package script '/media/subham/85dce0f4-2e29-4540-9a32-801850cfcef6/subham/LidarMapping2.5D/install/fastdem_ros2/share/fastdem_ros2/package.bash'
[24.756s] [34mcolcon.colcon_core.shell[0m [1;30mINFO[0m Creating package script '/media/subham/85dce0f4-2e29-4540-9a32-801850cfcef6/subham/LidarMapping2.5D/install/fastdem_ros2/share/fastdem_ros2/package.zsh'
[24.756s] [34mcolcon.colcon_core.environment[0m [1;30mLevel 1[0m create_file_with_runtime_dependencies(/media/subham/85dce0f4-2e29-4540-9a32-801850cfcef6/subham/LidarMapping2.5D/install/fastdem_ros2/share/colcon-core/packages/fastdem_ros2)
[24.757s] [34mcolcon.colcon_core.environment[0m [1;30mLevel 1[0m create_environment_scripts_only(fastdem_ros2)
[24.757s] [34mcolcon.colcon_core.environment[0m [1;30mLevel 1[0m checking '/media/subham/85dce0f4-2e29-4540-9a32-801850cfcef6/subham/LidarMapping2.5D/install/fastdem_ros2' for CMake module files
[24.758s] [34mcolcon.colcon_core.environment[0m [1;30mLevel 1[0m checking '/media/subham/85dce0f4-2e29-4540-9a32-801850cfcef6/subham/LidarMapping2.5D/install/fastdem_ros2' for CMake config files
[24.758s] [34mcolcon.colcon_core.shell[0m [1;30mLevel 1[0m create_environment_hook('fastdem_ros2', 'cmake_prefix_path')
[24.758s] [34mcolcon.colcon_core.shell[0m [1;30mINFO[0m Creating environment hook '/media/subham/85dce0f4-2e29-4540-9a32-801850cfcef6/subham/LidarMapping2.5D/install/fastdem_ros2/share/fastdem_ros2/hook/cmake_prefix_path.ps1'
[24.758s] [34mcolcon.colcon_core.shell[0m [1;30mINFO[0m Creating environment descriptor '/media/subham/85dce0f4-2e29-4540-9a32-801850cfcef6/subham/LidarMapping2.5D/install/fastdem_ros2/share/fastdem_ros2/hook/cmake_prefix_path.dsv'
[24.759s] [34mcolcon.colcon_core.shell[0m [1;30mINFO[0m Creating environment hook '/media/subham/85dce0f4-2e29-4540-9a32-801850cfcef6/subham/LidarMapping2.5D/install/fastdem_ros2/share/fastdem_ros2/hook/cmake_prefix_path.sh'
[24.759s] [34mcolcon.colcon_core.environment[0m [1;30mLevel 1[0m checking '/media/subham/85dce0f4-2e29-4540-9a32-801850cfcef6/subham/LidarMapping2.5D/install/fastdem_ros2/lib'
[24.759s] [34mcolcon.colcon_core.environment[0m [1;30mLevel 1[0m checking '/media/subham/85dce0f4-2e29-4540-9a32-801850cfcef6/subham/LidarMapping2.5D/install/fastdem_ros2/bin'
[24.759s] [34mcolcon.colcon_core.environment[0m [1;30mLevel 1[0m checking '/media/subham/85dce0f4-2e29-4540-9a32-801850cfcef6/subham/LidarMapping2.5D/install/fastdem_ros2/lib/pkgconfig/fastdem_ros2.pc'
[24.760s] [34mcolcon.colcon_core.environment[0m [1;30mLevel 1[0m checking '/media/subham/85dce0f4-2e29-4540-9a32-801850cfcef6/subham/LidarMapping2.5D/install/fastdem_ros2/lib/python3.10/site-packages'
[24.760s] [34mcolcon.colcon_core.environment[0m [1;30mLevel 1[0m checking '/media/subham/85dce0f4-2e29-4540-9a32-801850cfcef6/subham/LidarMapping2.5D/install/fastdem_ros2/bin'
[24.760s] [34mcolcon.colcon_core.shell[0m [1;30mINFO[0m Creating package script '/media/subham/85dce0f4-2e29-4540-9a32-801850cfcef6/subham/LidarMapping2.5D/install/fastdem_ros2/share/fastdem_ros2/package.ps1'
[24.761s] [34mcolcon.colcon_core.shell[0m [1;30mINFO[0m Creating package descriptor '/media/subham/85dce0f4-2e29-4540-9a32-801850cfcef6/subham/LidarMapping2.5D/install/fastdem_ros2/share/fastdem_ros2/package.dsv'
[24.761s] [34mcolcon.colcon_core.shell[0m [1;30mINFO[0m Creating package script '/media/subham/85dce0f4-2e29-4540-9a32-801850cfcef6/subham/LidarMapping2.5D/install/fastdem_ros2/share/fastdem_ros2/package.sh'
[24.761s] [34mcolcon.colcon_core.shell[0m [1;30mINFO[0m Creating package script '/media/subham/85dce0f4-2e29-4540-9a32-801850cfcef6/subham/LidarMapping2.5D/install/fastdem_ros2/share/fastdem_ros2/package.bash'
[24.762s] [34mcolcon.colcon_core.shell[0m [1;30mINFO[0m Creating package script '/media/subham/85dce0f4-2e29-4540-9a32-801850cfcef6/subham/LidarMapping2.5D/install/fastdem_ros2/share/fastdem_ros2/package.zsh'
[24.762s] [34mcolcon.colcon_core.environment[0m [1;30mLevel 1[0m create_file_with_runtime_dependencies(/media/subham/85dce0f4-2e29-4540-9a32-801850cfcef6/subham/LidarMapping2.5D/install/fastdem_ros2/share/colcon-core/packages/fastdem_ros2)
[24.762s] [34mcolcon.colcon_core.executor.sequential[0m [1;30mDEBUG[0m [32mrun_until_complete 'fastdem_ros2' finished with '0'[0m
[24.762s] [34mcolcon.colcon_core.executor.sequential[0m [1;30mDEBUG[0m [32mrun_until_complete 'patchwork_plusplus'[0m
[24.762s] [34mcolcon.colcon_ros.task.ament_cmake.build[0m [1;30mINFO[0m Building ROS package in '/media/subham/85dce0f4-2e29-4540-9a32-801850cfcef6/subham/LidarMapping2.5D/src/patchwork-plusplus-ros2/patchwork_plusplus' with build type 'ament_cmake'
[24.762s] [34mcolcon.colcon_cmake.task.cmake.build[0m [1;30mINFO[0m Building CMake package in '/media/subham/85dce0f4-2e29-4540-9a32-801850cfcef6/subham/LidarMapping2.5D/src/patchwork-plusplus-ros2/patchwork_plusplus'
[24.763s] [34mcolcon.colcon_core.shell[0m [1;30mINFO[0m Skip shell extension 'powershell' for command environment: Not usable outside of PowerShell
[24.763s] [34mcolcon.colcon_core.shell[0m [1;30mDEBUG[0m [32mSkip shell extension 'dsv' for command environment[0m
[24.784s] [34mcolcon.colcon_core.event_handler.log_command[0m [1;30mDEBUG[0m [32mInvoking command in '/media/subham/85dce0f4-2e29-4540-9a32-801850cfcef6/subham/LidarMapping2.5D/build/patchwork_plusplus': CMAKE_PREFIX_PATH=/media/subham/85dce0f4-2e29-4540-9a32-801850cfcef6/subham/LidarMapping2.5D/install/jsk_recognition_msgs:/media/subham/85dce0f4-2e29-4540-9a32-801850cfcef6/subham/LidarMapping2.5D/install/segmentation_lidar:/media/subham/85dce0f4-2e29-4540-9a32-801850cfcef6/subham/LidarMapping2.5D/install/velodyne_simulator:/media/subham/85dce0f4-2e29-4540-9a32-801850cfcef6/subham/LidarMapping2.5D/install/velodyne_description:/media/subham/85dce0f4-2e29-4540-9a32-801850cfcef6/subham/LidarMapping2.5D/install/velodyne_gazebo_plugins:/media/subham/85dce0f4-2e29-4540-9a32-801850cfcef6/subham/LidarMapping2.5D/install/salsanext_ros2:/media/subham/85dce0f4-2e29-4540-9a32-801850cfcef6/subham/LidarMapping2.5D/install/patchwork_plusplus:/media/subham/85dce0f4-2e29-4540-9a32-801850cfcef6/subham/LidarMapping2.5D/install/lid_simulation:/media/subham/85dce0f4-2e29-4540-9a32-801850cfcef6/subham/LidarMapping2.5D/install/lid_description:/media/subham/85dce0f4-2e29-4540-9a32-801850cfcef6/subham/LidarMapping2.5D/install/height_mapping_ros2:/media/subham/85dce0f4-2e29-4540-9a32-801850cfcef6/subham/LidarMapping2.5D/install/height_mapping_core:/media/subham/85dce0f4-2e29-4540-9a32-801850cfcef6/subham/LidarMapping2.5D/install/fastdem_ros2:/media/subham/85dce0f4-2e29-4540-9a32-801850cfcef6/subham/LidarMapping2.5D/install/fastdem:/home/subham/omokai_ws/install/llm_simulation:/home/subham/omokai_ws/install/llm_prompt:/home/subham/omokai_ws/install/llm_description:/home/subham/Edge_AI_for_ADAS_and_Autonomous_Systems/install/adas_simulation:/home/subham/Edge_AI_for_ADAS_and_Autonomous_Systems/install/adas_description:/home/subham/rover_ws/install/rover_gazebo:/home/subham/rover_ws/install/rover_description:/home/subham/rover_ws/install/rf2o_laser_odometry:/home/subham/anvrit_ws/install/rplidar_ros:/home/subham/anvrit_ws/install/astra_camera:/home/subham/anvrit_ws/install/astra_camera_msgs:/home/subham/anvrit_ws/install/anvrit_description:/home/subham/igvc/install/velodyne_simulator:/home/subham/igvc/install/velodyne_description:/home/subham/igvc/install/velodyne_gazebo_plugins:/home/subham/igvc/install/igvc_simulation:/home/subham/igvc/install/igvc_description:/home/subham/colcon_ws/install/ur_simulation_gz:/home/subham/colcon_ws/install/ur_description:/home/subham/colcon_ws/install/ur5_control_2481:/home/subham/colcon_ws/install/s2481_ebot_description:/home/subham/colcon_ws/install/linkattacher_msgs:/home/subham/colcon_ws/install/eyantra_warehouse:/home/subham/colcon_ws/install/ackerman_description:/home/subham/omokai_ws/install/llm_navigation:/home/subham/Edge_AI_for_ADAS_and_Autonomous_Systems/install/adas_perception:/home/subham/Edge_AI_for_ADAS_and_Autonomous_Systems/install/adas_navigation:/home/subham/rover_ws/install/rover_navigation:/home/subham/anvrit_ws/install/anvrit_perception:/home/subham/anvrit_ws/install/anvrit_odometry:/home/subham/anvrit_ws/install/anvrit_nav2:/home/subham/igvc/install/igvc_perception:/home/subham/igvc/install/igvc_navigation:/home/subham/colcon_ws/install/ros2ai:/opt/ros/humble LD_LIBRARY_PATH=/media/subham/85dce0f4-2e29-4540-9a32-801850cfcef6/subham/LidarMapping2.5D/install/jsk_recognition_msgs/lib:/media/subham/85dce0f4-2e29-4540-9a32-801850cfcef6/subham/LidarMapping2.5D/install/velodyne_gazebo_plugins/lib:/media/subham/85dce0f4-2e29-4540-9a32-801850cfcef6/subham/LidarMapping2.5D/install/patchwork_plusplus/lib:/media/subham/85dce0f4-2e29-4540-9a32-801850cfcef6/subham/LidarMapping2.5D/install/height_mapping_ros2/lib:/media/subham/85dce0f4-2e29-4540-9a32-801850cfcef6/subham/LidarMapping2.5D/install/height_mapping_core/lib:/home/subham/anvrit_ws/install/astra_camera/lib:/home/subham/anvrit_ws/install/astra_camera_msgs/lib:/home/subham/igvc/install/velodyne_gazebo_plugins/lib:/home/subham/colcon_ws/install/linkattacher_msgs/lib:/opt/ros/humble/opt/rviz_ogre_vendor/lib:/opt/ros/humble/lib/x86_64-linux-gnu:/opt/ros/humble/opt/openvdb_vendor/lib:/opt/ros/humble/lib /usr/bin/cmake --build /media/subham/85dce0f4-2e29-4540-9a32-801850cfcef6/subham/LidarMapping2.5D/build/patchwork_plusplus[0m
[24.945s] [34mcolcon.colcon_core.event_handler.log_command[0m [1;30mDEBUG[0m [32mInvoked command in '/media/subham/85dce0f4-2e29-4540-9a32-801850cfcef6/subham/LidarMapping2.5D/build/patchwork_plusplus' returned '0': CMAKE_PREFIX_PATH=/media/subham/85dce0f4-2e29-4540-9a32-801850cfcef6/subham/LidarMapping2.5D/install/jsk_recognition_msgs:/media/subham/85dce0f4-2e29-4540-9a32-801850cfcef6/subham/LidarMapping2.5D/install/segmentation_lidar:/media/subham/85dce0f4-2e29-4540-9a32-801850cfcef6/subham/LidarMapping2.5D/install/velodyne_simulator:/media/subham/85dce0f4-2e29-4540-9a32-801850cfcef6/subham/LidarMapping2.5D/install/velodyne_description:/media/subham/85dce0f4-2e29-4540-9a32-801850cfcef6/subham/LidarMapping2.5D/install/velodyne_gazebo_plugins:/media/subham/85dce0f4-2e29-4540-9a32-801850cfcef6/subham/LidarMapping2.5D/install/salsanext_ros2:/media/subham/85dce0f4-2e29-4540-9a32-801850cfcef6/subham/LidarMapping2.5D/install/patchwork_plusplus:/media/subham/85dce0f4-2e29-4540-9a32-801850cfcef6/subham/LidarMapping2.5D/install/lid_simulation:/media/subham/85dce0f4-2e29-4540-9a32-801850cfcef6/subham/LidarMapping2.5D/install/lid_description:/media/subham/85dce0f4-2e29-4540-9a32-801850cfcef6/subham/LidarMapping2.5D/install/height_mapping_ros2:/media/subham/85dce0f4-2e29-4540-9a32-801850cfcef6/subham/LidarMapping2.5D/install/height_mapping_core:/media/subham/85dce0f4-2e29-4540-9a32-801850cfcef6/subham/LidarMapping2.5D/install/fastdem_ros2:/media/subham/85dce0f4-2e29-4540-9a32-801850cfcef6/subham/LidarMapping2.5D/install/fastdem:/home/subham/omokai_ws/install/llm_simulation:/home/subham/omokai_ws/install/llm_prompt:/home/subham/omokai_ws/install/llm_description:/home/subham/Edge_AI_for_ADAS_and_Autonomous_Systems/install/adas_simulation:/home/subham/Edge_AI_for_ADAS_and_Autonomous_Systems/install/adas_description:/home/subham/rover_ws/install/rover_gazebo:/home/subham/rover_ws/install/rover_description:/home/subham/rover_ws/install/rf2o_laser_odometry:/home/subham/anvrit_ws/install/rplidar_ros:/home/subham/anvrit_ws/install/astra_camera:/home/subham/anvrit_ws/install/astra_camera_msgs:/home/subham/anvrit_ws/install/anvrit_description:/home/subham/igvc/install/velodyne_simulator:/home/subham/igvc/install/velodyne_description:/home/subham/igvc/install/velodyne_gazebo_plugins:/home/subham/igvc/install/igvc_simulation:/home/subham/igvc/install/igvc_description:/home/subham/colcon_ws/install/ur_simulation_gz:/home/subham/colcon_ws/install/ur_description:/home/subham/colcon_ws/install/ur5_control_2481:/home/subham/colcon_ws/install/s2481_ebot_description:/home/subham/colcon_ws/install/linkattacher_msgs:/home/subham/colcon_ws/install/eyantra_warehouse:/home/subham/colcon_ws/install/ackerman_description:/home/subham/omokai_ws/install/llm_navigation:/home/subham/Edge_AI_for_ADAS_and_Autonomous_Systems/install/adas_perception:/home/subham/Edge_AI_for_ADAS_and_Autonomous_Systems/install/adas_navigation:/home/subham/rover_ws/install/rover_navigation:/home/subham/anvrit_ws/install/anvrit_perception:/home/subham/anvrit_ws/install/anvrit_odometry:/home/subham/anvrit_ws/install/anvrit_nav2:/home/subham/igvc/install/igvc_perception:/home/subham/igvc/install/igvc_navigation:/home/subham/colcon_ws/install/ros2ai:/opt/ros/humble LD_LIBRARY_PATH=/media/subham/85dce0f4-2e29-4540-9a32-801850cfcef6/subham/LidarMapping2.5D/install/jsk_recognition_msgs/lib:/media/subham/85dce0f4-2e29-4540-9a32-801850cfcef6/subham/LidarMapping2.5D/install/velodyne_gazebo_plugins/lib:/media/subham/85dce0f4-2e29-4540-9a32-801850cfcef6/subham/LidarMapping2.5D/install/patchwork_plusplus/lib:/media/subham/85dce0f4-2e29-4540-9a32-801850cfcef6/subham/LidarMapping2.5D/install/height_mapping_ros2/lib:/media/subham/85dce0f4-2e29-4540-9a32-801850cfcef6/subham/LidarMapping2.5D/install/height_mapping_core/lib:/home/subham/anvrit_ws/install/astra_camera/lib:/home/subham/anvrit_ws/install/astra_camera_msgs/lib:/home/subham/igvc/install/velodyne_gazebo_plugins/lib:/home/subham/colcon_ws/install/linkattacher_msgs/lib:/opt/ros/humble/opt/rviz_ogre_vendor/lib:/opt/ros/humble/lib/x86_64-linux-gnu:/opt/ros/humble/opt/openvdb_vendor/lib:/opt/ros/humble/lib /usr/bin/cmake --build /media/subham/85dce0f4-2e29-4540-9a32-801850cfcef6/subham/LidarMapping2.5D/build/patchwork_plusplus[0m
[24.948s] [34mcolcon.colcon_core.event_handler.log_command[0m [1;30mDEBUG[0m [32mInvoking command in '/media/subham/85dce0f4-2e29-4540-9a32-801850cfcef6/subham/LidarMapping2.5D/build/patchwork_plusplus': CMAKE_PREFIX_PATH=/media/subham/85dce0f4-2e29-4540-9a32-801850cfcef6/subham/LidarMapping2.5D/install/jsk_recognition_msgs:/media/subham/85dce0f4-2e29-4540-9a32-801850cfcef6/subham/LidarMapping2.5D/install/segmentation_lidar:/media/subham/85dce0f4-2e29-4540-9a32-801850cfcef6/subham/LidarMapping2.5D/install/velodyne_simulator:/media/subham/85dce0f4-2e29-4540-9a32-801850cfcef6/subham/LidarMapping2.5D/install/velodyne_description:/media/subham/85dce0f4-2e29-4540-9a32-801850cfcef6/subham/LidarMapping2.5D/install/velodyne_gazebo_plugins:/media/subham/85dce0f4-2e29-4540-9a32-801850cfcef6/subham/LidarMapping2.5D/install/salsanext_ros2:/media/subham/85dce0f4-2e29-4540-9a32-801850cfcef6/subham/LidarMapping2.5D/install/patchwork_plusplus:/media/subham/85dce0f4-2e29-4540-9a32-801850cfcef6/subham/LidarMapping2.5D/install/lid_simulation:/media/subham/85dce0f4-2e29-4540-9a32-801850cfcef6/subham/LidarMapping2.5D/install/lid_description:/media/subham/85dce0f4-2e29-4540-9a32-801850cfcef6/subham/LidarMapping2.5D/install/height_mapping_ros2:/media/subham/85dce0f4-2e29-4540-9a32-801850cfcef6/subham/LidarMapping2.5D/install/height_mapping_core:/media/subham/85dce0f4-2e29-4540-9a32-801850cfcef6/subham/LidarMapping2.5D/install/fastdem_ros2:/media/subham/85dce0f4-2e29-4540-9a32-801850cfcef6/subham/LidarMapping2.5D/install/fastdem:/home/subham/omokai_ws/install/llm_simulation:/home/subham/omokai_ws/install/llm_prompt:/home/subham/omokai_ws/install/llm_description:/home/subham/Edge_AI_for_ADAS_and_Autonomous_Systems/install/adas_simulation:/home/subham/Edge_AI_for_ADAS_and_Autonomous_Systems/install/adas_description:/home/subham/rover_ws/install/rover_gazebo:/home/subham/rover_ws/install/rover_description:/home/subham/rover_ws/install/rf2o_laser_odometry:/home/subham/anvrit_ws/install/rplidar_ros:/home/subham/anvrit_ws/install/astra_camera:/home/subham/anvrit_ws/install/astra_camera_msgs:/home/subham/anvrit_ws/install/anvrit_description:/home/subham/igvc/install/velodyne_simulator:/home/subham/igvc/install/velodyne_description:/home/subham/igvc/install/velodyne_gazebo_plugins:/home/subham/igvc/install/igvc_simulation:/home/subham/igvc/install/igvc_description:/home/subham/colcon_ws/install/ur_simulation_gz:/home/subham/colcon_ws/install/ur_description:/home/subham/colcon_ws/install/ur5_control_2481:/home/subham/colcon_ws/install/s2481_ebot_description:/home/subham/colcon_ws/install/linkattacher_msgs:/home/subham/colcon_ws/install/eyantra_warehouse:/home/subham/colcon_ws/install/ackerman_description:/home/subham/omokai_ws/install/llm_navigation:/home/subham/Edge_AI_for_ADAS_and_Autonomous_Systems/install/adas_perception:/home/subham/Edge_AI_for_ADAS_and_Autonomous_Systems/install/adas_navigation:/home/subham/rover_ws/install/rover_navigation:/home/subham/anvrit_ws/install/anvrit_perception:/home/subham/anvrit_ws/install/anvrit_odometry:/home/subham/anvrit_ws/install/anvrit_nav2:/home/subham/igvc/install/igvc_perception:/home/subham/igvc/install/igvc_navigation:/home/subham/colcon_ws/install/ros2ai:/opt/ros/humble LD_LIBRARY_PATH=/media/subham/85dce0f4-2e29-4540-9a32-801850cfcef6/subham/LidarMapping2.5D/install/jsk_recognition_msgs/lib:/media/subham/85dce0f4-2e29-4540-9a32-801850cfcef6/subham/LidarMapping2.5D/install/velodyne_gazebo_plugins/lib:/media/subham/85dce0f4-2e29-4540-9a32-801850cfcef6/subham/LidarMapping2.5D/install/patchwork_plusplus/lib:/media/subham/85dce0f4-2e29-4540-9a32-801850cfcef6/subham/LidarMapping2.5D/install/height_mapping_ros2/lib:/media/subham/85dce0f4-2e29-4540-9a32-801850cfcef6/subham/LidarMapping2.5D/install/height_mapping_core/lib:/home/subham/anvrit_ws/install/astra_camera/lib:/home/subham/anvrit_ws/install/astra_camera_msgs/lib:/home/subham/igvc/install/velodyne_gazebo_plugins/lib:/home/subham/colcon_ws/install/linkattacher_msgs/lib:/opt/ros/humble/opt/rviz_ogre_vendor/lib:/opt/ros/humble/lib/x86_64-linux-gnu:/opt/ros/humble/opt/openvdb_vendor/lib:/opt/ros/humble/lib /usr/bin/cmake --install /media/subham/85dce0f4-2e29-4540-9a32-801850cfcef6/subham/LidarMapping2.5D/build/patchwork_plusplus[0m
[24.979s] [34mcolcon.colcon_core.environment[0m [1;30mLevel 1[0m create_environment_scripts_only(patchwork_plusplus)
[24.980s] [34mcolcon.colcon_core.environment[0m [1;30mLevel 1[0m checking '/media/subham/85dce0f4-2e29-4540-9a32-801850cfcef6/subham/LidarMapping2.5D/install/patchwork_plusplus' for CMake module files
[24.980s] [34mcolcon.colcon_core.event_handler.log_command[0m [1;30mDEBUG[0m [32mInvoked command in '/media/subham/85dce0f4-2e29-4540-9a32-801850cfcef6/subham/LidarMapping2.5D/build/patchwork_plusplus' returned '0': CMAKE_PREFIX_PATH=/media/subham/85dce0f4-2e29-4540-9a32-801850cfcef6/subham/LidarMapping2.5D/install/jsk_recognition_msgs:/media/subham/85dce0f4-2e29-4540-9a32-801850cfcef6/subham/LidarMapping2.5D/install/segmentation_lidar:/media/subham/85dce0f4-2e29-4540-9a32-801850cfcef6/subham/LidarMapping2.5D/install/velodyne_simulator:/media/subham/85dce0f4-2e29-4540-9a32-801850cfcef6/subham/LidarMapping2.5D/install/velodyne_description:/media/subham/85dce0f4-2e29-4540-9a32-801850cfcef6/subham/LidarMapping2.5D/install/velodyne_gazebo_plugins:/media/subham/85dce0f4-2e29-4540-9a32-801850cfcef6/subham/LidarMapping2.5D/install/salsanext_ros2:/media/subham/85dce0f4-2e29-4540-9a32-801850cfcef6/subham/LidarMapping2.5D/install/patchwork_plusplus:/media/subham/85dce0f4-2e29-4540-9a32-801850cfcef6/subham/LidarMapping2.5D/install/lid_simulation:/media/subham/85dce0f4-2e29-4540-9a32-801850cfcef6/subham/LidarMapping2.5D/install/lid_description:/media/subham/85dce0f4-2e29-4540-9a32-801850cfcef6/subham/LidarMapping2.5D/install/height_mapping_ros2:/media/subham/85dce0f4-2e29-4540-9a32-801850cfcef6/subham/LidarMapping2.5D/install/height_mapping_core:/media/subham/85dce0f4-2e29-4540-9a32-801850cfcef6/subham/LidarMapping2.5D/install/fastdem_ros2:/media/subham/85dce0f4-2e29-4540-9a32-801850cfcef6/subham/LidarMapping2.5D/install/fastdem:/home/subham/omokai_ws/install/llm_simulation:/home/subham/omokai_ws/install/llm_prompt:/home/subham/omokai_ws/install/llm_description:/home/subham/Edge_AI_for_ADAS_and_Autonomous_Systems/install/adas_simulation:/home/subham/Edge_AI_for_ADAS_and_Autonomous_Systems/install/adas_description:/home/subham/rover_ws/install/rover_gazebo:/home/subham/rover_ws/install/rover_description:/home/subham/rover_ws/install/rf2o_laser_odometry:/home/subham/anvrit_ws/install/rplidar_ros:/home/subham/anvrit_ws/install/astra_camera:/home/subham/anvrit_ws/install/astra_camera_msgs:/home/subham/anvrit_ws/install/anvrit_description:/home/subham/igvc/install/velodyne_simulator:/home/subham/igvc/install/velodyne_description:/home/subham/igvc/install/velodyne_gazebo_plugins:/home/subham/igvc/install/igvc_simulation:/home/subham/igvc/install/igvc_description:/home/subham/colcon_ws/install/ur_simulation_gz:/home/subham/colcon_ws/install/ur_description:/home/subham/colcon_ws/install/ur5_control_2481:/home/subham/colcon_ws/install/s2481_ebot_description:/home/subham/colcon_ws/install/linkattacher_msgs:/home/subham/colcon_ws/install/eyantra_warehouse:/home/subham/colcon_ws/install/ackerman_description:/home/subham/omokai_ws/install/llm_navigation:/home/subham/Edge_AI_for_ADAS_and_Autonomous_Systems/install/adas_perception:/home/subham/Edge_AI_for_ADAS_and_Autonomous_Systems/install/adas_navigation:/home/subham/rover_ws/install/rover_navigation:/home/subham/anvrit_ws/install/anvrit_perception:/home/subham/anvrit_ws/install/anvrit_odometry:/home/subham/anvrit_ws/install/anvrit_nav2:/home/subham/igvc/install/igvc_perception:/home/subham/igvc/install/igvc_navigation:/home/subham/colcon_ws/install/ros2ai:/opt/ros/humble LD_LIBRARY_PATH=/media/subham/85dce0f4-2e29-4540-9a32-801850cfcef6/subham/LidarMapping2.5D/install/jsk_recognition_msgs/lib:/media/subham/85dce0f4-2e29-4540-9a32-801850cfcef6/subham/LidarMapping2.5D/install/velodyne_gazebo_plugins/lib:/media/subham/85dce0f4-2e29-4540-9a32-801850cfcef6/subham/LidarMapping2.5D/install/patchwork_plusplus/lib:/media/subham/85dce0f4-2e29-4540-9a32-801850cfcef6/subham/LidarMapping2.5D/install/height_mapping_ros2/lib:/media/subham/85dce0f4-2e29-4540-9a32-801850cfcef6/subham/LidarMapping2.5D/install/height_mapping_core/lib:/home/subham/anvrit_ws/install/astra_camera/lib:/home/subham/anvrit_ws/install/astra_camera_msgs/lib:/home/subham/igvc/install/velodyne_gazebo_plugins/lib:/home/subham/colcon_ws/install/linkattacher_msgs/lib:/opt/ros/humble/opt/rviz_ogre_vendor/lib:/opt/ros/humble/lib/x86_64-linux-gnu:/opt/ros/humble/opt/openvdb_vendor/lib:/opt/ros/humble/lib /usr/bin/cmake --install /media/subham/85dce0f4-2e29-4540-9a32-801850cfcef6/subham/LidarMapping2.5D/build/patchwork_plusplus[0m
[24.981s] [34mcolcon.colcon_core.environment[0m [1;30mLevel 1[0m checking '/media/subham/85dce0f4-2e29-4540-9a32-801850cfcef6/subham/LidarMapping2.5D/install/patchwork_plusplus' for CMake config files
[24.981s] [34mcolcon.colcon_core.shell[0m [1;30mLevel 1[0m create_environment_hook('patchwork_plusplus', 'cmake_prefix_path')
[24.982s] [34mcolcon.colcon_core.shell[0m [1;30mINFO[0m Creating environment hook '/media/subham/85dce0f4-2e29-4540-9a32-801850cfcef6/subham/LidarMapping2.5D/install/patchwork_plusplus/share/patchwork_plusplus/hook/cmake_prefix_path.ps1'
[24.982s] [34mcolcon.colcon_core.shell[0m [1;30mINFO[0m Creating environment descriptor '/media/subham/85dce0f4-2e29-4540-9a32-801850cfcef6/subham/LidarMapping2.5D/install/patchwork_plusplus/share/patchwork_plusplus/hook/cmake_prefix_path.dsv'
[24.983s] [34mcolcon.colcon_core.shell[0m [1;30mINFO[0m Creating environment hook '/media/subham/85dce0f4-2e29-4540-9a32-801850cfcef6/subham/LidarMapping2.5D/install/patchwork_plusplus/share/patchwork_plusplus/hook/cmake_prefix_path.sh'
[24.983s] [34mcolcon.colcon_core.environment[0m [1;30mLevel 1[0m checking '/media/subham/85dce0f4-2e29-4540-9a32-801850cfcef6/subham/LidarMapping2.5D/install/patchwork_plusplus/lib'
[24.983s] [34mcolcon.colcon_core.shell[0m [1;30mLevel 1[0m create_environment_hook('patchwork_plusplus', 'ld_library_path_lib')
[24.984s] [34mcolcon.colcon_core.shell[0m [1;30mINFO[0m Creating environment hook '/media/subham/85dce0f4-2e29-4540-9a32-801850cfcef6/subham/LidarMapping2.5D/install/patchwork_plusplus/share/patchwork_plusplus/hook/ld_library_path_lib.ps1'
[24.984s] [34mcolcon.colcon_core.shell[0m [1;30mINFO[0m Creating environment descriptor '/media/subham/85dce0f4-2e29-4540-9a32-801850cfcef6/subham/LidarMapping2.5D/install/patchwork_plusplus/share/patchwork_plusplus/hook/ld_library_path_lib.dsv'
[24.984s] [34mcolcon.colcon_core.shell[0m [1;30mINFO[0m Creating environment hook '/media/subham/85dce0f4-2e29-4540-9a32-801850cfcef6/subham/LidarMapping2.5D/install/patchwork_plusplus/share/patchwork_plusplus/hook/ld_library_path_lib.sh'
[24.985s] [34mcolcon.colcon_core.environment[0m [1;30mLevel 1[0m checking '/media/subham/85dce0f4-2e29-4540-9a32-801850cfcef6/subham/LidarMapping2.5D/install/patchwork_plusplus/bin'
[24.985s] [34mcolcon.colcon_core.environment[0m [1;30mLevel 1[0m checking '/media/subham/85dce0f4-2e29-4540-9a32-801850cfcef6/subham/LidarMapping2.5D/install/patchwork_plusplus/lib/pkgconfig/patchwork_plusplus.pc'
[24.985s] [34mcolcon.colcon_core.environment[0m [1;30mLevel 1[0m checking '/media/subham/85dce0f4-2e29-4540-9a32-801850cfcef6/subham/LidarMapping2.5D/install/patchwork_plusplus/lib/python3.10/site-packages'
[24.985s] [34mcolcon.colcon_core.environment[0m [1;30mLevel 1[0m checking '/media/subham/85dce0f4-2e29-4540-9a32-801850cfcef6/subham/LidarMapping2.5D/install/patchwork_plusplus/bin'
[24.986s] [34mcolcon.colcon_core.shell[0m [1;30mINFO[0m Creating package script '/media/subham/85dce0f4-2e29-4540-9a32-801850cfcef6/subham/LidarMapping2.5D/install/patchwork_plusplus/share/patchwork_plusplus/package.ps1'
[24.986s] [34mcolcon.colcon_core.shell[0m [1;30mINFO[0m Creating package descriptor '/media/subham/85dce0f4-2e29-4540-9a32-801850cfcef6/subham/LidarMapping2.5D/install/patchwork_plusplus/share/patchwork_plusplus/package.dsv'
[24.987s] [34mcolcon.colcon_core.shell[0m [1;30mINFO[0m Creating package script '/media/subham/85dce0f4-2e29-4540-9a32-801850cfcef6/subham/LidarMapping2.5D/install/patchwork_plusplus/share/patchwork_plusplus/package.sh'
[24.987s] [34mcolcon.colcon_core.shell[0m [1;30mINFO[0m Creating package script '/media/subham/85dce0f4-2e29-4540-9a32-801850cfcef6/subham/LidarMapping2.5D/install/patchwork_plusplus/share/patchwork_plusplus/package.bash'
[24.987s] [34mcolcon.colcon_core.shell[0m [1;30mINFO[0m Creating package script '/media/subham/85dce0f4-2e29-4540-9a32-801850cfcef6/subham/LidarMapping2.5D/install/patchwork_plusplus/share/patchwork_plusplus/package.zsh'
[24.988s] [34mcolcon.colcon_core.environment[0m [1;30mLevel 1[0m create_file_with_runtime_dependencies(/media/subham/85dce0f4-2e29-4540-9a32-801850cfcef6/subham/LidarMapping2.5D/install/patchwork_plusplus/share/colcon-core/packages/patchwork_plusplus)
[24.988s] [34mcolcon.colcon_core.environment[0m [1;30mLevel 1[0m create_environment_scripts_only(patchwork_plusplus)
[24.988s] [34mcolcon.colcon_core.environment[0m [1;30mLevel 1[0m checking '/media/subham/85dce0f4-2e29-4540-9a32-801850cfcef6/subham/LidarMapping2.5D/install/patchwork_plusplus' for CMake module files
[24.989s] [34mcolcon.colcon_core.environment[0m [1;30mLevel 1[0m checking '/media/subham/85dce0f4-2e29-4540-9a32-801850cfcef6/subham/LidarMapping2.5D/install/patchwork_plusplus' for CMake config files
[24.989s] [34mcolcon.colcon_core.shell[0m [1;30mLevel 1[0m create_environment_hook('patchwork_plusplus', 'cmake_prefix_path')
[24.989s] [34mcolcon.colcon_core.shell[0m [1;30mINFO[0m Creating environment hook '/media/subham/85dce0f4-2e29-4540-9a32-801850cfcef6/subham/LidarMapping2.5D/install/patchwork_plusplus/share/patchwork_plusplus/hook/cmake_prefix_path.ps1'
[24.990s] [34mcolcon.colcon_core.shell[0m [1;30mINFO[0m Creating environment descriptor '/media/subham/85dce0f4-2e29-4540-9a32-801850cfcef6/subham/LidarMapping2.5D/install/patchwork_plusplus/share/patchwork_plusplus/hook/cmake_prefix_path.dsv'
[24.990s] [34mcolcon.colcon_core.shell[0m [1;30mINFO[0m Creating environment hook '/media/subham/85dce0f4-2e29-4540-9a32-801850cfcef6/subham/LidarMapping2.5D/install/patchwork_plusplus/share/patchwork_plusplus/hook/cmake_prefix_path.sh'
[24.991s] [34mcolcon.colcon_core.environment[0m [1;30mLevel 1[0m checking '/media/subham/85dce0f4-2e29-4540-9a32-801850cfcef6/subham/LidarMapping2.5D/install/patchwork_plusplus/lib'
[24.991s] [34mcolcon.colcon_core.shell[0m [1;30mLevel 1[0m create_environment_hook('patchwork_plusplus', 'ld_library_path_lib')
[24.991s] [34mcolcon.colcon_core.shell[0m [1;30mINFO[0m Creating environment hook '/media/subham/85dce0f4-2e29-4540-9a32-801850cfcef6/subham/LidarMapping2.5D/install/patchwork_plusplus/share/patchwork_plusplus/hook/ld_library_path_lib.ps1'
[24.991s] [34mcolcon.colcon_core.shell[0m [1;30mINFO[0m Creating environment descriptor '/media/subham/85dce0f4-2e29-4540-9a32-801850cfcef6/subham/LidarMapping2.5D/install/patchwork_plusplus/share/patchwork_plusplus/hook/ld_library_path_lib.dsv'
[24.992s] [34mcolcon.colcon_core.shell[0m [1;30mINFO[0m Creating environment hook '/media/subham/85dce0f4-2e29-4540-9a32-801850cfcef6/subham/LidarMapping2.5D/install/patchwork_plusplus/share/patchwork_plusplus/hook/ld_library_path_lib.sh'
[24.992s] [34mcolcon.colcon_core.environment[0m [1;30mLevel 1[0m checking '/media/subham/85dce0f4-2e29-4540-9a32-801850cfcef6/subham/LidarMapping2.5D/install/patchwork_plusplus/bin'
[24.992s] [34mcolcon.colcon_core.environment[0m [1;30mLevel 1[0m checking '/media/subham/85dce0f4-2e29-4540-9a32-801850cfcef6/subham/LidarMapping2.5D/install/patchwork_plusplus/lib/pkgconfig/patchwork_plusplus.pc'
[24.992s] [34mcolcon.colcon_core.environment[0m [1;30mLevel 1[0m checking '/media/subham/85dce0f4-2e29-4540-9a32-801850cfcef6/subham/LidarMapping2.5D/install/patchwork_plusplus/lib/python3.10/site-packages'
[24.993s] [34mcolcon.colcon_core.environment[0m [1;30mLevel 1[0m checking '/media/subham/85dce0f4-2e29-4540-9a32-801850cfcef6/subham/LidarMapping2.5D/install/patchwork_plusplus/bin'
[24.993s] [34mcolcon.colcon_core.shell[0m [1;30mINFO[0m Creating package script '/media/subham/85dce0f4-2e29-4540-9a32-801850cfcef6/subham/LidarMapping2.5D/install/patchwork_plusplus/share/patchwork_plusplus/package.ps1'
[24.994s] [34mcolcon.colcon_core.shell[0m [1;30mINFO[0m Creating package descriptor '/media/subham/85dce0f4-2e29-4540-9a32-801850cfcef6/subham/LidarMapping2.5D/install/patchwork_plusplus/share/patchwork_plusplus/package.dsv'
[24.994s] [34mcolcon.colcon_core.shell[0m [1;30mINFO[0m Creating package script '/media/subham/85dce0f4-2e29-4540-9a32-801850cfcef6/subham/LidarMapping2.5D/install/patchwork_plusplus/share/patchwork_plusplus/package.sh'
[24.995s] [34mcolcon.colcon_core.shell[0m [1;30mINFO[0m Creating package script '/media/subham/85dce0f4-2e29-4540-9a32-801850cfcef6/subham/LidarMapping2.5D/install/patchwork_plusplus/share/patchwork_plusplus/package.bash'
[24.995s] [34mcolcon.colcon_core.shell[0m [1;30mINFO[0m Creating package script '/media/subham/85dce0f4-2e29-4540-9a32-801850cfcef6/subham/LidarMapping2.5D/install/patchwork_plusplus/share/patchwork_plusplus/package.zsh'
[24.995s] [34mcolcon.colcon_core.environment[0m [1;30mLevel 1[0m create_file_with_runtime_dependencies(/media/subham/85dce0f4-2e29-4540-9a32-801850cfcef6/subham/LidarMapping2.5D/install/patchwork_plusplus/share/colcon-core/packages/patchwork_plusplus)
[24.996s] [34mcolcon.colcon_core.executor.sequential[0m [1;30mDEBUG[0m [32mrun_until_complete 'patchwork_plusplus' finished with '0'[0m
[24.996s] [34mcolcon.colcon_core.executor.sequential[0m [1;30mDEBUG[0m [32mrun_until_complete 'velodyne_description'[0m
[24.996s] [34mcolcon.colcon_ros.task.ament_cmake.build[0m [1;30mINFO[0m Building ROS package in '/media/subham/85dce0f4-2e29-4540-9a32-801850cfcef6/subham/LidarMapping2.5D/src/velodyne/velodyne_description' with build type 'ament_cmake'
[24.996s] [34mcolcon.colcon_cmake.task.cmake.build[0m [1;30mINFO[0m Building CMake package in '/media/subham/85dce0f4-2e29-4540-9a32-801850cfcef6/subham/LidarMapping2.5D/src/velodyne/velodyne_description'
[24.996s] [34mcolcon.colcon_core.shell[0m [1;30mINFO[0m Skip shell extension 'powershell' for command environment: Not usable outside of PowerShell
[24.996s] [34mcolcon.colcon_core.shell[0m [1;30mDEBUG[0m [32mSkip shell extension 'dsv' for command environment[0m
[25.017s] [34mcolcon.colcon_core.event_handler.log_command[0m [1;30mDEBUG[0m [32mInvoking command in '/media/subham/85dce0f4-2e29-4540-9a32-801850cfcef6/subham/LidarMapping2.5D/build/velodyne_description': CMAKE_PREFIX_PATH=/media/subham/85dce0f4-2e29-4540-9a32-801850cfcef6/subham/LidarMapping2.5D/install/velodyne_gazebo_plugins:/media/subham/85dce0f4-2e29-4540-9a32-801850cfcef6/subham/LidarMapping2.5D/install/segmentation_lidar:/media/subham/85dce0f4-2e29-4540-9a32-801850cfcef6/subham/LidarMapping2.5D/install/velodyne_simulator:/media/subham/85dce0f4-2e29-4540-9a32-801850cfcef6/subham/LidarMapping2.5D/install/velodyne_description:/media/subham/85dce0f4-2e29-4540-9a32-801850cfcef6/subham/LidarMapping2.5D/install/salsanext_ros2:/media/subham/85dce0f4-2e29-4540-9a32-801850cfcef6/subham/LidarMapping2.5D/install/patchwork_plusplus:/media/subham/85dce0f4-2e29-4540-9a32-801850cfcef6/subham/LidarMapping2.5D/install/lid_simulation:/media/subham/85dce0f4-2e29-4540-9a32-801850cfcef6/subham/LidarMapping2.5D/install/lid_description:/media/subham/85dce0f4-2e29-4540-9a32-801850cfcef6/subham/LidarMapping2.5D/install/jsk_recognition_msgs:/media/subham/85dce0f4-2e29-4540-9a32-801850cfcef6/subham/LidarMapping2.5D/install/height_mapping_ros2:/media/subham/85dce0f4-2e29-4540-9a32-801850cfcef6/subham/LidarMapping2.5D/install/height_mapping_core:/media/subham/85dce0f4-2e29-4540-9a32-801850cfcef6/subham/LidarMapping2.5D/install/fastdem_ros2:/media/subham/85dce0f4-2e29-4540-9a32-801850cfcef6/subham/LidarMapping2.5D/install/fastdem:/home/subham/omokai_ws/install/llm_simulation:/home/subham/omokai_ws/install/llm_prompt:/home/subham/omokai_ws/install/llm_description:/home/subham/Edge_AI_for_ADAS_and_Autonomous_Systems/install/adas_simulation:/home/subham/Edge_AI_for_ADAS_and_Autonomous_Systems/install/adas_description:/home/subham/rover_ws/install/rover_gazebo:/home/subham/rover_ws/install/rover_description:/home/subham/rover_ws/install/rf2o_laser_odometry:/home/subham/anvrit_ws/install/rplidar_ros:/home/subham/anvrit_ws/install/astra_camera:/home/subham/anvrit_ws/install/astra_camera_msgs:/home/subham/anvrit_ws/install/anvrit_description:/home/subham/igvc/install/velodyne_simulator:/home/subham/igvc/install/velodyne_description:/home/subham/igvc/install/velodyne_gazebo_plugins:/home/subham/igvc/install/igvc_simulation:/home/subham/igvc/install/igvc_description:/home/subham/colcon_ws/install/ur_simulation_gz:/home/subham/colcon_ws/install/ur_description:/home/subham/colcon_ws/install/ur5_control_2481:/home/subham/colcon_ws/install/s2481_ebot_description:/home/subham/colcon_ws/install/linkattacher_msgs:/home/subham/colcon_ws/install/eyantra_warehouse:/home/subham/colcon_ws/install/ackerman_description:/home/subham/omokai_ws/install/llm_navigation:/home/subham/Edge_AI_for_ADAS_and_Autonomous_Systems/install/adas_perception:/home/subham/Edge_AI_for_ADAS_and_Autonomous_Systems/install/adas_navigation:/home/subham/rover_ws/install/rover_navigation:/home/subham/anvrit_ws/install/anvrit_perception:/home/subham/anvrit_ws/install/anvrit_odometry:/home/subham/anvrit_ws/install/anvrit_nav2:/home/subham/igvc/install/igvc_perception:/home/subham/igvc/install/igvc_navigation:/home/subham/colcon_ws/install/ros2ai:/opt/ros/humble /usr/bin/cmake --build /media/subham/85dce0f4-2e29-4540-9a32-801850cfcef6/subham/LidarMapping2.5D/build/velodyne_description[0m
[25.071s] [34mcolcon.colcon_core.event_handler.log_command[0m [1;30mDEBUG[0m [32mInvoked command in '/media/subham/85dce0f4-2e29-4540-9a32-801850cfcef6/subham/LidarMapping2.5D/build/velodyne_description' returned '0': CMAKE_PREFIX_PATH=/media/subham/85dce0f4-2e29-4540-9a32-801850cfcef6/subham/LidarMapping2.5D/install/velodyne_gazebo_plugins:/media/subham/85dce0f4-2e29-4540-9a32-801850cfcef6/subham/LidarMapping2.5D/install/segmentation_lidar:/media/subham/85dce0f4-2e29-4540-9a32-801850cfcef6/subham/LidarMapping2.5D/install/velodyne_simulator:/media/subham/85dce0f4-2e29-4540-9a32-801850cfcef6/subham/LidarMapping2.5D/install/velodyne_description:/media/subham/85dce0f4-2e29-4540-9a32-801850cfcef6/subham/LidarMapping2.5D/install/salsanext_ros2:/media/subham/85dce0f4-2e29-4540-9a32-801850cfcef6/subham/LidarMapping2.5D/install/patchwork_plusplus:/media/subham/85dce0f4-2e29-4540-9a32-801850cfcef6/subham/LidarMapping2.5D/install/lid_simulation:/media/subham/85dce0f4-2e29-4540-9a32-801850cfcef6/subham/LidarMapping2.5D/install/lid_description:/media/subham/85dce0f4-2e29-4540-9a32-801850cfcef6/subham/LidarMapping2.5D/install/jsk_recognition_msgs:/media/subham/85dce0f4-2e29-4540-9a32-801850cfcef6/subham/LidarMapping2.5D/install/height_mapping_ros2:/media/subham/85dce0f4-2e29-4540-9a32-801850cfcef6/subham/LidarMapping2.5D/install/height_mapping_core:/media/subham/85dce0f4-2e29-4540-9a32-801850cfcef6/subham/LidarMapping2.5D/install/fastdem_ros2:/media/subham/85dce0f4-2e29-4540-9a32-801850cfcef6/subham/LidarMapping2.5D/install/fastdem:/home/subham/omokai_ws/install/llm_simulation:/home/subham/omokai_ws/install/llm_prompt:/home/subham/omokai_ws/install/llm_description:/home/subham/Edge_AI_for_ADAS_and_Autonomous_Systems/install/adas_simulation:/home/subham/Edge_AI_for_ADAS_and_Autonomous_Systems/install/adas_description:/home/subham/rover_ws/install/rover_gazebo:/home/subham/rover_ws/install/rover_description:/home/subham/rover_ws/install/rf2o_laser_odometry:/home/subham/anvrit_ws/install/rplidar_ros:/home/subham/anvrit_ws/install/astra_camera:/home/subham/anvrit_ws/install/astra_camera_msgs:/home/subham/anvrit_ws/install/anvrit_description:/home/subham/igvc/install/velodyne_simulator:/home/subham/igvc/install/velodyne_description:/home/subham/igvc/install/velodyne_gazebo_plugins:/home/subham/igvc/install/igvc_simulation:/home/subham/igvc/install/igvc_description:/home/subham/colcon_ws/install/ur_simulation_gz:/home/subham/colcon_ws/install/ur_description:/home/subham/colcon_ws/install/ur5_control_2481:/home/subham/colcon_ws/install/s2481_ebot_description:/home/subham/colcon_ws/install/linkattacher_msgs:/home/subham/colcon_ws/install/eyantra_warehouse:/home/subham/colcon_ws/install/ackerman_description:/home/subham/omokai_ws/install/llm_navigation:/home/subham/Edge_AI_for_ADAS_and_Autonomous_Systems/install/adas_perception:/home/subham/Edge_AI_for_ADAS_and_Autonomous_Systems/install/adas_navigation:/home/subham/rover_ws/install/rover_navigation:/home/subham/anvrit_ws/install/anvrit_perception:/home/subham/anvrit_ws/install/anvrit_odometry:/home/subham/anvrit_ws/install/anvrit_nav2:/home/subham/igvc/install/igvc_perception:/home/subham/igvc/install/igvc_navigation:/home/subham/colcon_ws/install/ros2ai:/opt/ros/humble /usr/bin/cmake --build /media/subham/85dce0f4-2e29-4540-9a32-801850cfcef6/subham/LidarMapping2.5D/build/velodyne_description[0m
[25.072s] [34mcolcon.colcon_core.event_handler.log_command[0m [1;30mDEBUG[0m [32mInvoking command in '/media/subham/85dce0f4-2e29-4540-9a32-801850cfcef6/subham/LidarMapping2.5D/build/velodyne_description': CMAKE_PREFIX_PATH=/media/subham/85dce0f4-2e29-4540-9a32-801850cfcef6/subham/LidarMapping2.5D/install/velodyne_gazebo_plugins:/media/subham/85dce0f4-2e29-4540-9a32-801850cfcef6/subham/LidarMapping2.5D/install/segmentation_lidar:/media/subham/85dce0f4-2e29-4540-9a32-801850cfcef6/subham/LidarMapping2.5D/install/velodyne_simulator:/media/subham/85dce0f4-2e29-4540-9a32-801850cfcef6/subham/LidarMapping2.5D/install/velodyne_description:/media/subham/85dce0f4-2e29-4540-9a32-801850cfcef6/subham/LidarMapping2.5D/install/salsanext_ros2:/media/subham/85dce0f4-2e29-4540-9a32-801850cfcef6/subham/LidarMapping2.5D/install/patchwork_plusplus:/media/subham/85dce0f4-2e29-4540-9a32-801850cfcef6/subham/LidarMapping2.5D/install/lid_simulation:/media/subham/85dce0f4-2e29-4540-9a32-801850cfcef6/subham/LidarMapping2.5D/install/lid_description:/media/subham/85dce0f4-2e29-4540-9a32-801850cfcef6/subham/LidarMapping2.5D/install/jsk_recognition_msgs:/media/subham/85dce0f4-2e29-4540-9a32-801850cfcef6/subham/LidarMapping2.5D/install/height_mapping_ros2:/media/subham/85dce0f4-2e29-4540-9a32-801850cfcef6/subham/LidarMapping2.5D/install/height_mapping_core:/media/subham/85dce0f4-2e29-4540-9a32-801850cfcef6/subham/LidarMapping2.5D/install/fastdem_ros2:/media/subham/85dce0f4-2e29-4540-9a32-801850cfcef6/subham/LidarMapping2.5D/install/fastdem:/home/subham/omokai_ws/install/llm_simulation:/home/subham/omokai_ws/install/llm_prompt:/home/subham/omokai_ws/install/llm_description:/home/subham/Edge_AI_for_ADAS_and_Autonomous_Systems/install/adas_simulation:/home/subham/Edge_AI_for_ADAS_and_Autonomous_Systems/install/adas_description:/home/subham/rover_ws/install/rover_gazebo:/home/subham/rover_ws/install/rover_description:/home/subham/rover_ws/install/rf2o_laser_odometry:/home/subham/anvrit_ws/install/rplidar_ros:/home/subham/anvrit_ws/install/astra_camera:/home/subham/anvrit_ws/install/astra_camera_msgs:/home/subham/anvrit_ws/install/anvrit_description:/home/subham/igvc/install/velodyne_simulator:/home/subham/igvc/install/velodyne_description:/home/subham/igvc/install/velodyne_gazebo_plugins:/home/subham/igvc/install/igvc_simulation:/home/subham/igvc/install/igvc_description:/home/subham/colcon_ws/install/ur_simulation_gz:/home/subham/colcon_ws/install/ur_description:/home/subham/colcon_ws/install/ur5_control_2481:/home/subham/colcon_ws/install/s2481_ebot_description:/home/subham/colcon_ws/install/linkattacher_msgs:/home/subham/colcon_ws/install/eyantra_warehouse:/home/subham/colcon_ws/install/ackerman_description:/home/subham/omokai_ws/install/llm_navigation:/home/subham/Edge_AI_for_ADAS_and_Autonomous_Systems/install/adas_perception:/home/subham/Edge_AI_for_ADAS_and_Autonomous_Systems/install/adas_navigation:/home/subham/rover_ws/install/rover_navigation:/home/subham/anvrit_ws/install/anvrit_perception:/home/subham/anvrit_ws/install/anvrit_odometry:/home/subham/anvrit_ws/install/anvrit_nav2:/home/subham/igvc/install/igvc_perception:/home/subham/igvc/install/igvc_navigation:/home/subham/colcon_ws/install/ros2ai:/opt/ros/humble /usr/bin/cmake --install /media/subham/85dce0f4-2e29-4540-9a32-801850cfcef6/subham/LidarMapping2.5D/build/velodyne_description[0m
[25.105s] [34mcolcon.colcon_core.environment[0m [1;30mLevel 1[0m create_environment_scripts_only(velodyne_description)
[25.105s] [34mcolcon.colcon_core.environment[0m [1;30mLevel 1[0m checking '/media/subham/85dce0f4-2e29-4540-9a32-801850cfcef6/subham/LidarMapping2.5D/install/velodyne_description' for CMake module files
[25.106s] [34mcolcon.colcon_core.event_handler.log_command[0m [1;30mDEBUG[0m [32mInvoked command in '/media/subham/85dce0f4-2e29-4540-9a32-801850cfcef6/subham/LidarMapping2.5D/build/velodyne_description' returned '0': CMAKE_PREFIX_PATH=/media/subham/85dce0f4-2e29-4540-9a32-801850cfcef6/subham/LidarMapping2.5D/install/velodyne_gazebo_plugins:/media/subham/85dce0f4-2e29-4540-9a32-801850cfcef6/subham/LidarMapping2.5D/install/segmentation_lidar:/media/subham/85dce0f4-2e29-4540-9a32-801850cfcef6/subham/LidarMapping2.5D/install/velodyne_simulator:/media/subham/85dce0f4-2e29-4540-9a32-801850cfcef6/subham/LidarMapping2.5D/install/velodyne_description:/media/subham/85dce0f4-2e29-4540-9a32-801850cfcef6/subham/LidarMapping2.5D/install/salsanext_ros2:/media/subham/85dce0f4-2e29-4540-9a32-801850cfcef6/subham/LidarMapping2.5D/install/patchwork_plusplus:/media/subham/85dce0f4-2e29-4540-9a32-801850cfcef6/subham/LidarMapping2.5D/install/lid_simulation:/media/subham/85dce0f4-2e29-4540-9a32-801850cfcef6/subham/LidarMapping2.5D/install/lid_description:/media/subham/85dce0f4-2e29-4540-9a32-801850cfcef6/subham/LidarMapping2.5D/install/jsk_recognition_msgs:/media/subham/85dce0f4-2e29-4540-9a32-801850cfcef6/subham/LidarMapping2.5D/install/height_mapping_ros2:/media/subham/85dce0f4-2e29-4540-9a32-801850cfcef6/subham/LidarMapping2.5D/install/height_mapping_core:/media/subham/85dce0f4-2e29-4540-9a32-801850cfcef6/subham/LidarMapping2.5D/install/fastdem_ros2:/media/subham/85dce0f4-2e29-4540-9a32-801850cfcef6/subham/LidarMapping2.5D/install/fastdem:/home/subham/omokai_ws/install/llm_simulation:/home/subham/omokai_ws/install/llm_prompt:/home/subham/omokai_ws/install/llm_description:/home/subham/Edge_AI_for_ADAS_and_Autonomous_Systems/install/adas_simulation:/home/subham/Edge_AI_for_ADAS_and_Autonomous_Systems/install/adas_description:/home/subham/rover_ws/install/rover_gazebo:/home/subham/rover_ws/install/rover_description:/home/subham/rover_ws/install/rf2o_laser_odometry:/home/subham/anvrit_ws/install/rplidar_ros:/home/subham/anvrit_ws/install/astra_camera:/home/subham/anvrit_ws/install/astra_camera_msgs:/home/subham/anvrit_ws/install/anvrit_description:/home/subham/igvc/install/velodyne_simulator:/home/subham/igvc/install/velodyne_description:/home/subham/igvc/install/velodyne_gazebo_plugins:/home/subham/igvc/install/igvc_simulation:/home/subham/igvc/install/igvc_description:/home/subham/colcon_ws/install/ur_simulation_gz:/home/subham/colcon_ws/install/ur_description:/home/subham/colcon_ws/install/ur5_control_2481:/home/subham/colcon_ws/install/s2481_ebot_description:/home/subham/colcon_ws/install/linkattacher_msgs:/home/subham/colcon_ws/install/eyantra_warehouse:/home/subham/colcon_ws/install/ackerman_description:/home/subham/omokai_ws/install/llm_navigation:/home/subham/Edge_AI_for_ADAS_and_Autonomous_Systems/install/adas_perception:/home/subham/Edge_AI_for_ADAS_and_Autonomous_Systems/install/adas_navigation:/home/subham/rover_ws/install/rover_navigation:/home/subham/anvrit_ws/install/anvrit_perception:/home/subham/anvrit_ws/install/anvrit_odometry:/home/subham/anvrit_ws/install/anvrit_nav2:/home/subham/igvc/install/igvc_perception:/home/subham/igvc/install/igvc_navigation:/home/subham/colcon_ws/install/ros2ai:/opt/ros/humble /usr/bin/cmake --install /media/subham/85dce0f4-2e29-4540-9a32-801850cfcef6/subham/LidarMapping2.5D/build/velodyne_description[0m
[25.106s] [34mcolcon.colcon_core.environment[0m [1;30mLevel 1[0m checking '/media/subham/85dce0f4-2e29-4540-9a32-801850cfcef6/subham/LidarMapping2.5D/install/velodyne_description' for CMake config files
[25.106s] [34mcolcon.colcon_core.shell[0m [1;30mLevel 1[0m create_environment_hook('velodyne_description', 'cmake_prefix_path')
[25.106s] [34mcolcon.colcon_core.shell[0m [1;30mINFO[0m Creating environment hook '/media/subham/85dce0f4-2e29-4540-9a32-801850cfcef6/subham/LidarMapping2.5D/install/velodyne_description/share/velodyne_description/hook/cmake_prefix_path.ps1'
[25.107s] [34mcolcon.colcon_core.shell[0m [1;30mINFO[0m Creating environment descriptor '/media/subham/85dce0f4-2e29-4540-9a32-801850cfcef6/subham/LidarMapping2.5D/install/velodyne_description/share/velodyne_description/hook/cmake_prefix_path.dsv'
[25.107s] [34mcolcon.colcon_core.shell[0m [1;30mINFO[0m Creating environment hook '/media/subham/85dce0f4-2e29-4540-9a32-801850cfcef6/subham/LidarMapping2.5D/install/velodyne_description/share/velodyne_description/hook/cmake_prefix_path.sh'
[25.108s] [34mcolcon.colcon_core.environment[0m [1;30mLevel 1[0m checking '/media/subham/85dce0f4-2e29-4540-9a32-801850cfcef6/subham/LidarMapping2.5D/install/velodyne_description/bin'
[25.108s] [34mcolcon.colcon_core.environment[0m [1;30mLevel 1[0m checking '/media/subham/85dce0f4-2e29-4540-9a32-801850cfcef6/subham/LidarMapping2.5D/install/velodyne_description/lib/pkgconfig/velodyne_description.pc'
[25.109s] [34mcolcon.colcon_core.environment[0m [1;30mLevel 1[0m checking '/media/subham/85dce0f4-2e29-4540-9a32-801850cfcef6/subham/LidarMapping2.5D/install/velodyne_description/lib/python3.10/site-packages'
[25.109s] [34mcolcon.colcon_core.environment[0m [1;30mLevel 1[0m checking '/media/subham/85dce0f4-2e29-4540-9a32-801850cfcef6/subham/LidarMapping2.5D/install/velodyne_description/bin'
[25.109s] [34mcolcon.colcon_core.shell[0m [1;30mINFO[0m Creating package script '/media/subham/85dce0f4-2e29-4540-9a32-801850cfcef6/subham/LidarMapping2.5D/install/velodyne_description/share/velodyne_description/package.ps1'
[25.110s] [34mcolcon.colcon_core.shell[0m [1;30mINFO[0m Creating package descriptor '/media/subham/85dce0f4-2e29-4540-9a32-801850cfcef6/subham/LidarMapping2.5D/install/velodyne_description/share/velodyne_description/package.dsv'
[25.110s] [34mcolcon.colcon_core.shell[0m [1;30mINFO[0m Creating package script '/media/subham/85dce0f4-2e29-4540-9a32-801850cfcef6/subham/LidarMapping2.5D/install/velodyne_description/share/velodyne_description/package.sh'
[25.111s] [34mcolcon.colcon_core.shell[0m [1;30mINFO[0m Creating package script '/media/subham/85dce0f4-2e29-4540-9a32-801850cfcef6/subham/LidarMapping2.5D/install/velodyne_description/share/velodyne_description/package.bash'
[25.111s] [34mcolcon.colcon_core.shell[0m [1;30mINFO[0m Creating package script '/media/subham/85dce0f4-2e29-4540-9a32-801850cfcef6/subham/LidarMapping2.5D/install/velodyne_description/share/velodyne_description/package.zsh'
[25.111s] [34mcolcon.colcon_core.environment[0m [1;30mLevel 1[0m create_file_with_runtime_dependencies(/media/subham/85dce0f4-2e29-4540-9a32-801850cfcef6/subham/LidarMapping2.5D/install/velodyne_description/share/colcon-core/packages/velodyne_description)
[25.112s] [34mcolcon.colcon_core.environment[0m [1;30mLevel 1[0m create_environment_scripts_only(velodyne_description)
[25.112s] [34mcolcon.colcon_core.environment[0m [1;30mLevel 1[0m checking '/media/subham/85dce0f4-2e29-4540-9a32-801850cfcef6/subham/LidarMapping2.5D/install/velodyne_description' for CMake module files
[25.112s] [34mcolcon.colcon_core.environment[0m [1;30mLevel 1[0m checking '/media/subham/85dce0f4-2e29-4540-9a32-801850cfcef6/subham/LidarMapping2.5D/install/velodyne_description' for CMake config files
[25.113s] [34mcolcon.colcon_core.shell[0m [1;30mLevel 1[0m create_environment_hook('velodyne_description', 'cmake_prefix_path')
[25.113s] [34mcolcon.colcon_core.shell[0m [1;30mINFO[0m Creating environment hook '/media/subham/85dce0f4-2e29-4540-9a32-801850cfcef6/subham/LidarMapping2.5D/install/velodyne_description/share/velodyne_description/hook/cmake_prefix_path.ps1'
[25.113s] [34mcolcon.colcon_core.shell[0m [1;30mINFO[0m Creating environment descriptor '/media/subham/85dce0f4-2e29-4540-9a32-801850cfcef6/subham/LidarMapping2.5D/install/velodyne_description/share/velodyne_description/hook/cmake_prefix_path.dsv'
[25.114s] [34mcolcon.colcon_core.shell[0m [1;30mINFO[0m Creating environment hook '/media/subham/85dce0f4-2e29-4540-9a32-801850cfcef6/subham/LidarMapping2.5D/install/velodyne_description/share/velodyne_description/hook/cmake_prefix_path.sh'
[25.114s] [34mcolcon.colcon_core.environment[0m [1;30mLevel 1[0m checking '/media/subham/85dce0f4-2e29-4540-9a32-801850cfcef6/subham/LidarMapping2.5D/install/velodyne_description/bin'
[25.114s] [34mcolcon.colcon_core.environment[0m [1;30mLevel 1[0m checking '/media/subham/85dce0f4-2e29-4540-9a32-801850cfcef6/subham/LidarMapping2.5D/install/velodyne_description/lib/pkgconfig/velodyne_description.pc'
[25.114s] [34mcolcon.colcon_core.environment[0m [1;30mLevel 1[0m checking '/media/subham/85dce0f4-2e29-4540-9a32-801850cfcef6/subham/LidarMapping2.5D/install/velodyne_description/lib/python3.10/site-packages'
[25.114s] [34mcolcon.colcon_core.environment[0m [1;30mLevel 1[0m checking '/media/subham/85dce0f4-2e29-4540-9a32-801850cfcef6/subham/LidarMapping2.5D/install/velodyne_description/bin'
[25.115s] [34mcolcon.colcon_core.shell[0m [1;30mINFO[0m Creating package script '/media/subham/85dce0f4-2e29-4540-9a32-801850cfcef6/subham/LidarMapping2.5D/install/velodyne_description/share/velodyne_description/package.ps1'
[25.115s] [34mcolcon.colcon_core.shell[0m [1;30mINFO[0m Creating package descriptor '/media/subham/85dce0f4-2e29-4540-9a32-801850cfcef6/subham/LidarMapping2.5D/install/velodyne_description/share/velodyne_description/package.dsv'
[25.116s] [34mcolcon.colcon_core.shell[0m [1;30mINFO[0m Creating package script '/media/subham/85dce0f4-2e29-4540-9a32-801850cfcef6/subham/LidarMapping2.5D/install/velodyne_description/share/velodyne_description/package.sh'
[25.116s] [34mcolcon.colcon_core.shell[0m [1;30mINFO[0m Creating package script '/media/subham/85dce0f4-2e29-4540-9a32-801850cfcef6/subham/LidarMapping2.5D/install/velodyne_description/share/velodyne_description/package.bash'
[25.116s] [34mcolcon.colcon_core.shell[0m [1;30mINFO[0m Creating package script '/media/subham/85dce0f4-2e29-4540-9a32-801850cfcef6/subham/LidarMapping2.5D/install/velodyne_description/share/velodyne_description/package.zsh'
[25.117s] [34mcolcon.colcon_core.environment[0m [1;30mLevel 1[0m create_file_with_runtime_dependencies(/media/subham/85dce0f4-2e29-4540-9a32-801850cfcef6/subham/LidarMapping2.5D/install/velodyne_description/share/colcon-core/packages/velodyne_description)
[25.117s] [34mcolcon.colcon_core.executor.sequential[0m [1;30mDEBUG[0m [32mrun_until_complete 'velodyne_description' finished with '0'[0m
[25.117s] [34mcolcon.colcon_core.executor.sequential[0m [1;30mDEBUG[0m [32mrun_until_complete 'velodyne_simulator'[0m
[25.117s] [34mcolcon.colcon_ros.task.ament_cmake.build[0m [1;30mINFO[0m Building ROS package in '/media/subham/85dce0f4-2e29-4540-9a32-801850cfcef6/subham/LidarMapping2.5D/src/velodyne/velodyne_simulator' with build type 'ament_cmake'
[25.117s] [34mcolcon.colcon_cmake.task.cmake.build[0m [1;30mINFO[0m Building CMake package in '/media/subham/85dce0f4-2e29-4540-9a32-801850cfcef6/subham/LidarMapping2.5D/src/velodyne/velodyne_simulator'
[25.117s] [34mcolcon.colcon_core.shell[0m [1;30mINFO[0m Skip shell extension 'powershell' for command environment: Not usable outside of PowerShell
[25.117s] [34mcolcon.colcon_core.shell[0m [1;30mDEBUG[0m [32mSkip shell extension 'dsv' for command environment[0m
[25.136s] [34mcolcon.colcon_core.event_handler.log_command[0m [1;30mDEBUG[0m [32mInvoking command in '/media/subham/85dce0f4-2e29-4540-9a32-801850cfcef6/subham/LidarMapping2.5D/build/velodyne_simulator': CMAKE_PREFIX_PATH=/media/subham/85dce0f4-2e29-4540-9a32-801850cfcef6/subham/LidarMapping2.5D/install/velodyne_description:/media/subham/85dce0f4-2e29-4540-9a32-801850cfcef6/subham/LidarMapping2.5D/install/velodyne_gazebo_plugins:/media/subham/85dce0f4-2e29-4540-9a32-801850cfcef6/subham/LidarMapping2.5D/install/segmentation_lidar:/media/subham/85dce0f4-2e29-4540-9a32-801850cfcef6/subham/LidarMapping2.5D/install/velodyne_simulator:/media/subham/85dce0f4-2e29-4540-9a32-801850cfcef6/subham/LidarMapping2.5D/install/salsanext_ros2:/media/subham/85dce0f4-2e29-4540-9a32-801850cfcef6/subham/LidarMapping2.5D/install/patchwork_plusplus:/media/subham/85dce0f4-2e29-4540-9a32-801850cfcef6/subham/LidarMapping2.5D/install/lid_simulation:/media/subham/85dce0f4-2e29-4540-9a32-801850cfcef6/subham/LidarMapping2.5D/install/lid_description:/media/subham/85dce0f4-2e29-4540-9a32-801850cfcef6/subham/LidarMapping2.5D/install/jsk_recognition_msgs:/media/subham/85dce0f4-2e29-4540-9a32-801850cfcef6/subham/LidarMapping2.5D/install/height_mapping_ros2:/media/subham/85dce0f4-2e29-4540-9a32-801850cfcef6/subham/LidarMapping2.5D/install/height_mapping_core:/media/subham/85dce0f4-2e29-4540-9a32-801850cfcef6/subham/LidarMapping2.5D/install/fastdem_ros2:/media/subham/85dce0f4-2e29-4540-9a32-801850cfcef6/subham/LidarMapping2.5D/install/fastdem:/home/subham/omokai_ws/install/llm_simulation:/home/subham/omokai_ws/install/llm_prompt:/home/subham/omokai_ws/install/llm_description:/home/subham/Edge_AI_for_ADAS_and_Autonomous_Systems/install/adas_simulation:/home/subham/Edge_AI_for_ADAS_and_Autonomous_Systems/install/adas_description:/home/subham/rover_ws/install/rover_gazebo:/home/subham/rover_ws/install/rover_description:/home/subham/rover_ws/install/rf2o_laser_odometry:/home/subham/anvrit_ws/install/rplidar_ros:/home/subham/anvrit_ws/install/astra_camera:/home/subham/anvrit_ws/install/astra_camera_msgs:/home/subham/anvrit_ws/install/anvrit_description:/home/subham/igvc/install/velodyne_simulator:/home/subham/igvc/install/velodyne_description:/home/subham/igvc/install/velodyne_gazebo_plugins:/home/subham/igvc/install/igvc_simulation:/home/subham/igvc/install/igvc_description:/home/subham/colcon_ws/install/ur_simulation_gz:/home/subham/colcon_ws/install/ur_description:/home/subham/colcon_ws/install/ur5_control_2481:/home/subham/colcon_ws/install/s2481_ebot_description:/home/subham/colcon_ws/install/linkattacher_msgs:/home/subham/colcon_ws/install/eyantra_warehouse:/home/subham/colcon_ws/install/ackerman_description:/home/subham/omokai_ws/install/llm_navigation:/home/subham/Edge_AI_for_ADAS_and_Autonomous_Systems/install/adas_perception:/home/subham/Edge_AI_for_ADAS_and_Autonomous_Systems/install/adas_navigation:/home/subham/rover_ws/install/rover_navigation:/home/subham/anvrit_ws/install/anvrit_perception:/home/subham/anvrit_ws/install/anvrit_odometry:/home/subham/anvrit_ws/install/anvrit_nav2:/home/subham/igvc/install/igvc_perception:/home/subham/igvc/install/igvc_navigation:/home/subham/colcon_ws/install/ros2ai:/opt/ros/humble /usr/bin/cmake --build /media/subham/85dce0f4-2e29-4540-9a32-801850cfcef6/subham/LidarMapping2.5D/build/velodyne_simulator[0m
[25.190s] [34mcolcon.colcon_core.event_handler.log_command[0m [1;30mDEBUG[0m [32mInvoked command in '/media/subham/85dce0f4-2e29-4540-9a32-801850cfcef6/subham/LidarMapping2.5D/build/velodyne_simulator' returned '0': CMAKE_PREFIX_PATH=/media/subham/85dce0f4-2e29-4540-9a32-801850cfcef6/subham/LidarMapping2.5D/install/velodyne_description:/media/subham/85dce0f4-2e29-4540-9a32-801850cfcef6/subham/LidarMapping2.5D/install/velodyne_gazebo_plugins:/media/subham/85dce0f4-2e29-4540-9a32-801850cfcef6/subham/LidarMapping2.5D/install/segmentation_lidar:/media/subham/85dce0f4-2e29-4540-9a32-801850cfcef6/subham/LidarMapping2.5D/install/velodyne_simulator:/media/subham/85dce0f4-2e29-4540-9a32-801850cfcef6/subham/LidarMapping2.5D/install/salsanext_ros2:/media/subham/85dce0f4-2e29-4540-9a32-801850cfcef6/subham/LidarMapping2.5D/install/patchwork_plusplus:/media/subham/85dce0f4-2e29-4540-9a32-801850cfcef6/subham/LidarMapping2.5D/install/lid_simulation:/media/subham/85dce0f4-2e29-4540-9a32-801850cfcef6/subham/LidarMapping2.5D/install/lid_description:/media/subham/85dce0f4-2e29-4540-9a32-801850cfcef6/subham/LidarMapping2.5D/install/jsk_recognition_msgs:/media/subham/85dce0f4-2e29-4540-9a32-801850cfcef6/subham/LidarMapping2.5D/install/height_mapping_ros2:/media/subham/85dce0f4-2e29-4540-9a32-801850cfcef6/subham/LidarMapping2.5D/install/height_mapping_core:/media/subham/85dce0f4-2e29-4540-9a32-801850cfcef6/subham/LidarMapping2.5D/install/fastdem_ros2:/media/subham/85dce0f4-2e29-4540-9a32-801850cfcef6/subham/LidarMapping2.5D/install/fastdem:/home/subham/omokai_ws/install/llm_simulation:/home/subham/omokai_ws/install/llm_prompt:/home/subham/omokai_ws/install/llm_description:/home/subham/Edge_AI_for_ADAS_and_Autonomous_Systems/install/adas_simulation:/home/subham/Edge_AI_for_ADAS_and_Autonomous_Systems/install/adas_description:/home/subham/rover_ws/install/rover_gazebo:/home/subham/rover_ws/install/rover_description:/home/subham/rover_ws/install/rf2o_laser_odometry:/home/subham/anvrit_ws/install/rplidar_ros:/home/subham/anvrit_ws/install/astra_camera:/home/subham/anvrit_ws/install/astra_camera_msgs:/home/subham/anvrit_ws/install/anvrit_description:/home/subham/igvc/install/velodyne_simulator:/home/subham/igvc/install/velodyne_description:/home/subham/igvc/install/velodyne_gazebo_plugins:/home/subham/igvc/install/igvc_simulation:/home/subham/igvc/install/igvc_description:/home/subham/colcon_ws/install/ur_simulation_gz:/home/subham/colcon_ws/install/ur_description:/home/subham/colcon_ws/install/ur5_control_2481:/home/subham/colcon_ws/install/s2481_ebot_description:/home/subham/colcon_ws/install/linkattacher_msgs:/home/subham/colcon_ws/install/eyantra_warehouse:/home/subham/colcon_ws/install/ackerman_description:/home/subham/omokai_ws/install/llm_navigation:/home/subham/Edge_AI_for_ADAS_and_Autonomous_Systems/install/adas_perception:/home/subham/Edge_AI_for_ADAS_and_Autonomous_Systems/install/adas_navigation:/home/subham/rover_ws/install/rover_navigation:/home/subham/anvrit_ws/install/anvrit_perception:/home/subham/anvrit_ws/install/anvrit_odometry:/home/subham/anvrit_ws/install/anvrit_nav2:/home/subham/igvc/install/igvc_perception:/home/subham/igvc/install/igvc_navigation:/home/subham/colcon_ws/install/ros2ai:/opt/ros/humble /usr/bin/cmake --build /media/subham/85dce0f4-2e29-4540-9a32-801850cfcef6/subham/LidarMapping2.5D/build/velodyne_simulator[0m
[25.192s] [34mcolcon.colcon_core.event_handler.log_command[0m [1;30mDEBUG[0m [32mInvoking command in '/media/subham/85dce0f4-2e29-4540-9a32-801850cfcef6/subham/LidarMapping2.5D/build/velodyne_simulator': CMAKE_PREFIX_PATH=/media/subham/85dce0f4-2e29-4540-9a32-801850cfcef6/subham/LidarMapping2.5D/install/velodyne_description:/media/subham/85dce0f4-2e29-4540-9a32-801850cfcef6/subham/LidarMapping2.5D/install/velodyne_gazebo_plugins:/media/subham/85dce0f4-2e29-4540-9a32-801850cfcef6/subham/LidarMapping2.5D/install/segmentation_lidar:/media/subham/85dce0f4-2e29-4540-9a32-801850cfcef6/subham/LidarMapping2.5D/install/velodyne_simulator:/media/subham/85dce0f4-2e29-4540-9a32-801850cfcef6/subham/LidarMapping2.5D/install/salsanext_ros2:/media/subham/85dce0f4-2e29-4540-9a32-801850cfcef6/subham/LidarMapping2.5D/install/patchwork_plusplus:/media/subham/85dce0f4-2e29-4540-9a32-801850cfcef6/subham/LidarMapping2.5D/install/lid_simulation:/media/subham/85dce0f4-2e29-4540-9a32-801850cfcef6/subham/LidarMapping2.5D/install/lid_description:/media/subham/85dce0f4-2e29-4540-9a32-801850cfcef6/subham/LidarMapping2.5D/install/jsk_recognition_msgs:/media/subham/85dce0f4-2e29-4540-9a32-801850cfcef6/subham/LidarMapping2.5D/install/height_mapping_ros2:/media/subham/85dce0f4-2e29-4540-9a32-801850cfcef6/subham/LidarMapping2.5D/install/height_mapping_core:/media/subham/85dce0f4-2e29-4540-9a32-801850cfcef6/subham/LidarMapping2.5D/install/fastdem_ros2:/media/subham/85dce0f4-2e29-4540-9a32-801850cfcef6/subham/LidarMapping2.5D/install/fastdem:/home/subham/omokai_ws/install/llm_simulation:/home/subham/omokai_ws/install/llm_prompt:/home/subham/omokai_ws/install/llm_description:/home/subham/Edge_AI_for_ADAS_and_Autonomous_Systems/install/adas_simulation:/home/subham/Edge_AI_for_ADAS_and_Autonomous_Systems/install/adas_description:/home/subham/rover_ws/install/rover_gazebo:/home/subham/rover_ws/install/rover_description:/home/subham/rover_ws/install/rf2o_laser_odometry:/home/subham/anvrit_ws/install/rplidar_ros:/home/subham/anvrit_ws/install/astra_camera:/home/subham/anvrit_ws/install/astra_camera_msgs:/home/subham/anvrit_ws/install/anvrit_description:/home/subham/igvc/install/velodyne_simulator:/home/subham/igvc/install/velodyne_description:/home/subham/igvc/install/velodyne_gazebo_plugins:/home/subham/igvc/install/igvc_simulation:/home/subham/igvc/install/igvc_description:/home/subham/colcon_ws/install/ur_simulation_gz:/home/subham/colcon_ws/install/ur_description:/home/subham/colcon_ws/install/ur5_control_2481:/home/subham/colcon_ws/install/s2481_ebot_description:/home/subham/colcon_ws/install/linkattacher_msgs:/home/subham/colcon_ws/install/eyantra_warehouse:/home/subham/colcon_ws/install/ackerman_description:/home/subham/omokai_ws/install/llm_navigation:/home/subham/Edge_AI_for_ADAS_and_Autonomous_Systems/install/adas_perception:/home/subham/Edge_AI_for_ADAS_and_Autonomous_Systems/install/adas_navigation:/home/subham/rover_ws/install/rover_navigation:/home/subham/anvrit_ws/install/anvrit_perception:/home/subham/anvrit_ws/install/anvrit_odometry:/home/subham/anvrit_ws/install/anvrit_nav2:/home/subham/igvc/install/igvc_perception:/home/subham/igvc/install/igvc_navigation:/home/subham/colcon_ws/install/ros2ai:/opt/ros/humble /usr/bin/cmake --install /media/subham/85dce0f4-2e29-4540-9a32-801850cfcef6/subham/LidarMapping2.5D/build/velodyne_simulator[0m
[25.218s] [34mcolcon.colcon_core.environment[0m [1;30mLevel 1[0m create_environment_scripts_only(velodyne_simulator)
[25.219s] [34mcolcon.colcon_core.environment[0m [1;30mLevel 1[0m checking '/media/subham/85dce0f4-2e29-4540-9a32-801850cfcef6/subham/LidarMapping2.5D/install/velodyne_simulator' for CMake module files
[25.220s] [34mcolcon.colcon_core.event_handler.log_command[0m [1;30mDEBUG[0m [32mInvoked command in '/media/subham/85dce0f4-2e29-4540-9a32-801850cfcef6/subham/LidarMapping2.5D/build/velodyne_simulator' returned '0': CMAKE_PREFIX_PATH=/media/subham/85dce0f4-2e29-4540-9a32-801850cfcef6/subham/LidarMapping2.5D/install/velodyne_description:/media/subham/85dce0f4-2e29-4540-9a32-801850cfcef6/subham/LidarMapping2.5D/install/velodyne_gazebo_plugins:/media/subham/85dce0f4-2e29-4540-9a32-801850cfcef6/subham/LidarMapping2.5D/install/segmentation_lidar:/media/subham/85dce0f4-2e29-4540-9a32-801850cfcef6/subham/LidarMapping2.5D/install/velodyne_simulator:/media/subham/85dce0f4-2e29-4540-9a32-801850cfcef6/subham/LidarMapping2.5D/install/salsanext_ros2:/media/subham/85dce0f4-2e29-4540-9a32-801850cfcef6/subham/LidarMapping2.5D/install/patchwork_plusplus:/media/subham/85dce0f4-2e29-4540-9a32-801850cfcef6/subham/LidarMapping2.5D/install/lid_simulation:/media/subham/85dce0f4-2e29-4540-9a32-801850cfcef6/subham/LidarMapping2.5D/install/lid_description:/media/subham/85dce0f4-2e29-4540-9a32-801850cfcef6/subham/LidarMapping2.5D/install/jsk_recognition_msgs:/media/subham/85dce0f4-2e29-4540-9a32-801850cfcef6/subham/LidarMapping2.5D/install/height_mapping_ros2:/media/subham/85dce0f4-2e29-4540-9a32-801850cfcef6/subham/LidarMapping2.5D/install/height_mapping_core:/media/subham/85dce0f4-2e29-4540-9a32-801850cfcef6/subham/LidarMapping2.5D/install/fastdem_ros2:/media/subham/85dce0f4-2e29-4540-9a32-801850cfcef6/subham/LidarMapping2.5D/install/fastdem:/home/subham/omokai_ws/install/llm_simulation:/home/subham/omokai_ws/install/llm_prompt:/home/subham/omokai_ws/install/llm_description:/home/subham/Edge_AI_for_ADAS_and_Autonomous_Systems/install/adas_simulation:/home/subham/Edge_AI_for_ADAS_and_Autonomous_Systems/install/adas_description:/home/subham/rover_ws/install/rover_gazebo:/home/subham/rover_ws/install/rover_description:/home/subham/rover_ws/install/rf2o_laser_odometry:/home/subham/anvrit_ws/install/rplidar_ros:/home/subham/anvrit_ws/install/astra_camera:/home/subham/anvrit_ws/install/astra_camera_msgs:/home/subham/anvrit_ws/install/anvrit_description:/home/subham/igvc/install/velodyne_simulator:/home/subham/igvc/install/velodyne_description:/home/subham/igvc/install/velodyne_gazebo_plugins:/home/subham/igvc/install/igvc_simulation:/home/subham/igvc/install/igvc_description:/home/subham/colcon_ws/install/ur_simulation_gz:/home/subham/colcon_ws/install/ur_description:/home/subham/colcon_ws/install/ur5_control_2481:/home/subham/colcon_ws/install/s2481_ebot_description:/home/subham/colcon_ws/install/linkattacher_msgs:/home/subham/colcon_ws/install/eyantra_warehouse:/home/subham/colcon_ws/install/ackerman_description:/home/subham/omokai_ws/install/llm_navigation:/home/subham/Edge_AI_for_ADAS_and_Autonomous_Systems/install/adas_perception:/home/subham/Edge_AI_for_ADAS_and_Autonomous_Systems/install/adas_navigation:/home/subham/rover_ws/install/rover_navigation:/home/subham/anvrit_ws/install/anvrit_perception:/home/subham/anvrit_ws/install/anvrit_odometry:/home/subham/anvrit_ws/install/anvrit_nav2:/home/subham/igvc/install/igvc_perception:/home/subham/igvc/install/igvc_navigation:/home/subham/colcon_ws/install/ros2ai:/opt/ros/humble /usr/bin/cmake --install /media/subham/85dce0f4-2e29-4540-9a32-801850cfcef6/subham/LidarMapping2.5D/build/velodyne_simulator[0m
[25.220s] [34mcolcon.colcon_core.environment[0m [1;30mLevel 1[0m checking '/media/subham/85dce0f4-2e29-4540-9a32-801850cfcef6/subham/LidarMapping2.5D/install/velodyne_simulator' for CMake config files
[25.220s] [34mcolcon.colcon_core.shell[0m [1;30mLevel 1[0m create_environment_hook('velodyne_simulator', 'cmake_prefix_path')
[25.221s] [34mcolcon.colcon_core.shell[0m [1;30mINFO[0m Creating environment hook '/media/subham/85dce0f4-2e29-4540-9a32-801850cfcef6/subham/LidarMapping2.5D/install/velodyne_simulator/share/velodyne_simulator/hook/cmake_prefix_path.ps1'
[25.221s] [34mcolcon.colcon_core.shell[0m [1;30mINFO[0m Creating environment descriptor '/media/subham/85dce0f4-2e29-4540-9a32-801850cfcef6/subham/LidarMapping2.5D/install/velodyne_simulator/share/velodyne_simulator/hook/cmake_prefix_path.dsv'
[25.222s] [34mcolcon.colcon_core.shell[0m [1;30mINFO[0m Creating environment hook '/media/subham/85dce0f4-2e29-4540-9a32-801850cfcef6/subham/LidarMapping2.5D/install/velodyne_simulator/share/velodyne_simulator/hook/cmake_prefix_path.sh'
[25.222s] [34mcolcon.colcon_core.environment[0m [1;30mLevel 1[0m checking '/media/subham/85dce0f4-2e29-4540-9a32-801850cfcef6/subham/LidarMapping2.5D/install/velodyne_simulator/bin'
[25.222s] [34mcolcon.colcon_core.environment[0m [1;30mLevel 1[0m checking '/media/subham/85dce0f4-2e29-4540-9a32-801850cfcef6/subham/LidarMapping2.5D/install/velodyne_simulator/lib/pkgconfig/velodyne_simulator.pc'
[25.222s] [34mcolcon.colcon_core.environment[0m [1;30mLevel 1[0m checking '/media/subham/85dce0f4-2e29-4540-9a32-801850cfcef6/subham/LidarMapping2.5D/install/velodyne_simulator/lib/python3.10/site-packages'
[25.223s] [34mcolcon.colcon_core.environment[0m [1;30mLevel 1[0m checking '/media/subham/85dce0f4-2e29-4540-9a32-801850cfcef6/subham/LidarMapping2.5D/install/velodyne_simulator/bin'
[25.223s] [34mcolcon.colcon_core.shell[0m [1;30mINFO[0m Creating package script '/media/subham/85dce0f4-2e29-4540-9a32-801850cfcef6/subham/LidarMapping2.5D/install/velodyne_simulator/share/velodyne_simulator/package.ps1'
[25.224s] [34mcolcon.colcon_core.shell[0m [1;30mINFO[0m Creating package descriptor '/media/subham/85dce0f4-2e29-4540-9a32-801850cfcef6/subham/LidarMapping2.5D/install/velodyne_simulator/share/velodyne_simulator/package.dsv'
[25.225s] [34mcolcon.colcon_core.shell[0m [1;30mINFO[0m Creating package script '/media/subham/85dce0f4-2e29-4540-9a32-801850cfcef6/subham/LidarMapping2.5D/install/velodyne_simulator/share/velodyne_simulator/package.sh'
[25.225s] [34mcolcon.colcon_core.shell[0m [1;30mINFO[0m Creating package script '/media/subham/85dce0f4-2e29-4540-9a32-801850cfcef6/subham/LidarMapping2.5D/install/velodyne_simulator/share/velodyne_simulator/package.bash'
[25.226s] [34mcolcon.colcon_core.shell[0m [1;30mINFO[0m Creating package script '/media/subham/85dce0f4-2e29-4540-9a32-801850cfcef6/subham/LidarMapping2.5D/install/velodyne_simulator/share/velodyne_simulator/package.zsh'
[25.226s] [34mcolcon.colcon_core.environment[0m [1;30mLevel 1[0m create_file_with_runtime_dependencies(/media/subham/85dce0f4-2e29-4540-9a32-801850cfcef6/subham/LidarMapping2.5D/install/velodyne_simulator/share/colcon-core/packages/velodyne_simulator)
[25.227s] [34mcolcon.colcon_core.environment[0m [1;30mLevel 1[0m create_environment_scripts_only(velodyne_simulator)
[25.227s] [34mcolcon.colcon_core.environment[0m [1;30mLevel 1[0m checking '/media/subham/85dce0f4-2e29-4540-9a32-801850cfcef6/subham/LidarMapping2.5D/install/velodyne_simulator' for CMake module files
[25.228s] [34mcolcon.colcon_core.environment[0m [1;30mLevel 1[0m checking '/media/subham/85dce0f4-2e29-4540-9a32-801850cfcef6/subham/LidarMapping2.5D/install/velodyne_simulator' for CMake config files
[25.228s] [34mcolcon.colcon_core.shell[0m [1;30mLevel 1[0m create_environment_hook('velodyne_simulator', 'cmake_prefix_path')
[25.228s] [34mcolcon.colcon_core.shell[0m [1;30mINFO[0m Creating environment hook '/media/subham/85dce0f4-2e29-4540-9a32-801850cfcef6/subham/LidarMapping2.5D/install/velodyne_simulator/share/velodyne_simulator/hook/cmake_prefix_path.ps1'
[25.229s] [34mcolcon.colcon_core.shell[0m [1;30mINFO[0m Creating environment descriptor '/media/subham/85dce0f4-2e29-4540-9a32-801850cfcef6/subham/LidarMapping2.5D/install/velodyne_simulator/share/velodyne_simulator/hook/cmake_prefix_path.dsv'
[25.229s] [34mcolcon.colcon_core.shell[0m [1;30mINFO[0m Creating environment hook '/media/subham/85dce0f4-2e29-4540-9a32-801850cfcef6/subham/LidarMapping2.5D/install/velodyne_simulator/share/velodyne_simulator/hook/cmake_prefix_path.sh'
[25.229s] [34mcolcon.colcon_core.environment[0m [1;30mLevel 1[0m checking '/media/subham/85dce0f4-2e29-4540-9a32-801850cfcef6/subham/LidarMapping2.5D/install/velodyne_simulator/bin'
[25.230s] [34mcolcon.colcon_core.environment[0m [1;30mLevel 1[0m checking '/media/subham/85dce0f4-2e29-4540-9a32-801850cfcef6/subham/LidarMapping2.5D/install/velodyne_simulator/lib/pkgconfig/velodyne_simulator.pc'
[25.230s] [34mcolcon.colcon_core.environment[0m [1;30mLevel 1[0m checking '/media/subham/85dce0f4-2e29-4540-9a32-801850cfcef6/subham/LidarMapping2.5D/install/velodyne_simulator/lib/python3.10/site-packages'
[25.230s] [34mcolcon.colcon_core.environment[0m [1;30mLevel 1[0m checking '/media/subham/85dce0f4-2e29-4540-9a32-801850cfcef6/subham/LidarMapping2.5D/install/velodyne_simulator/bin'
[25.230s] [34mcolcon.colcon_core.shell[0m [1;30mINFO[0m Creating package script '/media/subham/85dce0f4-2e29-4540-9a32-801850cfcef6/subham/LidarMapping2.5D/install/velodyne_simulator/share/velodyne_simulator/package.ps1'
[25.231s] [34mcolcon.colcon_core.shell[0m [1;30mINFO[0m Creating package descriptor '/media/subham/85dce0f4-2e29-4540-9a32-801850cfcef6/subham/LidarMapping2.5D/install/velodyne_simulator/share/velodyne_simulator/package.dsv'
[25.231s] [34mcolcon.colcon_core.shell[0m [1;30mINFO[0m Creating package script '/media/subham/85dce0f4-2e29-4540-9a32-801850cfcef6/subham/LidarMapping2.5D/install/velodyne_simulator/share/velodyne_simulator/package.sh'
[25.232s] [34mcolcon.colcon_core.shell[0m [1;30mINFO[0m Creating package script '/media/subham/85dce0f4-2e29-4540-9a32-801850cfcef6/subham/LidarMapping2.5D/install/velodyne_simulator/share/velodyne_simulator/package.bash'
[25.232s] [34mcolcon.colcon_core.shell[0m [1;30mINFO[0m Creating package script '/media/subham/85dce0f4-2e29-4540-9a32-801850cfcef6/subham/LidarMapping2.5D/install/velodyne_simulator/share/velodyne_simulator/package.zsh'
[25.232s] [34mcolcon.colcon_core.environment[0m [1;30mLevel 1[0m create_file_with_runtime_dependencies(/media/subham/85dce0f4-2e29-4540-9a32-801850cfcef6/subham/LidarMapping2.5D/install/velodyne_simulator/share/colcon-core/packages/velodyne_simulator)
[25.232s] [34mcolcon.colcon_core.executor.sequential[0m [1;30mDEBUG[0m [32mrun_until_complete 'velodyne_simulator' finished with '0'[0m
[25.233s] [34mcolcon.colcon_core.executor.sequential[0m [1;30mDEBUG[0m [32mclosing loop[0m
[25.233s] [34mcolcon.colcon_core.executor.sequential[0m [1;30mDEBUG[0m [32mloop closed[0m
[25.233s] [34mcolcon.colcon_core.event_reactor[0m [1;30mDEBUG[0m [32mjoining thread[0m
[25.239s] [34mcolcon.colcon_core.plugin_system[0m [1;30mINFO[0m Skipping extension 'colcon_notification.desktop_notification.terminal_notifier': Not used on non-Darwin systems
[25.239s] [34mcolcon.colcon_core.plugin_system[0m [1;30mINFO[0m Skipping extension 'colcon_notification.desktop_notification.win32': Not used on non-Windows systems
[25.239s] [34mcolcon.colcon_notification.desktop_notification[0m [1;30mINFO[0m Sending desktop notification using 'notify2'
[25.253s] [34mcolcon.colcon_core.event_reactor[0m [1;30mDEBUG[0m [32mjoined thread[0m
[25.253s] [34mcolcon.colcon_core.shell[0m [1;30mINFO[0m Creating prefix script '/media/subham/85dce0f4-2e29-4540-9a32-801850cfcef6/subham/LidarMapping2.5D/install/local_setup.ps1'
[25.255s] [34mcolcon.colcon_core.shell[0m [1;30mINFO[0m Creating prefix util module '/media/subham/85dce0f4-2e29-4540-9a32-801850cfcef6/subham/LidarMapping2.5D/install/_local_setup_util_ps1.py'
[25.256s] [34mcolcon.colcon_core.shell[0m [1;30mINFO[0m Creating prefix chain script '/media/subham/85dce0f4-2e29-4540-9a32-801850cfcef6/subham/LidarMapping2.5D/install/setup.ps1'
[25.259s] [34mcolcon.colcon_core.shell[0m [1;30mINFO[0m Creating prefix script '/media/subham/85dce0f4-2e29-4540-9a32-801850cfcef6/subham/LidarMapping2.5D/install/local_setup.sh'
[25.260s] [34mcolcon.colcon_core.shell[0m [1;30mINFO[0m Creating prefix util module '/media/subham/85dce0f4-2e29-4540-9a32-801850cfcef6/subham/LidarMapping2.5D/install/_local_setup_util_sh.py'
[25.260s] [34mcolcon.colcon_core.shell[0m [1;30mINFO[0m Creating prefix chain script '/media/subham/85dce0f4-2e29-4540-9a32-801850cfcef6/subham/LidarMapping2.5D/install/setup.sh'
[25.263s] [34mcolcon.colcon_core.shell[0m [1;30mINFO[0m Creating prefix script '/media/subham/85dce0f4-2e29-4540-9a32-801850cfcef6/subham/LidarMapping2.5D/install/local_setup.bash'
[25.263s] [34mcolcon.colcon_core.shell[0m [1;30mINFO[0m Creating prefix chain script '/media/subham/85dce0f4-2e29-4540-9a32-801850cfcef6/subham/LidarMapping2.5D/install/setup.bash'
[25.266s] [34mcolcon.colcon_core.shell[0m [1;30mINFO[0m Creating prefix script '/media/subham/85dce0f4-2e29-4540-9a32-801850cfcef6/subham/LidarMapping2.5D/install/local_setup.zsh'
[25.267s] [34mcolcon.colcon_core.shell[0m [1;30mINFO[0m Creating prefix chain script '/media/subham/85dce0f4-2e29-4540-9a32-801850cfcef6/subham/LidarMapping2.5D/install/setup.zsh'
